time_s,control_state,policy,command_c0,command_c1,command_c2,base_height_m,roll_deg,pitch_deg,yaw_deg,body_vx_m_s,body_vy_m_s,body_vz_m_s,body_wx_rad_s,body_wy_rad_s,body_wz_rad_s,pd_error_rms_rad,pd_error_max_abs_rad,left_knee_joint_position_rad,left_knee_joint_pd_target_rad,right_knee_joint_position_rad,right_knee_joint_pd_target_rad,left_shoulder_roll_joint_position_rad,left_shoulder_roll_joint_pd_target_rad,left_wrist_yaw_joint_position_rad,left_wrist_yaw_joint_pd_target_rad,left_hip_roll_joint_actuator_torque_nm,left_hip_yaw_joint_actuator_torque_nm,left_hip_pitch_joint_actuator_torque_nm,left_knee_joint_actuator_torque_nm,left_ankle_pitch_joint_actuator_torque_nm,left_ankle_roll_joint_actuator_torque_nm,right_hip_roll_joint_actuator_torque_nm,right_hip_yaw_joint_actuator_torque_nm,right_hip_pitch_joint_actuator_torque_nm,right_knee_joint_actuator_torque_nm,right_ankle_pitch_joint_actuator_torque_nm,right_ankle_roll_joint_actuator_torque_nm
129.11999999995507,houtaitui_play,houtaitui,0.0,0.0,0.0,1.01176033849542,0.2165066910941707,1.2919963227363362,-174.95165974017084,-0.0012528534590777233,-0.003327629326889034,0.0005042386590288887,-0.0012203787503635142,0.004520869520424513,0.009322503525992658,0.05812114312652925,0.1658701607858107,0.33839995603255635,0.2556203689823151,0.3612200078496972,0.2362339880714417,0.9132749592625143,1.0446050882339477,-0.7577753985485937,-0.7790734280883789,2.8659093455037534,-2.8174558447791744,-1.8743514837636384,-14.898020863864648,0.3501194293887395,0.30355743255567347,-2.3957952225891863,1.358531075664947,4.806578167017267,-22.4934448902648,6.63583932978839,0.8315805871653108
129.13999999995505,houtaitui_play,houtaitui,0.0,0.0,0.0,1.0117542495416145,0.21671998919267765,1.2964821905963115,-174.93930806173907,-0.0009774596692150867,-0.003060595147296153,8.98488013731267e-05,4.728979878510669e-05,0.003962291613539105,0.011037242977150592,0.058270301013721264,0.16495253977184912,0.33839402096795435,0.2555869605789185,0.3613259400676134,0.236681320930481,0.9132902489689445,1.045771074295044,-0.7578951980536869,-0.7782387246429443,2.8119353089897614,-2.8189955234865343,-2.0163552638374043,-14.90500259755672,0.43756902221382965,0.2895865863517907,-2.1663003173952187,1.3667982197333313,4.98049942029437,-22.444650293198386,6.59659064936181,0.8326014382982594
129.15999999995503,houtaitui_play,houtaitui,0.0,0.0,0.0,1.0117503103414038,0.2167735644426877,1.29990755886849,-174.92675665020664,-0.0004970759153820506,-0.0030095410822444033,0.00016302425148774995,-0.0002764655448459914,0.002837243222144477,0.010834719403080034,0.058494358267106805,0.16391933120814545,0.33835744135424756,0.2550187495002747,0.3613892574651731,0.23663250472640995,0.9133118069980759,1.0487266302108764,-0.7579426028024883,-0.777010392123413,2.867624520264655,-2.7634666084989408,-2.1554484215420024,-14.997969050691417,0.42068227821712456,0.30207103819118436,-1.9077331067265388,1.3278167379109849,4.859368800430536,-22.460396449385115,6.555626595389763,0.8217240383103538
129.17999999995502,houtaitui_play,houtaitui,0.0,0.0,0.0,1.0117525673773582,0.2170158409199305,1.3021181389897272,-174.91887576191354,-0.00012974573047705432,-0.0025745968473028977,0.0003710588330861887,0.00013204511020599964,0.0018554342260460835,0.006121993288080576,0.05849436707793568,0.16406557187974966,0.3382237419119233,0.2541935827980042,0.36138406960745867,0.23639027145004277,0.9133838698827037,1.049029541015625,-0.7579529068463189,-0.7763950337707519,2.979964498162854,-2.709683753781281,-2.1205922805579545,-15.114351664809444,0.35342231076698055,0.315140447574805,-1.9258442147864463,1.247107237558804,4.7810221552845436,-22.498275170248522,6.5622723042596975,0.8091425575632166
129.199999999955,houtaitui_play,houtaitui,0.0,0.0,0.0,1.0117577968336409,0.21811919027153764,1.3049701309666033,-174.91661168552017,-6.144266272428215e-05,-0.0020047807611980988,0.0005855611926894252,0.0010480905758205332,0.002653903108375712,0.0011928954036809474,0.05853933120367143,0.16583466783318745,0.3380405493738017,0.2536289778003693,0.36135938239187704,0.23570094373321537,0.9134472144330187,1.0460346460342407,-0.7580418793566941,-0.7780067433654785,3.040404804329389,-2.713285574449077,-1.9123908900086464,-15.180232292217358,0.3588775471590554,0.31218812040156535,-2.1580028341009085,1.2637491500248514,4.9336054103958205,-22.61667255871331,6.633600513130714,0.8237221556801066
129.21999999995498,houtaitui_play,houtaitui,0.0,0.0,0.0,1.0117609693503473,0.21988493616901952,1.3088905933397426,-174.91648627168723,-6.629760972677294e-05,-0.001823801920790076,0.0005509349326900856,0.0016110273395390335,0.003545654783519207,2.9226425247279326e-05,0.05840302201051128,0.165905362296298,0.3378680996126072,0.2539623167762757,0.361389454476595,0.23619947698211674,0.9132811405167466,1.0425767421722412,-0.7585068597119453,-0.781059693270874,3.039298024769093,-2.759521877901097,-1.938157920933313,-15.090042731832725,0.4753948201554044,0.2960580662275686,-2.210277291478699,1.3268237944743542,5.130698082257707,-22.536504104735414,6.636079853088546,0.8416917819865116
129.23999999995496,houtaitui_play,houtaitui,0.0,0.0,0.0,1.0117502648244965,0.22386555787135956,1.3150803661413877,-174.91645761854272,-0.00017875917811635187,-0.0015843379684161842,1.8780632718289595e-06,0.0038433932951376084,0.0056911959568402325,4.623606454910907e-06,0.05820946913795273,0.1641025413014153,0.33781447277841564,0.25424353149032597,0.361720350961992,0.23744443919754032,0.9128055349976877,1.040900421142578,-0.7599702574749574,-0.7835220803558349,2.994871039711336,-2.790404245272096,-1.9918897202942683,-15.03949123065304,0.5850382958435563,0.2792861080074015,-2.2012208367150263,1.3628221603030415,5.237466902829906,-22.395881402978002,6.560204100587815,0.8343136149760833
129.25999999995494,houtaitui_play,houtaitui,0.0,0.0,0.0,1.0117372940446423,0.22760868412808083,1.323711538448316,-174.91644458433575,1.4993865138732872e-05,-0.0017277334276598587,0.0002853620294586643,0.003047615003657841,0.0078062443641165125,-2.196539619094331e-05,0.05857435754994981,0.16449566063739826,0.3377887065951925,0.25339729454612736,0.36204505501497297,0.2370978977928162,0.9122344474442785,1.043674063682556,-0.7612651335310097,-0.784059714251709,3.069122240866209,-2.7414907951184815,-1.83858122814289,-15.188694705103025,0.5944674084886773,0.2821565091450517,-2.2754877092286887,1.381193891425754,4.946397990760269,-22.51449778287451,6.576518689362893,0.8226749185384278
129.27999999995492,houtaitui_play,houtaitui,0.0,0.0,0.0,1.0117347905088332,0.22879941392901545,1.3329047801472713,-174.91642376667542,0.000747301186783052,-0.0020925970605970316,0.0008945310016266416,0.0007192556567533366,0.007982533361630089,-1.2025337190543874e-05,0.05870435197874973,0.16484057006721245,0.33769928943432004,0.25330598023033146,0.3621150224493814,0.23702190187072758,0.9118582237750987,1.04679114818573,-0.7616044514608394,-0.78341193097229,3.086986604111157,-2.667882719735823,-1.9572746729504262,-15.183583520044944,0.5391696879882529,0.29163365030911026,-2.203216243288099,1.329667812367145,4.651763156032319,-22.520780967469523,6.593384930151721,0.8079915223648291
129.2999999999549,houtaitui_play,houtaitui,0.0,0.0,0.0,1.0117407948808677,0.22692506672133456,1.341035086184246,-174.91596322200138,0.0016003694899417585,-0.002665376450100409,0.0012009228532916573,-0.0020534084213976876,0.006901200245832645,0.0004764050695557959,0.058387894946150994,0.1648565483702894,0.33761658809086914,0.25387326743698124,0.36196191803888456,0.2363095071563721,0.9117193348242687,1.0457565307617187,-0.7617495344332488,-0.783383797579956,3.0794598524393586,-2.63253736471972,-2.0266083078197434,-15.067119670182786,0.5017117457788762,0.2960571718503515,-1.995585391950437,1.2861874515566258,4.565988030251974,-22.604353807820083,6.59635519619329,0.806518907892319
129.3199999999549,houtaitui_play,houtaitui,0.0,0.0,0.0,1.0117500041426453,0.22385672726312175,1.3484917371501324,-174.91471583965682,0.0020085800403489957,-0.0030805762772622477,0.0012774864758331665,-0.002726037255598308,0.006494468607930991,0.0011697015308433098,0.05807019502422362,0.16446437984060502,0.33752726074275,0.2541303720722199,0.3617423049330151,0.23578123118972782,0.9116227061516055,1.0431384563446044,-0.7618615009088497,-0.782200526171875,2.932709060592301,-2.6455614272906645,-2.294879583446014,-15.004522414414273,0.5324970856732307,0.28591675930899774,-1.639677322004406,1.264949402364,4.868712677422751,-22.656237052693747,6.5810993448048505,0.8193768271342543
129.33999999995487,houtaitui_play,houtaitui,0.0,0.0,0.0,1.0117590118758792,0.2224271376276516,1.3553236107710653,-174.91291842876691,0.0023311022097609424,-0.0031586759762043345,0.0011886652837388057,-0.0009936498406906396,0.005849209186791121,0.0015672074265162172,0.05803217929041647,0.16411931355516488,0.3373761510095439,0.2542776253471375,0.3615911468834283,0.23597840335464482,0.9114477544017571,1.0427371978759765,-0.7619476024113655,-0.7815649022399902,2.7618792305180895,-2.6370478375836686,-2.4794851681089307,-14.94581372490965,0.538396254454438,0.2776182689532867,-1.5602860061339332,1.2738660214793258,5.112746234284165,-22.59897921011439,6.565864468861148,0.8232929099082257
129.35999999995485,houtaitui_play,houtaitui,0.0,0.0,0.0,1.0117686158382824,0.22224665638015012,1.362499246099076,-174.9123770837833,0.0027577532688477565,-0.003115678019295861,0.0012988891293080034,-0.00010015452987258222,0.006370387689923111,0.00023639481148684003,0.058345880104961764,0.1653160928355413,0.33718066091450993,0.2540780391941071,0.36145728962711177,0.2352261927375794,0.9113236680111884,1.044327449798584,-0.7620423403236396,-0.782371949130249,2.789566954121116,-2.5898335527094263,-2.366070265880615,-14.94360857856809,0.4679299380088741,0.27978950975942185,-1.7956714212800047,1.262680172942788,5.1041437800634455,-22.71132812928893,6.613199395092329,0.814796710833102
129.37999999995483,houtaitui_play,houtaitui,0.0,0.0,0.0,1.0117807236510246,0.22187318301277986,1.3708301050477474,-174.91260402062855,0.0032099369348520613,-0.00321287235840079,0.0015704143116107268,-0.00036215957213175904,0.00742163834715641,-0.00029764130751827557,0.0586366507857114,0.16713349873521235,0.33696383964356674,0.25427410867309574,0.36126660470852384,0.2342689421424866,0.9113092917649931,1.0456746339797973,-0.762136415109573,-0.7824692239105224,2.830679551784088,-2.521234359465912,-2.2414446247724413,-14.867813018258639,0.4055934059538008,0.2763047311606069,-1.960705200679594,1.2345718356074056,5.021033027173678,-22.844893958111548,6.686427602558261,0.817442633393559
129.39999999995482,houtaitui_play,houtaitui,0.0,0.0,0.0,1.0117902720484562,0.2209420875657187,1.378632189083006,-174.91272352596667,0.0035572041727204083,-0.003407149969888613,0.0013053105708429628,-0.0008877889118230968,0.006655694730047258,-9.010454912565653e-05,0.05842395880920349,0.1658382045998895,0.33681120018281824,0.2552084412822724,0.3611113689828034,0.23493556048965458,0.9113498776259756,1.0468340635299682,-0.7621962778919665,-0.7817596902191162,2.743167718843596,-2.483577534443139,-2.468052933933518,-14.677042346193845,0.3674436669119829,0.271888185016297,-1.8139323505621783,1.191728615365946,4.955788796341123,-22.699971230385316,6.63389227729265,0.8111503436235683
129.4199999999548,houtaitui_play,houtaitui,0.0,0.0,0.0,1.011793376779609,0.22001349688304092,1.3846212569688159,-174.91265564600167,0.004139026779085972,-0.00360687161988761,0.0008016055745142781,-0.0007827973246923689,0.004993931059040442,5.411835608998789e-05,0.057749528974579814,0.16167290356641423,0.33675892850370076,0.25630471971130375,0.36106912304373234,0.23624549176788334,0.9114235188448137,1.0471401929855346,-0.7621927108016374,-0.7804448117553711,2.545930456436605,-2.4721763620422004,-2.8833828373311614,-14.478123516423855,0.3324076450317492,0.2692246057650702,-1.5010617526464711,1.157691801903895,4.947818125297106,-22.465512947675006,6.465386216112918,0.8026401966248337
129.43999999995478,houtaitui_play,houtaitui,0.0,0.0,0.0,1.011796554283506,0.21843744992190778,1.3893956795317264,-174.91256366149727,0.004387267891596465,-0.0038362901932095877,0.0007626689102578796,-0.0015193686486783015,0.004047833605900765,6.481573130382655e-05,0.05748957641581355,0.16031319036306652,0.33674736258314625,0.2563556816825867,0.3609850115779538,0.23491189744567875,0.911596022318066,1.0459678888320922,-0.7622203332117845,-0.7807962407409668,2.4921046922526626,-2.4742752338847716,-2.7980179761983552,-14.469764489872107,0.3159048565912007,0.2720211362886681,-1.6102630469774024,1.1534562994613617,4.985334650374145,-22.68638840237325,6.411253318183909,0.812996375275073
129.45999999995476,houtaitui_play,houtaitui,0.0,0.0,0.0,1.0118026582709962,0.21582013108314485,1.3942455017738906,-174.91255514115906,0.004607705342023551,-0.003895237693309258,0.000947532624540149,-0.0024035918841095135,0.004298108309173396,-2.0082833456280447e-05,0.05753186402170829,0.1605113145856232,0.336743040660959,0.25632429983711247,0.3608062871830953,0.23404476907348637,0.9117760407693516,1.0453359603881835,-0.7623140416243825,-0.7825741280853271,2.5806105233169787,-2.4841604301856117,-2.615407130053634,-14.47510841327784,0.34745322121378014,0.2772843713388587,-1.9522543573678504,1.1432927903352934,5.042473344413558,-22.80309704768448,6.4200646821584515,0.8286846950595362
129.47999999995474,houtaitui_play,houtaitui,0.0,0.0,0.0,1.0118064001768523,0.21407134337941042,1.3998189137293993,-174.91259044886866,0.0047694684977596935,-0.003680524232431109,0.0008507244450072368,-0.0012964781845577495,0.004946777725098869,-5.288994144530014e-05,0.05779454355190741,0.1593514764197773,0.33672761368973936,0.2564216342220307,0.3607089674445339,0.23421637084579472,0.9119553294340959,1.047272753715515,-0.7624112043385212,-0.7827090730010986,2.511356099859062,-2.463468415335564,-2.782868619009147,-14.453938233571643,0.35551461807113993,0.2811045539062944,-1.9069675656172111,1.1695735288055145,5.224424691016116,-22.76205829260222,6.372350373872056,0.8348783201476343
129.49999999995472,houtaitui_play,houtaitui,0.0,0.0,0.0,1.0118094663564896,0.21370983137247204,1.4064006989903752,-174.91327440877293,0.004919671369588264,-0.003385934666958406,0.0009707147966485376,-0.0001847747525583805,0.005871294111085504,-0.0007216557749409942,0.05781656927152995,0.15880724350482173,0.3366667152613979,0.25610364344215397,0.3606667926282616,0.23392496373748783,0.9121697388350023,1.047578763961792,-0.7624602085746274,-0.7814948071777343,2.4575751730498734,-2.3811022772465122,-2.85316865109434,-14.496575493891408,0.29642400059332585,0.28961180536847186,-1.9149754378333972,1.1829608338231494,5.321440949941941,-22.810587863670968,6.350040352326245,0.8337294230961696
129.5199999999547,houtaitui_play,houtaitui,0.0,0.0,0.0,1.0118127815424962,0.2136029052545231,1.4134419762451362,-174.91514904616324,0.004959422547510043,-0.0031999247572066835,0.0010046913071987283,-4.312863182544648e-05,0.00615182249501229,-0.001799185303032723,0.057538623035273656,0.15791786185674503,0.3365967726810273,0.25628272559738163,0.3606333715029508,0.23424873616790776,0.9123935131324995,1.0466570377349853,-0.7624953874069742,-0.7812566270172119,2.5103573911260373,-2.3772636758878245,-2.8556358646424407,-14.451328578031992,0.28995733418608516,0.28526041236164745,-1.90325809110293,1.1860041677266642,5.423101440268183,-22.74680722437053,6.314477074693703,0.8298608804497578
129.5399999999547,houtaitui_play,houtaitui,0.0,0.0,0.0,1.0118151576289782,0.2133206070618618,1.4209047728820776,-174.9183804677569,0.00507547304199368,-0.0031066148257170106,0.0010016110437516222,-0.00020638291757435422,0.006535808853484311,-0.002969360994085275,0.05740680044259901,0.15699251945281423,0.33654638929088004,0.256518670583725,0.3606109713889024,0.2343551900634766,0.9125414965193427,1.0464596271514892,-0.7625446047114416,-0.7818758000671386,2.5348461532394566,-2.386087187789216,-2.8908455661856594,-14.401346893172361,0.3353837615494798,0.2825335453446088,-1.757544308430719,1.212431218359655,5.506758199397378,-22.724420428991518,6.277462328191986,0.8352782539124342
129.55999999995467,houtaitui_play,houtaitui,0.0,0.0,0.0,1.0118200203890133,0.21199113921086454,1.42952501570658,-174.92257109744213,0.005586418342839679,-0.0031301500659773546,0.0013090888251551874,-0.0012384097506701465,0.007721509681085499,-0.003775697515006417,0.05747182864121049,0.15751937287708132,0.33650819798468895,0.25663439300155644,0.36049473108537694,0.2333638456115723,0.9127208175284355,1.0470830917358398,-0.7626283406706004,-0.7826704491912841,2.477220933949808,-2.326369273947024,-2.7579144543277683,-14.374453232953885,0.35832069915079273,0.3000392746033984,-1.8624027570010455,1.1904100317813533,5.261755531891663,-22.874368580851637,6.299681206600465,0.834661655005148
129.57999999995465,houtaitui_play,houtaitui,0.0,0.0,0.0,1.011827973081811,0.20961767878882864,1.438187837944714,-174.9279034562363,0.006085804070416789,-0.0029589955650102316,0.0014369739190226813,-0.002058834358800716,0.0074553546574595755,-0.004791819212725945,0.057278635752926944,0.15687121461562648,0.33647839729199003,0.2568062033901215,0.3602915772581041,0.2338065889129639,0.9129389544406094,1.0476343154907226,-0.7627023186021441,-0.7825371732055664,2.328196533080293,-2.223873864387977,-2.7208610999604397,-14.338707800380108,0.30075632681250625,0.32050731211625294,-1.973100158688401,1.1520210110320594,4.94508807709785,-22.751693993800412,6.274681263358563,0.8162219561332537
129.59999999995463,houtaitui_play,houtaitui,0.0,0.0,0.0,1.011835245964793,0.20751764942070808,1.446088680027754,-174.93311250788153,0.006442557069353366,-0.0027733377375994276,0.0013042863126398526,-0.0016208082146449893,0.006778883190795879,-0.004499329360321862,0.05688252834560496,0.15451387598420704,0.3364476015109219,0.25691724684333805,0.36012581038346053,0.2346499350318909,0.913128388831781,1.0475940227508544,-0.7627086235592111,-0.780756901675415,2.183914220854257,-2.1478710148710323,-2.8929630264703894,-14.313100505636418,0.21802970044901146,0.3263409359725057,-1.8039263001347319,1.1483652595364258,4.934925387652255,-22.573213848031028,6.179705777736968,0.8123030400971109
129.61999999995462,houtaitui_play,houtaitui,0.0,0.0,0.0,1.0118413891199356,0.20683123884518329,1.4534712694312617,-174.93874933878448,0.00671670419619927,-0.0024679205479832688,0.0012179193678031619,-0.00027438680609351567,0.006386028897463579,-0.005043419216192885,0.05649112034286028,0.15276475853848392,0.336378295651377,0.25685132410621647,0.36003241994968027,0.23480562236404423,0.9131843806353707,1.0461747169494628,-0.7626792986685453,-0.7799858559906006,2.205425303805538,-2.121446920562953,-2.9746318015556428,-14.309018726212065,0.16966079496818076,0.3212792048514102,-1.6918127568118833,1.139684547673947,5.035125130310912,-22.534035617626188,6.1086061432401415,0.8206274315585934
129.6399999999546,houtaitui_play,houtaitui,0.0,0.0,0.0,1.0118468500530913,0.20665029586755515,1.4615250105688746,-174.94630723198424,0.006914798732131497,-0.002171752759398008,0.0012784641541899767,2.254640197513929e-05,0.0071305784456289325,-0.006889967654340833,0.05635456827850277,0.1529863760008093,0.3363067943967022,0.25631756451225285,0.3599560012473649,0.23469368484115605,0.9131797922082266,1.0445801734924316,-0.762675136715999,-0.7806868066131591,2.3395474589971634,-2.1101820210262847,-2.733646427946403,-14.392738493301527,0.13373239994150202,0.318241221979088,-1.9260607420928513,1.120229801242132,5.0196926518367615,-22.54155453192945,6.117185521814289,0.8175334601725593
129.65999999995458,houtaitui_play,houtaitui,0.0,0.0,0.0,1.0118502104063338,0.2067742175682369,1.470118932988503,-174.95390718183808,0.00713203419548319,-0.002046068550203312,0.001205361183118159,0.00032655027501877283,0.0075088238497241005,-0.0065494096315902505,0.05628807074332329,0.15298984739608776,0.3362643897877517,0.256328799987793,0.3599140012132302,0.23525504138565068,0.9131069812221302,1.0437058925628662,-0.7626971206455851,-0.7813081254302978,2.3897337916569894,-2.1114902903597215,-2.636876123642394,-14.38541209798315,0.1545570269388698,0.31067880783402124,-2.03132691359172,1.122779028272223,5.03672544360397,-22.435705118567203,6.1164967156715155,0.8168938513494214
129.67999999995456,houtaitui_play,houtaitui,0.0,0.0,0.0,1.0118508667046446,0.20679064615107517,1.4776466863595576,-174.95984249810974,0.007127771668928885,-0.002226036937324356,0.0009390667215031231,0.00011191806239879449,0.006356104260113178,-0.004979265962810507,0.055978315490277215,0.15066381680012386,0.3362583061366212,0.25692085292434697,0.3599218831457726,0.23632488515472416,0.9128875554342305,1.0437185287475585,-0.7627241029460038,-0.7814628590881347,2.4301882138301742,-2.1377671095389754,-2.885539818116859,-14.280440196741937,0.22519170215060894,0.3014009829408779,-1.7511421658248805,1.1009470491862934,5.056562616265731,-22.24827709174885,6.022671663064915,0.8157999448336758
129.69999999995454,houtaitui_play,houtaitui,0.0,0.0,0.0,1.0118508317305057,0.2068679524991761,1.4840655990879803,-174.96406645398974,0.007253699673312145,-0.0026210913853738456,0.0008250013933594309,0.0001742092765332267,0.005461946279599382,-0.0035187336349080146,0.05579106045536214,0.14739203440241389,0.33624196955712776,0.25651735928153996,0.35995615214320414,0.23737362887954716,0.9126025216170968,1.0455057144165039,-0.7626851785590677,-0.7799393643676757,2.4239239112976585,-2.1028347702869503,-3.1547764761124593,-14.349019220560832,0.20462236165074876,0.3130513817723091,-1.4202865616271105,1.0819398926452322,5.032614462407196,-22.067542056037368,5.891254028348061,0.7986621540913825
129.71999999995452,houtaitui_play,houtaitui,0.0,0.0,0.0,1.0118552143582327,0.20823226062090933,1.491558365868658,-174.9691647000249,0.00781581062697219,-0.0028002484818253994,0.0012564417106193523,0.0015329307071892386,0.006775092638584043,-0.0047010107591024565,0.055792602578869865,0.14674478875226743,0.3361011135253745,0.25550589826202397,0.35996856298011776,0.23716703918075566,0.9124829568748475,1.045762014389038,-0.7626248910888825,-0.7794017304718017,2.550089587560824,-2.059917364112622,-3.086855173792558,-14.495988190079983,0.09645836912020453,0.33128366471164095,-1.4979373864116015,1.040950943712155,5.02936431045597,-22.105087232653386,5.865325758852441,0.7835353629552255
129.7399999999545,houtaitui_play,houtaitui,0.0,0.0,0.0,1.0118612124917028,0.20879560429164973,1.4992303929775466,-174.9753318273951,0.008247850928998808,-0.003279407220703242,0.0012855142110058707,0.0003673753720681678,0.0066077873062611705,-0.00547568766871734,0.05551645310935721,0.1466922330795047,0.3360047804714167,0.25634301569557194,0.3599152415678031,0.2366922285804749,0.9124575124311193,1.0441834449768066,-0.7626093285270177,-0.7808045853912353,2.718441393272384,-2.0742047991316492,-2.9481389271726806,-14.332498405884314,0.053285506478948,0.33940678771836263,-1.6320249326442613,0.961988774057184,4.8033924636239345,-22.175420697374584,5.8635844392754946,0.7869009361892548
129.7599999999545,houtaitui_play,houtaitui,0.0,0.0,0.0,1.0118642218892426,0.20807006787265267,1.5052808835385514,-174.97969667364546,0.00879724394734536,-0.004069627579330168,0.0009519786075712399,-0.0006655976207115707,0.005013239273734597,-0.003482400350994422,0.0548797440041517,0.14257615918728853,0.3360058347710877,0.25763536360359196,0.3598731448489351,0.2379095342407227,0.9123752481242848,1.0434542417526245,-0.7626242671457575,-0.7814630975067138,2.685109557334889,-2.103989469636663,-3.175907167315418,-14.10710012566128,0.07688024353053885,0.3442623088719816,-1.3254006673735692,0.9153218176382047,4.720863919898696,-21.950474275006016,5.698069317460952,0.7832208584361895
129.77999999995447,houtaitui_play,houtaitui,0.0,0.0,0.0,1.0118681992955494,0.2066610985761109,1.508232135408266,-174.98251518716418,0.009108041820090718,-0.0048378004661868675,0.0007224738353152377,-0.001241111148987974,0.002163318090213708,-0.0023665822826921326,0.054851644829157706,0.13799894829320397,0.3360040724054181,0.25736538436508183,0.35980649626199995,0.23816350963211064,0.9123067961549626,1.0456580638885498,-0.7626414757975557,-0.7816369046508789,2.587447203573636,-2.095673625517541,-3.3475062828820534,-14.15464384120811,-0.012535415754877178,0.3634166921866164,-1.109776581386598,0.9483006200586805,4.804322118110723,-21.890356758840724,5.5147907911852645,0.7622774147016965
129.79999999995445,houtaitui_play,houtaitui,0.0,0.0,0.0,1.0118859642726254,0.203606970589891,1.5076435543611908,-174.98565501674594,0.009425558577417604,-0.0055083571236835775,0.001182677417413716,-0.002848400041902417,-0.0008990890189226233,-0.0028477372562862005,0.05495684627834354,0.136278708110631,0.3358686880293844,0.25673411157226567,0.3594578516873929,0.23735687997436528,0.9123590715046445,1.0481581211090087,-0.762660336915631,-0.7814397324859619,2.5838840558909326,-2.0260670554316476,-3.164524677477827,-14.233156335310207,-0.1540846510984902,0.3938574186112126,-1.2932719567416466,0.9585748981796387,4.600403030248317,-21.95033194813293,5.449136140702014,0.7367149250160661
129.81999999995443,houtaitui_play,houtaitui,0.0,0.0,0.0,1.0119158504065735,0.19989916235792743,1.504050830421834,-174.98996550071732,0.009748484193493329,-0.005854755573507333,0.0014369654548803078,-0.0031224798043612886,-0.0034951556143355674,-0.003887566037705854,0.054604834427268385,0.13647516377513402,0.33558283176532244,0.2572552051792145,0.3589235548252463,0.23728785779571537,0.9125400721257448,1.0490152359008789,-0.7626406020201391,-0.7804069032012939,2.4591134231360363,-1.976329020894644,-3.278184373126093,-14.076388912483342,-0.2976480606995882,0.4024382609010234,-1.4478314146999196,0.9333167155115161,4.736252391679565,-21.85282484455425,5.331742095763566,0.7258232392793998
129.83999999995441,houtaitui_play,houtaitui,0.0,0.0,0.0,1.0119516677171287,0.19741149050930892,1.4991368229781241,-174.99594773809886,0.009894907291371113,-0.005849419706366446,0.001607130752544126,-0.0018246482583140911,-0.00438247121944464,-0.005420963043689077,0.05412710463028979,0.13549889811806937,0.3351633368900084,0.25817958381271366,0.3583559832337872,0.23606167104339604,0.9127899955815766,1.048288893699646,-0.762526169238861,-0.7776777257263183,2.1747611948623646,-1.9175772964501923,-3.5288088289949515,-13.824232291259687,-0.4413893675405525,0.3950652066872354,-1.405267573173986,0.9438637936813612,5.180609083601691,-21.968973711041436,5.183021866215732,0.7432782580585592
129.8599999999544,houtaitui_play,houtaitui,0.0,0.0,0.0,1.0119856016302686,0.19668872071488233,1.4947107945858216,-175.00336688996316,0.009876854977368607,-0.005680384006773842,0.0015136100332652754,-0.00024961720993411083,-0.003821198243464377,-0.0066026309159327844,0.05345156508140134,0.13311900589535186,0.33471675507837123,0.2592580404529572,0.35787807495285573,0.23552177217102055,0.9129717877142672,1.046090793609619,-0.7623640263727302,-0.7765163888275146,1.9522163095777594,-1.9032445444599433,-3.624032141119224,-13.54763128415961,-0.5396758662608259,0.3781304655101618,-1.444609816083349,1.0049611516834653,5.365403427064905,-21.987323406536955,5.047129103484532,0.763428341851771
129.87999999995438,houtaitui_play,houtaitui,0.0,0.0,0.0,1.0120048901852798,0.19657439642499538,1.4918278937304612,-175.01068292626908,0.009690075802859757,-0.005526053899545663,0.0008546138949608596,8.077843734968262e-05,-0.0023473047276278917,-0.006283439051900222,0.052878075847409736,0.13114404159756732,0.33449059768931144,0.2604183938751221,0.35762681297356813,0.23556844260787968,0.9130268864038364,1.0441709280014038,-0.7622582039941068,-0.777862500125122,1.7476974880222,-1.9249702709083085,-3.520183450086244,-13.315384263125495,-0.5980087137064752,0.36006332198213065,-1.6087170924439882,1.0885783445690107,5.312448494300047,-21.95077585531838,4.907512752607756,0.7775976658704675
129.89999999995436,houtaitui_play,houtaitui,0.0,0.0,0.0,1.0120140058010374,0.19565740045002877,1.4912654282827549,-175.01712468462225,0.00971328635392081,-0.005363246303140632,0.0006733800445076121,-0.0007971941548674173,-0.00026005453335709874,-0.005513500850672535,0.05288123778522034,0.13177552119532776,0.3344421580369991,0.2603601005325318,0.3574664797007782,0.23508153226470951,0.9130330572958831,1.044808578491211,-0.7622150081682036,-0.7794377316772461,1.6741167311533092,-1.8929072639461573,-3.2107126701275646,-13.331411588286764,-0.6935464333507704,0.36566146888291795,-1.8044100379090076,1.1210378553049183,5.015856514870063,-22.016952487257978,4.837635474099699,0.7751553252330673
129.91999999995434,houtaitui_play,houtaitui,0.0,0.0,0.0,1.0120204375400572,0.19454085390334208,1.491614696890717,-175.02425118263957,0.009577384001893606,-0.004858001050723922,0.0006140421807691568,-0.0007747504195093608,0.00033784097047957653,-0.00637939729163408,0.05288136751227411,0.13275074858721692,0.33441681307990984,0.26001528766250614,0.3573525406700272,0.23565528657531742,0.9130289087766746,1.0457796573638916,-0.7621908400645637,-0.7800261487304687,1.6544911639612994,-1.8766217511637193,-3.097468392978178,-13.39024172303258,-0.8006301899045304,0.36714207903153456,-1.9644578719840624,1.0877658382510706,4.937822863113697,-21.896836472372176,4.765379836988157,0.7663149279510487
129.93999999995432,houtaitui_play,houtaitui,0.0,0.0,0.0,1.012023565230622,0.19418609153903202,1.491827956701655,-175.03233996266837,0.009087172950233341,-0.004300633462639646,0.000400508677484276,-4.382363744194815e-05,9.623196548405781e-05,-0.007140867165660306,0.05247191312087061,0.13245458706284285,0.33439998120144143,0.2602789488086701,0.35733456853874956,0.23674468066787724,0.9129835356864857,1.0454381227493286,-0.7621495972165675,-0.7795979489624023,1.6199700783794295,-1.867669563555332,-3.2158897984979733,-13.340502468394876,-0.8598147917426299,0.3530785758922121,-1.9591206421019107,1.042214756921201,5.038901888270163,-21.70522111180889,4.633148922330812,0.7715782858187047
129.9599999999543,houtaitui_play,houtaitui,0.0,0.0,0.0,1.0120255149329016,0.1938184683592676,1.492273839986974,-175.03951719057608,0.008788848389747243,-0.004130944445249841,0.0003866516692477682,-0.00019844900987625838,0.0004081645992774898,-0.006077806643179657,0.052170983260724835,0.13240575425860657,0.3344043776427842,0.2608975258121491,0.3573238655224505,0.23664168384170536,0.9129499948716424,1.045355749130249,-0.7621109117906765,-0.7796632756530761,1.6047532552027453,-1.86923225910752,-3.2912849267909525,-13.231641209952539,-0.8766558390409247,0.34099788851630713,-1.7616672919820178,1.0402260493975772,5.032419889527634,-21.721854407594485,4.502662793736385,0.7940410943987471
129.9799999999543,houtaitui_play,houtaitui,0.0,0.0,0.0,1.0120293603055597,0.19281098733188828,1.493312832021728,-175.04545279693266,0.008656234564538904,-0.00402364485552035,0.0005634737414329156,-0.0008478371637827131,0.0009550895419317257,-0.005063821296611831,0.0521891248506537,0.13322762199467708,0.3344074262417713,0.2608058836708069,0.357247870666895,0.23629848029708866,0.9129435186760992,1.0461711406707763,-0.762100320966216,-0.7803909291564941,1.5610800811462127,-1.8607570947595704,-3.2397538352190063,-13.248410334737937,-0.9007811404280501,0.34282801023864407,-1.7220706542844786,1.0480636444245954,4.941629589924512,-21.764788304188784,4.436373853053882,0.8100738102030693
129.99999999995427,houtaitui_play,houtaitui,0.0,0.0,0.0,1.0120336366131222,0.1925009368241477,1.4945992801799335,-175.0514225258079,0.008321097583305521,-0.0036048378515237314,0.0005706589979672358,-3.449532193118798e-06,0.001119610946702505,-0.005276268236908194,0.052325338933050684,0.1347026925727175,0.3343670416350229,0.26002667214965824,0.3572018947377928,0.2370288756141663,0.9129528421715452,1.0476555347442627,-0.76208682204816,-0.780040930682373,1.5365777719036922,-1.8313514451306951,-3.2375958638614057,-13.377979414616384,-0.9759679154596628,0.34785915074722895,-1.820760967809096,1.029683374871654,4.990096875667985,-21.6279503513823,4.394666732864695,0.8046839816975512
130.01999999995425,houtaitui_play,houtaitui,0.0,0.0,0.0,1.0120384234650173,0.19312035637295155,1.4961583044900268,-175.05813931661783,0.007992075103221365,-0.003304792257703812,0.0006244341455871844,0.0007995801491261727,0.0013591550796120723,-0.005962528220628298,0.0523853335465891,0.13648233745261573,0.3342669562423867,0.2601478185901642,0.35719064176162757,0.2377419259796143,0.9130303588135585,1.0495126962661743,-0.7620146459293514,-0.7787768353759765,1.5321685507154883,-1.8161150225967584,-3.4656982544560604,-13.33349928795862,-1.0465208328820657,0.34947427196044467,-1.6199031443175689,1.0269464696807693,5.0969631073041,-21.499992426589834,4.292591278921952,0.8003946738916865
130.03999999995423,houtaitui_play,houtaitui,0.0,0.0,0.0,1.012041591574784,0.19344177407448399,1.497492219671354,-175.06458687565785,0.0076984136601258735,-0.0033269419428250675,0.0004814164030136722,0.0003349698226656772,0.0010777395031183001,-0.005543584849765539,0.0519099474044106,0.13531795316019135,0.33422057843711284,0.2611177053699494,0.35718199244814636,0.2379737284431458,0.9131989879103652,1.0485169410705566,-0.7619520377131798,-0.7791854848205566,1.5360707699094023,-1.8175278531034615,-3.5515376517876374,-13.155422492721378,-1.060088859601633,0.34998897971739285,-1.512840937399976,1.025275700003394,5.054774734773737,-21.456787961893994,4.172167336776723,0.8060361542085089
130.05999999995421,houtaitui_play,houtaitui,0.0,0.0,0.0,1.012043013359524,0.19376087113469626,1.4989501992171557,-175.06968477438036,0.007466491671121001,-0.0032546393468363874,0.00041967732970717554,0.000425058118364259,0.0013105997528608606,-0.004270153786361858,0.05137825770001307,0.13286273403817606,0.334211452461208,0.26130262878036503,0.35718602169146574,0.23822543885803227,0.9133303411418776,1.0461930751800537,-0.7619653945692175,-0.7805566300689697,1.5450232808182494,-1.8412984032034692,-3.413682202928962,-13.123011053223909,-1.0461899642076815,0.34719883669359175,-1.6559081969561427,0.9989054067049137,5.036112392883856,-21.413225198476816,4.092802915900326,0.8116509960339734
130.0799999999542,houtaitui_play,houtaitui,0.0,0.0,0.0,1.0120444176151522,0.19406308479206133,1.5003262634764656,-175.07440787130264,0.007183938129992814,-0.0030742324649168503,0.0004050039426480117,0.0003571474477041518,0.0011401380566594033,-0.004147376107269589,0.051489598066021186,0.13445718213739954,0.3341929701496684,0.26073873903846745,0.3571876515827453,0.23848531510925297,0.9134260423499051,1.0478832244873046,-0.7620074132966099,-0.781195830279541,1.6148305140562347,-1.8530975130695375,-3.3415738950599514,-13.220241446684067,-1.083081439995584,0.3541852655317319,-1.7429577909909937,0.9630952727607459,4.9407836096038675,-21.3664520165658,4.041165163627162,0.8016145880044854
130.09999999995418,houtaitui_play,houtaitui,0.0,0.0,0.0,1.0120462216235704,0.1939613077716542,1.5012670326773876,-175.0786695360858,0.00687358731416551,-0.0029480344799509683,0.00037125376621969597,-3.844051381053049e-05,0.0007595364673460019,-0.0036371153050408795,0.051524876962110396,0.1350262313517786,0.33418946358245066,0.26097492244338993,0.3571598762126157,0.23801819350814823,0.9135706991520666,1.0485969305038452,-0.7620767950025737,-0.7820064534484863,1.6230976046375498,-1.8502451540069125,-3.1970021509357753,-13.178431002384027,-1.092242427707053,0.3621766669801948,-1.810515296112648,0.9645476449030748,4.83386436163796,-21.44321098234549,4.004047518338642,0.8053116126523594
130.11999999995416,houtaitui_play,houtaitui,0.0,0.0,0.0,1.012046801330391,0.19347059664209895,1.5025587825022206,-175.08013107822313,0.006655621667208284,-0.00301132061947567,0.00034149997357738233,-0.0004488980251704884,0.001212726947273901,-0.0007437753611915039,0.051290374389492494,0.13408535732196114,0.3342190116726609,0.2612896051654816,0.3571343444547106,0.23836419847106938,0.913759243355529,1.0478446006774902,-0.7621954365799163,-0.7830256928741455,1.5803873275979294,-1.8380537616977053,-3.100098851511637,-13.129754358088563,-1.0602863379598835,0.36528436401604897,-1.8199989198934128,0.9690450135557394,4.805544094842961,-21.37673964607428,3.950467945031195,0.8166128171981392
130.13999999995414,houtaitui_play,houtaitui,0.0,0.0,0.0,1.0120472701619507,0.19308211911945672,1.504064484281066,-175.08025178108778,0.006519201034953148,-0.002882168395179881,0.000354156890641862,-0.0003137491143933206,0.0012802439856907754,-7.368588183282755e-05,0.051379526008414035,0.13638831950161368,0.3342255817554251,0.26074353721237187,0.3571230002909238,0.23922047879791264,0.913951689234043,1.0503400087356567,-0.7622707514342938,-0.7825633992492675,1.558250471709909,-1.8111801887589516,-3.2423984877985177,-13.227028175718026,-1.1152987903347522,0.3801722677388997,-1.7097008925397077,0.9230422241671495,4.758162104219896,-21.22167274805778,3.8664502014699793,0.8025541374585834
130.15999999995412,houtaitui_play,houtaitui,0.0,0.0,0.0,1.0120499269421772,0.19297515619937297,1.5044767323893014,-175.08249717510708,0.006147414338994881,-0.0025732333925992776,0.0003443786452706077,-1.5809666194365336e-06,0.0002005240953235556,-0.0023435861826120964,0.051439316715907686,0.13799522151767074,0.33417798576132,0.2601203110466004,0.3571001668114187,0.23928538825607304,0.9143404699343556,1.0523356914520263,-0.7622614600625517,-0.7803754319488525,1.5568453899198147,-1.7686344468127533,-3.352615344833042,-13.32632784735398,-1.2159815612063032,0.3903711739387948,-1.6706999979092385,0.8747539770587994,4.8452620378887135,-21.204821339270946,3.807548118373093,0.7935096008280716
130.1799999999541,houtaitui_play,houtaitui,0.0,0.0,0.0,1.012056526402625,0.19354886259167972,1.504564215816184,-175.0876286434393,0.0058144598567224275,-0.002298000783816593,0.0005319512049139584,0.0007191405307892709,5.371025917211427e-05,-0.004787601361276672,0.051195922198865755,0.13652051989477654,0.3340446537522266,0.2599715080509186,0.35704610005774673,0.23894242313003544,0.9148862927730701,1.0514068126678466,-0.7621674589057839,-0.7783152570068359,1.6264234920246807,-1.7174742343787381,-3.4064538666719253,-13.322591257683184,-1.2668753520671772,0.39066144358334665,-1.7033282561900303,0.8561090806690945,4.966930922058646,-21.25432166260702,3.7989904573985505,0.8053857860032176
130.1999999999541,houtaitui_play,houtaitui,0.0,0.0,0.0,1.0120641465109228,0.1946644956227535,1.5046466254686266,-175.0940120938361,0.005359946551137065,-0.0022162173673132475,0.0005310938294011843,0.0011855263743957194,4.822941368108014e-05,-0.005636250697071987,0.051033827663676194,0.1347377087428423,0.33388853626334436,0.26059848930931095,0.3569904308006644,0.2385750797042847,0.9154709313557294,1.0502086400985717,-0.7620510407753165,-0.7776841630279541,1.6044469312919323,-1.6804297929509997,-3.5148407807510007,-13.180412659152841,-1.2819132772994968,0.3880557390008715,-1.6771518713756002,0.8988089088022091,5.111932001879234,-21.310550785415273,3.750198320206178,0.8212572742553567
130.21999999995407,houtaitui_play,houtaitui,0.0,0.0,0.0,1.01206726751153,0.19575760941528964,1.5048728280611812,-175.09992553371646,0.004859822622915997,-0.0021951515307702695,0.0002787326919052018,0.0010513045289547683,0.00019588046080771184,-0.005044712461581004,0.05081948236266803,0.1333724826344279,0.33381902690081616,0.26137448217964177,0.35698913112606206,0.23900751140213017,0.9159805923930379,1.0493530750274658,-0.7619649489148156,-0.7783588876068115,1.5034737640303588,-1.6765429952669193,-3.525521100790558,-13.035435474989002,-1.2660426745526925,0.3884375649638303,-1.6564168005139932,0.9768066913318696,5.155322315780639,-21.23681984801726,3.6556460081431528,0.8193071811148432
130.23999999995405,houtaitui_play,houtaitui,0.0,0.0,0.0,1.0120676646323212,0.1968647194882966,1.5055172817419602,-175.1052544313084,0.004302081235972948,-0.0020319879753687865,0.00020131145102743212,0.00109970086016175,0.000603263587536094,-0.004611831116317248,0.05083003479401866,0.1335678967495635,0.33377928314562383,0.26111853983497624,0.35702509176928565,0.23945603635406498,0.9163912383059785,1.049959135055542,-0.7618823632163066,-0.7780718316375732,1.3952938020662573,-1.6494899454709706,-3.423497200636635,-13.075988492683127,-1.2835380772815275,0.3999249893064685,-1.727841269249179,1.0300649169178284,5.110800167604116,-21.165138713926105,3.5866053985038246,0.8061022173002815
130.25999999995403,houtaitui_play,houtaitui,0.0,0.0,0.0,1.0120692356808805,0.19906476091266223,1.5068824961030465,-175.1114688571259,0.0038217278005873334,-0.001618491063619831,0.00034727811416727884,0.002268971839489202,0.001246654833351216,-0.005593131293258854,0.050881427139320104,0.1340883447704343,0.3336540379496644,0.2604113605270386,0.3570910854587843,0.24003759887313847,0.916741375726697,1.0508297204971313,-0.7617645706598061,-0.777075957232666,1.4411360609491568,-1.5931331652342489,-3.367842401818878,-13.173765503639826,-1.3532660309551139,0.4128904390435289,-1.799011059980124,1.0214546902651525,5.043414436629322,-21.07508806026092,3.5439767231757013,0.7913588138787218
130.27999999995401,houtaitui_play,houtaitui,0.0,0.0,0.0,1.0120744211708932,0.20181817087698103,1.5085277543286508,-175.1195840181477,0.0033736530546304333,-0.001356277293279526,0.0005427971110545409,0.002623281099515117,0.0014225543087533644,-0.007335558591602674,0.05075364705991982,0.1331765245407388,0.3334446233259427,0.25961805250740055,0.35712962477357096,0.2403371122131348,0.9170103002578451,1.050186824798584,-0.761651047641502,-0.7772817124664306,1.736690716816654,-1.5822789956346925,-3.1122064014458326,-13.27266528771264,-1.4080633532073072,0.41903522983043606,-2.0469849811299534,0.9675275208557327,4.876670396912615,-21.025448410338118,3.607217026367401,0.7830319313659923
130.299999999954,houtaitui_play,houtaitui,0.0,0.0,0.0,1.0120811088963966,0.20478334330237347,1.5105659449371218,-175.12849938398904,0.002944917611771387,-0.0012918344930415927,0.0006331597631402277,0.0028324796381429393,0.0018015121494831222,-0.00781473378195369,0.05082832938930212,0.13299403177928915,0.3331999310296323,0.2592810478458405,0.35715635524576694,0.24029443528747563,0.9171539307909012,1.0501479625701904,-0.7615176072342265,-0.7765376080810547,1.736570102721833,-1.5771260909415596,-3.0544719242299703,-13.28654641744954,-1.4153674049638565,0.4170002691558379,-2.0795098565465677,0.9582365794828244,5.02028756026981,-21.037074584159683,3.6407016298879946,0.7900671660988953
130.31999999995398,houtaitui_play,houtaitui,0.0,0.0,0.0,1.0120824437209537,0.2103209117123895,1.5144266995176034,-175.13732160652228,0.0022523238035431522,-0.0010504425436867577,0.0004930280181325162,0.005463974198972937,0.003607531044721433,-0.007707782301043042,0.05096779662901858,0.1326743771034843,0.33291143699420916,0.25904593732452397,0.3573771941341337,0.24080453183746342,0.9171724628013008,1.0498468399047851,-0.7613651746164901,-0.7761003484069824,1.640621489062929,-1.573410850185649,-3.269318666993421,-13.273632601838214,-1.4218189429907857,0.4034309702233082,-1.9374337675181528,1.03342672024153,5.3798414691119625,-21.0003405317067,3.6070028715454665,0.8060295273638103
130.33999999995396,houtaitui_play,houtaitui,0.0,0.0,0.0,1.0120778683787615,0.21925093968796527,1.5207868245839349,-175.14625982120586,0.0015317038610632525,-0.0007291867188359383,0.0004501808072022204,0.0083928731180692,0.005793302630816521,-0.007930960241031173,0.051130426325427976,0.13215566128062994,0.33257278897562287,0.2591720011482239,0.35779971714332354,0.24070153501129155,0.9171657040758153,1.0493213653564453,-0.7612993203445575,-0.7782487382232666,1.6927610683198007,-1.5749930640175271,-3.3734975296896774,-13.186366167682424,-1.451964886156548,0.39571740385367077,-1.985139499969053,1.0891696918773368,5.4423584594645025,-21.110069158005505,3.584277458491212,0.813690604073113
130.35999999995394,houtaitui_play,houtaitui,0.0,0.0,0.0,1.012082273112899,0.2257692271763562,1.5280593790615125,-175.15256070347132,0.001497534092356407,-0.0013691366022215855,0.0011006549931143912,0.005238211639270378,0.006303559558861592,-0.005091231569686715,0.05126371648294504,0.13271485002152406,0.33220592571086066,0.2602198508033753,0.3579445520519777,0.239108660484314,0.9171563085783294,1.0498711585998535,-0.7612577267585929,-0.7792443742095947,1.595339078998417,-1.5102657993335327,-3.462850446313571,-12.928957058493431,-1.4984698485383259,0.39885717369310736,-1.8725954591807457,1.1148522727948107,5.082718027013725,-21.398891251765914,3.561964930507301,0.8355937698064947
130.37999999995392,houtaitui_play,houtaitui,0.0,0.0,0.0,1.012098067912727,0.22868983823122524,1.5343972500766596,-175.1553123627556,0.0016252521779880219,-0.001894761930384267,0.0015275119948211094,0.002325690361508979,0.005361743091585057,-0.0020794001166657,0.051339711249921365,0.13292666843704248,0.3317946954576903,0.26038176682090763,0.35780320921076264,0.23836157586669926,0.9171513182801816,1.050077986717224,-0.7612651314253882,-0.7803167809783935,1.4992383025334541,-1.5091785700272304,-3.5317819350518467,-12.822745696517773,-1.5746434129401463,0.39386498169810524,-1.8449041102057164,1.1363070322166107,4.996194296879829,-21.48742854950306,3.5486527423454213,0.8559960658501057
130.3999999999539,houtaitui_play,houtaitui,0.0,0.0,0.0,1.0121117904633878,0.230257148486412,1.5394702559288966,-175.15587460701508,0.001583336919602196,-0.0019123751207405153,0.0011752489842398253,0.0012413360671877972,0.004228262919175246,-0.0003020551628978187,0.05100029048425837,0.1324354371936437,0.33147956741810164,0.2611832406768799,0.35766402554212984,0.23918215301132206,0.9171452083675745,1.0495806455612182,-0.7614054350718636,-0.7836567868530273,1.4304157046459136,-1.5947810481767417,-3.6028381726133887,-12.629380904748864,-1.636221476248869,0.3919862116164135,-1.8429982315087496,1.0982497155050799,4.959879458929375,-21.31623363603108,3.4384077834202804,0.822736340379883
130.4199999999539,houtaitui_play,houtaitui,0.0,0.0,0.0,1.012116665888285,0.2299514144462334,1.5425577738255782,-175.1556707384097,0.001639625737098889,-0.0019357105130449082,0.0005140730196412624,-0.0005002379970520714,0.0024255536041061015,0.00019025587844088293,0.04999458035976513,0.12978513036964856,0.3313903048234602,0.2623410310993195,0.3575889592818088,0.23957596089935307,0.9170337935805467,1.0468189239501953,-0.7620538512175075,-0.7853610028564453,1.3539524382327024,-1.6808638084893848,-3.7181305463837044,-12.42308606514513,-1.5603326255890608,0.3809556394458758,-1.600858707511837,1.0887531331362605,4.875858657391076,-21.237434629850515,3.2741601696666502,0.8094274046820403
130.43999999995387,houtaitui_play,houtaitui,0.0,0.0,0.0,1.0121192830485042,0.22807115342004822,1.5433763741022917,-175.1541612583788,0.0013648092116835223,-0.001888970256222715,0.00023008822714019867,-0.0018409659267951154,0.00047730109737736357,0.0015096847716857382,0.0493370829529801,0.12829308731120814,0.33139137385778716,0.2617403056869507,0.3574898115334894,0.23978195455169682,0.916680476836741,1.0449735641479492,-0.7627317699795959,-0.7848543633758545,1.2668438059795268,-1.7048055923356709,-3.635225899365794,-12.537500124056931,-1.459313736142284,0.37190778185094786,-1.6391212769699899,1.0875497147211426,4.920932773270545,-21.179876289474258,3.191104616828399,0.8177296830648753
130.45999999995385,houtaitui_play,houtaitui,0.0,0.0,0.0,1.0121204281190057,0.22695627551207395,1.5444026732647107,-175.15367098016873,0.0011305495371444108,-0.0012988717951699198,0.00019685813531631399,-0.000802344825411439,0.0010144848868567683,0.0002139697118010529,0.04927201417562672,0.12876359209655086,0.3313839693289575,0.2605463352451325,0.35743576765587415,0.24015275504684452,0.9161290289437933,1.0448926210403442,-0.7631276028924152,-0.784637402468872,1.3149879886058355,-1.6822738477246617,-3.3578231538238668,-12.750192033976088,-1.4393072821480055,0.3780071395494403,-1.9106543444488013,0.9958999323240391,4.9226291597621685,-21.10703031817772,3.173739134154317,0.7962486926110629
130.47999999995383,houtaitui_play,houtaitui,0.0,0.0,0.0,1.012120226919253,0.22680598566738336,1.5457237278930516,-175.1536902874635,0.000802565615010913,-0.0008624827651966079,0.0001422007516600817,-7.850730850305821e-05,0.0011559049374351602,-3.8326939176754675e-05,0.049332609018072494,0.12955115776217618,0.3313632928314581,0.2599497225532532,0.3574245412313912,0.24058625962829594,0.9154402877792056,1.0449914455413818,-0.7634165336772526,-0.7851783742248535,1.4713872172445766,-1.6809360808122566,-3.1909164790790494,-12.852855231822128,-1.3852696400461286,0.3769432056594363,-1.93822883488384,0.9414085841653678,4.930520218916595,-21.030221270327342,3.178855487492237,0.776649190485111
130.49999999995381,houtaitui_play,houtaitui,0.0,0.0,0.0,1.01211867285991,0.22661733011857235,1.546555274164475,-175.15368223611574,0.0005824381566944479,-0.000709592451359724,4.394897446776848e-06,-0.00018826770101330377,0.0006446367164718651,1.3334548153512413e-05,0.049491235946159035,0.13247059248772597,0.33136021087373024,0.2601551201591492,0.35743588857214176,0.24136207368469242,0.9146577987781431,1.047128391265869,-0.7635426532931088,-0.7844027985870361,1.4464561303523966,-1.6349152138832101,-3.2827711217596294,-12.816740685685634,-1.3549295891083555,0.3784115378157075,-1.8127193952510077,0.9189805199298129,4.8697047258545645,-20.89427411510758,3.1551911228555514,0.7646692571980916
130.5199999999538,houtaitui_play,houtaitui,0.0,0.0,0.0,1.012117397065357,0.22604482265469944,1.5467377899114159,-175.1536933459384,0.0001372011660012755,-0.000886134976212582,-4.034352816498043e-05,-0.0005445684683823363,9.39988412293648e-05,-1.1552487419574499e-05,0.04967732653382019,0.1352116250196621,0.33134369801655755,0.2594546463737488,0.35745245373552886,0.24181500938034062,0.914023552020438,1.0492351770401,-0.7635368066785994,-0.781569193774414,1.4512976588920046,-1.6082821820017579,-3.654839406533497,-12.938659545723878,-1.3864824324422402,0.3737795614714422,-1.4227869951027279,0.9151824604750083,5.065855304243286,-20.816070306576066,3.0958296775221443,0.7645438890296918
130.53999999995378,houtaitui_play,houtaitui,0.0,0.0,0.0,1.0121171805327644,0.22531147249441366,1.5468012874336732,-175.15453126229912,-0.00018623441888181215,-0.0010619158380137728,8.891652817669477e-07,-0.0006305887067777411,5.339825178463537e-05,-0.0008875984298756255,0.049518649633096594,0.13425893015135304,0.33132535686719533,0.25964958336448674,0.3574437467722282,0.2413243439445496,0.9136035519195698,1.0478624820709228,-0.763464269548469,-0.7802929391204834,1.368031892110631,-1.5824688682654144,-3.661815145649939,-12.900265326752669,-1.3712929556057691,0.3694199811662776,-1.2696805957608244,0.9481346542091268,5.0840735765209315,-20.900748722690462,3.0827651926493425,0.7724143484141027
130.55999999995376,houtaitui_play,houtaitui,0.0,0.0,0.0,1.0121163750754218,0.22511886433852982,1.5469477160749312,-175.15763109370164,-0.0003461585858787794,-0.0008312290322324181,-3.9669056323731834e-05,-1.369272761818275e-05,0.0001102535852106946,-0.002977105838279247,0.04924440830038587,0.13181778077896367,0.3313250196294326,0.2598781075725556,0.3574468566435658,0.24158946540451054,0.9132946621913122,1.0451124429702758,-0.7634579721462808,-0.7819058408081054,1.3553142636246365,-1.5886753902405104,-3.3601462741967016,-12.8605734209825,-1.3488071456008939,0.36570143743868677,-1.5712818549998664,0.9032473172791099,5.012305787960971,-20.85464282238772,3.1076777793371466,0.7557090383079833
130.57999999995374,houtaitui_play,houtaitui,0.0,0.0,0.0,1.0121126773864566,0.22590634597074266,1.5476102275672148,-175.16276457135103,-0.0007080755962240918,-0.0006786416599820023,-0.0001480935473591076,0.0009489948169702406,0.0006488458420786529,-0.004737858141382606,0.049403166202999296,0.13267049736352077,0.33131036434803474,0.2587271418819428,0.3575484091439955,0.24266196158027653,0.913031077915715,1.0457015752792358,-0.7634636565083085,-0.7819201459228515,1.582361066510407,-1.5941675976032088,-3.245485541015136,-13.063729985342283,-1.3614353349175408,0.3619297083686642,-1.6977953411013742,0.8451586659057596,5.050978930752666,-20.68765372449542,3.1335387179622956,0.7280511137429816
130.59999999995372,houtaitui_play,houtaitui,0.0,0.0,0.0,1.0121063452890646,0.2276363386207489,1.5487701188362957,-175.16979818619325,-0.0013272816925863904,-0.0008747987672848671,-0.0002430863875209187,0.001779158958622321,0.0010172756511092774,-0.00635126827202332,0.049772049426068984,0.13417631711764544,0.33126468526411806,0.25818763043975834,0.35774650082593845,0.2428068604717255,0.9128655282040098,1.0470418453216552,-0.7633963989530734,-0.780134867602539,1.6508170820241372,-1.5919050431209507,-3.498350601907845,-13.150317310127699,-1.3470694124220206,0.3509757187171344,-1.4419836417905172,0.8768103612795694,5.292997758741599,-20.704477956671273,3.1212704692197506,0.7279373344481574
130.6199999999537,houtaitui_play,houtaitui,0.0,0.0,0.0,1.0120945171054017,0.23095594470524253,1.5507961254530251,-175.1779067756458,-0.0020835182046119666,-0.001233534687787697,-0.0004742480327576355,0.0033402544480487036,0.0018769911560729722,-0.007174454690153139,0.049384730428003995,0.1318664755412272,0.3312332467892575,0.25854513909912114,0.35809975598739124,0.24351570870971684,0.9127114329747029,1.0445779085159301,-0.7633284781967125,-0.78009481328125,1.7126317617571911,-1.5960213025658363,-3.623082562917367,-13.081691749376592,-1.3097490035476502,0.3357013874925893,-1.27375689427075,0.8845322952215815,5.433111625802669,-20.65280718791126,3.052926079760408,0.7197505088072504
130.6399999999537,houtaitui_play,houtaitui,0.0,0.0,0.0,1.0120727176289597,0.23718106411636244,1.555077660262579,-175.18641439219155,-0.0025149968331353596,-0.0015926681888179888,-0.0007661228401131375,0.006058567229935659,0.004014374588797898,-0.007469647829949295,0.04862476448824698,0.12938352727753877,0.33123270180710573,0.25862819817161564,0.35872044865092073,0.24547458555793766,0.9124758133901858,1.0418593406677246,-0.7633007698766994,-0.7803494443237304,1.891489360635003,-1.5771292685783542,-3.5638641219763363,-13.069099313271131,-1.2916432726576585,0.3242369035642477,-1.3759125366980705,0.7959898604476634,5.254090346455585,-20.43213387542251,2.971164106413137,0.687826143511792
130.65999999995367,houtaitui_play,houtaitui,0.0,0.0,0.0,1.0120379881053287,0.24872939519384946,1.5589006936830518,-175.19631969602943,-0.0030878485877826765,-0.0016799056119073262,-0.0015510804315496916,0.01106765231841362,0.003100152392712016,-0.008859690557306935,0.04791058420345766,0.12768836814936957,0.3312082180946946,0.2571055677185059,0.35975083875511804,0.24855152633285527,0.9119913498682085,1.039679718017578,-0.7632385141680754,-0.7787670602142334,2.2870838470112482,-1.5235553244922362,-3.3424664493064506,-13.336634512113285,-1.3085558910845798,0.32601755448305025,-1.6415583379832726,0.6893097555676222,4.834908652184703,-20.095201357841614,2.9280428664430307,0.6393351840826528
130.67999999995365,houtaitui_play,houtaitui,0.0,0.0,0.0,1.0119897315927722,0.2671720865508582,1.5599258685856814,-175.20819372995336,-0.0041412848474250445,-0.0019066480654521315,-0.002552433751860321,0.01727710991004436,0.0004995351044989636,-0.010611206115077057,0.04707371923667636,0.12330481276487382,0.3310988236603793,0.2540043380508423,0.3612678574797568,0.2521423187503815,0.9109740091803166,1.0342788219451904,-0.7631606156291019,-0.7777382840454101,3.07600183454294,-1.5731157246898748,-2.7048710835011716,-13.868493847670452,-1.2340952491756079,0.34638215467760364,-1.7885924285233004,0.6005297360745835,4.427568905137491,-19.75904982736192,2.9126458027324946,0.5429679496000372
130.69999999995363,houtaitui_play,houtaitui,0.0,0.0,0.0,1.0119242082035735,0.29291058010750953,1.559048634519883,-175.2159471034005,-0.005802956683225918,-0.0034879597435636574,-0.0036580187082883102,0.02356290341182355,-0.0009759133005157351,-0.005853086145513343,0.04635206822961117,0.12138899895421162,0.33090009168012957,0.2500061478862763,0.363359150964275,0.2572761264095307,0.9088117155269764,1.0290449380874633,-0.7629789558917972,-0.7759000768005371,4.112990816898059,-1.641321498198963,-2.1597677605036596,-14.546353232143256,-1.0174848968805703,0.38374152818852364,-1.3701123409042548,0.5113738949810993,4.0384201772544195,-19.25603480675307,2.828411907843411,0.420420543858161
130.71999999995361,houtaitui_play,houtaitui,0.0,0.0,0.0,1.011844816365383,0.3244601866745918,1.5582456162965115,-175.21756752577238,-0.007494933120468889,-0.006093822739761638,-0.004300062670315442,0.028245373331303947,-0.0005083086896418609,-0.0007650598442616391,0.045558755104262154,0.12043173012962927,0.3306080527050104,0.24629039433097843,0.3658943900969087,0.2624210205326081,0.9055136553655241,1.0237892389297485,-0.7622841708468723,-0.7726304044067382,4.973647559069175,-1.6088501761431264,-1.5460902638493743,-15.155429363632217,-0.8363744480403436,0.43611277051044334,-0.998692964030812,0.3092138816642522,3.5777632883466257,-18.82007526482956,2.610219268447601,0.2815414401479564
130.7399999999536,houtaitui_play,houtaitui,0.0,0.0,0.0,1.0117692287401243,0.3603961491663321,1.560958790602567,-175.2190395639342,-0.009645069245013616,-0.008716063895577521,-0.003588628019362404,0.03203048715611621,0.002974291189857939,-0.0014703660020133698,0.04575467550182492,0.12268974145316369,0.32998870132771985,0.241375723148346,0.36853080335049837,0.2651676025638581,0.9013311047865996,1.01747305393219,-0.7616875006386985,-0.7714468945800781,5.78328267192866,-1.6110268933544996,-0.7643793153159744,-15.904465765512532,-0.6733935713579989,0.497978965707723,-0.972397686125514,0.09479754985903456,3.4860243195689877,-18.807157878616522,2.4667378575578955,0.1574715405431525
130.75999999995358,houtaitui_play,houtaitui,0.0,0.0,0.0,1.0117023227274942,0.4008826075385235,1.5709378206864728,-175.2246280313243,-0.012400374427826662,-0.011505406960891201,-0.0024744731219996036,0.03620417911082078,0.009512889099174927,-0.0055994397552705175,0.04603750447348412,0.12497820974515306,0.32893835038797814,0.23676524427032475,0.3712329811462138,0.26948715117073063,0.8958966462582866,1.010409426689148,-0.7608049550890179,-0.7704929818450927,6.666829322550311,-1.5893378094290898,-0.008030271689218008,-16.51144106882762,-0.38812859437808134,0.5615655857174304,-0.8694085248033515,-0.03955711942691613,3.1722180701882867,-18.52112690881196,2.3819776673641866,0.06025561302406177
130.77999999995356,houtaitui_play,houtaitui,0.0,0.0,0.0,1.0116140487865246,0.4472367290272336,1.5905874632605568,-175.23109559424594,-0.015925666719289005,-0.015012155357079244,-0.0028963091540236525,0.04151623705171126,0.018329200769199812,-0.00562330935295419,0.04569123159667102,0.12545628661664532,0.32788019261301354,0.23248843219375614,0.3745031092922848,0.2763478544006348,0.8890432894752419,1.0000786304473877,-0.760248433484042,-0.7699763287841797,7.3674656794639075,-1.5130144112766668,1.0577159682308805,-17.09160838617305,-0.012857053432152578,0.6299728001800157,-0.947866970212247,-0.0999803941816498,2.5296463980625035,-17.9191649110945,2.236928084654287,-0.05125540750096147
130.79999999995354,houtaitui_play,houtaitui,0.0,0.0,0.0,1.0114648139470381,0.5073545125665317,1.6252824761175153,-175.24054835905085,-0.021785219447709198,-0.017235671346857124,-0.0047348065721910205,0.054934123214877346,0.03233968243875678,-0.009241614695313007,0.04676030268269761,0.13086618527770366,0.32706210479001496,0.22581855323410038,0.3791711084787526,0.2829292204627991,0.880658563008066,0.9863920927047729,-0.7604422484848014,-0.7743157853424072,8.015471109147375,-1.6397601915807825,2.5968942990229213,-18.165583492649674,0.3848266094638546,0.6937140233782335,-1.4742185654122393,0.09235151014160536,2.516620670708165,-17.68288395427871,2.1022668512663114,-0.15956633877351195
130.81999999995352,houtaitui_play,houtaitui,0.0,0.0,0.0,1.0112448303421904,0.5854840586497105,1.6851735889208221,-175.26337510429065,-0.028319447861392497,-0.018319175760293786,-0.00579109909526911,0.0712274057686008,0.05530873745149283,-0.022535514282259847,0.0483515768530284,0.135215937266414,0.3264288003069048,0.22092834975814823,0.38539240147639225,0.28854901459312443,0.870564381551592,0.9750020027160644,-0.7617969463249676,-0.7784161080657959,8.77652476083598,-1.7305862795741875,3.675420517864064,-18.9474156741867,0.8056060820438248,0.7097209282359124,-2.1143551466168433,0.22280744808845712,2.119868814198668,-17.910680216408245,1.980647470605447,-0.25047554667345373
130.8399999999535,houtaitui_play,houtaitui,0.0,0.0,0.0,1.0110019300597177,0.6674083503038164,1.771931592102586,-175.29844674502525,-0.03252640794701432,-0.02208290931126187,-0.003948010064603563,0.07234576779027199,0.07816646456491876,-0.03264399678748831,0.04863262749340884,0.13286707498519468,0.3257759678129454,0.22000847127532963,0.39186093830780866,0.29292149212455754,0.8588829851968182,0.9665103673934936,-0.7626316155097596,-0.7801269997894287,9.732532639778785,-1.636450665763879,3.5987824014959884,-18.99380017415481,1.1908807071301093,0.7163543578850157,-2.195962255670743,0.12266569562449334,0.6866996384916224,-18.30676581349847,1.7815274940189898,-0.31153974931202183
130.8599999999535,houtaitui_play,houtaitui,0.0,0.0,0.0,1.010798638402809,0.731581995012945,1.878952070754445,-175.33098766922222,-0.03473490168759121,-0.02990913846466789,0.00034501202221939734,0.054442597745486196,0.09506980153526849,-0.028770723145698847,0.0478442977904955,0.12583549823895857,0.3249561806280779,0.21964804198837284,0.39704094496070175,0.29679811861610417,0.8458150467198902,0.9527670860290527,-0.7627481205035024,-0.7792689313232422,10.512758437265468,-1.457169579105233,3.4817328623899506,-18.896989686847956,1.491653245071746,0.7945940431466136,-2.146444913833387,-0.05005708955186164,-0.448435905868105,-18.442807762628227,1.564250019008173,-0.3425455777592927
130.87999999995347,houtaitui_play,houtaitui,0.0,0.0,0.0,1.0106535774919687,0.7711462949350271,2.001813582170283,-175.34944882001463,-0.036263574096394545,-0.0390863048769131,0.004825255004189725,0.03271512219559846,0.10868484234450729,-0.015889379808331477,0.0474070933554515,0.12063664522392481,0.32390085320264245,0.21801463630294804,0.4005946469611543,0.3019393172512055,0.8317287060345171,0.9381463050842285,-0.7624961094157992,-0.7734000195800781,10.623413907737323,-1.3470507023340779,3.5415665442442714,-18.982214255626022,1.7679600411414516,0.8959289999600856,-2.7811219995330845,-0.12391596713484031,-1.0992625722625566,-18.03050838092755,1.4299751895715125,-0.4084844890003886
130.89999999995345,houtaitui_play,houtaitui,0.0,0.0,0.0,1.0105406780072512,0.8007273995524028,2.139302591629605,-175.3573004802727,-0.03806870725854368,-0.04585770337234149,0.007628698680737918,0.02597293319878123,0.1214875338504695,-0.007899202708580674,0.048304646178399475,0.12165535206610589,0.3223928884968661,0.21432254579162602,0.40341613278098754,0.3078596678028107,0.8169547359257796,0.925070059299469,-0.7615451153031925,-0.7693745602905273,10.641061449518347,-1.4935043007913462,3.7092387170675583,-19.340718432028577,2.0360470457322006,0.9455906734467204,-3.8327783142072636,-0.0179652680555829,-1.4284413139493197,-17.41811363627816,1.4310879194357449,-0.5155077566219187
130.91999999995343,houtaitui_play,houtaitui,0.0,0.0,0.0,1.0104315997435636,0.8303669153438101,2.294122058502652,-175.36325345935774,-0.04007891794662153,-0.05120902975048061,0.009377020272762234,0.026497340897415667,0.1371976151526251,-0.007265851583859389,0.049264586234777474,0.12165669954421932,0.32049608484223546,0.21066949632263188,0.40613990520328297,0.3118747260818482,0.8014737277198019,0.9103713154792785,-0.7594480360580503,-0.7661618699371338,11.06524397674764,-1.5737822924160731,4.114424464568074,-19.628029785638553,2.327407179330972,0.9553291417663439,-4.422217298715581,0.08409858736970932,-1.800049078865397,-17.178336909163388,1.551537425414543,-0.6170761507625152
130.93999999995341,houtaitui_play,houtaitui,0.0,0.0,0.0,1.010308001806133,0.8612794449374219,2.469577721655675,-175.36769813479776,-0.04188333009787763,-0.05693087430127794,0.010548426099511508,0.027485347754585207,0.1554427789996501,-0.006124977522071309,0.049698741073775865,0.1202851120123355,0.3184359847703352,0.2088408258209229,0.40899368658351176,0.31559456255531315,0.7852823074970432,0.8957204937934875,-0.7558462652128083,-0.7619363774597168,11.225743302837332,-1.535692893281533,4.084526099064456,-19.574815587642803,2.5456112818995953,0.9407399280460915,-4.756981436702526,0.21484186599240634,-2.271180282849765,-17.03257319240106,1.6298269336462412,-0.7008434723683807
130.9599999999534,houtaitui_play,houtaitui,0.0,0.0,0.0,1.0101473749340004,0.9018836706458473,2.6632909062808907,-175.36931865449708,-0.04407296765100658,-0.06156884764901023,0.01013977408391622,0.037324413872946514,0.17084175594894208,-0.00397447117263889,0.05049034954125599,0.12527815219734872,0.31621947798490035,0.20880339410400395,0.4125313700508521,0.32019157078361515,0.7683398405959712,0.8780147552490234,-0.7528770957585511,-0.7621657361328125,11.241826858795143,-1.5861372701621732,3.617951064145336,-19.171599914660657,2.5747250205228682,0.9247335665557862,-5.740375802425669,0.546834145290133,-2.5979922076662727,-16.89365029840351,1.6388566364386699,-0.7720686275210896
130.97999999995338,houtaitui_play,houtaitui,0.0,0.0,0.0,1.0099349045702817,0.9534896976004004,2.8688661317013056,-175.36863270985384,-0.04629622129024211,-0.065800984336183,0.008432216512513508,0.0461873456420961,0.1804629215949344,-0.002225326292522831,0.05116619893413797,0.1332268735465948,0.3141031479501028,0.21152035262680058,0.41689937428632484,0.32328257825469975,0.7500922871066863,0.855441403388977,-0.7522021083499472,-0.7675418366729736,11.800306523764059,-1.7167360587456655,3.1270647004659184,-18.30977601285599,2.5178657212126607,0.9338661072546239,-6.496930411988237,0.8290760580124318,-3.384240673348187,-17.18710326911184,1.4905742794481172,-0.797885508629253
130.99999999995336,houtaitui_play,houtaitui,0.0,0.0,0.0,1.0096642864050478,1.0036727660949858,3.085689077972922,-175.36117561548065,-0.04824255523836229,-0.07210151786995475,0.006533376087997221,0.04286453948060996,0.19080995938064438,0.004244166311785142,0.05106870965488638,0.135195422432704,0.3126023963957649,0.21113626029586796,0.42179727147901785,0.3290338602313996,0.7307315328310704,0.8354836225509643,-0.7531034102364047,-0.772742461138916,12.545119131713271,-1.6758646296093715,3.239724192192239,-18.15700269036185,2.4530805109383396,0.9544265811076318,-6.248404436567391,0.8879296170121203,-4.299513848209601,-17.076305780394403,1.1592012234173015,-0.8165807357355832
131.01999999995334,houtaitui_play,houtaitui,0.0,0.0,0.0,1.0093363698370648,1.0466422797502541,3.3167021807554447,-175.3318123645912,-0.050577577390162866,-0.08128376542786807,0.005003496286149138,0.03540466440784752,0.20398158970535019,0.02492974737691228,0.05012499182475435,0.12331487839472344,0.3117651438569183,0.20709154870605473,0.42707383490691797,0.3391847994575501,0.7115358526740029,0.8204228401184082,-0.75476183285392,-0.7716588486968994,12.611935642335965,-1.387021483036834,3.8425507554689675,-18.78718780273104,2.4401346686079584,0.9465544522785897,-6.505919137158489,0.8473515808841776,-5.271059824489809,-16.22922210677898,0.8484035329433197,-0.9354156750844154
131.03999999995332,houtaitui_play,houtaitui,0.0,0.0,0.0,1.0089735166364795,1.0892522817848183,3.5643905980788912,-175.2680040403497,-0.053793891444095424,-0.09094639589795406,0.004955813771381089,0.034328441424110095,0.21945465517975565,0.055277563506441287,0.04942982538212034,0.11018483613585561,0.3108858976659846,0.20399353768920903,0.43254094972446033,0.3440215971717835,0.69340624834443,0.8035910844802856,-0.7551952393018557,-0.765434693270874,11.661946019013977,-1.3362082399372834,4.568741664826978,-19.184389277368187,2.4868931083416133,0.8949146778377287,-8.08642949002895,0.8816564651173918,-5.781102061514916,-16.355660265942234,0.8278188642431918,-1.0619583702988937
131.0599999999533,houtaitui_play,houtaitui,0.0,0.0,0.0,1.0086129850017376,1.1366128458089786,3.8326772305384926,-175.17698134317786,-0.056481593891606986,-0.09858766091075766,0.007234384948563751,0.03677153402822568,0.23831321465305025,0.07684745279832357,0.05017500186818387,0.11250362003611647,0.30911623989964676,0.20541284349060063,0.43775144687586154,0.3417583790073395,0.675403387501147,0.784478735923767,-0.7536887910631136,-0.7636596669494629,10.89829306663711,-1.7167885549462696,4.147329620943921,-18.541266843215883,2.5938420774113333,0.8192429409714808,-9.258824715015084,1.1037004329028886,-5.981667309446344,-17.67863125080409,1.0804797533693142,-1.0722708784787898
131.0799999999533,houtaitui_play,houtaitui,0.0,0.0,0.0,1.0082594560182871,1.1843760567670687,4.118219157065576,-175.07412125933408,-0.058722739640449835,-0.10498030318167485,0.008864755045318461,0.03531021984590074,0.25268403366375564,0.08502533476413274,0.05112652041189986,0.1268605264296624,0.3065165569803199,0.20978168513870243,0.4425968619356022,0.342627206111908,0.6559045097710444,0.7611751675605773,-0.7515394236750327,-0.7661327828704834,11.240913872971484,-2.045107373098555,2.3620961736393706,-17.221765551931803,2.739829220703318,0.766207811165723,-8.860913976430371,1.3905692200725448,-6.0354055247914635,-18.36777049861418,1.1471029569281195,-1.0501856673622598
131.09999999995327,houtaitui_play,houtaitui,0.0,0.0,0.0,1.0078555784876808,1.2331893073409705,4.416812973336489,-174.96150132323802,-0.062217726580999194,-0.11152226307365873,0.006741655372126733,0.03571813851658989,0.2641890426269559,0.0935013854544675,0.05120966214899491,0.13537588159197855,0.30393142105020576,0.2107433464775086,0.44790291643049335,0.3514030065784455,0.6348444123489164,0.7359023809432983,-0.7510295947199954,-0.7662732114135742,11.572623741878894,-2.0751736592668593,1.245942965729907,-16.586339507650305,2.8559253222184346,0.7513933117131456,-8.099702165719613,1.728451800484649,-5.880635642231837,-17.780479876139037,0.8375703648078139,-1.093967606006842
131.11999999995325,houtaitui_play,houtaitui,0.0,0.0,0.0,1.0073625368284829,1.2913954343468153,4.727531984144915,-174.82987511485314,-0.0664835983597244,-0.11933068825156927,0.002895991778960716,0.0430166594742996,0.2753334120206322,0.11083345883031448,0.050076370624397105,0.1263373239213551,0.3015335009239959,0.2089163449058533,0.45430092133573513,0.3619327333221436,0.6132848744924455,0.7155285596847534,-0.7505195528934558,-0.7589187135040283,11.168914036754472,-1.933704944893149,0.4367856231759666,-16.500076442849466,3.0404887401221017,0.711015477926863,-7.887000621552759,2.007598572377689,-6.081549806659838,-17.120696089113473,0.478472300922646,-1.1830500523772192
131.13999999995323,houtaitui_play,houtaitui,0.0,0.0,0.0,1.0068166475375795,1.3657523840024555,5.042748171400704,-174.67773404556016,-0.07122244984563601,-0.12767447932785939,0.0004712076443820399,0.055608359700582054,0.27845097817859743,0.1278011646524383,0.04886542636800727,0.11276538297090455,0.298394078874883,0.2081228878746033,0.461443566881304,0.3687102582702637,0.5916390037907253,0.6930564165115356,-0.7459343523825426,-0.7467808236419677,10.763581221673922,-1.7855133420291607,-1.1526044568286409,-16.019280930518224,3.2312915276115377,0.628483256613104,-8.078184156882912,2.329848313219502,-6.128012362947249,-17.241458679569114,0.22113895449629298,-1.230481264635299
131.15999999995321,houtaitui_play,houtaitui,0.0,0.0,0.0,1.0062337683626004,1.4596792209551581,5.3593777722916265,-174.51447931891943,-0.07725526268165782,-0.1349670834040474,-0.0018938900980352128,0.07150883388942862,0.2802523456214353,0.13562461017391203,0.04925348866853829,0.11422246194067798,0.29414517171411453,0.20703510310745243,0.46916898079172475,0.3734463241348267,0.5690194718743452,0.6614396691322326,-0.739129182456804,-0.7413174619018554,11.181201473295642,-1.7108971496753356,-1.7101444523162368,-15.364582869944293,3.377429420892095,0.6273372505494877,-8.520455736586852,2.8830016503063196,-5.815160830671447,-17.82347289692145,0.06724402742661016,-1.2458549534573977
131.1799999999532,houtaitui_play,houtaitui,0.0,0.0,0.0,1.0056035607036158,1.5767607108432276,5.68715117240485,-174.34380458911858,-0.08478150527709159,-0.14183882785062835,-0.003824375556321244,0.09085827052108898,0.2919467524404859,0.14132368258791123,0.050059731859179696,0.11302294561621085,0.2884779938720176,0.20014599826431279,0.47760524809503185,0.3800884571323395,0.5446685903134961,0.6271550178527832,-0.7341094621905596,-0.7370342721282959,12.11985675922997,-1.666328702775815,-1.2446971287114774,-15.475433926056473,3.563808006989918,0.6945520094159915,-9.118943213196747,3.313155098644986,-5.518927593757934,-18.20087534701431,0.019551345884428827,-1.3052499357748433
131.19999999995318,houtaitui_play,houtaitui,0.0,0.0,0.0,1.004945319718366,1.7187200048407698,6.040054985789854,-174.15895887376223,-0.09340777515222039,-0.15067994904620957,-0.0032030331663496386,0.11034998787063804,0.31613078491071606,0.15325714053783426,0.05041576415146797,0.09955431039964824,0.28036520959611816,0.18910143640136723,0.48642346552792887,0.38748694326972966,0.5190828583523969,0.599660050868988,-0.7293955158952837,-0.726646851473999,12.831541803715327,-1.6719426332774823,-0.9829488621190355,-15.816271005913167,3.8496552534380477,0.7132929514026665,-9.569350737836098,3.410888985927107,-5.246473155597325,-18.484054820415583,0.16006782252393847,-1.3850955607677486
131.21999999995316,houtaitui_play,houtaitui,0.0,0.0,0.0,1.0042708626285552,1.8807902485100156,6.428197983634714,-173.95910313957447,-0.10270775769808038,-0.16170242809315372,-0.0013623371259122927,0.12464245512870865,0.34847246713068997,0.16381972939209463,0.0509676242712524,0.10354801596492663,0.2693023103724863,0.18202559020614628,0.4951436266083135,0.3915956106433869,0.4929634173761829,0.5764471411705017,-0.7211057296865914,-0.7134470452606201,13.06977240119053,-1.7630076330090694,-1.8519410129048675,-14.87161249613991,4.218580608808886,0.658661848400553,-9.796331052714343,3.4656633680347544,-4.745146303031461,-19.30480758004239,0.36792860002977884,-1.3975852717707415
131.23999999995314,houtaitui_play,houtaitui,0.0,0.0,0.0,1.003523373702854,2.0585516784675133,6.852966591971858,-173.7469860971914,-0.11184620794059445,-0.17346716779470644,-0.002991785887751829,0.13555261879639777,0.38097328973053335,0.1719757063766558,0.05125597762338938,0.1062690942909702,0.25615508944034665,0.179027774597168,0.50413663348317,0.39786753919219975,0.46606191065859515,0.5469069600105285,-0.7091521666045741,-0.7012199868499756,13.207397214280936,-1.508939526312243,-3.221788845831195,-12.884472927552832,4.511682665194723,0.6140634156374889,-10.676219366290596,3.786797376853925,-4.730271375123446,-19.814531511504498,0.42269665874491374,-1.4023771198942954
131.25999999995312,houtaitui_play,houtaitui,0.0,0.0,0.0,1.0025463456785704,2.2468009036427268,7.313596854261448,-173.51391142910748,-0.11878115181823548,-0.18670935177544096,-0.013095022142831425,0.14012152441958664,0.41371273325667546,0.18920405350789446,0.051254866658047626,0.10634580252763857,0.24394722456294168,0.17761222388839726,0.5148623504576334,0.4145714130649567,0.4374624024526981,0.5128878474235534,-0.6969172775089142,-0.6945435513793945,13.88938445465154,-0.802876518793499,-3.6868012016250904,-11.018748835612689,4.645293286070198,0.5981612589961821,-11.165539435610242,4.314410953157891,-6.391721833010795,-18.874334297348046,0.18878064313959314,-1.5546093499718407
131.2799999999531,houtaitui_play,houtaitui,0.0,0.0,0.0,1.00124647302301,2.445549558262538,7.8031716107861975,-173.24307171880324,-0.12296225269078673,-0.20281089786516335,-0.027402145042221285,0.14349740857520554,0.4396845897116752,0.2210506461458081,0.05248373101052886,0.11024283050939024,0.23438800250967987,0.17370776202774052,0.5281559037986105,0.4354286875972748,0.4078253504990571,0.4897945046424866,-0.6871724637298423,-0.689586829119873,14.097878279428539,-0.5180195898754212,-4.665811005662403,-10.20802804570909,4.773636971428021,0.5067244116137821,-11.277110891027009,4.8851699149876815,-8.965793926357946,-17.70930854231239,-0.28045079763159386,-1.768348492935173
131.2999999999531,houtaitui_play,houtaitui,0.0,0.0,0.0,0.9996932550545682,2.664304045812713,8.29856170547396,-172.91732686049815,-0.12639111320397187,-0.22061672793788123,-0.03939803587676119,0.1531937117285661,0.44467871665457104,0.2682564042959706,0.05505680656985501,0.11622216670867704,0.22599074972002176,0.1709413912544251,0.5433579365257495,0.4423412468681336,0.37895691991789787,0.4677751183509827,-0.6802399105445478,-0.684093665057373,12.093825590392989,-0.9911837827719602,-5.79370675279765,-9.282449485646827,5.008932727040633,0.4050162908913068,-13.20616461192337,5.981935632301177,-11.229824118604848,-19.343644037181974,-0.4774237122259206,-1.9410952987011976
131.31999999995307,houtaitui_play,houtaitui,0.0,0.0,0.0,0.9979507814316375,2.8881455319485685,8.795073158293386,-172.53911567764058,-0.1292638675379004,-0.23640985322254032,-0.0486562640921559,0.1450273870948907,0.44989499062881433,0.31012398613769965,0.06001135977411243,0.13114209250799547,0.21879227069145257,0.1751997854957581,0.5592033479878081,0.42806125547981266,0.350970415336111,0.4361143231391907,-0.6765754950583289,-0.6867746819793701,8.690271655086294,-1.9072941936796926,-5.65546262606988,-7.315191367212807,5.184788161436453,0.3373360610365762,-16.222792773164173,8.04106233395402,-11.988441885542809,-24.814648688154918,-0.08464429347206559,-2.0914274184299315
131.33999999995305,houtaitui_play,houtaitui,0.0,0.0,0.0,0.9960361177736199,3.0874571195756824,9.32238118561633,-172.14581202207316,-0.13060236356628666,-0.24391352172273553,-0.054144914438151864,0.11624284208741983,0.48272144630358726,0.31382322471401797,0.06934499286663932,0.17629938008097257,0.21381160839527735,0.18537340428924565,0.5745186760843143,0.3982192960033417,0.32319545454902415,0.40776864886283876,-0.6758368004665973,-0.6924166192352295,4.662932956340962,-3.2269968068030277,-7.237835308198713,-4.763619847755534,5.282918510233327,0.03451986383103833,-21.12700308907582,10.640770826509401,-8.91002388008273,-32.90512332526452,1.0393538941854203,-2.327596431260343
131.35999999995303,houtaitui_play,houtaitui,0.0,0.0,0.0,0.9940901138780975,3.2637069231001465,9.896158985809265,-171.7805625377485,-0.1310630589969402,-0.23845750234970578,-0.05088674424186167,0.09976974426066565,0.522843032939937,0.2811146453492582,0.08571782386493386,0.2362109417988152,0.20897302604802206,0.20363644626235966,0.5878627679668755,0.35165182616806034,0.2964768866983241,0.3901797652244568,-0.6762876094781485,-0.6935436238586425,-0.7294608396034843,-4.422724836060181,-13.149799507271087,-0.626088704761538,4.878770813997172,-0.5024194512779931,-29.38359884464284,14.270144787013638,-3.474375483839134,-43.53633995350297,3.183591514461192,-2.59704016477051
131.37999999995301,houtaitui_play,houtaitui,0.0,0.0,0.0,0.9922838873561084,3.4310689071577394,10.484898171989292,-171.44216710178918,-0.13060028102960627,-0.22313979196281503,-0.043958383367638784,0.0933500931413878,0.5296225263749209,0.25712564253253345,0.10783851215141645,0.30542059140280364,0.2036869939207574,0.23854670789337162,0.5984339044826377,0.293013313079834,0.27177653429776094,0.369794499874115,-0.6763202497805485,-0.685283850604248,-5.843383887014659,-3.4248573887381073,-21.353649815591673,6.670200511142308,3.605304401044242,-0.9231103457351235,-38.46381771605374,19.89913962233544,1.5355043310957175,-55.78604655321041,5.881934298690973,-2.6538813214378494
131.399999999953,houtaitui_play,houtaitui,0.0,0.0,0.0,0.9907003873666081,3.6166624376179715,11.038721726561898,-171.06161886702995,-0.1317200912565536,-0.203626854318146,-0.037262412270668975,0.10374870227658656,0.4997234749518523,0.30967678271463894,0.13301322819568862,0.367665327166233,0.21081931362266687,0.2937288072357178,0.6070907863375282,0.2394254591712952,0.24763069270418445,0.34077293872833253,-0.6713444829120633,-0.6674067487060547,-8.49464739510148,-0.04345134848167009,-30.853021710889635,14.542426563228526,1.5043115492824637,-1.214314669062236,-47.95947031140753,26.51378772258591,7.5230120511493475,-66.82022552991077,8.274342127519004,-2.6544433172047506
131.41999999995298,houtaitui_play,houtaitui,0.0,0.0,0.0,0.9892180699328978,3.8297759602036066,11.514728695462926,-170.60670044502376,-0.12869046578827564,-0.17332940092129223,-0.0444541273646229,0.11056130778646417,0.4307313303702155,0.37127171705414375,0.15661983215642078,0.41108903663749796,0.2788280135772206,0.3951428618679047,0.6160305862018596,0.2049415495643616,0.22227763946972195,0.30018256306648256,-0.6626886580888667,-0.6572985162078857,-4.683371746789449,2.0165701088399173,-39.39777147029514,15.017333663348692,-1.5350389731328407,-0.31914300048741845,-60.156793892443616,32.42993492487069,13.924528591592722,-74.69158397574586,9.317364747404799,-2.9253988399433744
131.43999999995296,houtaitui_play,houtaitui,0.0,0.0,0.0,0.9880706388559322,4.092847117866283,11.894997720491602,-170.03575992485997,-0.12655569812300768,-0.1494381497188713,-0.038257537123388724,0.12758327534933844,0.3528921051417791,0.47000855080680015,0.17347871228048775,0.4637386269549262,0.37188719062234804,0.49842295911407475,0.6242100275270038,0.1898140695343018,0.19406982754266278,0.26837961077690126,-0.6541961107447403,-0.6530038823425293,4.064040407142059,-0.3425924761606203,-43.86989542288796,14.979471474109062,-3.4526614680531047,-0.2490007539168251,-69.92993732689182,36.666142651630295,18.216909888636273,-78.83101828106619,9.755771891728916,-3.2288097932161053
131.45999999995294,houtaitui_play,houtaitui,0.0,0.0,0.0,0.9871750751972562,4.375833284840836,12.177793179839956,-169.4088478779066,-0.11962310981909825,-0.1274263904502561,-0.03593472647254898,0.13041743450162227,0.27472153044838726,0.5145446304576744,0.1719542865043623,0.4730835887987738,0.4555748087633114,0.5581396755228043,0.6319401479156087,0.2140040781745911,0.1652277365378498,0.25613550543785096,-0.6486870306935316,-0.6547443379699707,11.390148772684102,-4.060497051819782,-38.91932229555198,11.701273018861507,-3.7990265252474207,-0.1310950085391386,-71.22380695572502,36.69956772526866,18.147153250608056,-75.8307991016379,9.5623979292412,-3.0661812152461163
131.47999999995292,houtaitui_play,houtaitui,0.0,0.0,0.0,0.986328884994506,4.676005614646304,12.40323639560586,-168.73520033099345,-0.11379628127381279,-0.11321448002584852,-0.03974367197754398,0.13482872088350845,0.23601358859928193,0.5559583553125027,0.16095591051693914,0.4548711897894778,0.5081047152483766,0.5834024932632447,0.6403127176302602,0.2501621034393311,0.13849808714715828,0.2459965467453003,-0.6424939298727227,-0.6477913369476318,13.801550997060833,-4.902649200172835,-29.26466932697728,9.440053067008455,-3.5641985736341826,-0.04747490132510529,-68.40327587068276,34.37040115318332,16.175573443791812,-70.87112077250704,8.79112694251611,-2.686544327601146
131.4999999999529,houtaitui_play,houtaitui,0.0,0.0,0.0,0.9852570521004731,4.99964718090101,12.632530785359856,-168.00012127038391,-0.11108566033246603,-0.10472286492799668,-0.0521140400487376,0.14200232635487933,0.25390340814768997,0.6071104544018646,0.14986203545731208,0.43529652898391785,0.532366668544012,0.5923442926654816,0.6507717264023398,0.28346077468490605,0.11481761448871357,0.23067126870155336,-0.6334616204365136,-0.6402420510589599,13.504598527522942,-4.3037242848711585,-20.403689298887,8.983505729595613,-3.506813693768148,-0.07038126570194506,-65.41958335656462,31.763171135125656,14.447836003298475,-66.91522115737325,7.523896517893323,-2.376841837083818
131.5199999999529,houtaitui_play,houtaitui,0.0,0.0,0.0,0.983850315818555,5.378316279808958,12.933378067789363,-167.1639568032964,-0.11475684590493311,-0.09714631156830038,-0.062439944417016356,0.1731761143956085,0.33722568509156325,0.6944043446323254,0.14387413293006665,0.4238701942529084,0.5317497221674907,0.5879229989299775,0.6636593921861719,0.3076038744697571,0.0939887128792703,0.21494592428207399,-0.6264520947417972,-0.6415786256134033,12.905460129671084,-3.8989284575485543,-14.943774789698365,10.488578453233323,-7.141275349444063,0.20516295655654296,-63.66229524273517,29.55566782303342,12.984154072126735,-65.06071499816083,6.281467284532313,-2.0786632257241386
131.53999999995287,houtaitui_play,houtaitui,0.0,0.0,0.0,0.9818973958052235,5.766904738861218,13.340748846535005,-166.2924752587619,-0.11893816103239979,-0.087686991491124,-0.07841956828731173,0.17895578993492706,0.4456314097269517,0.7272095841114481,0.14137109451434596,0.4186178950614031,0.53010043124749,0.5956108358154297,0.6788386005238579,0.3211031344184876,0.07746834114658988,0.19837867915630342,-0.6243307803140911,-0.6426350583374023,13.829221831011633,-3.5967179875408455,-14.741923898263746,12.356026546039885,-9.639360774050385,0.3877621998989629,-62.923269979234284,27.91749596000048,12.096161419171118,-65.51634542235357,5.380314153374826,-1.8817975740632789
131.55999999995285,houtaitui_play,houtaitui,0.0,0.0,0.0,0.9793683235702355,6.141305397342257,13.850623163861666,-165.4421005667664,-0.11649169605689591,-0.07342799524691118,-0.1070709812060496,0.14602826406014546,0.5256765484536966,0.6558887539848941,0.13663705684395733,0.40682081061912095,0.5311550859222569,0.5948505189666748,0.6957614600290275,0.34584085013961796,0.06644525345671613,0.17898645699024202,-0.6236164369194159,-0.6356777657806396,14.927504340051849,-3.563262445746221,-15.605535019146421,11.141063522404272,-4.98890240961298,0.7837461945586586,-61.31234550988365,26.707790554929897,9.307857604449865,-64.29566727255875,4.55945058093389,-1.9591311650463186
131.57999999995283,houtaitui_play,houtaitui,0.0,0.0,0.0,0.9762214858205245,6.488061770971812,14.416782092378837,-164.66832382440478,-0.11425524436041574,-0.058475427327611455,-0.1342762722627829,0.13933154842692064,0.5678183759456262,0.5895139527238051,0.13189829756193583,0.39117923983568303,0.5279824042781331,0.5847078647861481,0.714830275319525,0.38385633494949345,0.05922852502380743,0.156540584564209,-0.6199880740541299,-0.6248569001495361,16.599506791112375,-3.5047182467143787,-16.135450547787773,10.357189087373769,-6.8686736326164315,1.1520912231503548,-59.023716758352606,25.78948334263767,5.503910674612575,-61.032441975192285,4.015201482627059,-2.365068355408146
131.59999999995281,houtaitui_play,houtaitui,0.0,0.0,0.0,0.972426335983447,6.830775971193944,15.00976811841436,-163.96063008272097,-0.10733896290472353,-0.04346651109157252,-0.170904506329758,0.13755855105490974,0.5821649594606116,0.5142283536645069,0.12605938961011934,0.3715798535082277,0.5118693967087787,0.560968944097519,0.736817887944267,0.4283697393188477,0.05420777998187491,0.13936322629451753,-0.614330947973293,-0.6170105447113037,16.549412848531077,-3.8882074637798265,-13.925721127518798,10.052800815628892,-5.32091728515558,0.9801985795098094,-56.11254987966703,25.045672694538517,0.17909732378168375,-57.21101204719568,2.8283541627406814,-2.6270352052739216
131.6199999999528,houtaitui_play,houtaitui,0.0,0.0,0.0,0.9679299913471338,7.206048449316068,15.605372573920391,-163.2857440738404,-0.1022023545550901,-0.028975019071483105,-0.20559832691663052,0.1837487010445521,0.5872334112595,0.5069433773890787,0.1237178290394462,0.34484312928979133,0.48632890645847154,0.5328051086912156,0.7627465929122317,0.47390765812492375,0.04909875569244165,0.12667168378829957,-0.6122156992473416,-0.62343878644104,15.280406826509351,-3.641866030988861,-15.201773279981836,10.341794731842068,-10.176196111673452,1.1780614931224789,-52.0159065596796,24.723359114912085,-2.5304510619367453,-53.95438855689499,0.5052694330854534,-2.8349301598833825
131.63999999995278,houtaitui_play,houtaitui,0.0,0.0,0.0,0.9631627656972811,7.690835941874485,16.196227506602174,-162.57699320273417,-0.10271497355941336,-0.010184722084398318,-0.21580586495178647,0.28774170304516383,0.5980336466412802,0.565157145936439,0.12023229783511112,0.30994386704491395,0.4725244943640466,0.4942036655197144,0.7905835489835509,0.5219179328927994,0.04274278167407916,0.11678184270858764,-0.6126183124573585,-0.6279448975860595,18.056897859631174,-6.157968609931346,-18.784262377996452,4.773910684031868,-10.00477284253688,1.9436944935987164,-46.589082482082816,22.79173661637004,-8.31115788468287,-50.49573793494184,-1.6714611389435685,-2.9690805181840063
131.65999999995276,houtaitui_play,houtaitui,0.0,0.0,0.0,0.9596674422561409,8.528848868883982,16.757309260065792,-161.6448967430912,-0.1089761735832051,-0.006888826836257141,-0.15530727799577967,0.5308663068030381,0.5920836801893199,0.7179560388415669,0.11606902736312123,0.26837312827919246,0.48892021831267213,0.41146121289825444,0.8141795711585417,0.5848268207559586,0.03395125705127634,0.10507017076015472,-0.6166438321272707,-0.6310843934356689,26.59805135900124,-8.88328985088416,-29.22765282404224,-15.325598141126928,-9.69914386361005,1.524845504905422,-33.553974408216085,21.16848361940213,-6.901200942457289,-43.08628470932195,-2.744922954601606,-3.1550790343401687
131.67999999995274,houtaitui_play,houtaitui,0.0,0.0,0.0,0.9575620264594108,9.585854613938016,17.258656338991795,-160.63320087943367,-0.10506742097187302,-0.021329700393826513,-0.08588017647524124,0.6817619928911489,0.5619027561984951,0.7730645529937568,0.10632155751923045,0.24769206303632332,0.4847879403953125,0.3472271051654816,0.8318024723080428,0.6623488154659272,0.02461257048036715,0.09550754427909851,-0.6174043076566124,-0.6178683747589111,38.88583434396065,-9.996492172590054,-30.203898738109665,-24.468193075366727,-7.748761236956427,1.4966544256665177,-18.446351420537482,14.554183908656515,-8.227597769010215,-31.85545351675252,-3.4505218057576355,-3.1038725364494533
131.69999999995272,houtaitui_play,houtaitui,0.0,0.0,0.0,0.9565906179427186,10.730966099620002,17.70868597302875,-159.58459793986677,-0.09730640082993125,-0.054697625608467304,-0.026303305696813238,0.7285728446516677,0.5382095141132419,0.7925929704928939,0.10128748485936256,0.32469594564450643,0.4615422645900623,0.3078567471752167,0.8437830603745072,0.7491456970969439,0.015824940290850173,0.0868086040019989,-0.6102335581811632,-0.5985214223205566,50.41940468116774,-10.130051189730738,-27.47174554306973,-25.91495263499067,-5.611463349954982,1.6992531684568715,-7.829661236205336,6.038284280633617,-9.008056049499752,-17.956265083466842,-4.607171629577634,-2.795316087068567
131.7199999999527,houtaitui_play,houtaitui,0.0,0.0,0.0,0.9562020094922902,11.85108324198824,18.11526814555413,-158.54037369022126,-0.08596242719166888,-0.10066314656155854,0.009912004487837762,0.691618320382738,0.5154956012471796,0.779235400490684,0.1026974122058737,0.37730528738436275,0.42747529332854395,0.28614173200225834,0.8521932686139035,0.8042573083589077,0.008380541741677528,0.07389306724071502,-0.5992314488832706,-0.5883240212738037,58.10347584537482,-10.748099119996386,-23.595003937734358,-22.86133003901157,-3.5312185253687893,1.9157287016596094,-4.334682219935199,0.7859342116205856,-10.466192247008827,-9.2727562648358,-5.530960106865498,-2.3602737766887754
131.7399999999527,houtaitui_play,houtaitui,0.0,0.0,0.0,0.9559478448890925,12.891909201499598,18.4878431047702,-157.52137852461303,-0.0732456430329983,-0.15027812462659754,0.028221340677394683,0.6209286357190729,0.49685594153537,0.7524928521712698,0.1028520609052378,0.3884550171065228,0.38837331727552177,0.26935438182449345,0.858980081639516,0.8185082313070298,0.002281181382881056,0.058971789479255673,-0.5907822586699206,-0.586590002947998,59.50259102488288,-12.167943881004977,-19.920508663499874,-18.447073799149678,-1.6696027718357573,2.129357812409334,-6.012467058377494,-0.12994516127733025,-12.791134339031698,-7.800887788444716,-5.919595998693064,-1.9951830784885487
131.75999999995267,houtaitui_play,houtaitui,0.0,0.0,0.0,0.955572581736173,13.838165659059973,18.83494858627445,-156.53939631247144,-0.060749156791983026,-0.1961934736884799,0.03559857087651423,0.5431386100055099,0.4810154763929172,0.7160893546635758,0.10102606672322552,0.36764735239688084,0.34755873907203294,0.2575173762092591,0.8653159788542073,0.8069585796842575,-0.002244643342190281,0.05067084431648254,-0.587903880901049,-0.5897244920074463,56.11774275667254,-13.926940873796982,-17.507901987414304,-13.084516498412526,-0.3992905487177787,2.3325807596802726,-10.10573609370995,1.8304080131109208,-15.589702312946478,-10.982597350222104,-6.018356383896836,-1.8668278348727882
131.77999999995265,houtaitui_play,houtaitui,0.0,0.0,0.0,0.9549333783036503,14.67539700437015,19.166225597413973,-155.62199944719507,-0.04918742287258537,-0.23240459106202327,0.03528369977375325,0.4608564220286354,0.4651869512726011,0.6552615868671846,0.1002307418747234,0.32786436068794494,0.3080278947107835,0.2556402173290253,0.8716119867966499,0.7699989092001915,-0.004445439390138532,0.051466789841651914,-0.5875351887271596,-0.593646477633667,49.905487635482174,-15.547287037595288,-17.226455255103936,-6.3890248581486455,0.20080879405698582,2.3380947463807993,-16.48284957462731,6.053129728572215,-17.740198732449066,-18.762050786219323,-5.952602495932202,-1.958210444179183
131.79999999995263,houtaitui_play,houtaitui,0.0,0.0,0.0,0.9539260448046483,15.382993817710721,19.48892307890797,-154.8259712266987,-0.039093060071465235,-0.2505046107275099,0.025207416604882887,0.37867065777025644,0.4385725221932829,0.5457889549391771,0.10602386665124633,0.27857485193290354,0.2745729552239793,0.27031497027969364,0.8780632733080765,0.705586654360056,-0.004784534682421384,0.05340616106986999,-0.5887129685168777,-0.6004404534637451,42.30494395075503,-17.159998938692965,-19.561327230440472,1.825562775965142,0.2011962467921352,1.9770535835460503,-26.469905807264368,12.951775785496013,-17.945279351115406,-31.529410367983832,-5.3510957085359205,-2.090347501134667
131.8199999999526,houtaitui_play,houtaitui,0.0,0.0,0.0,0.9524793782667533,15.943743496018929,19.792018501969956,-154.191034023239,-0.03106398371391816,-0.24691273932308672,0.004417772047451425,0.2966718592497387,0.3907571297316606,0.42066025750316455,0.12226963633556108,0.27724161036509354,0.2566990529866438,0.3108141210327149,0.8851127860752571,0.6164082970867157,-0.004267050799435224,0.05269820690155029,-0.5924194271275302,-0.6072046269714355,35.169307496794914,-17.282860454757376,-24.74375730650029,10.908675877668111,-1.114707001946644,1.363270866736653,-38.976749185758656,22.0194527528748,-16.494210831932534,-48.87422113556443,-3.640103868859418,-2.080781424713541
131.8399999999526,houtaitui_play,houtaitui,0.0,0.0,0.0,0.9506060139177857,16.347222974623765,20.041556870554317,-153.65623688057994,-0.026348363030661476,-0.23522406164122012,-0.02771964846018586,0.1716378997094006,0.3200055906294919,0.34468984816777776,0.1485680251587682,0.39080065057516544,0.29087698857488964,0.41015032794570927,0.8932107034110821,0.5070499267826081,-0.003803852059490863,0.04910088777542114,-0.6000526835201426,-0.6165284623443603,30.862583942567124,-13.041210008316696,-33.865199482960676,17.918736298450906,-2.9459232393499026,0.8393869128157861,-52.97566680891364,31.13370209190911,-12.830036539148333,-70.12605876260366,-0.7334606039925272,-1.8031613958327697
131.85999999995258,houtaitui_play,houtaitui,0.0,0.0,0.0,0.9486413238293503,16.600665523503366,20.18130735149822,-153.09724610428867,-0.03234446066060907,-0.2313721272379072,-0.03939170108231915,0.040222256148217894,0.23835166244559608,0.425308241076051,0.178411687042788,0.5027666548742512,0.39187638225506627,0.5301503279457093,0.9016310973103467,0.42269475128746037,-0.005048608177852254,0.03888110518455505,-0.6135826004427516,-0.6343128194152832,31.870753391315095,-9.475543100579696,-39.84759616255373,16.2598945089116,-7.254422331994234,1.01013498048263,-65.57959584903746,40.067197767070134,-9.584996831983888,-86.84851932019653,2.285614745345745,-1.8562021550686874
131.87999999995256,houtaitui_play,houtaitui,0.0,0.0,0.0,0.9468814080884413,16.71718806992197,20.178803458221616,-152.50567107644585,-0.03621417733407203,-0.21830850653511807,-0.048894407950503996,-0.09697456564452048,0.12042759129300415,0.4626532758941768,0.18619731578915052,0.5450191053819108,0.528275885757771,0.6501503279457093,0.9098328712887542,0.4074934807071686,-0.008966276657916617,0.041262191534042356,-0.6283071887914526,-0.6484250535308838,31.15714950738479,-9.606385294524141,-37.760695641155436,10.696732397580881,-2.946533186389799,1.0328344668558944,-68.94790205801412,43.401703578314326,-9.69292325371221,-91.04226891314242,4.606552759554419,-2.066891037282044
131.89999999995254,houtaitui_play,houtaitui,0.0,0.0,0.0,0.9454423114854681,16.807348185550747,20.00821173492101,-151.8459281489678,-0.0372232666779405,-0.20444710205551558,-0.05173888187154488,-0.12524778102399314,-0.0035823884093514335,0.5695652821271148,0.17668709473220384,0.5315938124565089,0.6421340349798134,0.7226175509790183,0.9192449869172151,0.44148001935577397,-0.015923646761594343,0.07229689955711364,-0.6385666842850846,-0.6576787938415527,26.53842496877651,-7.912834784039714,-33.33772048532418,5.486551538464594,-2.889134219546693,1.104075094457749,-65.73434068649587,42.28488231920244,-7.017969942964892,-86.71540153632486,4.021714957429253,-2.000738989305709
131.91999999995252,houtaitui_play,houtaitui,0.0,0.0,0.0,0.9442713604144745,16.936706966816885,19.7440397024434,-151.1296378066201,-0.037599833440955896,-0.1788902222121006,-0.05235531239721536,-0.0994112037190321,-0.05626804458345705,0.627906125406301,0.16496607247888034,0.49507053833747616,0.7141824794684389,0.7648297932395935,0.929423323305571,0.46700755622482304,-0.022756442227530572,0.09080744981765747,-0.6452857477886649,-0.6690346707641601,18.835205182015688,-5.677889788237745,-21.600261321620046,3.5483976419172674,-2.7017799308075188,1.1676446185717753,-62.71992657538299,39.33158194639223,-9.17712167790612,-84.00782761036203,2.68956170427208,-1.9248874254332418
131.9399999999525,houtaitui_play,houtaitui,0.0,0.0,0.0,0.9432151716531052,17.089695640757974,19.483519146917597,-150.45705832152046,-0.040541482057979424,-0.14165298704129178,-0.05457557428002176,-0.05383017862824713,-0.05227771181875118,0.5975387452913995,0.15275941031275717,0.4504781212821547,0.7522889098882498,0.7826355036745072,0.9391446744887927,0.49604600038623814,-0.028267619021824963,0.09535878598690033,-0.6487372425896188,-0.6731719483673095,12.559544566837676,-3.3654607722579817,-12.016554255447865,2.5191291043545556,-3.5827865967686803,1.0255690701883522,-57.98924516475258,35.77437207941398,-13.042112571896345,-80.48639900223873,1.0474700237211858,-1.9094169383175603
131.9599999999525,houtaitui_play,houtaitui,0.0,0.0,0.0,0.9422044498742161,17.291981897258285,19.288916750190268,-149.85111581426898,-0.04527616917645785,-0.09753803727201135,-0.06064956309762767,0.013666215339399823,-0.0070180757035200325,0.5241735905790892,0.14414517517911007,0.41964436572825736,0.7626018923233361,0.7779920038232804,0.94778405496013,0.5281396892318726,-0.031737899178106065,0.09228883385658264,-0.6504680271635215,-0.6720711697875976,7.311560142936484,-1.883274402716414,-3.4543336683177928,2.0289532026624544,-3.6155073122387513,0.9984411837149771,-53.47664635874981,33.246978670398484,-18.489363235550293,-76.18181547704141,-0.2611748773766716,-1.8647770776814927
131.97999999995247,houtaitui_play,houtaitui,0.0,0.0,0.0,0.9411573142740582,17.56898224399026,19.183476541880246,-149.28812493057328,-0.053775218971437985,-0.0556897161356207,-0.06737938622640327,0.10222205358555903,0.06491443166892294,0.4872550433878763,0.13793270831861823,0.3966325899613896,0.7562090614818459,0.7659937825450898,0.9553840893157953,0.559618258143425,-0.03315361080256529,0.07984813749790191,-0.6508023905122909,-0.6642627229034423,5.3330413459298,-1.107613800335224,-0.4493193428132063,1.961279083785618,-7.578848131377628,1.545268113494208,-47.88243793071684,31.519888667950113,-22.45894727678444,-71.79488516986015,-1.333611064965922,-2.0393098248908834
131.99999999995245,houtaitui_play,houtaitui,0.0,0.0,0.0,0.9401312557176646,17.922651674684076,19.168378767289898,-148.73519769525183,-0.06220289168571771,-0.016588166354004605,-0.07427501067412795,0.1640644062934063,0.13831850238828652,0.4458338295094411,0.1378968580400109,0.38560505870680506,0.7451765120198961,0.750966693500638,0.9613729067170151,0.5801099177846909,-0.03343370686657646,0.06617864668369293,-0.6485466779326486,-0.6499249448120117,6.077398372000303,-0.9670944991522247,-0.0715038378810553,1.7501869933863872,-9.15288398689873,2.4430297969652117,-42.56896870736378,30.664930155030817,-26.874134183690643,-69.08252468354227,-1.6681156494012455,-1.9502366052350601
132.01999999995243,houtaitui_play,houtaitui,0.0,0.0,0.0,0.9394826925534763,18.337516931499113,19.23048196937745,-148.1667854557015,-0.07514086968855263,0.015386464419607355,-0.060475803202349084,0.20169222693016248,0.20566479921360947,0.42423563176262674,0.14044294307736188,0.3584017388118801,0.7390571632081655,0.7163943622658253,0.9637137039052217,0.6081820365438462,-0.03382502325038543,0.056692075729370114,-0.6401083619405882,-0.6309599389373779,11.64129735190107,-2.220849091480934,-1.9407544630165798,-3.50706779214654,-13.23689949790671,4.207646729941389,-33.63018589750123,28.485298593270645,-29.935720700418884,-64.17846092855304,-1.1312706373589725,-1.7566761338797694
132.0399999999524,houtaitui_play,houtaitui,0.0,0.0,0.0,0.9393413073068776,18.769679769097632,19.358152055031578,-147.61550995048756,-0.08551302986594567,0.02736188861474843,-0.0331441095878439,0.22144404566954484,0.25664456876459846,0.39197077814726544,0.14131361066721318,0.41640304354877,0.7358979122727355,0.6783953395137787,0.9616696937381299,0.6392332848558426,-0.033630434338759806,0.05214126110076904,-0.6266081368234059,-0.6113597859680175,13.618848891655146,-2.773126795418042,-5.759964554500576,-10.120624064261682,-15.973231414328433,4.894691714755249,-26.56190919295142,25.030506033413012,-30.571982789326714,-57.89310652115632,-0.41585322317780843,-1.661531222301519
132.0599999999524,houtaitui_play,houtaitui,0.0,0.0,0.0,0.9398244938845167,19.236908344950862,19.535124125930103,-147.0701907010128,-0.09291702233296179,0.02963489489445792,0.0029285756379846886,0.2539655526949417,0.29766819665230504,0.37174024093413993,0.14153628134777724,0.46186351943918624,0.7313620946177665,0.6422979098210335,0.9552937527965928,0.669743665719986,-0.03286001153037595,0.04758190810680389,-0.6100259527839097,-0.5928716172515869,14.744201409586545,-2.832868191046063,-6.334566445684153,-15.701388424445772,-17.769804677260748,5.3014143661674815,-20.69343804237712,21.830285941469867,-31.698709995530187,-50.92612330607796,0.7357882332007994,-1.8192998546305603
132.07999999995238,houtaitui_play,houtaitui,0.0,0.0,0.0,0.9408242686701924,19.732193430258473,19.752233168700574,-146.53870182229346,-0.09684168677032334,0.025508191432484603,0.033774610272186055,0.27945713667683736,0.328494181011446,0.34507294243605513,0.13563598420656148,0.4415029464928176,0.7203385789912058,0.6194232788333893,0.9453439185812084,0.6947375696549416,-0.03196993197711047,0.04647122025489807,-0.5917405697156998,-0.5752315034210205,15.542613382193975,-2.9651115698561514,-4.963767474277732,-17.331444096249957,-17.05686369755811,5.424504331893296,-16.625886989188807,19.332750707199747,-32.73224317616234,-44.36544158866626,1.875275469072392,-2.0735970948879974
132.09999999995236,houtaitui_play,houtaitui,0.0,0.0,0.0,0.9421203515005033,20.23238972515747,19.991584432908326,-146.03799071226524,-0.09763188400050699,0.017448634079827354,0.0530318062354197,0.2892593748204153,0.3376058968194351,0.310235840632828,0.131526339371874,0.4248349234093367,0.7044606350642325,0.6090377804288865,0.9332608277643399,0.7108277168521882,-0.031243306638732947,0.046598386764526364,-0.5742619483387085,-0.5612730492889404,16.851081517674906,-3.9345761909344756,-3.4965731409881524,-15.96984160000996,-16.50138186459534,5.211733053175461,-15.31528252650215,17.738936434009144,-35.03835454254129,-39.1297723566369,2.8640029762694734,-2.313982864322723
132.11999999995234,houtaitui_play,houtaitui,0.0,0.0,0.0,0.9435271562061888,20.705287940290372,20.22496240698464,-145.58968282485088,-0.0952272237128927,0.006114465817571125,0.06214072039467004,0.2763678323857144,0.3160290501732027,0.2670718003237778,0.1278266474180835,0.4096016157483533,0.6868160259754548,0.6008934613714219,0.9205637621822077,0.7198605958769322,-0.030509390878669367,0.04416417777538299,-0.5599496647208628,-0.5513238419830322,18.739362212403357,-4.738438073175626,-2.9739663105202503,-14.120676260120241,-15.930431633098436,4.881769285727146,-14.96072068641883,16.09118840516123,-37.80391713778153,-35.16888358358088,3.596260799636468,-2.551536602337957
132.13999999995232,houtaitui_play,houtaitui,0.0,0.0,0.0,0.9449211685688486,21.120230194961284,20.426397943795372,-145.20700188732474,-0.09024636263309456,-0.008816015123725731,0.06493008946954676,0.24175140938358736,0.2698229746253431,0.224170819796096,0.12398306747962788,0.39529012539928965,0.6686078698304553,0.5898856606731415,0.908405211551313,0.7225047547767163,-0.02967683913985112,0.043158110976219174,-0.5488991995284545,-0.5431622971832275,19.570672297374287,-4.599171742701576,-3.220803923020454,-12.775926720523486,-15.386001620225436,4.649878387949285,-14.741828230046815,14.728452555822747,-39.155367266282795,-32.54247442326459,3.925292879511791,-2.7211210430287776
132.1599999999523,houtaitui_play,houtaitui,0.0,0.0,0.0,0.9462211796009106,21.466705805423246,20.5825112776631,-144.8762745006942,-0.08446861446933654,-0.02756748131979784,0.06425911219554836,0.19573758643845496,0.21899717118023898,0.19968617994224658,0.12063850572142142,0.38254999285648045,0.6505338877085051,0.5782790717134476,0.8974586850948046,0.7178632479557991,-0.0288138022427499,0.04180916845798492,-0.5411893111568601,-0.5384675969421386,19.31158730064512,-4.076676295144836,-3.261030098329757,-11.618714068630121,-14.925131635717019,4.512488229230553,-14.98983426556073,14.1161366526045,-38.804672167065625,-31.497238993024748,3.8731588204972365,-2.828403642359747
132.1799999999523,houtaitui_play,houtaitui,0.0,0.0,0.0,0.9473542813844701,21.753337779353107,20.69494531220494,-144.5690575909646,-0.07872773504272541,-0.04804576408212698,0.06059346833693107,0.1504450488267574,0.17929112706639755,0.19695190360275938,0.11848316853462508,0.3709646894717852,0.6340457951692935,0.5708098348627091,0.8880537061697921,0.7072017800459862,-0.028076840677340058,0.03856062591075897,-0.5373768051889746,-0.5380484570800781,18.76416220276412,-3.996748912601489,-3.3511043169785006,-10.116895401402001,-14.494702843876693,4.341103419813099,-15.833443698858105,14.618542964384385,-37.46679594092765,-31.838807886834054,3.7612237042427408,-2.844749654889313
132.19999999995227,houtaitui_play,houtaitui,0.0,0.0,0.0,0.9482596482815037,21.993970404907266,20.772972640393494,-144.25078705325933,-0.07354712006902285,-0.07047388322911824,0.05521494019075924,0.10639015688247264,0.15816804968720244,0.21928005627514802,0.11754396709250531,0.3593514568084496,0.6205787004248582,0.567597561741829,0.8802017211335128,0.6908047471592427,-0.027249981881509962,0.03751428127288818,-0.536796665059267,-0.5399307717620849,18.304801117184113,-4.017230713177585,-4.072791305475699,-8.50530657809732,-14.026422685343423,4.134502115012707,-16.45761783679339,15.942590124671375,-36.132050338944595,-33.49403016442506,4.0088719788381635,-2.675561803133756
132.21999999995225,houtaitui_play,houtaitui,0.0,0.0,0.0,0.9489109884699621,22.20177447631519,20.819743249997135,-143.8917424828118,-0.06897785516367863,-0.09250864501262412,0.04844521425465406,0.06506682937484662,0.1472163876549882,0.2621777080847953,0.11758280467490403,0.3464115437488434,0.6113560618820221,0.5720600124845505,0.8739426005303971,0.6712997343788147,-0.026068177131448326,0.03672016859054565,-0.5368238697704846,-0.5413813103973388,17.673846659633387,-4.4196814940909075,-5.833573892962303,-6.372581242288348,-13.464821142849427,3.9132515738111793,-17.56112627492481,17.605937316400816,-35.22213473583751,-35.998903722529434,4.730007014519083,-2.300894307604218
132.23999999995223,houtaitui_play,houtaitui,0.0,0.0,0.0,0.9493371248263297,22.388945656600754,20.825091154194688,-143.48329334282406,-0.06496203040726646,-0.10982200101391591,0.0404752404645672,0.03297868016526684,0.12839984577946562,0.31357417726699843,0.1179215363024149,0.331245085457787,0.6069790112967371,0.584107958937645,0.869524593759412,0.6496755566844941,-0.024622369060642475,0.0354039192199707,-0.538214616830867,-0.5457820405303955,16.948254002675174,-4.710737174631299,-8.917751591951987,-3.7924051038879902,-12.788352167161506,3.680843471108947,-19.680975896964416,18.76670114345201,-34.59463617361307,-39.23598902272213,5.596624942454516,-1.8065427444836184
132.2599999999522,houtaitui_play,houtaitui,0.0,0.0,0.0,0.9496354761499588,22.560714900287383,20.774944863108896,-143.0429640516673,-0.062099765608961036,-0.1194069344253057,0.033654094018567816,0.011097448199562834,0.09218193065228633,0.35407392867748444,0.11859665338051757,0.3140908673355097,0.6063216319393467,0.5973368373165131,0.8669829158617863,0.6253851887235642,-0.02410721354453455,0.034603816270828244,-0.5419042934622994,-0.5552608479797363,16.52275025771277,-4.587095762140033,-12.147054791968797,-1.5801970142365007,-12.042089592412028,3.4490295890502445,-22.91057894655719,19.22823751122089,-33.80833987374433,-43.29461487453509,6.377542240200369,-1.348785351103637
132.2799999999522,houtaitui_play,houtaitui,0.0,0.0,0.0,0.9498777351466829,22.713988699318435,20.672402583703224,-142.61243783909953,-0.06043919251660023,-0.11999374262512436,0.02695006779669727,-0.00017178957253644045,0.047174205400632996,0.3590252718928635,0.12063454474306416,0.29568192852835484,0.6080830034956178,0.6145996537456513,0.8659166199873374,0.5978456672677994,-0.025170584562457955,0.03249056339263916,-0.5473161640737364,-0.5628547181427002,16.583996667611284,-4.7067809806983245,-15.520889433913755,1.0261362593434313,-11.268184753404942,3.2037539258607888,-26.58997661416882,20.025427228672484,-30.77090973222459,-48.17064338795774,7.2515811170487305,-0.9900846005716091
132.29999999995218,houtaitui_play,houtaitui,0.0,0.0,0.0,0.9500689458578915,22.840274204498606,20.54074032924245,-142.2359303027307,-0.059334061792648315,-0.11367010238351957,0.01958787387256661,-0.0058987241638702725,0.008850824440411811,0.3232807262796985,0.12418865317697918,0.29957420675727076,0.6115703302669094,0.6342202660093308,0.8656373214251633,0.5660631146678925,-0.02812994855623385,0.03216363191604614,-0.552258069002871,-0.5679728497802734,17.122947918980266,-4.692717348174299,-19.236059380293757,3.797356628299285,-10.518501404193165,3.0043600413310645,-30.354454112990616,21.00472883057001,-25.353093034855885,-53.902746233169665,8.243198810839035,-0.7377914309378999
132.31999999995216,houtaitui_play,houtaitui,0.0,0.0,0.0,0.9501504080904905,22.927963650527882,20.40455204421975,-141.93544661581552,-0.058944037081245224,-0.10468987604292934,0.009444488573155677,-0.016870676732894663,-0.016391643307721165,0.26559884939862183,0.13027592886571712,0.3318205450639762,0.6178947893706673,0.662718706990242,0.8656639517660178,0.5338434067020417,-0.03213497641346988,0.03671782910823822,-0.5565899511973017,-0.5722341050445556,17.632154121144684,-4.659055545243468,-22.8497072395944,7.566795905720456,-9.758316166563551,2.7763598031054437,-33.91587617875995,22.60439442831324,-20.162643591917924,-59.72771703477643,9.591478758522804,-0.37584252717641853
132.33999999995214,houtaitui_play,houtaitui,0.0,0.0,0.0,0.9500022405298011,22.955825298716658,20.263479808702353,-141.73540485758826,-0.05737333834593186,-0.09165611188917516,-0.009883306474562223,-0.03983173791073223,-0.05456239493257029,0.1894000846404008,0.13842813177101485,0.36116774998905,0.6300549023075299,0.7057501573512555,0.8665995596776181,0.5054318096885682,-0.03613142157239134,0.03671000599861145,-0.5642198823031377,-0.5835685242950439,17.734339792573852,-4.97492235465902,-27.033610973335556,12.660356472777679,-8.30670704482701,2.377103209592976,-37.61346221378412,25.14989591013764,-16.914004896295122,-65.077923036324,11.336386464099562,0.29690521532174563
132.35999999995212,houtaitui_play,houtaitui,0.0,0.0,0.0,0.9495104426414546,22.887643034660943,20.09728980663326,-141.6930065113181,-0.050236880182680604,-0.07117320813010425,-0.040678917404420395,-0.08405728198662338,-0.1339903180255103,0.05918982567401872,0.1463313516923763,0.38842840161779846,0.657796912930773,0.754000321256578,0.8697821103866431,0.48135370876884465,-0.03982597377504139,0.032422390580177304,-0.5781480764672309,-0.6048686017333984,17.991470349305416,-5.3627651349576695,-31.263824865040206,15.159286165136685,-4.17122153984761,1.504076296971384,-41.68233216862844,27.485781353077485,-15.559432231517807,-70.16915401308367,12.927727131173688,1.0953640805644824
132.3799999999521,houtaitui_play,houtaitui,0.0,0.0,0.0,0.948635067869908,22.709657432170562,19.883346556389704,-141.84373890745977,-0.03964257263595167,-0.0473442696556671,-0.07195238676227055,-0.11776376705404352,-0.23490969971474104,-0.0622348558242523,0.14922426871220568,0.39867991680860804,0.6984279317760689,0.7857617486665249,0.876453025554183,0.477773108745575,-0.043824071008929176,0.03278734982013702,-0.5956289829421229,-0.6255876530944824,18.099796171929942,-5.440880553914962,-30.63383373098476,12.502902112371423,-1.8064355227401276,0.7179870939488099,-43.80775453882982,28.84433536947188,-15.489796915397102,-72.26394215998442,13.661244687675076,1.8001233732365958
132.3999999999521,houtaitui_play,houtaitui,0.0,0.0,0.0,0.9473004696212058,22.430983984465946,19.638490430798722,-142.1768435413854,-0.025498356340854383,-0.02512162260066163,-0.10357226119738258,-0.14825531332314604,-0.31061398823099867,-0.18394212764391135,0.14549334988746368,0.3968861039795982,0.7364040773411058,0.790107314700842,0.8868300639557946,0.48994395997619633,-0.04838727736221705,0.03270342648029327,-0.6125322085666602,-0.6419133652984619,16.451097831474804,-4.49316399552684,-21.864792649947063,6.665271746108513,0.4499293109398268,-0.19412645347392532,-44.0185744282367,29.051687637638302,-16.229345841160146,-72.22469146766315,13.131650641217268,2.3012708719495993
132.41999999995207,houtaitui_play,houtaitui,0.0,0.0,0.0,0.9455350981435832,22.087730580479274,19.42485825827198,-142.62417739347083,-0.015975469053330763,-0.0050643716477355855,-0.12784200081037156,-0.1723247156069827,-0.3100552406367256,-0.28205415536213785,0.13951828751360193,0.38337206767834087,0.7551138928356611,0.7698637221405507,0.899022497667202,0.5156504299888611,-0.0526229089366191,0.03399058878421783,-0.6255370449894027,-0.6497172822296142,13.662187168070771,-3.3907891374796506,-6.055445120138309,1.261030701604048,0.16752799282272612,-0.1700353260011755,-41.93041028704152,29.095822546199226,-20.73676038281457,-69.929771558454,12.150438458040046,2.7289007714918085
132.43999999995205,houtaitui_play,houtaitui,0.0,0.0,0.0,0.9433211467676953,21.70503988745724,19.30070492189286,-143.12402697038164,-0.01228640511421851,0.011491939170191076,-0.150343059173465,-0.19831399182294449,-0.24652564532314436,-0.3608966385109232,0.13263887600872354,0.36322575711652794,0.7495276310611108,0.7332637042204142,0.9112127052738385,0.5479869481573105,-0.05598789124378193,0.029315945506095883,-0.6342774959658749,-0.6521157731353759,9.97245431642207,-1.838822442877939,7.080598074722887,-1.8580144791009983,0.3883173590079152,-0.09098695648807564,-38.45765393271163,28.511677424467248,-25.536680622450735,-66.32245796423604,10.731470943366686,2.9528053631090887
132.45999999995203,houtaitui_play,houtaitui,0.0,0.0,0.0,0.9411268248641497,21.425187473047547,19.26321593527651,-143.48055328446813,-0.02482571136830424,0.019052556688286107,-0.14187757569656806,-0.13318630156081143,-0.12250071542490354,-0.24651439992777652,0.1298739142065301,0.34796544103920213,0.7504387762303739,0.6831968103001118,0.9210962754813945,0.5920374032506943,-0.05945302111258606,0.026181977987289426,-0.6406625367094438,-0.6570689191162109,8.668092979634864,-1.2505589566024657,11.08994860810495,-12.174751291003236,-8.609476169172025,1.819841636399082,-33.009465035754,27.958364531987357,-29.424032569327235,-59.98049874291596,9.216797600479774,3.0147661534360553
132.479999999952,houtaitui_play,houtaitui,0.0,0.0,0.0,0.9393650398540201,21.293484533058738,19.304949833099258,-143.6677182079291,-0.03720828402563449,0.016985096131763727,-0.11082710874861132,-0.04976032273230671,-0.008002361690273657,-0.14354300831228523,0.12574702257939568,0.32033789558685843,0.7543659450624778,0.6137180116424561,0.9269418503244301,0.634191611076355,-0.06299827516005312,0.025635865330696103,-0.6430480507026478,-0.6540624608337402,8.98172060466361,-1.3248341517484803,11.945270333528207,-25.60856104376219,-9.394568500431916,2.786213855777098,-25.211499371401665,25.70889780987523,-33.32207240876537,-53.14040707333722,7.982871212858907,2.962288948327053
132.499999999952,houtaitui_play,houtaitui,0.0,0.0,0.0,0.9383698029071407,21.35535905701329,19.40924657674782,-143.69887942649956,-0.04815373401717534,0.01626517868590882,-0.06397694705922465,0.08092334807787611,0.08692431120327444,-0.04432088564784206,0.12267928290877078,0.2914350503376293,0.7525470708517665,0.5659120019922257,0.9283269384096543,0.6623978924403191,-0.06648350251920938,0.03303403854370117,-0.640924078409867,-0.6429469098388672,7.0986547652819425,-1.4185230379563698,12.74379878325894,-33.45742447442302,-9.595418944352865,2.927903511102178,-21.393968237591366,23.362536386468943,-36.80318441933334,-47.97963360419102,6.957999505641008,2.760198389018702
132.51999999995198,houtaitui_play,houtaitui,0.0,0.0,0.0,0.938221470591402,21.5913234178644,19.577805609598315,-143.60733724845804,-0.058660696442768695,0.012875283724431037,-0.012899626869932823,0.19228974063084808,0.17560882358420574,0.023664888921963775,0.12037053077569758,0.26803799904532366,0.7426624778467225,0.5516909595975876,0.9247124499743682,0.669519507552147,-0.0688146768206962,0.03774338662624359,-0.6326120553317102,-0.6287648190795898,8.410611537366808,-1.7841345651886322,12.932767670901418,-33.6343002568635,-9.742106108433472,2.867035530711143,-18.447466857429305,21.464417619292647,-39.39397763145219,-45.66897749861113,6.917677127096804,2.4896361861461584
132.53999999995196,houtaitui_play,houtaitui,0.0,0.0,0.0,0.938780544454882,21.930949173418355,19.800529286963847,-143.41448066897996,-0.06820856676568246,0.0018933611088907884,0.031322763005724556,0.2448343837519357,0.24783024667576142,0.08246417066525322,0.11935392460821638,0.25327851845663063,0.7266126223241983,0.5586012985954285,0.916395263329283,0.6711645286927224,-0.06847197338743907,0.02647144794464111,-0.6215220112664495,-0.6147024144470215,12.805857630946942,-2.835483016560708,11.268746736048447,-29.035991521463124,-9.650369040454153,2.8562955303451925,-16.5467176075043,20.26483923590594,-42.652908579046354,-43.52010789454312,7.897668069490112,2.075026452661987
132.55999999995194,houtaitui_play,houtaitui,0.0,0.0,0.0,0.9398225458509207,22.303593011083695,20.030198493543686,-143.13478551787108,-0.07566565717872745,-0.015953059500641374,0.06120071168404053,0.24020861880539213,0.2741380807405955,0.14580663808854155,0.11965726185631245,0.2574232037829667,0.7074250412958907,0.5707039472112656,0.9051659643107717,0.6749013450393677,-0.06631986885328617,0.013450172543525693,-0.6118751986330544,-0.6079244126617431,16.75164574920972,-2.9864845463890255,8.899311606821483,-23.156419631574565,-9.339152058821295,2.8067473538066707,-16.288539989146294,19.68849819938213,-46.72917972979532,-40.605544230316056,8.965461150402081,1.5803695704068084
132.57999999995192,houtaitui_play,houtaitui,0.0,0.0,0.0,0.9411490841213523,22.641989829315072,20.22267722465633,-142.80481837815793,-0.08057076568800667,-0.03496300664335993,0.07819596525172452,0.1889964581766468,0.25504206070497315,0.1909065309272742,0.11925213161233024,0.27452334090319486,0.6879384335779382,0.5775151487836838,0.8927932275620397,0.6740641978034974,-0.06361467449887928,0.010147430747747418,-0.6070396520191607,-0.6088048924743652,17.874582614476168,-2.64987982706555,6.823187331602113,-18.39411804938853,-8.813666250194256,2.70963746907702,-16.887639044730392,19.3239625520085,-49.660416050460775,-38.44029990526418,9.613396668193491,1.2002535801649086
132.5999999999519,houtaitui_play,houtaitui,0.0,0.0,0.0,0.9426254289319779,22.908198806116584,20.358509710137774,-142.46761422266582,-0.08244066263898034,-0.051212623393529486,0.08669834539591754,0.12195337772996574,0.21004769216453156,0.21118996456333713,0.11763398919584779,0.2775384018332818,0.6693833639762106,0.5779241409549714,0.8803565173304554,0.6655726667890549,-0.060929780553658545,0.011155457049608228,-0.6064512266346134,-0.6172317971527099,16.83318892922293,-2.521689202097847,4.536211345433094,-15.047323003641468,-8.194252415696923,2.5725715203441237,-17.72654445769712,19.13881847973652,-50.03011802613605,-37.72222931009512,9.862139480975493,1.1147834961994572
132.6199999999519,houtaitui_play,houtaitui,0.0,0.0,0.0,0.9441660269826144,23.112668308774598,20.434130338719022,-142.14199677549863,-0.08172585848135352,-0.06250773109090682,0.089292980060106,0.07447419644370827,0.15836280454145896,0.2210867726486387,0.11560613571741,0.2657160205051503,0.6516433123770586,0.5749231066951752,0.8686212751562037,0.6498689439544678,-0.058759052111013683,0.011184640973806378,-0.6108296065753038,-0.6318826188385009,14.953571976813175,-2.309215874730632,2.6093245748429585,-12.453032678994017,-7.578774388006781,2.444774980668206,-20.117991693625793,19.47517520802307,-47.75623920734383,-38.488071935723084,9.761625402602709,1.4059802625152096
132.63999999995187,houtaitui_play,houtaitui,0.0,0.0,0.0,0.9457298104368316,23.2864506106147,20.45618154267288,-141.83933218577843,-0.07984726868569592,-0.06685864516217585,0.08802884504761932,0.05855026517811933,0.1091993941140755,0.22030283733773437,0.11405050465419511,0.2517268511361518,0.6341540764617644,0.5700396236429215,0.8579484062323423,0.6285549786338807,-0.05803113456080856,0.010841720551252362,-0.6204705640687389,-0.6462890614807129,13.32785828428074,-1.9878713028209456,1.0005607754098704,-10.200515479371523,-7.029476513817272,2.2121665431975046,-23.282894456755475,20.104341909999807,-43.82110992295813,-40.4829094613731,9.471772850063193,2.0351402531678287
132.65999999995185,houtaitui_play,houtaitui,0.0,0.0,0.0,0.9472490327801859,23.445426498706034,20.439112993549358,-141.56382939143202,-0.07730622892539261,-0.06836959366987119,0.08296203487168864,0.05462266634831571,0.07144269294328909,0.21247144912067747,0.11434466161750839,0.26037958837513264,0.6174373155628805,0.5647701260099411,0.8484867446396311,0.6120125439414978,-0.0585065841064159,0.009057373553514478,-0.6345361302456686,-0.663240860873413,12.918133590030726,-1.78485196939547,0.6479114996772148,-8.197909030435461,-6.482678208137378,1.9501802330947164,-25.413760243507973,20.794796201091806,-41.306532787908175,-41.84894387828133,9.226657324339822,2.8413985470326284
132.67999999995183,houtaitui_play,houtaitui,0.0,0.0,0.0,0.9486331841995123,23.595678098285727,20.403266098852473,-141.3200733776743,-0.07342558870628967,-0.06744987686247964,0.07427918515393668,0.05760568582696359,0.04846839227866476,0.19351745085979916,0.11663637563814665,0.26862944390551524,0.6025115324939648,0.5592043038854599,0.8403366821596431,0.5976377960691452,-0.0595400017768368,0.00602353438735008,-0.650488618571413,-0.6779453267395019,13.194680497421409,-2.5368144745504906,0.39305577321943186,-6.649148390089838,-5.884322377790003,1.7307086506142815,-27.192220099815337,21.457277451975834,-39.21818349913,-43.06909662972435,9.285468311477935,3.6838998489641854
132.6999999999518,houtaitui_play,houtaitui,0.0,0.0,0.0,0.949762352096493,23.74240951092816,20.363616948014958,-141.11004705865523,-0.06700766042369924,-0.06527336998664361,0.06013035670483008,0.06555878201032359,0.035899414210315186,0.16915442781076984,0.12141502065665546,0.282766394566875,0.5906240351876073,0.5604623046169281,0.8338873161440604,0.584067293668747,-0.0596763918253964,0.004023038595914838,-0.6658987750254278,-0.6870030869781494,14.19356607602741,-3.48562730455642,-0.9050156946131458,-4.517281012573509,-5.255555363129435,1.5611787145269742,-28.785649444367582,22.59332671926896,-37.22001809702519,-44.47951456796307,9.817439374315079,4.471947138244505
132.7199999999518,houtaitui_play,houtaitui,0.0,0.0,0.0,0.950471177157594,23.876293091783623,20.322930956009372,-140.93489957959568,-0.05771645613613786,-0.06474340335854184,0.037952450602100174,0.06322577537345056,0.023901909125538003,0.14318000902997724,0.12783582457408435,0.3045140125793886,0.5836286151928378,0.5731808927307129,0.8298456622996049,0.5716799136648179,-0.057351561116241984,0.004108213633298871,-0.6789461253240042,-0.6916546334564209,15.483337313999357,-3.9332262082736955,-3.5316684190920236,-1.3475623914626111,-4.668378673441113,1.422205080717173,-29.594054462771993,24.334999512883414,-35.6535982362794,-46.162470648120475,10.6933262897084,5.131933172372522
132.73999999995178,houtaitui_play,houtaitui,0.0,0.0,0.0,0.9506808661617651,23.964428133022395,20.2767461409139,-140.81931576285976,-0.047928738253360775,-0.06257832684000011,0.011364482377790234,0.03818666961289498,-0.002114929575285935,0.0971083039303428,0.1338103392787935,0.3214062616421691,0.5818299647118897,0.5881384101161957,0.8285650800159639,0.5555270847330094,-0.052899481663874086,0.005669035762548444,-0.6878442129472122,-0.6957797517120361,15.917401315813882,-3.4064310892164498,-6.511796607865803,1.2623381143064927,-3.840026721259366,1.2662420898471527,-30.2010424786158,25.69413589302936,-35.344176584494825,-49.051900441432,11.54442353929342,5.755630683121213
132.75999999995176,houtaitui_play,houtaitui,0.0,0.0,0.0,0.9504392359867572,23.97790879730249,20.226539926621303,-140.79881389270474,-0.038785179921679264,-0.054864095685380164,-0.013849694793800098,0.0007589845233738385,-0.037877056203788104,0.023690045150341912,0.13914765288611583,0.3331801309374679,0.5835302266652476,0.5977165636072159,0.8297723624916385,0.5424154784927369,-0.04846613208210034,0.0066894523799419375,-0.6935894837390175,-0.7030043114959716,15.610852069734294,-2.907001709659683,-8.385990310028237,2.424265293262251,-3.314454056723422,1.1020255892227464,-31.3362896134825,26.656586351172145,-34.710529543750944,-51.81429794601747,12.242567552939912,6.35827975297449
132.77999999995174,houtaitui_play,houtaitui,0.0,0.0,0.0,0.949778995774762,23.927043484684024,20.18251910698679,-140.88355625979048,-0.02886031598728646,-0.04261136185322055,-0.03848678298077943,-0.02087476805590433,-0.06657597785789397,-0.05783423902577893,0.14384205940030254,0.34462478884555414,0.5878402047379409,0.6047762867460251,0.8333786028845164,0.5353540417203904,-0.04594739549091666,0.006186620146036145,-0.6987807512042109,-0.7127627839385986,15.126827126213358,-3.22663991821607,-8.868988296987006,2.7207068000326267,-3.3425171756872833,1.0010020899806669,-33.10226789002644,27.599588057119075,-32.05356410529911,-53.91728944303023,12.70202778819282,6.860028368888167
132.79999999995172,houtaitui_play,houtaitui,0.0,0.0,0.0,0.9487357854998364,23.83548363543676,20.1533026543757,-141.06853271878484,-0.019638301763509586,-0.0269947135268476,-0.061800846348299535,-0.024219086409070535,-0.08691058633952953,-0.13768840478280417,0.14918013366251012,0.36325326936672164,0.5951495398470155,0.6112925794372559,0.8391768283494626,0.5321343627223969,-0.04637991645451395,0.003789433091878888,-0.7061055342639656,-0.7233538140594482,15.195440920475622,-3.181529589096759,-7.824601355015292,2.3483570006333805,-3.7614710547506967,1.0289252056422087,-35.187522116921954,28.85765637267801,-31.139805499703957,-55.70682866697745,13.03925647122212,7.2746241172906325
132.8199999999517,houtaitui_play,houtaitui,0.0,0.0,0.0,0.947385580198613,23.7297499494988,20.133298301347338,-141.3301883641555,-0.011914715576981687,-0.011337023197185945,-0.08190395433257856,-0.011314140316053184,-0.10471885423216441,-0.1953166943429253,0.1548694175276508,0.38070736455534426,0.6059940672651067,0.6189044874558449,0.8469201729391965,0.5331647333154679,-0.049314162093107954,0.0012108616530895205,-0.7161794739592754,-0.7326676358520507,16.066421663861508,-3.262818356897174,-7.051839126671239,1.495355588469683,-4.402949314637888,1.1519475955240879,-36.881684132656325,30.441274014236672,-31.288082289049914,-57.06213895070697,13.300721431345869,7.620215743790842
132.8399999999517,houtaitui_play,houtaitui,0.0,0.0,0.0,0.9458250132908838,23.624332418187144,20.113487796511848,-141.6367368272503,-0.006714116834832005,-0.0008815712949690087,-0.09593639771947095,0.0013443908752363981,-0.11818663589746747,-0.22610092971056386,0.15851724229158523,0.39727138137694873,0.6198547577269844,0.6259901013622284,0.8558647440601187,0.5348007616052628,-0.053243915052454266,0.0022748790681362124,-0.7258044521951245,-0.7385687341033935,17.10072395231616,-3.1043385349269257,-6.947164996020197,0.042718001020630725,-4.902699592196859,1.2360821594977458,-36.29434426469197,31.502513788807217,-31.524809610374934,-58.46832974089343,13.326931786188215,7.9551454380215025
132.85999999995167,houtaitui_play,houtaitui,0.0,0.0,0.0,0.9441909263720324,23.519226451239902,20.103529408145455,-141.95138529640283,-0.0057508511945633285,0.0032770936290977756,-0.09914787591296846,0.0021710712080021954,-0.10899386521990881,-0.23282325724347375,0.16035943283288398,0.4142013404015133,0.6347589799548542,0.6266536128172875,0.8644552670844148,0.5351439204463959,-0.05755044316672458,0.0032160438597202273,-0.7307503563687441,-0.740386914187622,17.136640622529917,-2.3609054872139654,-5.929007061913739,-2.5991998851340785,-5.185716403805041,1.3355425484291412,-33.82306226436961,31.658534308102638,-32.39728013196942,-59.92764312693383,13.344744383909665,8.300587457380463
132.87999999995165,houtaitui_play,houtaitui,0.0,0.0,0.0,0.9426293092147747,23.423121795864013,20.11389115792416,-142.23552163583577,-0.00825432483970661,0.004827325063740166,-0.09338525189899492,0.0011992158612024045,-0.08025550836120617,-0.21375553597310867,0.1621122892306157,0.4223908151078457,0.6490782261459898,0.6266053330550194,0.8716752509994642,0.5406964954385758,-0.062254315380345614,-0.0014308981597423581,-0.7322208014981029,-0.7407955636322021,16.63636267662215,-2.2708490526186207,-4.064443239290349,-5.140846757630521,-5.343092131145438,1.45851620373207,-31.949926347015925,31.87402188986824,-34.37153071640535,-60.12738883486117,13.617619103176274,8.464123385424202
132.89999999995163,houtaitui_play,houtaitui,0.0,0.0,0.0,0.9412426702741562,23.34580122745911,20.14251673269591,-142.48895022897335,-0.011680984960457459,0.008885355050210257,-0.08399919951721338,0.010042220230752769,-0.05673910767070248,-0.19821764494122585,0.16274406337390734,0.42360171180133727,0.6612899691214272,0.6284296822199822,0.8773827375287275,0.5504901346216202,-0.06753532198858962,-0.007060292363166812,-0.7324763856013052,-0.7395677079498291,16.115737941762468,-2.9565295735944352,-3.507069664330166,-6.84780221323835,-5.3405669172901415,1.501817057385877,-30.953253217257323,31.927103428335915,-36.08806499398449,-59.27923665057294,13.8847428118922,8.483964648408152
132.9199999999516,houtaitui_play,houtaitui,0.0,0.0,0.0,0.9400791201514793,23.27664732424782,20.191664609605823,-142.74884426189863,-0.014958438770076465,0.017365413185418344,-0.07352486239330994,0.0189125921546388,-0.04344159102421717,-0.21525651543570457,0.1621586370691849,0.42218942589921804,0.6708349931565047,0.6323023002991677,0.8814318788261417,0.5595744785318375,-0.07382214078951486,-0.012143480777740481,-0.7324833504130963,-0.7359036912261963,15.587059292523808,-3.1548804019704426,-3.256080915163551,-7.664141553962837,-5.640805925535638,1.5475726416793176,-30.18860192082238,31.71618680170029,-37.38511557145843,-58.24618878964645,13.867655146343722,8.453829203120673
132.9399999999516,houtaitui_play,houtaitui,0.0,0.0,0.0,0.9391735740391279,23.19816636523698,20.260858026599195,-143.03771923282025,-0.01859461363534521,0.02632319497818673,-0.06140896136490354,0.018232971056747364,-0.037113111822679096,-0.24478899028444773,0.16087446772328784,0.4179947497753813,0.6782216515977143,0.6338931855211258,0.8835225048655386,0.5688070740947724,-0.08152584105271957,-0.018887425959110263,-0.732150117711465,-0.7314822186767578,15.13406982598367,-2.7863168906001468,-2.594989917691871,-8.542654714575786,-6.2014236635720845,1.6843266620472095,-28.9649359102433,31.708112960829048,-38.93919690004924,-56.81093342218712,13.544899715588423,8.372252435960707
132.95999999995158,houtaitui_play,houtaitui,0.0,0.0,0.0,0.9385484414524532,23.120828947041716,20.331991619171813,-143.33557922803163,-0.021796523031422328,0.031561101209471025,-0.04870764653900841,0.02355157990428368,-0.03923954421104813,-0.24778931528950293,0.15791176621072853,0.4099051074895378,0.6832542548845495,0.6320051264414788,0.884004840903428,0.5819559928426743,-0.08982361776534613,-0.025636936724185946,-0.7304464791665505,-0.7262544144927978,14.750682169837871,-2.967107606496025,-2.6704924969280333,-9.607367872356296,-6.567779197831621,1.8620828601419581,-27.53009435714226,31.49057664501391,-39.529976231122816,-54.40715375825525,12.982065433434581,8.212879715197573
132.97999999995156,houtaitui_play,houtaitui,0.0,0.0,0.0,0.9381426771917697,23.069492302296194,20.384847086342482,-143.59953578309913,-0.02268065102261159,0.030449964807062038,-0.038856519702375344,0.03739111873043419,-0.042652235733774656,-0.21105223981966315,0.15380200025357563,0.39262414478504115,0.686131196639128,0.6318171855459214,0.8838262703986403,0.5967366185436249,-0.09763027633955808,-0.03480862379074097,-0.7259706672241749,-0.7190489281951904,15.186306000054621,-3.558279553940464,-2.646277077740016,-9.99368914402974,-6.783179805743696,2.026097778143395,-26.12600081975048,31.240950506834594,-39.3789058302726,-51.66516355776442,12.300893017992788,7.869268427493147
132.99999999995154,houtaitui_play,houtaitui,0.0,0.0,0.0,0.9378797272722559,23.046821794457475,20.418668437051554,-143.81752005915683,-0.022868914994448868,0.026490794951652477,-0.03149661898027991,0.047829671485525124,-0.042479175887526074,-0.1706633430706568,0.15026245937213892,0.38497807855005006,0.6878386677276305,0.6306829911122322,0.8833947638188951,0.606956550146103,-0.10518849138507852,-0.04305112287402153,-0.7184950947099972,-0.709597062045288,15.954922202419572,-3.8897468338662895,-2.154912430553689,-10.41811198004227,-7.0636130434754385,2.1313957013203586,-25.14527467304896,30.863608556069103,-39.676753415000334,-49.727284332354465,11.724568452327818,7.420781965807789
133.01999999995152,houtaitui_play,houtaitui,0.0,0.0,0.0,0.9377347979391933,23.044351988206284,20.443676833724936,-144.00019319559814,-0.023320319616055598,0.02278424855469127,-0.02411395360241731,0.05445130012751574,-0.03760222746025549,-0.14296692182737925,0.1481167640096655,0.38142301284475966,0.6888256204833336,0.6285217117915154,0.8825934802625799,0.6101818021783829,-0.11331827974736886,-0.04714872427284718,-0.7091591861882167,-0.7026864995300293,16.186285985440072,-3.723217408755194,-1.5464267831638732,-10.929982999952507,-7.262155837449283,2.166648903468824,-24.959194606784582,30.568194798241613,-40.192495824820284,-48.97394765477007,11.318368050272825,7.067521335678918
133.0399999999515,houtaitui_play,houtaitui,0.0,0.0,0.0,0.9377339212036883,23.054116941163425,20.46834813320034,-144.16374119814202,-0.024670593570221767,0.0202174826192683,-0.01496108221634081,0.05910151657000649,-0.03177901751196902,-0.1305929951310655,0.14668100768760903,0.37673627942803356,0.6886257088995293,0.6249942567596436,0.8812216589946887,0.6090593126068116,-0.12247182522877062,-0.04896710738539696,-0.7004775772112982,-0.6994904984771728,15.740992845146955,-3.1566745260056157,-1.61064697463239,-11.438212592154562,-7.147842131115452,2.1294712189751204,-24.913441852326745,30.190300883616572,-40.776660669411406,-48.886754007083816,11.02223702309446,6.957227036066463
133.0599999999515,houtaitui_play,houtaitui,0.0,0.0,0.0,0.9378922409285928,23.06761622135508,20.491204014746913,-144.31564304629225,-0.02636518374160624,0.016094221383430092,-0.0048680320233567866,0.05792609043553542,-0.03025124527914471,-0.12119023234870016,0.14563316292171027,0.3733808532025197,0.6863598345257502,0.6216668945202828,0.879057249227009,0.6086766507873536,-0.13149457429732253,-0.05225019454956055,-0.6947493098632825,-0.69727010625,15.43379067819218,-2.7828829444704324,-2.0672837367224286,-11.470755123949155,-7.07395693781292,2.094565337411227,-24.435819544935413,29.91932907842522,-41.004873217633275,-48.50495460184591,10.881825510708465,6.9552671531246455
133.07999999995147,houtaitui_play,houtaitui,0.0,0.0,0.0,0.9381778444058801,23.084086365419587,20.503293511629234,-144.43954498502734,-0.027627698516087266,0.0079403067930383,0.0037716459554145137,0.05132185748364937,-0.030039113510299264,-0.09341650694021,0.1456852901986215,0.3725527652422599,0.6821494950335765,0.6224228304276467,0.8763829473274503,0.6073934968957901,-0.13885465224511334,-0.057971182465553286,-0.6921875223427344,-0.6963567246734619,15.669138643468736,-2.9594017519913507,-2.682069260451557,-10.428011870227555,-7.077566722158889,2.144563549623135,-23.882754539192785,29.843035185917635,-40.625955573801946,-48.215909821009916,11.118709195908385,6.978380376104786
133.09999999995145,houtaitui_play,houtaitui,0.0,0.0,0.0,0.9385287550171407,23.102550599009632,20.497831958018175,-144.51644550148907,-0.02886297701692852,-0.0032842697704170707,0.009495287145950885,0.03787423969640509,-0.02886446902732324,-0.05047716499623419,0.14636425339266576,0.3695613917032651,0.6771747345929409,0.6247148748884201,0.8735289467135039,0.6040993418941498,-0.14396791808309514,-0.06510273013263941,-0.6913306988968952,-0.6960207928955078,15.811177821650439,-3.0814206474190553,-2.941719878461692,-9.061654609049079,-7.029443183556263,2.1762244508954884,-23.514595557915893,29.585210087961052,-40.61570061535941,-48.28109072990674,11.614874976715162,7.010103457874307
133.11999999995143,houtaitui_play,houtaitui,0.0,0.0,0.0,0.9389022252721261,23.11212214140055,20.47675608756854,-144.54920846626572,-0.03068056314417683,-0.01411017633096206,0.012957316815068044,0.015291874862670116,-0.027151079069084233,-0.01292897103433501,0.14711818747607303,0.36698564710207837,0.6726284608775391,0.6271849956760407,0.8706001122895004,0.5977203037986756,-0.1467749871711865,-0.0706690113991499,-0.6910266852952451,-0.6945046891510009,15.178902173210385,-2.786039417665587,-3.026047310624832,-7.832357417258698,-6.815613692112516,2.0673199403802247,-23.40734859535171,29.362637433974747,-41.13218481125719,-48.89751853157049,12.122337776973401,7.065167715867064
133.1399999999514,houtaitui_play,houtaitui,0.0,0.0,0.0,0.9392988776042711,23.09754595886737,20.447760774551977,-144.56711535415982,-0.0331532400165592,-0.020517190751682415,0.01560648063119116,-0.010484099384422794,-0.02940485943163404,-0.002923072150701771,0.14744936954949406,0.36317345202494034,0.6687346733892261,0.6271818813333512,0.8673908321510513,0.5900226172456742,-0.14840227938137898,-0.07733561396598816,-0.6908701926200451,-0.6966104020416259,14.05994548929009,-2.294635548186715,-3.216605006370352,-7.181938725743842,-6.573161922063431,1.9391390274255011,-24.04178800944089,29.05415771603461,-41.1368738519567,-49.683238789681305,12.577534259603834,7.11468850709544
133.1599999999514,houtaitui_play,houtaitui,0.0,0.0,0.0,0.9397201656782596,23.06862353507127,20.410113804847253,-144.5800927671898,-0.035701903594783244,-0.02366082789645209,0.016399469208496324,-0.02230928980248287,-0.03511719468366159,0.004039055856177764,0.1490289729055696,0.3656137481189816,0.6653232976786868,0.6276681360254288,0.8640855227328738,0.5819468286285401,-0.15000369948644088,-0.08061527013778687,-0.6913373613907305,-0.7036756982147216,12.860172897870564,-2.0896049919934057,-3.5238047606411693,-6.516907435498175,-6.348406699083324,1.8313979587852236,-25.501690089015796,29.248967434217956,-39.71627366324644,-50.53491239488551,13.224921554161297,7.205564105181876
133.17999999995138,houtaitui_play,houtaitui,0.0,0.0,0.0,0.940073729740962,23.04797003111486,20.35689188877346,-144.56977043016823,-0.035668683078698304,-0.02732091285578043,0.011233573612143968,-0.020591143525696087,-0.0400016198140555,0.03000689530106824,0.15207718609769277,0.37476433008070376,0.6629641546254066,0.6368328493485451,0.8614882388800108,0.5746656891355515,-0.15083197589907266,-0.07817042917013169,-0.6948120831327643,-0.7119986523925781,11.899903378374916,-2.388801058706995,-4.784619397915569,-4.525375336897114,-5.847995572947863,1.714794249190722,-26.73731256079622,29.970908256756896,-37.73761441467055,-51.430078370050566,14.051123347029714,7.4101601755259034
133.19999999995136,houtaitui_play,houtaitui,0.0,0.0,0.0,0.9402351936768146,23.038204439103083,20.282782677270173,-144.53333149004635,-0.03368354952262738,-0.030579001055618768,-0.0007832965388265439,-0.019508179395935035,-0.04922259546989272,0.05544344419746049,0.15549087105478687,0.3804873990549169,0.6626826211913853,0.6522788267979622,0.8602811503189152,0.5650050130138398,-0.150303707415122,-0.07640019170939923,-0.7003535602618298,-0.718231152468872,11.642753287068597,-2.4521222201633326,-6.4537687765783245,-1.8543425965203286,-5.357755378881198,1.5967617961926512,-27.804680116511577,30.411862725784125,-36.33823866218333,-53.055889588917054,14.903150187056113,7.608877267155093
133.21999999995134,houtaitui_play,houtaitui,0.0,0.0,0.0,0.9401422964915472,23.017930981825046,20.189734876799278,-144.49219484846984,-0.03173332592079331,-0.03177320462143025,-0.016351220243514396,-0.032388662544274784,-0.06350365893755276,0.06309972881060756,0.1590796124625644,0.3923833332724042,0.6650091680830192,0.668435328866005,0.8606073337493979,0.553237849141121,-0.14807090793501054,-0.07510448172688484,-0.7062143251734231,-0.7220136632263183,11.618079515735074,-2.1056835126213755,-8.069761235501664,0.4359815412916581,-4.844575808102118,1.4249930547412788,-28.900416372843043,30.699925409642802,-35.929998530103845,-55.348477478696765,15.680534453566503,7.824367774368596
133.23999999995132,houtaitui_play,houtaitui,0.0,0.0,0.0,0.939807396359844,22.972713704871776,20.07177772606043,-144.4661630789557,-0.030319356100846476,-0.029297865719841127,-0.033120724754571305,-0.04961439187032229,-0.0901757393966875,0.059013451528580174,0.16289770044831967,0.40911539822153975,0.6694318232538595,0.6811424132833481,0.8626433425540209,0.5440726217279435,-0.14467640290570843,-0.07441838383674622,-0.7113594250556438,-0.7257780541717529,10.962104983219998,-1.7785846489790385,-9.57855646518281,1.768254661905529,-4.325223445547204,1.2191434944589241,-30.15702383106443,31.101232994261494,-35.67533800928566,-57.494846054623224,16.32483086634256,8.134417965888707
133.2599999999513,houtaitui_play,houtaitui,0.0,0.0,0.0,0.9392657157927906,22.89498073040161,19.92929845193508,-144.4648392683713,-0.030048971809923115,-0.023729314164303288,-0.0492480128725227,-0.07135798500111548,-0.1175083927163624,0.04793814849892737,0.167281423958976,0.42590039051577067,0.6759392407492704,0.693814383114338,0.8661092132366942,0.5341713812599183,-0.14102490985785196,-0.07413429319858551,-0.7158436566100459,-0.7293564786254882,10.296228145037228,-1.4926727720144137,-9.966342978724974,2.7184346053787567,-4.348379535612299,1.0872662263131148,-31.21858633562372,31.53186811761213,-35.23996756829303,-60.00885999580163,16.977199270366032,8.442797198787199
133.2799999999513,houtaitui_play,houtaitui,0.0,0.0,0.0,0.9385531581351008,22.783548581792566,19.77296593135555,-144.48827753205381,-0.031680775620840235,-0.01711229236282987,-0.06324930505121112,-0.0933706915493898,-0.1350277371662341,0.03326142659610581,0.17109060985574404,0.4409444641855762,0.6849655721043905,0.7065995049128533,0.8703424999425593,0.5249634024152756,-0.13713150133415772,-0.07109826542437077,-0.7192639304279367,-0.7309097756683349,9.785239563241934,-1.2304747089086134,-10.278403229937311,3.201757057996735,-4.502465091131743,1.0559738166323955,-31.659574914106013,31.6375356810689,-34.48767374560706,-62.48695156566317,17.573391355800638,8.734339862091607
133.29999999995127,houtaitui_play,houtaitui,0.0,0.0,0.0,0.937740890183401,22.65084014153727,19.611345129939465,-144.53657616386266,-0.03482950926635284,-0.007937946704034799,-0.07361837700015862,-0.10265395753526403,-0.14677490245685454,0.015576342543188562,0.17414497682432242,0.454784200192673,0.6954257253984876,0.7151557777473927,0.8748403717356293,0.5181260195026398,-0.1330495240255975,-0.06857184059917927,-0.721287814161683,-0.7313785065948486,9.05188339147013,-1.038481306886046,-11.018386548261748,2.7512159087437578,-4.538077461281225,1.0702496993668524,-32.28357017948821,31.4486004939406,-33.45297839473909,-64.54839143272743,18.13060944966156,8.988718424670685
133.31999999995125,houtaitui_play,houtaitui,0.0,0.0,0.0,0.9369204011924293,22.51400727024261,19.449424645856652,-144.61242419758403,-0.03968564672343661,0.004921360098916132,-0.08036495263497821,-0.09641791144766385,-0.1554142179363758,-0.006100043156156046,0.17661820636881184,0.4690113749391914,0.7061284334189575,0.7217418451259137,0.8791841595241225,0.5134441640625,-0.12978754929195493,-0.06846529543399811,-0.7225239659155818,-0.7334458340942382,8.548057974391677,-0.9923488809442031,-10.855769317559147,1.9929626225139068,-4.700900481546908,1.1063248057332489,-33.08638525090771,31.159882626806656,-32.62379242984998,-66.16236919222351,18.71221769493536,9.133030141535698
133.33999999995123,houtaitui_play,houtaitui,0.0,0.0,0.0,0.936163382437524,22.38141618860967,19.29535253454176,-144.72179185428843,-0.04628500686229256,0.020673577860376182,-0.0840929086715407,-0.08246477227052527,-0.15891781741594227,-0.035933330748541895,0.17897232923112688,0.4820072006433118,0.7168542365526626,0.7278242467368246,0.8828342501970129,0.5100394275436402,-0.1279791181783581,-0.06639017648994923,-0.724413221270148,-0.7364999760925293,8.278448279172713,-0.959307214838362,-10.075957340355577,1.1550525468314985,-4.916102439214556,1.1458823296516771,-33.74640751832645,31.14754568034177,-32.24590847294044,-67.38018606073845,19.255923449612006,9.209794670947621
133.3599999999512,houtaitui_play,houtaitui,0.0,0.0,0.0,0.9354895647575533,22.26351074182568,19.151900606521927,-144.85734569824166,-0.052754354289953,0.035939502156756314,-0.08675869133139359,-0.06119989124952892,-0.15808822540225476,-0.058268785516444786,0.1812238611602786,0.4932956560501932,0.7276155430980237,0.7358813087852896,0.885636594154154,0.5099317517528534,-0.1265370091446517,-0.06066044438630343,-0.7274391072508981,-0.7388724793731689,8.146372106914702,-1.1352769579794286,-10.134842276500688,0.6659221684916397,-5.095004142645328,1.1897785879268308,-33.92476493828334,31.49638378375727,-31.764773207071567,-67.84126327046333,19.732281912376582,9.283546131827189
133.3799999999512,houtaitui_play,houtaitui,0.0,0.0,0.0,0.9348639095177398,22.171012586371948,19.010783052738518,-144.99730121719483,-0.05819460213302085,0.04804486535151016,-0.09111139445305419,-0.038210855182910196,-0.15767788749621042,-0.060029748636015505,0.1824926608103072,0.5014559650343853,0.7386104970907872,0.7480451466912628,0.8879297885971116,0.51312837865448,-0.124138446875553,-0.054315170459449294,-0.7297441828580082,-0.7386431207000732,8.254586550131613,-1.4475392122267896,-10.877691012727118,0.8560516643768046,-5.167653443745637,1.2285644679972823,-33.475774954040006,31.761793902134237,-31.18905441953831,-67.63840591486738,20.079101185130437,9.334672423901731
133.39999999995118,houtaitui_play,houtaitui,0.0,0.0,0.0,0.9342536571838344,22.10652224003887,18.865543372226462,-145.12350979205777,-0.0630524130784574,0.0570943198641667,-0.09618891022791301,-0.018311810984667522,-0.1564095041998702,-0.046809320501035735,0.18255682408805096,0.5072082342102724,0.7498177770110133,0.7589782525250912,0.889931013698031,0.5158670779714585,-0.12049349347006787,-0.051814918592572215,-0.7301452004926506,-0.7351462354003906,8.659428637881675,-1.4626627473032403,-11.528500026093463,0.7913087101722838,-5.260878117892957,1.2836965835714633,-32.60797463361633,31.52678133532107,-30.661268745143232,-67.48367798094249,20.327105380233903,9.325316082178102
133.41999999995116,houtaitui_play,houtaitui,0.0,0.0,0.0,0.9336887820239924,22.066519327560624,18.71786439837099,-145.23715833977724,-0.06885957015448402,0.0657325364272705,-0.09883766938982438,-0.0010441381537668812,-0.1543122822062912,-0.037754525814177736,0.18217166507318788,0.5136358024207391,0.7604736958147202,0.7635155592510701,0.891409737846504,0.5160612699041367,-0.1165635544236621,-0.05168540701270104,-0.7300514205929987,-0.7313169946014404,9.071197021015058,-1.3060193209246949,-11.768904402403379,-0.2656479953806232,-5.449872871063348,1.3464402618996518,-31.917315689186193,30.860466330665812,-30.060612622436206,-67.67585633231796,20.604942384905936,9.267902026161595
133.43999999995114,houtaitui_play,houtaitui,0.0,0.0,0.0,0.9332474040616536,22.048489613324296,18.577089483353628,-145.35253246721825,-0.07610931209147034,0.07701616797692337,-0.09733112690733117,0.018876480040138706,-0.1489135483627966,-0.043565800884902015,0.18266520525788565,0.5218803427975272,0.7697243458483726,0.7642245676765442,0.8918074712999055,0.5140462752828598,-0.11362908061603286,-0.05291493721306324,-0.7293305117512231,-0.7295755852996826,9.208434682908893,-1.1400452590903036,-11.516697283762106,-1.6948027649367312,-5.736833316889332,1.4123851456592929,-31.668576050033,30.383419476316625,-30.008137777703336,-68.02848791792385,20.96391321114085,9.237529313122604
133.45999999995112,houtaitui_play,houtaitui,0.0,0.0,0.0,0.9329756856855539,22.05241567977655,18.4430770473281,-145.4733933057121,-0.08382171841741749,0.08892540439546395,-0.09435599387202387,0.039248419568634736,-0.1455896456466661,-0.049640637839546475,0.18376360736801292,0.5318438348188513,0.7774295376309023,0.7679307919392586,0.8909446716105267,0.5143296953687668,-0.11253294887662307,-0.05421170610934496,-0.7288833345937817,-0.7299179543792724,9.581010546853182,-1.3057909185968262,-11.497706492032275,-2.2976968874960253,-5.963568921192928,1.4791040878511887,-31.270718442331766,30.315225037746636,-30.047620600492607,-67.72793456336328,21.389642147149168,9.24746805617632
133.4799999999511,houtaitui_play,houtaitui,0.0,0.0,0.0,0.9328286761212221,22.076887899182367,18.30580493145426,-145.59336771776674,-0.08988554226264095,0.09812816730541513,-0.09396303058926292,0.056483031126735035,-0.14837877222598322,-0.046997867179132,0.18461186955774697,0.5410138062296105,0.7840157480382542,0.7763332177350522,0.8890002572291918,0.517681413556099,-0.11241074919833208,-0.05205285474658013,-0.7287888277543731,-0.731550883227539,10.205192728421114,-1.788684291034077,-11.918434744615942,-1.8847654851316982,-5.929658357062022,1.5073743524455168,-30.731321451184446,30.325527039670355,-30.20284137473873,-66.70417679720089,21.776308913705048,9.284007922471856
133.4999999999511,houtaitui_play,houtaitui,0.0,0.0,0.0,0.9327398200252013,22.115890280048223,18.159555417022673,-145.7152282725268,-0.09482910733483776,0.10621187247985679,-0.09718734269165344,0.06858362826895821,-0.15753542231409504,-0.045983893280946785,0.18559797179509258,0.5491286221285999,0.7899483891113287,0.7868644867489338,0.8865508053759575,0.5175732013235093,-0.11242793175799935,-0.0488087248057127,-0.7287558824980592,-0.7329787720977783,10.644467494844317,-2.1121784286477245,-12.581794941177154,-1.0079708590826413,-5.862251333715735,1.5162720632083182,-30.596490472680657,30.045086898975597,-30.11171367218493,-66.23154303892719,22.121946630456183,9.376220102816626
133.51999999995107,houtaitui_play,houtaitui,0.0,0.0,0.0,0.9326524638456324,22.15664485970495,18.00494046005367,-145.84616005659285,-0.09946085310243638,0.11387735074658152,-0.10285709851742282,0.0708129416724971,-0.16720176382798826,-0.05107071101112831,0.18677071767872253,0.5577874379807918,0.7956895821225138,0.7984859209904671,0.8837922829155025,0.5135269698152543,-0.11242193479323062,-0.04868070892989636,-0.7287115156461905,-0.7323674668609619,11.304662897146251,-2.233811233131433,-13.458006518661557,0.06647118331265844,-5.864454575836011,1.5292702441252948,-30.360211499948605,29.73443354573858,-29.463648092828425,-66.44066268762938,22.47386817212717,9.477231165460715
133.53999999995105,houtaitui_play,houtaitui,0.0,0.0,0.0,0.9325345055548927,22.184066419217324,17.843677127517083,-145.9965108666355,-0.10431103452828754,0.12180170775663678,-0.11002728428312628,0.06283380396185873,-0.17898682093662557,-0.06475263441014145,0.18806558736333795,0.5671067493091323,0.8015599714313183,0.8090761389980317,0.8806534406271647,0.5084182706127167,-0.11241520926011422,-0.05044442899525166,-0.7286481425456264,-0.7311496247589111,11.9596524108158,-2.2032696517873105,-14.276147390929818,0.9082439467423457,-5.8982205144495365,1.5555715613571124,-30.366495541234126,29.471672538758558,-29.044809288318955,-66.7662027119285,22.858001888311737,9.555962434157093
133.55999999995103,houtaitui_play,houtaitui,0.0,0.0,0.0,0.9323644826608679,22.187207359669305,17.675406646613002,-146.17257292452524,-0.10956254360704487,0.13023760482513938,-0.11865219895844337,0.04724668098249619,-0.1932177999283086,-0.08276945804225544,0.1899168408700895,0.5772432792061217,0.807889148080737,0.8204024147639275,0.8771987445635715,0.5034501042613984,-0.11246109913142784,-0.052263890579342845,-0.7286034508376661,-0.731942843371582,12.453823215008027,-2.093679847254133,-14.927141356390669,1.7728346510029311,-5.893481816270994,1.5785594786825903,-30.61459720153871,29.37086611474921,-29.198892839332984,-67.01470759443325,23.27497500151483,9.663684143616196
133.579999999951,houtaitui_play,houtaitui,0.0,0.0,0.0,0.9321426319061117,22.15942992194053,17.495728965697538,-146.37037393864432,-0.115875023884663,0.13823549077056127,-0.1275502088020326,0.024585619675034663,-0.20941264103440937,-0.09476282616170002,0.1921209714837529,0.5886655994399711,0.8148981453713307,0.8288324635872841,0.8734414566462586,0.49925125506019596,-0.11291033012959813,-0.05403793435543776,-0.7286507433903971,-0.7342140187561035,12.677317380057312,-1.7830048178407856,-14.845155777670442,1.9780941798666212,-6.025248409726685,1.6138065878886798,-30.419014556560565,29.454281961787405,-29.99506411767296,-67.07159483140812,23.741110382638258,9.787579922395658
133.599999999951,houtaitui_play,houtaitui,0.0,0.0,0.0,0.9318924636934512,22.10219910191759,17.30257135859242,-146.58348708900877,-0.12310086664077338,0.1468731521184659,-0.13549939346350712,0.0027614234033734378,-0.2249770450989115,-0.10202194000897787,0.19449373787875246,0.6005559776238658,0.8225370469410757,0.8352355074534417,0.8692759737157091,0.4949844565639496,-0.11371578285255046,-0.052830091863870624,-0.7287922722739916,-0.7365948666870117,12.220190703239783,-1.6966369827639238,-14.669996804043762,1.7082819209073286,-6.121998298966857,1.6064964385444105,-30.13049389966899,29.542896803317678,-30.79760047423254,-67.0595029035691,24.22640574300272,9.952217921115714
133.61999999995098,houtaitui_play,houtaitui,0.0,0.0,0.0,0.9316127630706791,22.022905263438844,17.096198159294158,-146.82014590361626,-0.1301770599342377,0.1576994232859341,-0.1446143261196223,-0.009770589721401733,-0.24376734242643477,-0.11748385788294494,0.19655217335902359,0.6103785041589581,0.8304037224225164,0.8459648650536538,0.8643633163248868,0.48906643059349064,-0.11463307674861745,-0.05109781138598919,-0.7292150425784967,-0.7388646115600586,11.539904209320202,-1.9784146332329988,-15.430683159226207,2.2062159390475298,-6.016209546997612,1.51294888501695,-30.11404922678012,29.4679772813529,-30.809264726071493,-67.17579468256838,24.6477379177426,10.151357928336836
133.63999999995096,houtaitui_play,houtaitui,0.0,0.0,0.0,0.9312811280105957,21.91916786842111,16.879838666211857,-147.1052083931399,-0.1372441628009398,0.17325551128004882,-0.15615761449569265,-0.019474867166672086,-0.26759279001423936,-0.15594504530575157,0.19894236480680833,0.6196523930329648,0.837874260483115,0.8609040465602875,0.8589654944186866,0.480169930721283,-0.11551911659939165,-0.0505293358117342,-0.7305725353846243,-0.7421280850708007,11.131581191322981,-2.2120263288438995,-16.6182732442342,3.582270720478113,-5.702135015854657,1.3918040264236213,-30.49120489667784,29.518824625238942,-30.737733162022128,-67.77208458969034,25.03799104662573,10.370699449490642
133.65999999995094,houtaitui_play,houtaitui,0.0,0.0,0.0,0.9308449585025643,21.778194235081227,16.653263394034997,-147.45765140215798,-0.14421700489979303,0.19050845069799166,-0.1712897775398266,-0.03701911675584156,-0.2970440275221049,-0.20708529225857908,0.2000789269733037,0.6252520279486121,0.8446142280185103,0.8750328060636521,0.8533670356719079,0.47501892712211613,-0.11632057201543636,-0.05180126540362835,-0.7330128138749694,-0.7451188077270507,11.305750557423023,-2.2599566276070555,-17.33553019892933,4.97112440704629,-5.529906544740179,1.3217850111523883,-30.55924444451498,29.665297557208856,-30.35579705716714,-67.68627495158833,25.26872620804906,10.480201275575936
133.67999999995092,houtaitui_play,houtaitui,0.0,0.0,0.0,0.9302619155385462,21.590010922072633,16.41538640426154,-147.8831613631168,-0.15181785616095572,0.20798696696010494,-0.1885252464227661,-0.0621020436622514,-0.32857414365713183,-0.26185419731333637,0.19998742916438025,0.6240220907851588,0.8503406901570925,0.8829240288982392,0.847318251915165,0.47097940113639836,-0.11693393462374135,-0.053607342019677165,-0.7357284936009947,-0.7465896119415283,11.469564376518742,-2.1421140292189023,-17.259406834704496,5.440878835168452,-5.596274465299352,1.2832725527412194,-30.571993543046908,29.643124394100212,-30.29419405984094,-67.28149032142007,25.24846110615534,10.567066633091956
133.6999999999509,houtaitui_play,houtaitui,0.0,0.0,0.0,0.9295554238435141,21.34795470445192,16.173988315999328,-148.38862792968192,-0.1618461597624235,0.22734842963206264,-0.20384221445547593,-0.09152526176774886,-0.35438295389060964,-0.3260864047097673,0.19852349602544062,0.6164753433168008,0.8538193400477128,0.8796681102762223,0.8403645582467029,0.4670568492660523,-0.11728389593473028,-0.05486176181584597,-0.7372964775459668,-0.7456087579071045,11.39628765250576,-1.79331847320544,-15.894928327633226,4.405725635892812,-5.6467884123206655,1.1829994278957936,-29.999398370135477,29.222996082623673,-31.106332103646313,-66.66644967304383,24.987665178396533,10.672922113742803
133.7199999999509,houtaitui_play,houtaitui,0.0,0.0,0.0,0.9288033498343652,21.03885152305286,15.95421101099485,-148.99376780654597,-0.1752972817616026,0.2499247187769064,-0.21307059088641916,-0.12854013079739887,-0.36279733678811554,-0.4177776393733298,0.19500566000386987,0.6012014251192431,0.8526192100193964,0.8595953744301796,0.831649750956623,0.4652471330413819,-0.11740933044235337,-0.05754186231642962,-0.7376841017072742,-0.7423367013275146,11.319850476065072,-1.6365461868896403,-12.83194092667021,1.3707205740346957,-5.649622555389174,1.102144274898132,-28.35237715493585,28.416738772338164,-32.485556857926795,-65.29636489759834,24.423921711633444,10.719583291615027
133.73999999995087,houtaitui_play,houtaitui,0.0,0.0,0.0,0.92812989542079,20.645777785220332,15.806613449663274,-149.73476513420957,-0.19278541015018547,0.2756570240960155,-0.21126933231616282,-0.17167627118939052,-0.33749022323339206,-0.5562001109128076,0.18746287807829054,0.5684511835800302,0.8412571378971893,0.8082077067742348,0.8192622756772195,0.4714002099285126,-0.11747510264385347,-0.06062675379216671,-0.7376513866144886,-0.7387701978027343,11.476663785602605,-1.779696401958437,-6.378433104022633,-5.049479767717411,-5.68878229593979,1.17106994340306,-25.096247280035108,26.77337308834166,-34.75656414263673,-61.686064224251595,23.19761736083033,10.650574366176127
133.75999999995085,houtaitui_play,houtaitui,0.0,0.0,0.0,0.9276887283143371,20.142948007747112,15.815224904845948,-150.66865621530883,-0.21585642420138032,0.30469486785536243,-0.1938821640263154,-0.22369654201877873,-0.2544177181799277,-0.7694652606151152,0.17679954425132566,0.5175010712833386,0.8104391834012675,0.7163984824368954,0.7995566331804869,0.4824960615882874,-0.11751904969642521,-0.06026055682450533,-0.7359131648707136,-0.7326120843231201,11.18349536935613,-1.8525875082940702,5.458880201726582,-14.532254121848542,-5.854059931125742,1.2913780851492795,-19.979993958629723,24.513073304779823,-39.69141238563542,-55.58599780376561,21.165103057163435,10.405875829654196
133.77999999995083,houtaitui_play,houtaitui,0.0,0.0,0.0,0.9275647928129106,19.468854873493605,16.07774483252016,-151.89341347954354,-0.24538575387199407,0.33725386385911377,-0.1650151815227135,-0.30597656026316894,-0.11413066845990552,-1.092794385980508,0.1635621791646944,0.4827453815540379,0.7483878110907688,0.5963984824368954,0.7684030039182721,0.50369513895607,-0.11743764139963765,-0.06032594777643681,-0.7306488454287994,-0.7230565060913086,11.157092928952492,-1.9870394708180703,21.899926565946675,-22.539001976472516,-5.9946857731988175,1.4330588542813407,-14.452989403118815,21.579072626615798,-48.48111816636348,-45.31158616255127,18.183060484037078,9.732642008408408
133.7999999999508,houtaitui_play,houtaitui,0.0,0.0,0.0,0.9273502496014645,18.488064476124613,16.641410175647476,-153.55238447793633,-0.2736272591278765,0.36136215957728995,-0.15451508252806792,-0.4684008332895349,0.030256090002025282,-1.5365168037313137,0.14756744919790007,0.4120896117764315,0.6452767343402017,0.4763984824368954,0.7254910258899855,0.560795449877739,-0.11692680185127408,-0.061328031308948996,-0.7223576159737173,-0.7142953385650634,16.499125630284464,-3.6012149212489803,39.67696533933641,-23.514624379117272,-5.676534389289496,1.6280373533312291,-9.898935759899153,17.81389642759367,-57.25528929945074,-26.384426648008365,14.916657351434505,8.320073136767828
133.8199999999508,houtaitui_play,houtaitui,0.0,0.0,0.0,0.9257891554154004,17.196669723404476,17.442905339445414,-155.50766729958943,-0.2824360186991329,0.3522641401260441,-0.2131286683183589,-0.6505743442446696,0.182706588108128,-1.803998873766595,0.12906532792735578,0.30959372981180444,0.5135011887221207,0.3563984824368954,0.6943441319317434,0.680795449877739,-0.11538543146480594,-0.05852868426591158,-0.7085009618931638,-0.6917950619995117,28.46201653108652,-3.4209200348102784,55.074049942790325,-16.59478879982719,-3.537072431088407,1.428187855844012,-11.784164104141734,15.870828595741905,-50.443377682425805,-0.1789727530697518,10.459449664590322,5.9520543963598
133.83999999995078,houtaitui_play,houtaitui,0.0,0.0,0.0,0.921295732009369,15.713486479158083,18.321286570859712,-157.33376068426733,-0.2586762961700719,0.28152511966767396,-0.34787807840287843,-0.8339167444396487,0.31711707774749326,-1.6532731459049779,0.1128486968237643,0.3036001901703318,0.37488704096744585,0.23639848243689543,0.7112095135982107,0.800795449877739,-0.11426837885098681,-0.06951690018177033,-0.6920916735624842,-0.6858741750061035,44.78044825525632,-1.4489901275086963,56.52332085689255,-11.554091639128565,-4.31134874464416,1.6935414299048315,-14.627034791788907,17.76913465755958,-30.9452139088355,14.60955162745188,3.757367328395381,1.5156138368279928
133.85999999995076,houtaitui_play,houtaitui,0.0,0.0,0.0,0.9171126914333287,15.216602495757895,18.967115121470695,-157.81306752483823,-0.23352376392097618,0.16846849871888517,-0.2772190961468398,-0.1731177156797831,0.449012088329813,-0.32070314974310954,0.11569201998796741,0.32127234586057885,0.40551802922232094,0.13583371903991703,0.804061964913666,0.920795449877739,-0.11784778087911255,-0.08020290657877922,-0.6860829895565287,-0.6855105866729736,42.227435250954294,-2.2466616864089626,22.796243489060352,-52.264718731123665,-3.7657508836705027,4.584522150613254,-10.571636453421206,26.84345369337589,-21.907633981485183,13.26452051093055,-1.40674837480976,-1.7101963257587913
133.87999999995074,houtaitui_play,houtaitui,0.0,0.0,0.0,0.914661475825073,15.745657535829029,19.179720748255704,-157.03030361615347,-0.16461977230908173,0.042765781101550326,-0.18273851736190244,0.2847519395002352,0.33328948246347695,0.6891118344217939,0.13831241514203735,0.39004966717641176,0.4560000396587116,0.06595037248229985,0.9340544976085186,1.0157200482139588,-0.12030838126850485,-0.07105905301868916,-0.6854479344226204,-0.6780168523132324,52.39791434262125,-9.76226841836611,12.61020993449138,-74.16059190872522,0.9677750844029849,5.580493171168735,10.937221523117945,25.659588187024067,-22.59425300479345,4.264888725685072,-1.4506664038833315,-1.611923137105551
133.89999999995072,houtaitui_play,houtaitui,0.0,0.0,0.0,0.913447341414015,16.64467032985951,19.114388381590885,-155.67902471411267,-0.10752397709356423,-0.07079685995064594,-0.0907950981414742,0.40805141151114604,0.24660335037584424,1.1298596293250234,0.14405904841008493,0.3844432025618999,0.470662862161151,0.08853498962020878,1.033000489553426,1.0650700118789673,-0.11937682027899187,-0.04865582585334778,-0.6791009360295475,-0.6732067574798584,58.84186741528504,-13.43851591035283,14.246284379553037,-69.88240087995567,5.651358260475233,6.924881532888705,12.070172864811155,15.528645700686932,-22.159743321761677,-1.9904820575442237,-0.7724669971241678,-0.1013722114792388
133.9199999999507,houtaitui_play,houtaitui,0.0,0.0,0.0,0.913017110475086,17.655655051535884,18.974174424478985,-154.1360619287525,-0.0666366419401596,-0.1559984050151968,-0.01381839961093908,0.44885686169544736,0.26306691403489063,1.2664912988080907,0.13684997908826135,0.37527665675588406,0.46207463004890303,0.11832908656692509,1.0698463426142812,1.0646540012607575,-0.1149315789522267,-0.022004380077123645,-0.663768688104955,-0.6481294144927978,54.25440012614638,-13.241693596829272,14.681884592617033,-61.20904249196452,6.685556526716494,7.460862911851929,9.629500167211146,8.19562983204816,-13.264229088624429,-3.7269220240109013,-0.645283918691868,0.26152444735421065
133.9399999999507,houtaitui_play,houtaitui,0.0,0.0,0.0,0.9129582097801505,18.55957171240991,18.98451020191201,-152.77628755343883,-0.05399930141162741,-0.229766121407289,0.05739167248509244,0.37927029249722144,0.3776768450370602,0.9865297374073074,0.1222772204001239,0.3606425082269258,0.44045506979129306,0.14988611009216313,1.0648709246055457,1.0129416373023987,-0.10532523924543385,-0.013860418647527697,-0.6370678290576878,-0.6079232205688476,46.24831123441386,-10.992268831395236,11.313149267629663,-50.718091653050806,6.100430534895279,7.201818183116044,9.783880041172287,2.080091509420961,-14.393920590053787,-8.985973714994431,-4.525182521523945,0.24676519060377944
133.95999999995067,houtaitui_play,houtaitui,0.0,0.0,0.0,0.9135548302145763,19.274101322583824,19.181210279391532,-151.8102874657574,-0.049261874258497665,-0.24584846662708437,0.1241991690481315,0.3468579829070556,0.4217513306954832,0.6648857728751394,0.11802977744833738,0.3650669637331375,0.40562299686978653,0.19043348100280766,1.0698040225900625,0.9343473848352433,-0.09223997993278273,-0.02317103669047356,-0.61926514728947,-0.6097146977722168,40.597800726239086,-10.535202845055135,4.3328006808203625,-36.10492013310187,5.37849884333648,7.307457736741413,-0.4859045747289797,5.983061824319065,-33.10792344886524,-24.811137827661927,-1.0483551434621283,0.5857805147411062
133.97999999995065,houtaitui_play,houtaitui,0.0,0.0,0.0,0.9148965384488714,19.837111373989433,19.425087933751584,-151.15258935888895,-0.03954593331533582,-0.23796110397191989,0.17419228495775776,0.29538408823568046,0.37420680500281006,0.40749673677484083,0.11812866816764102,0.33320130612637244,0.356399970073911,0.22940001752471928,1.0689374367523181,0.8366307404289246,-0.07889901208935514,-0.017995170503854754,-0.6148932295067938,-0.6176270951568603,32.498557236573205,-9.488944372205685,-2.659270164853748,-19.10231490996076,3.8956931339977725,6.682581881732499,-6.275754728678306,11.816986613545957,-41.75684484024277,-41.748187630118395,3.4719341315119814,1.8039789060177762
133.99999999995063,houtaitui_play,houtaitui,0.0,0.0,0.0,0.9163977260802301,20.15000828712832,19.697992785681347,-150.80609121505168,-0.031191166436363146,-0.22528414900986612,0.1816172778323225,0.15174753337989755,0.31378058316822044,0.1549881050357176,0.12648785809466026,0.3193649663461744,0.30541750385457495,0.2830387439975739,1.0626705798589289,0.7433056135127545,-0.06590543525809549,-0.013362254202365878,-0.6166113349331057,-0.6260969151794433,23.264320242747857,-7.881123328846106,-6.01061588543881,-0.015557630968716651,0.8077028072980454,5.458486545606079,-12.891169300815532,19.052496495197843,-42.800123473361644,-57.00423839669826,7.88463728847446,3.0511957429749947
134.0199999999506,houtaitui_play,houtaitui,0.0,0.0,0.0,0.9174864395205756,20.202415579796465,19.97047332904425,-150.61324919003087,-0.03087885997495977,-0.21912097840618697,0.15669828226662025,-0.027673231599255083,0.2756681984284393,0.06847279377274573,0.1448204799948934,0.3964893278467825,0.3041739813831793,0.3757886078605652,1.0543221675989798,0.6578328397521973,-0.05392360716309911,-0.021858207136392596,-0.6291330155158914,-0.6514520158111572,16.711400581534555,-4.522543715970133,-13.822350462826499,12.979770689113435,-4.170102165440209,3.402659308149797,-21.63260944268086,26.82036358489598,-39.92131414948909,-70.71797372980139,11.58666218407081,3.9115302751187544
134.0399999999506,houtaitui_play,houtaitui,0.0,0.0,0.0,0.9183459644867389,20.162653543749773,20.177359501883775,-150.31074998228792,-0.038238461517881406,-0.2212909984046573,0.13127902873421846,-0.145235669355364,0.2497252515824456,0.1818065217688098,0.16774321176762427,0.45826628946921777,0.3809259416162424,0.4957886078605652,1.0459221105789895,0.5876558211097718,-0.04510847759156082,-0.028770341724157336,-0.6520157455978668,-0.6789330949127197,13.717755294188768,-1.8439653814848964,-23.64897646468485,13.695903510796393,-6.651545742145789,1.1983461847225516,-32.43053663884571,33.25908589250212,-34.45195946378167,-81.86693728210501,14.035186165552323,4.521569583760008
134.05999999995058,houtaitui_play,houtaitui,0.0,0.0,0.0,0.9191776795159958,20.109762686185007,20.26679460571733,-149.86554065865002,-0.04487124059695477,-0.21734874547663313,0.11629126406074536,-0.18822250274093905,0.19029575541008253,0.3305617937355752,0.17901306491722627,0.4714090865528957,0.4969322670349465,0.6075902816305161,1.0387262680457012,0.5673171814928055,-0.04061874535156716,-0.023432239145040515,-0.6784252569635857,-0.7040831555664062,15.796256875324167,-2.147800078364329,-29.48199508563034,10.246965355673819,-9.80823433104671,1.5109088191181836,-37.18942545107405,34.942920918411936,-28.76972293609065,-84.32307969776039,15.923283041867526,4.7598647000040675
134.07999999995056,houtaitui_play,houtaitui,0.0,0.0,0.0,0.9200516248893394,20.045763043542287,20.244167241399285,-149.388726233253,-0.04485521944503633,-0.1999898832639017,0.10370147530921878,-0.1970674091309741,0.10822527643545052,0.3858502631569969,0.18042740488118125,0.4694185606176946,0.5992760814377917,0.677133687997818,1.0328380602781866,0.563419499660492,-0.040433678662163804,-0.009113996475934985,-0.6991628259701544,-0.7161962498962402,16.22712212742769,-3.0852086286785156,-28.596725423617546,5.7849547925002796,-9.867811601539936,2.188134215334562,-38.21308334507239,33.51519030580113,-25.225607899763137,-84.05011693081171,17.314725863795072,4.997374311360788
134.09999999995054,houtaitui_play,houtaitui,0.0,0.0,0.0,0.9209307972670566,19.989121007596168,20.162545342718044,-148.93367517430866,-0.04224010547221317,-0.17492857862734254,0.08924100807339685,-0.18115462266373594,0.058242447775697356,0.3806424026005511,0.17760146770474736,0.46191521783070777,0.6750710048853427,0.7374573962228597,1.0280325578241847,0.5661173399934769,-0.043095895673852434,0.006955736130475995,-0.7119120400632954,-0.7259187211334228,14.834213538837755,-3.6160809465164565,-24.861490209824957,5.117253744027096,-8.639241199540214,2.393313680461299,-38.4539694322188,31.426498607761943,-21.8061132465425,-82.78278532462703,17.85146768991708,5.2245465880925686
134.11999999995052,houtaitui_play,houtaitui,0.0,0.0,0.0,0.9216830422410709,19.937795325651575,20.064731475980786,-148.53808757141536,-0.03894876013569906,-0.14836916543742212,0.07132838155463009,-0.1580271439518102,0.030139573770416705,0.3344559346025437,0.1736936601793939,0.4543411428808122,0.7299365335218323,0.7850020651171208,1.0240765742191225,0.5697354313383103,-0.04736497459366965,0.016444456577301023,-0.7186939480570381,-0.7329055775939941,13.929239911331951,-3.6281124359916475,-22.9776975599011,5.468361042754434,-7.6520112637313495,2.260476426942185,-38.05920973568307,29.88808420997986,-19.221472838199826,-81.49155402725616,17.778299373538864,5.383449847324058
134.1399999999505,houtaitui_play,houtaitui,0.0,0.0,0.0,0.9223272516111105,19.904703152347306,19.976426167661987,-148.22564199233463,-0.035749195225040914,-0.11893059504715622,0.05611526608590263,-0.1178444103323864,0.013849936033139332,0.2566132541043729,0.17288322374762724,0.45035495931398684,0.7694577778921106,0.8185329374322892,1.020422537535308,0.5700675782213211,-0.052576477318951174,0.018121030926704404,-0.7207364336183927,-0.7329322804748535,13.52575726226091,-4.230055764401346,-23.789504585878518,5.7801540108888085,-8.520483852169747,2.383335013395017,-37.66466542881336,29.11050514823723,-17.152454460893924,-80.79979099750521,17.62962953984963,5.497071172814032
134.1599999999505,houtaitui_play,houtaitui,0.0,0.0,0.0,0.9228301504286809,19.87204813340429,19.918616843499837,-148.04897330572172,-0.03122929795272315,-0.08814950844943675,0.04196068504819589,-0.07636690458176061,0.0011423047617942286,0.13887727702224845,0.17179355192263535,0.44725231386375963,0.801148269471533,0.8438513141522408,1.0168721121912057,0.569619798327446,-0.05829543224988659,0.01211605295538902,-0.7208075341695597,-0.7276837338745117,13.535112223030069,-4.574505902799889,-24.471774595536505,5.220574101152728,-8.540075889064626,2.504890820198082,-36.846579419211515,28.81074263825264,-15.943471500428462,-80.24623055939847,17.37629723567749,5.571308931655838
134.17999999995047,houtaitui_play,houtaitui,0.0,0.0,0.0,0.923230258274233,19.844163683998207,19.89111211602423,-148.00432915532193,-0.02667618602816685,-0.058562905453303046,0.030662899889119896,-0.03232462275544396,-0.010766789782570708,0.029811010682734465,0.1691262345414448,0.43955594863625325,0.8258216865066327,0.8591822471866608,1.013324349449356,0.5737684008131028,-0.06445616879188218,0.003567599505186078,-0.7193095663618695,-0.7207338322937011,13.35441585335305,-4.271070328990616,-24.175290310573587,4.09612273145785,-8.356762143549389,2.518598429309351,-35.57875184540405,28.80990960954507,-16.72041359481341,-78.86521156302214,16.890067278481453,5.603433297774542
134.19999999995045,houtaitui_play,houtaitui,0.0,0.0,0.0,0.923592140050282,19.82987260755639,19.884628075473508,-148.0547923864188,-0.022658870785063963,-0.034587590701138836,0.02355840492940746,0.006461080726396572,-0.020424421514632328,-0.04448458353745065,0.16524410320303537,0.42591266481597123,0.8440756232615129,0.862753668094635,1.0098221700888366,0.5839095052728653,-0.0706556703444393,-0.00497822389006615,-0.7162919184433604,-0.7141544331848144,13.205957054196498,-3.880287383169155,-22.548316717772085,1.952602217088609,-8.525169746225124,2.5529541284583233,-33.42978119051132,28.80645036684208,-18.93960982013141,-76.38928533099343,16.219711112767293,5.565782993095691
134.21999999995043,houtaitui_play,houtaitui,0.0,0.0,0.0,0.9240100500871357,19.83514990279175,19.89731087045365,-148.15627291337242,-0.0205104401706535,-0.01625980925451192,0.023775902121066478,0.038086290064888215,-0.016823425483589255,-0.08582955950888875,0.16105448784976684,0.4104846859322664,0.8568424566903284,0.8555179398903847,1.0059695771332857,0.5954848912010193,-0.07687350831303763,-0.012809115648269656,-0.7108865725449487,-0.7058002461730957,12.967234597184278,-3.49881382250873,-20.19788185906642,-1.2222637156260918,-9.076820111929917,2.627450507369984,-30.238094078565187,28.49895642625985,-21.812191497903836,-73.5984766749927,15.393161587658206,5.480391026953558
134.2399999999504,houtaitui_play,houtaitui,0.0,0.0,0.0,0.924583672765199,19.86437075848365,19.93597883917595,-148.27460712713042,-0.020708363839045146,-0.004063078867850083,0.031440221110714206,0.06352460110820567,0.001769468399101519,-0.10403966657113282,0.15696472366379208,0.3914827871153921,0.8650065175782063,0.8407378878841401,1.001015643723783,0.6095328566083908,-0.08302567021538741,-0.020189962536096576,-0.703139762393395,-0.6949905862152099,12.837777987126579,-3.419672085715325,-17.751572309454527,-4.998069129603976,-9.85727901366717,2.7785013763452993,-26.682271849973052,27.895791079040556,-24.377500625162973,-70.09526077467095,14.591661595614408,5.3365618714924175
134.2599999999504,houtaitui_play,houtaitui,0.0,0.0,0.0,0.9253939275400663,19.923542614961125,20.00848349833837,-148.3863911031485,-0.02271386391448144,0.003228766964703556,0.04535119862605638,0.08786118195623341,0.03279299553513117,-0.10744378826493084,0.15252442563254667,0.3707328173411685,0.8691562637265255,0.8234294291982651,0.9943762093327838,0.6236433919916153,-0.08884578465165369,-0.027623168379068377,-0.6932566920577884,-0.6825241555511474,12.777045102513334,-3.494940519230539,-16.026633579720112,-8.554089659829799,-10.39989615212287,2.979178226889957,-23.31510534772112,27.103941042275,-26.493993311260407,-66.23361662479952,13.770582966677134,5.105850055073347
134.27999999995038,houtaitui_play,houtaitui,0.0,0.0,0.0,0.9265040092185304,20.016387385526716,20.11381879955777,-148.47842817546717,-0.025728024701582673,0.007209037816075037,0.06322638314358105,0.11139495252648693,0.06495646195488311,-0.10098443012063696,0.14678856045387037,0.348051584007424,0.8692431072201714,0.8051324274787903,0.985776469019097,0.637724885011673,-0.09462041027392977,-0.03522735014557839,-0.6825233466264063,-0.6722945679962158,12.46742959037689,-3.3806955155525555,-14.876469580968182,-11.55342929512716,-10.406735599487533,3.1338806298609083,-20.31933730179866,26.204234324780384,-29.00092088943988,-62.00299951859113,12.835117776953263,4.762927357239189
134.29999999995036,houtaitui_play,houtaitui,0.0,0.0,0.0,0.9279218265310794,20.135619442399534,20.24288345859127,-148.55645681184885,-0.0277109994864507,0.009528487193669166,0.081221270149453,0.1297345905897878,0.08654334123499062,-0.09844949945866906,0.13829088330921868,0.3239781594643283,0.8641379067416568,0.786095620358944,0.975497734846561,0.6515195753822327,-0.1005865368983216,-0.040485971793532374,-0.6722927480243317,-0.6639694680511474,12.036687640234254,-3.342965402686023,-13.989425929960086,-13.662809795160449,-9.283195323428966,3.1413664283220237,-17.818420826537146,25.2200990009811,-31.507819976749897,-57.54542107118329,11.787967887523028,4.305262080579679
134.31999999995034,houtaitui_play,houtaitui,0.0,0.0,0.0,0.9295853618999776,20.2669819031023,20.386892795428906,-148.63504069875972,-0.027729666571873694,0.010123201011778014,0.0957194025412609,0.1395339787553546,0.09688193611605103,-0.10498109710038084,0.13107899590115,0.30820441625080086,0.8538953682771705,0.7716541748890877,0.9639473357848006,0.6631232660660744,-0.10653661157182603,-0.04315876141190529,-0.6625591170837758,-0.6554607858001709,11.907594306218883,-3.721800459053757,-12.626952373209303,-14.026964795785702,-8.624070496413678,3.0408243702316784,-16.168829477255926,24.67054479400538,-33.740503209604896,-53.27805672964187,10.7651291966808,3.803989565151098
134.33999999995032,houtaitui_play,houtaitui,0.0,0.0,0.0,0.9313749883959898,20.396850921637604,20.53835774907458,-148.71725918527753,-0.02579073317801213,0.007132950387814092,0.10458063248766694,0.13810355301543384,0.10101492200616552,-0.10948636972173455,0.12526390331082063,0.3045973453960339,0.8400614217000734,0.7600808788487912,0.9516814153254753,0.6713760953793526,-0.11204462244197967,-0.04646934680640698,-0.6531802730857958,-0.6470520009338379,12.20456252544723,-3.9337183526166393,-11.212481608274507,-13.34638583969237,-8.301375190014253,2.8714011967740976,-15.206539503076808,24.390148150852436,-35.112715194527524,-49.52872635937137,9.881460086242319,3.3510656242224557
134.3599999999503,houtaitui_play,houtaitui,0.0,0.0,0.0,0.9331787563152688,20.5157286140675,20.684976698690146,-148.78894035207554,-0.022828485901944,-0.0006092761172061464,0.10824260419568822,0.12385646826339408,0.0990049796776018,-0.09810051778789577,0.12062329280595475,0.30326820659978915,0.824129131204088,0.748698407078743,0.9394284070009912,0.6758308794746399,-0.1167642106583672,-0.052308744937181476,-0.6455114361188667,-0.6414813508331298,12.672908811737887,-3.733709091223162,-9.820840348821633,-12.366356714910937,-8.157579762300687,2.714846961868619,-14.78144974266668,24.285750965965505,-36.610375146407065,-46.52067572893722,8.98484153834526,2.9595071551919405
134.3799999999503,houtaitui_play,houtaitui,0.0,0.0,0.0,0.934939716602444,20.61653550836232,20.81428295899726,-148.82912295486958,-0.019928278501260697,-0.012769501228980962,0.1095897537348021,0.09693252846787999,0.09341261392859229,-0.06613187493857736,0.11708567652524053,0.30249232448596175,0.8070097980805022,0.7351445874596239,0.9276414296466776,0.6753108289489747,-0.12061131510065855,-0.05922422017902136,-0.6408166883595615,-0.6395503987609863,12.82401472607736,-3.13176350226715,-8.605598090588535,-11.632146011831354,-8.089127918493375,2.610181190887703,-14.511688258350034,24.21673058802664,-38.35406524326027,-44.527175275155415,8.049136536403703,2.6362429035762003
134.39999999995027,houtaitui_play,houtaitui,0.0,0.0,0.0,0.936645788245998,20.693969908978186,20.92410339561523,-148.8260135020875,-0.017478299234334076,-0.026820539202448722,0.11103321585045847,0.0623470772307595,0.0902591170567462,-0.026929150211658377,0.11460314705298906,0.30151289267239734,0.7889880653885892,0.7203687217483521,0.9163329333690934,0.6701619711170197,-0.12359276695214934,-0.06412293873727322,-0.6385785510100169,-0.6387178410827636,12.237171120323602,-2.6201411885655777,-7.966558472076396,-10.977123062843024,-8.07396596880546,2.5442363829241934,-14.224543618988909,24.124983541171922,-39.46560756628851,-43.45479138901478,7.242783220307245,2.439908675041076
134.41999999995025,houtaitui_play,houtaitui,0.0,0.0,0.0,0.9382717456259233,20.746628563020863,21.023240723279297,-148.7853870716322,-0.015216185836025947,-0.03995296970683741,0.11134869551828791,0.029503376808149965,0.09322735681912041,0.003542750749068728,0.1133627824786596,0.3035260244648088,0.770432937287489,0.7094066899666787,0.9053855388069851,0.6614027630934716,-0.12566385671294647,-0.06619113236665726,-0.6372912179364001,-0.6374713887512207,11.321342759052788,-2.522802068164731,-8.14990766082943,-9.569258145492105,-8.100012829332188,2.4993558516267402,-14.277707947548185,24.274067589085426,-39.057905758392785,-43.08765564004529,6.809048522262354,2.4061224608500593
134.43999999995023,houtaitui_play,houtaitui,0.0,0.0,0.0,0.939775415043407,20.784400863628335,21.117429700719104,-148.70928511731748,-0.012515611500888792,-0.0513081242695283,0.1090928989961543,0.006575917179223963,0.0997346926166754,0.0323920114368054,0.11321293089261653,0.30715373341075136,0.7520117681040774,0.702194647158146,0.8949704419994235,0.6505848404417038,-0.1265592922123066,-0.0674098089337349,-0.6368642381895704,-0.6375901212036132,10.379622533641546,-2.4627663515510405,-8.93812615125424,-7.5622759296308555,-8.10860535868452,2.4573299857011217,-15.072296540187319,24.553199738327745,-38.01080110811929,-43.19962628212229,6.750621352013748,2.514472060321832
134.4599999999502,houtaitui_play,houtaitui,0.0,0.0,0.0,0.9411218246407137,20.81720483619376,21.200623807776736,-148.59980623213104,-0.009288458522553649,-0.05996844009541176,0.10329676688896712,-0.007177304373743462,0.09922904897145762,0.06105449019287356,0.11330760259176473,0.3096481079692759,0.734417614890756,0.6966426607618332,0.8855660691079813,0.6406276312122345,-0.12670737617375064,-0.06934782788157463,-0.6368063720209483,-0.6414768208801269,9.612686057776482,-2.2191503075134,-9.69574447558611,-5.455088691287035,-8.105043021168765,2.372074782952406,-16.525686055746597,24.74291424797924,-37.527013818159865,-43.375503453589204,6.761518175968375,2.6282790433015837
134.4799999999502,houtaitui_play,houtaitui,0.0,0.0,0.0,0.94228557564969,20.852141081117146,21.26236195138752,-148.46653941956774,-0.005241213735603656,-0.06485575192146598,0.09391422408131786,-0.011695426956840806,0.08704848881112016,0.08481915954343362,0.11270459882727327,0.3100237565591748,0.7183461758302612,0.6903980087885857,0.8777685960349021,0.6342905696878434,-0.12669882141092126,-0.07091530337929726,-0.6389769873795884,-0.650496195727539,8.895416780824748,-1.969880225023326,-9.906342593926501,-3.799770198866576,-8.053575661464674,2.2630905057132975,-18.450880762757386,24.766415303625404,-37.62658255261947,-43.23377211449304,6.459559796214404,2.626057459411472
134.49999999995018,houtaitui_play,houtaitui,0.0,0.0,0.0,0.9432707020550282,20.901783662295458,21.297058574335317,-148.3129143370362,-0.0010183805192570013,-0.06742561039121704,0.08370512253423941,-0.003715840449049934,0.07076838222215252,0.10926512412148541,0.11188171642857543,0.3088923551527978,0.7036742473202166,0.6796050381312371,0.8718531082808095,0.6286160584936142,-0.12685937941838527,-0.06983995363116265,-0.6441701396225485,-0.6608068455993652,8.290167898809187,-1.6557335019706332,-10.213570844705776,-3.206755286687569,-7.957315519831776,2.171309932398556,-19.723031301382857,24.66854438485609,-37.60577581097271,-43.332665134749945,5.8553662676287015,2.6329788701171264
134.51999999995016,houtaitui_play,houtaitui,0.0,0.0,0.0,0.9440973085002078,20.9665884100335,21.315739649921895,-148.14713516147506,0.00224891410850726,-0.06822099021400471,0.07504969493487154,0.005318928171025722,0.06268881112415996,0.12123715859450918,0.11214324423755709,0.3097863194578242,0.6899222363928664,0.6692412730703354,0.8673508471597887,0.6179697003612519,-0.1269530553388227,-0.06858005858957768,-0.6501301681079447,-0.665639828616333,8.246410225624365,-1.5422055150140805,-10.715343472317707,-2.6671708362036224,-7.882283559620764,2.106560654783692,-20.310973128212037,24.732352598161583,-36.88846361209242,-44.546062636785734,5.4671547155090545,2.754774799132243
134.53999999995014,houtaitui_play,houtaitui,0.0,0.0,0.0,0.9447646382125177,21.030438621953518,21.334409601504213,-147.98779774696692,0.00445794883676706,-0.06721336906211593,0.066628934940108,0.005020803275994891,0.06169475302408263,0.11379971891539742,0.1135969686961018,0.31488622926062637,0.6775775319381194,0.6649921771535874,0.8636750696856056,0.606516012216568,-0.12678393355641537,-0.0695805337280035,-0.6550265467880317,-0.6671761979400634,8.75735706030796,-1.6240835981528081,-11.292723469114895,-1.3183958901374748,-7.810482492446315,2.056791640994331,-20.991314325222955,25.139455671050392,-36.07812268956397,-46.009208405404806,5.561216370750504,2.92803608306673
134.55999999995012,houtaitui_play,houtaitui,0.0,0.0,0.0,0.9452599024065108,21.075640433668664,21.357787661832138,-147.84862886890713,0.006212227624224655,-0.06493413479824539,0.05714597834614406,-0.006353149974391195,0.05932317807603286,0.09602080765176722,0.11543118830188775,0.3208665323850347,0.6676533254529927,0.6638579976210595,0.8606516331632494,0.5980006244430542,-0.12624275900449392,-0.07120721712708473,-0.6591110961810474,-0.6694058884918213,9.05966749436407,-1.6200613935388373,-11.887309071769446,0.0778198909036556,-7.696252761114008,2.0034029646335054,-21.767506361022097,25.62344457782913,-35.972643319214946,-47.047100787744455,5.91909276538497,3.1127968843533362
134.5799999999501,houtaitui_play,houtaitui,0.0,0.0,0.0,0.9455774379121412,21.09464969706672,21.38127899894183,-147.73701621282672,0.008273834426368205,-0.061107352610053595,0.04636346131585362,-0.020578558370300842,0.05055421289524577,0.0747811066250053,0.11657632085849937,0.3245025198248108,0.6606968322848107,0.6633457031497956,0.8584352563544467,0.5927374449024201,-0.12549452711814443,-0.07321313507854939,-0.6624704633267177,-0.6713022698699951,8.814901931878975,-1.6277173780349374,-12.608547526353561,1.0100162282432086,-7.542481514259995,1.9433810618846719,-22.503036354050124,25.922616219044826,-35.94087686105046,-47.65640224151066,6.169141663303667,3.2541987657823377
134.5999999999501,houtaitui_play,houtaitui,0.0,0.0,0.0,0.9457166149788692,21.096912563509115,21.397355300894063,-147.64902308301444,0.011193918358479323,-0.05691535660194441,0.03492684673790918,-0.026377447469873465,0.03715101721843943,0.060376806951261325,0.11683965127513017,0.32860731429430956,0.6561188404317194,0.6603651803383828,0.8573357572776972,0.5920028325567246,-0.12458943587406063,-0.07283168211579323,-0.6651481609923768,-0.6730496396362304,8.213439204352294,-1.5423921708233728,-13.42332015666133,1.1162482085949543,-7.422886632344929,1.8746096407771156,-22.523952344705965,26.256382066642367,-35.52055505920506,-47.67499866114314,6.112210307722417,3.367968979006976
134.61999999995007,houtaitui_play,houtaitui,0.0,0.0,0.0,0.9456897250980194,21.09550939930263,21.40717550716932,-147.57459636716234,0.01386916912352066,-0.05291888995938665,0.02455410888586426,-0.024500289194319264,0.029162105413017732,0.05266217090445561,0.11711153609672773,0.3333575077308758,0.6531356664960538,0.6560410943279267,0.8573098513284713,0.5906862106571198,-0.12378879862945158,-0.07088295668363571,-0.6672259976475996,-0.6760406007110595,7.75228698837765,-1.3693236784817766,-13.388512877452152,0.7527010047768303,-7.3628467772874036,1.8569187931130904,-22.393280488591593,26.637123364823765,-35.07388270116859,-47.98877353529808,5.9294009213516645,3.446353593715509
134.63999999995005,houtaitui_play,houtaitui,0.0,0.0,0.0,0.945523187042677,21.096328317131345,21.41704196336588,-147.51067975889288,0.015407019011023246,-0.04750803874519479,0.015278901832501312,-0.01879588490800676,0.02664038584019217,0.04456047650115014,0.1181909364709732,0.33990880299277726,0.6517757223437814,0.6552123289952279,0.8580853356819798,0.5874775138149262,-0.12361435915003131,-0.06984209939837456,-0.668989737508586,-0.6795460690795898,7.828617106870057,-1.4480869497672204,-12.893384317130112,0.7209042045657588,-7.3006626872595355,1.8935109948788522,-23.293414326954505,27.163195354755686,-35.00601367358231,-48.76682263495955,5.767767181035528,3.451341788847345
134.65999999995003,houtaitui_play,houtaitui,0.0,0.0,0.0,0.9452533319388269,21.096629742803717,21.43029628150738,-147.46936465907854,0.016074016245040536,-0.03939207347385344,0.007196294056888578,-0.011996946174145273,0.02237750227813816,0.02441632890409656,0.11876346699911537,0.3433629345759702,0.6518850460655271,0.6567574229488373,0.8593991481608092,0.5844103929052353,-0.12381120326246692,-0.06857142709195614,-0.670730710911296,-0.6813208569824218,8.068394734253603,-1.5595132140695127,-12.928300476760104,0.868238896392681,-7.246918325688741,1.9044278034315678,-24.360615046595512,27.44665709598218,-35.14184833519959,-49.59664789759928,5.496095440794646,3.3786605988068046
134.67999999995,houtaitui_play,houtaitui,0.0,0.0,0.0,0.9449136888842081,21.091551431535546,21.451540549517755,-147.4632953565486,0.016253719276832473,-0.029764085237541527,0.0006331909758978942,-0.00561263766716618,0.018755166890730247,-0.0058022396838019845,0.11917029277134696,0.346197351683732,0.6529175023254385,0.6576165344963074,0.8609090980837234,0.5817949708948136,-0.12402607672062013,-0.06827471517026425,-0.671969513587216,-0.6808368672668457,8.310380510555506,-1.6486530560389765,-13.346521545763832,0.7664860471782323,-7.236587067988535,1.8805011079196867,-24.781532913704805,27.684444411996555,-34.829255504130394,-50.35425058965505,5.330357268040125,3.3257024738866328
134.69999999995,houtaitui_play,houtaitui,0.0,0.0,0.0,0.9445372404206877,21.084221265714845,21.47596215163748,-147.48241074521002,0.01580779020613897,-0.02116591025649425,-0.00451071529462245,0.0004846503306401703,0.013680850202965266,-0.024023611811069046,0.1194695557668085,0.34924449489974607,0.6544087097778744,0.6567852732191086,0.8625587598746048,0.5839762922773362,-0.1246171906284411,-0.0704521007835865,-0.6730914975722918,-0.6825739850341797,8.414198542085515,-1.5632242809206498,-13.180895918787638,0.31450045715241304,-7.255386856376485,1.8805500658655927,-24.785179360148824,27.936925396564444,-35.18279192466381,-50.268972477202446,5.250759729235814,3.33073521434065
134.71999999994998,houtaitui_play,houtaitui,0.0,0.0,0.0,0.9441718453399824,21.078105310962307,21.495057150896915,-147.50894510807277,0.014297311528609701,-0.015276622815663651,-0.00703959641026895,0.003426006368662941,0.006970374877046315,-0.025905312816674627,0.11928121115248327,0.3506866341477848,0.6559749395704976,0.6524998631725312,0.8642440226047506,0.5886761483201981,-0.12569119362134107,-0.07155539393424988,-0.6752001972733498,-0.686220597201538,8.442752596913548,-1.180623929993209,-12.221115257055507,-0.7448611465521632,-7.266975079003281,1.8745224162637228,-23.918648359393078,28.053087684615438,-36.753041699543736,-49.729564870757706,5.099399051500744,3.3494712876381207
134.73999999994996,houtaitui_play,houtaitui,0.0,0.0,0.0,0.9438778883901872,21.075314218586914,21.50711084354854,-147.53637946348277,0.011902290983152725,-0.010312100411487769,-0.006118149935926253,0.006715742490572324,0.0011483844832829567,-0.024211369805131853,0.11930418724855477,0.3513418550115448,0.6568986159591556,0.6458658811101914,0.8656577524101284,0.5923386153230668,-0.12696930476633428,-0.07189876884222031,-0.6780120486649147,-0.6885342110931396,8.27511012515533,-1.172446629838964,-11.241839618092516,-2.055472689839321,-7.2906921746846685,1.8683161679371447,-23.078562941900216,28.104113265661113,-38.03656627320433,-49.30545454527137,5.019802922475883,3.38369329586915
134.75999999994994,houtaitui_play,houtaitui,0.0,0.0,0.0,0.9436699912474436,21.076943639068876,21.51845603288682,-147.57020349217794,0.009811775884241784,-0.004641344462464698,-0.004259404036288855,0.013395028930588542,-0.0008178332467302686,-0.030225439036413247,0.11908401788255193,0.3514058027164626,0.6570960956599572,0.6428581115255356,0.8666129041786511,0.5958403733024598,-0.12807039685020552,-0.0741071991622448,-0.680382543804574,-0.6888207902252197,8.267812878898315,-1.6055451374530538,-10.696218220997267,-2.574168948492303,-7.3188037643467565,1.866822667761713,-22.741729640662342,28.110822305346115,-38.19600514588466,-48.81197223672936,4.981819907556375,3.3836520650423583
134.77999999994992,houtaitui_play,houtaitui,0.0,0.0,0.0,0.9435266007408851,21.077997884468367,21.532032208966385,-147.61277759644707,0.007994136558157417,-0.0003906078428392683,-0.002894544266983081,0.014636907968329733,-0.0014018738495493368,-0.03730671307451274,0.11839568960383164,0.35031927171710064,0.6569304073405019,0.6402475249419213,0.8670846901615237,0.5988042589673996,-0.12908191544305428,-0.07667604759335518,-0.6816838852118747,-0.6890544404327392,8.475508386507574,-1.6608321048335155,-10.20375485178336,-2.989638958512657,-7.337712757355965,1.8664225700459522,-22.15486086020728,28.025716888581155,-38.15180697487015,-48.326443092677664,4.992809869353472,3.3387281111844653
134.7999999999499,houtaitui_play,houtaitui,0.0,0.0,0.0,0.9434610386682779,21.078901178142047,21.54432225455632,-147.65350434070746,0.00587925041940668,0.0020986150348418285,-0.00026094618081544613,0.013637901730968793,-0.002051744336050161,-0.033754982360544604,0.11745093800773007,0.3472352874981247,0.6561203633567966,0.6346249293932915,0.8670883559660201,0.6022771682987214,-0.13021889532482162,-0.0780570536851883,-0.6827858914963635,-0.6909195889770507,8.18243579261035,-1.1999452558193968,-9.37433786153651,-3.8055662630806903,-7.352266718374083,1.861497524542872,-21.466612373903494,27.7787898788394,-39.26566690511652,-47.66713007022205,4.815089684662119,3.27857277049751
134.81999999994989,houtaitui_play,houtaitui,0.0,0.0,0.0,0.9435042063859116,21.085140999063146,21.55249814854884,-147.68357018670076,0.0033485568034424965,0.003991091264046996,0.004003173103114656,0.015393350494322897,-0.0020853270827237624,-0.02376852162414436,0.11587992655269196,0.34213651001961964,0.6541612383633039,0.6265573140630722,0.866582799063254,0.6079763558158875,-0.13187299611687237,-0.07958818897604943,-0.6844482624618482,-0.6942901124298095,7.3881719933667425,-0.7208168762674361,-8.263168317429695,-4.816559915505976,-7.366368818741961,1.853330007869258,-20.606243056630113,27.369202943839234,-40.815477990949425,-46.51181160219064,4.3464373951933295,3.1731313733916093
134.83999999994987,houtaitui_play,houtaitui,0.0,0.0,0.0,0.9436671054160458,21.10455866089621,21.55835534924956,-147.6934690822651,0.000739318025562033,0.004545820301587055,0.009327955011634022,0.020927638731957833,0.002572301820947768,-0.006954953121954162,0.11435702850489136,0.3375023596145891,0.6505345872501519,0.6181123715291024,0.865469456173259,0.6126091268310547,-0.13376383787383364,-0.07842354401946068,-0.6860518022032713,-0.695894669467163,6.825337245549938,-0.7072312907842301,-7.592254313759026,-5.555726105041755,-7.396632389872995,1.8579554749245952,-19.63137026461972,26.992369989185107,-41.41313750767615,-45.4317250134852,3.8905235379836927,3.0867430536523055
134.85999999994985,houtaitui_play,houtaitui,0.0,0.0,0.0,0.9438992156822467,21.13652814153504,21.57008185658618,-147.68965961692876,-0.001283089700804982,0.004916391486656063,0.01243518455251637,0.02775007838311366,0.011966969905796921,-0.0004146476340729675,0.11336721573268665,0.33816646350572166,0.6457861685537336,0.6146243002662659,0.8637890701137148,0.6146307822713852,-0.13506356341549164,-0.07895485609769821,-0.6865702926178984,-0.6925839890777588,7.208930034788663,-1.3524596956106065,-7.3741116090343075,-5.243897143290573,-7.4302747400143785,1.8873378814730986,-19.135228870706147,27.040446318844438,-40.45257871478574,-44.72257970886305,3.747875686934946,2.9767248277981624
134.87999999994983,houtaitui_play,houtaitui,0.0,0.0,0.0,0.944110593386517,21.172124165531685,21.59263326833035,-147.68042259360988,-0.002095263815176769,0.004424732546593952,0.011483032254522452,0.027999181630528197,0.022403052453679746,-0.00010322956566725851,0.11265507012185615,0.34064419537298807,0.6415254026103219,0.6153072800884247,0.8618729249595518,0.6165115472326279,-0.13553320450194264,-0.08227348625659943,-0.6866247824032162,-0.6897425164520263,7.728946947358887,-1.6469861360695692,-7.155781171902308,-4.395153741731248,-7.420986032603679,1.9145488914592126,-19.196183387177395,27.2383416706879,-39.77735832390173,-44.019934737364224,3.6788494638019853,2.8189525008647407
134.8999999999498,houtaitui_play,houtaitui,0.0,0.0,0.0,0.9442274729126611,21.20959537632524,21.619695560604974,-147.65614194592874,-0.0017979594718368604,0.002199516642190606,0.006897519999589205,0.024481718489527588,0.03009139770978483,0.011771504493448237,0.11195757667017345,0.343110024241304,0.6387996710766655,0.6162813093910218,0.8602778738871987,0.6197285142192841,-0.13569388309762387,-0.08515447303652764,-0.6866280530494294,-0.689251135760498,7.412173551184796,-1.3505749711748105,-7.046017057047533,-3.8471350216445326,-7.366611867845316,1.8944264499818593,-19.170597229269735,27.432349781827885,-40.076699262903844,-43.17760801092563,3.3247199585438003,2.6743135430912437
134.9199999999498,houtaitui_play,houtaitui,0.0,0.0,0.0,0.9442243075104003,21.26251753496824,21.639450277790548,-147.60216988091108,-0.0006966304056766244,-0.0003260901601363163,0.00032644090030800485,0.0298897736104395,0.03208569051809101,0.03846475511975896,0.11141705874454069,0.34564211290539415,0.637527144713626,0.6165334817419053,0.8595790429594474,0.6237626757869721,-0.13627277167228422,-0.08782549500465393,-0.6866622561876052,-0.6909684647857666,6.993783913415355,-1.1991224723874363,-7.307001237057077,-3.6824587083969824,-7.27324539251922,1.8752738159309517,-19.24878008927051,27.62576736784775,-40.56643532949935,-42.39317372425784,2.763341517096273,2.5058151560519177
134.93999999994978,houtaitui_play,houtaitui,0.0,0.0,0.0,0.9441703602132954,21.33603775362976,21.65225121044822,-147.5319909936296,-0.00046948605358852335,0.00010494365425328396,-0.002597373796563217,0.04350953297192393,0.030887388846194484,0.04971267028991923,0.11026793991555446,0.33691591434689994,0.6356364638420124,0.6091128822813034,0.8594964023514108,0.6230466302881241,-0.13781101995127032,-0.08574536740779877,-0.6866686910566405,-0.6926376332580566,6.917619108769266,-1.1928316166902344,-8.147463704688846,-4.625915688597569,-7.279291566121263,1.895140422309218,-19.23575975597558,26.921798944329332,-41.02670268239667,-42.55593456517997,2.2067855422103264,2.4218309449992557
134.95999999994976,houtaitui_play,houtaitui,0.0,0.0,0.0,0.9441851285804657,21.411899492693276,21.672054308664976,-147.48929029736522,-0.002323334967601476,0.004498021125546183,0.0007314634037379551,0.05363048215034591,0.02811260633190535,0.020900329069748754,0.1090561361599093,0.3228747439580917,0.6311247489982944,0.5980850246200562,0.8590055678511499,0.6205969389925003,-0.13988794416051537,-0.0828291617333889,-0.6862042262816228,-0.688964795046997,7.578787523766126,-1.2730142732163372,-8.180106007390233,-5.597317662906281,-7.450833399660519,1.9409641679890532,-19.274872981498255,25.808862408213567,-41.63275320862215,-42.87707208340212,1.9852134329572004,2.3821224433235804
134.97999999994974,houtaitui_play,houtaitui,0.0,0.0,0.0,0.9442750670915083,21.471611714215197,21.70661896508662,-147.49030682684992,-0.004552124247049134,0.008142209746269098,0.003953043819882238,0.05190442301401448,0.02771265110023248,-0.016275171288392065,0.10881121360707975,0.31920249862182937,0.6248705260962308,0.5923730519065857,0.8577545384702395,0.6224839028367997,-0.1414747605961111,-0.08393381461501122,-0.6850903119889071,-0.6830801476776123,8.610951201580981,-1.525833976124152,-6.984686076875305,-5.367519246707233,-7.693378802129782,1.9968853285187602,-19.4823342711034,25.534447145773754,-41.99039457102055,-42.254544946367716,2.055742644523856,2.289900368822346
134.99999999994972,houtaitui_play,houtaitui,0.0,0.0,0.0,0.9443714645041327,21.513905998511284,21.748014921442326,-147.506601255779,-0.006199502602771743,0.007092497292715067,0.004079750678412975,0.04067411898238534,0.028912181067314104,-0.026030257133419443,0.1092765598193241,0.32290889672280676,0.6191501093570264,0.5892352547893525,0.8561674658746319,0.6273649420986176,-0.14214822223890985,-0.08661101311445236,-0.684015074966688,-0.6816138734161377,9.227422264529817,-1.5037578356388603,-5.775116642409808,-4.9452955152546085,-7.840823312840895,2.0388843993789685,-19.26816238465149,25.840144324995535,-42.82068820137682,-41.063507628020524,2.148630534191236,2.1820150645584437
135.0199999999497,houtaitui_play,houtaitui,0.0,0.0,0.0,0.9444451275899606,21.550760700967256,21.782580085750766,-147.50938273123361,-0.007099970369246504,0.0034338100379642457,0.0029010718073898467,0.03216291717143668,0.026835747284797772,-0.0103851362000195,0.10973514545462622,0.32556446454044563,0.6147837898347946,0.5848420646438599,0.854770844541996,0.630159446264267,-0.14245156819793214,-0.08894194215536118,-0.6835862687533011,-0.6836065759002685,9.158837164044149,-1.4294737517788603,-5.379989700319191,-5.053337923791958,-7.868543599712201,2.0759407223073856,-19.104919300598166,26.049176155172688,-43.680384782375334,-40.32420953397977,2.2296795431351217,2.1090629760244712
135.03999999994969,houtaitui_play,houtaitui,0.0,0.0,0.0,0.944500728565779,21.58989767517834,21.807545520230857,-147.49620107869075,-0.007589672577887453,0.0008146105974586163,0.0018103172996763268,0.02985224134496871,0.02382370523226805,0.0034557787921624204,0.11035040112234751,0.327583837698757,0.611357977301224,0.5827108111629486,0.8536606989629393,0.6269935157546997,-0.14255562307142328,-0.08927259892225266,-0.6834585308432924,-0.6849967946350097,9.06948647810078,-1.6346185385689074,-6.035608158756277,-4.893800261949421,-7.851689015047487,2.105031782502423,-19.42508042696983,26.205216568949847,-43.308290997561365,-40.715353079044306,2.422792634810345,2.1302889151878937
135.05999999994967,houtaitui_play,houtaitui,0.0,0.0,0.0,0.9445393572135182,21.634559461447154,21.8271989927593,-147.47012204916538,-0.007902331908869123,-0.00043489861845313394,0.0006237205050076194,0.030919571095543295,0.023934384098596457,0.014656360694799529,0.11192015586531842,0.33230987527385336,0.6084504758685191,0.5833667602787018,0.8527134242366404,0.6184073772678376,-0.14247572436058406,-0.08842799738049507,-0.6834125863377501,-0.6861004342376709,9.287231909207193,-1.812210101764945,-6.865945965773908,-4.292986898536534,-7.837602929074637,2.1352816819761458,-20.217569543701003,26.577189631395832,-41.99275607603627,-42.102791558122746,3.0272034951008546,2.28773228103376
135.07999999994965,houtaitui_play,houtaitui,0.0,0.0,0.0,0.9445607458486005,21.677613484995113,21.843960831119215,-147.43501594222545,-0.00857710447300729,-0.000827016333146719,-0.0007740767340682394,0.0253327096737259,0.024163782419367844,0.02180026419841656,0.11444751327594764,0.33623200318455204,0.6062313789936794,0.5870332207927704,0.8517951911940216,0.6077282514820099,-0.14217280489945477,-0.08738387674093247,-0.683439482461279,-0.687692355090332,9.632863146558352,-1.7520446183257365,-7.629574625894985,-3.2865645890968844,-7.819177159762383,2.1421620524292857,-21.222267594139385,26.886473847384647,-41.22674428293888,-43.862237241455546,4.025598673701815,2.581420768797936
135.09999999994963,houtaitui_play,houtaitui,0.0,0.0,0.0,0.9445605896659905,21.711886581149162,21.85287368097536,-147.39723926492726,-0.00895674545107951,0.0001600711138189586,-0.0034998643860498406,0.01641394188932885,0.01738274374688447,0.025940737648803072,0.1167831336993516,0.3386852872747991,0.6053158851531003,0.5935976740369797,0.8510720270311253,0.6004151788005829,-0.14157605440498594,-0.08742682188749314,-0.6835837962423618,-0.6899950017272949,9.677140243393007,-1.6474250567776412,-8.489733744727818,-2.040732483909392,-7.757926260935039,2.1014036223119814,-22.200124608229167,27.080283668073,-40.92992523294423,-45.06343233527477,5.011681689302336,2.8943673386713065
135.1199999999496,houtaitui_play,houtaitui,0.0,0.0,0.0,0.9445175966619472,21.74202249462137,21.84573250219879,-147.35490711579172,-0.008291100846941766,0.001575804293070535,-0.00822839915786072,0.012290811058905407,0.005200988148418904,0.035698012113559954,0.11805470637933717,0.33853964146956506,0.6058658284623214,0.6000295367488861,0.8509700477199958,0.5980968412408829,-0.1406165943179136,-0.08591223061084748,-0.6848704502006697,-0.693929623538208,9.331730299274499,-1.5512516500308615,-9.534208807047154,-1.0939556730012567,-7.66794691082572,2.0546564653910693,-22.74646458821898,27.064549800625297,-40.25984184180157,-45.5107232607955,5.670595995072494,3.144590623385097
135.1399999999496,houtaitui_play,houtaitui,0.0,0.0,0.0,0.944397760694266,21.77547774273989,21.821796756548046,-147.30361475927086,-0.007020553245457339,0.0031216607932281794,-0.01478004502653689,0.012794920722480245,-0.005239095368018176,0.048163033818793,0.1190200487250848,0.33708440961480457,0.6080993865354036,0.6058765139827729,0.8517402380984516,0.5964160200605393,-0.13944253062239223,-0.08497190773487091,-0.6870395386676548,-0.6977853287994384,9.289429921025636,-1.6401167295124637,-10.110362227670242,-0.5735982077517737,-7.5578197922064225,2.0461893513715856,-23.24790540064245,26.941367265552707,-39.45430793521415,-46.01679111578029,6.153345482709141,3.282769059160909
135.15999999994958,houtaitui_play,houtaitui,0.0,0.0,0.0,0.9441751729906435,21.811016974399664,21.788515915665805,-147.25510737768113,-0.005619212981057145,0.006414140400183279,-0.02243865634764633,0.015711080096267635,-0.013255465196539555,0.046824487980664256,0.11971601706163366,0.33550527166572064,0.6121051242860025,0.6109109606990815,0.8533513476579571,0.5934225704917908,-0.13825828653598346,-0.08526460379362107,-0.6892672833248041,-0.6991703023254394,9.74464317228991,-1.7913186775997716,-10.460453454457026,-0.5247460867744288,-7.45137767278058,2.0366671234449045,-23.816154352073585,26.812623246259733,-38.45713746394692,-46.90914150933437,6.597908238860962,3.3270763816202096
135.17999999994956,houtaitui_play,houtaitui,0.0,0.0,0.0,0.9438662992514054,21.84141565259159,21.753588616129182,-147.22242260967073,-0.004795816015902991,0.010200629728418592,-0.028405767981462632,0.01582577824983421,-0.01903433277876354,0.03432382444833962,0.12016350914203247,0.3329456609095377,0.6170243871626803,0.613881045247078,0.855433529428475,0.5898034807691575,-0.13717898881738533,-0.08294530510902405,-0.6899847502661791,-0.6976186742126465,10.029983998336267,-1.7265804354675027,-10.93529788176416,-0.9442486875308639,-7.40268833980096,2.0220822747993408,-23.785899897801063,26.610187004423217,-37.68873541873046,-47.971424359874916,7.011827655363534,3.415299804091339
135.19999999994954,houtaitui_play,houtaitui,0.0,0.0,0.0,0.9435183607192549,21.85658967156537,21.7202055264332,-147.21231842182104,-0.004894405192535344,0.013922690919748949,-0.03155951862023007,0.008797728374438653,-0.02470564521930719,0.016275641961745798,0.12002964481547145,0.32880481378998216,0.6219668736159657,0.6154836055288315,0.8575598343653881,0.590179571176529,-0.13606823685431432,-0.08209903091192246,-0.6901285523717381,-0.6946606149017334,10.016198391744746,-1.5947917806649465,-10.910988976810076,-1.5441363135550255,-7.4317175765831385,2.0276157708069182,-23.06734299960848,26.284865651565227,-37.98029023065799,-48.2907434120963,7.2856678602207525,3.500333184669103
135.21999999994952,houtaitui_play,houtaitui,0.0,0.0,0.0,0.9431750360053694,21.85530918746188,21.68946563603331,-147.23028628607634,-0.005298418689409156,0.01823870723202006,-0.0325556641436828,0.00412036681355179,-0.031178414401630113,-0.006103699158381786,0.11898700082353426,0.3215096470723561,0.6263522796727177,0.613343336845398,0.8595610651004875,0.5968360837945939,-0.1349548631475594,-0.08225028514862061,-0.6900948509455506,-0.6921584119140625,9.87186118813719,-1.7553020803807526,-10.313506289684117,-2.6759894225806287,-7.501836555108446,2.0979996147706266,-22.238025331435338,25.710989745863976,-38.719121477415655,-47.44339807941458,7.355060507588457,3.4587849634678745
135.2399999999495,houtaitui_play,houtaitui,0.0,0.0,0.0,0.9428401493794069,21.845680467586728,21.66137394353462,-147.27593721239606,-0.005193306929856719,0.02358273353916824,-0.03390198985468443,0.007119664708674823,-0.037262152934927614,-0.027976018510460735,0.11787074703915817,0.31746919955883923,0.6304550093182456,0.6100588824996949,0.8615845367265816,0.6069444206008912,-0.13423894615867088,-0.0846849411725998,-0.6900244913493873,-0.6911477555572509,10.094904342860199,-2.179330524928692,-8.54318657644249,-3.9846002234197018,-7.6108400687298055,2.1843096437228784,-22.083381334035426,25.400185634241467,-39.666516631171895,-45.989399777259585,7.207530186016995,3.211489745566657
135.25999999994949,houtaitui_play,houtaitui,0.0,0.0,0.0,0.9424938519109656,21.835070395769804,21.637916449673167,-147.34444256796837,-0.004762867409761965,0.027098729843015208,-0.03542769417368477,0.013782163460454157,-0.039866638579223686,-0.04621836713954652,0.11681688363744827,0.3177457040814399,0.6346312148700075,0.6058849331388474,0.863713647281663,0.6164565023431778,-0.134118861749836,-0.0865193635225296,-0.6899373041688864,-0.689852188998413,10.806912225393626,-2.4616552944507997,-6.841837574788628,-5.493855306729123,-7.709888071437805,2.2344008478878408,-21.74252240139605,25.432142527311687,-40.46262040459263,-44.667986271620414,6.92073873681895,2.859044549554264
135.27999999994947,houtaitui_play,houtaitui,0.0,0.0,0.0,0.942160464175056,21.82571137953801,21.622896861360644,-147.43230479028827,-0.0046156742619398285,0.028525805645300367,-0.03389134870451144,0.02102653923851933,-0.0383664820980872,-0.06336680083664874,0.11557874900485665,0.31801701509897506,0.6380325585851908,0.600449391866684,0.8656218951892418,0.6213836159954071,-0.1343779761431651,-0.08469063341617585,-0.6897263523841093,-0.6875535954772949,11.076923875797302,-2.4732281886927674,-6.044331034035121,-7.024552393763006,-7.825844652053647,2.2746071019738343,-20.751550909581248,25.461403433176393,-40.88570137579624,-44.10725526495033,6.535644779139983,2.609436742606134
135.29999999994945,houtaitui_play,houtaitui,0.0,0.0,0.0,0.9418993841146727,21.814914283623406,21.621268046307428,-147.53278965573043,-0.005689265702954654,0.028444550570167083,-0.028164547039512267,0.02292135796857632,-0.03042813692884015,-0.07709059216552071,0.1144439476916229,0.31651630024648414,0.6399799360270712,0.5963602301130295,0.8667495163751193,0.6233981188783646,-0.1347887463319017,-0.08293956816196442,-0.6886302663412144,-0.6855878342926025,10.730543789133973,-2.1675876339854243,-5.241229252250063,-7.999815783560392,-7.957189846931553,2.3128796035045593,-19.780025119424533,25.346624539587904,-41.617623213825084,-43.88922563285374,6.149413019950431,2.4663742859733104
135.31999999994943,houtaitui_play,houtaitui,0.0,0.0,0.0,0.9417725973689011,21.796535114749194,21.63294116359366,-147.63931931652755,-0.008269755724235913,0.02690049726901492,-0.01906984269511378,0.017202444883218853,-0.021771738429210395,-0.08498795193672566,0.11409959208063061,0.3143234256671915,0.6401428914503496,0.592372306848526,0.8666666071161624,0.6244776185998917,-0.13518805054028282,-0.08253346681594849,-0.6873410395444391,-0.6852538098632812,10.154698998976473,-1.5812081360980432,-4.768123197633201,-8.610067454831452,-8.101272887967363,2.297358790460941,-18.709034811687427,25.176045183829416,-43.14532196102272,-43.58873873847169,5.941497637725759,2.4429910581134764
135.3399999999494,houtaitui_play,houtaitui,0.0,0.0,0.0,0.9418041774391324,21.776333295416364,21.650744332273284,-147.73191579915886,-0.010980247733221628,0.023245550465955934,-0.008929476462053254,0.011593838534596248,-0.012244198275171321,-0.07381401325178855,0.11492026401897158,0.31694812388711713,0.6383845500510922,0.5899193969020844,0.8654207575556042,0.6249504622468949,-0.13539790884727226,-0.0828994020819664,-0.6869878631011109,-0.6866826524078369,9.673294538327049,-1.2904457952992312,-4.721147500646437,-8.587748126687789,-8.233233770676527,2.258941932937044,-17.99048784600766,25.38317632883721,-44.110677355274994,-43.19194355881596,6.069080706273765,2.514139965899131
135.3599999999494,houtaitui_play,houtaitui,0.0,0.0,0.0,0.9419534487019137,21.762251248207367,21.669576369669652,-147.7964579558977,-0.012478697932365786,0.018474402400525752,-0.0013607944985738179,0.00817581123060452,-0.003019906438750875,-0.05152362326517358,0.11598511681605587,0.32224003719335237,0.6354689518228629,0.5922543790588379,0.8634068855964802,0.6242655899772644,-0.1354336359089586,-0.08486955165863037,-0.6869001229985731,-0.6878947724639892,9.72717931897734,-1.5889587585285483,-5.150510065811655,-7.554409073682295,-8.310599167129794,2.2095172274135044,-17.71945562239611,25.797247376623016,-43.558880926028564,-42.89417808846404,6.520222445338214,2.5787013179972496
135.37999999994938,houtaitui_play,houtaitui,0.0,0.0,0.0,0.942145535764908,21.749982652317332,21.68826884649214,-147.83780873618866,-0.012701758314562361,0.013901454355668051,0.0023007092066866268,0.0016799837279938973,0.0035532124468481974,-0.0353947936954808,0.11673353975198664,0.3241712253499397,0.6327768091436763,0.5964747008333207,0.8610505018564923,0.6215602841625214,-0.13545035140281797,-0.08780932724475861,-0.6868926806228142,-0.6883701791107177,9.709104359723117,-1.7809475774814525,-5.758353410789133,-6.330052769540911,-8.303149508604768,2.144617894529279,-17.563987850158853,25.943121394446404,-42.91676514699134,-42.9300953337844,7.043565108974852,2.6587874172907955
135.39999999994936,houtaitui_play,houtaitui,0.0,0.0,0.0,0.9423467021516935,21.732758772889575,21.704786934639195,-147.86519276186996,-0.012229019193027945,0.010235985111159838,0.004141164313100222,-0.007459726659767345,0.005244057954332375,-0.024751815398997262,0.11687993347532727,0.3211762670345295,0.6306755558064899,0.5986253556261063,0.8586069928663332,0.6184579965124131,-0.13556000044912703,-0.08869006782770157,-0.6869542754837135,-0.6901483048736572,8.944795285902764,-1.4382933451564601,-6.4109626608913475,-5.608537510866054,-8.267073661331592,2.076811915928094,-17.492706158973068,25.69891069782285,-43.095509365074065,-43.04219001340432,7.340962735172581,2.797808098978405
135.41999999994934,houtaitui_play,houtaitui,0.0,0.0,0.0,0.9425588164743277,21.712382142053674,21.713253953679384,-147.8803467564618,-0.011451510379428338,0.0074529433265940505,0.0053867086751981695,-0.013464023603400916,0.0017109385989961786,-0.012512402792527601,0.1158016996973402,0.31400194228405687,0.6286622350359972,0.5977607753524781,0.8563274221998867,0.6187069651136399,-0.13579172178741553,-0.08807622939348221,-0.6871427337990865,-0.6920082082092285,8.02998416935645,-1.1590568644853954,-6.868620781074479,-5.407027526939039,-8.230757460250326,2.0169157684262444,-17.35686996529939,25.121092933818776,-43.46625590068057,-42.60012958824589,7.299213110206287,2.859742193135897
135.43999999994932,houtaitui_play,houtaitui,0.0,0.0,0.0,0.942777049938658,21.700735037587638,21.712580999245063,-147.88485304281946,-0.01011818633097247,0.00543277616192616,0.006047563746786911,-0.0075695569920554,-0.002441722245834945,-0.0016711663310378414,0.11433420879278539,0.30795530336966703,0.6261374794148304,0.5942728009471894,0.8544398478316546,0.620479145313263,-0.13623635554613578,-0.08670885413885117,-0.6872686160382174,-0.6937059869110107,7.591954133034834,-1.1697155389217255,-6.930452363754224,-5.539566712261715,-8.215356448017689,2.0020622097948673,-17.400769876015644,24.634134421661166,-43.10099525091948,-41.971088849953375,7.1291679473944605,2.8243870340290917
135.4599999999493,houtaitui_play,houtaitui,0.0,0.0,0.0,0.9429674357830268,21.70314069140122,21.705217217249743,-147.88191361266652,-0.008304575869068397,0.003330581345039901,0.005003629923001282,0.0025895255112705455,-0.0054484526258052265,0.005583589712679396,0.11318989192839941,0.30668541208756495,0.6232139472995022,0.5909524795064927,0.8530993367245426,0.6228791561374665,-0.13683000692333164,-0.08625241667032242,-0.687352593954345,-0.6929416169464111,7.6372622191538815,-1.2913723208644212,-6.699322357758216,-5.580022698106895,-8.218528102778258,2.0119021270482467,-17.475972336451452,24.52983883364198,-42.2867887849168,-41.338727841389584,6.961130777488905,2.733846419093402
135.47999999994929,houtaitui_play,houtaitui,0.0,0.0,0.0,0.9430882575004422,21.711779001432536,21.695787808498743,-147.8754075576035,-0.006593874137300004,0.0006085104175747064,0.002333233743075144,0.005695274815712033,-0.005688312836181475,0.008190900215242304,0.11266940452846355,0.307481269036583,0.6207517092258391,0.588980623746872,0.8523009519159638,0.6246630039463044,-0.13737797688700815,-0.08686831519007683,-0.6874119745945159,-0.6914603223144531,7.717759220278447,-1.33594993388089,-6.1892740603874845,-5.5290937784060885,-8.215279176937077,2.0063207860696415,-17.247120495544227,24.59164063872976,-42.53607457257767,-40.913655709184624,6.783536741925127,2.6361723077466053
135.49999999994927,houtaitui_play,houtaitui,0.0,0.0,0.0,0.9431434682463503,21.71316513441255,21.686376171545458,-147.87712224976272,-0.005484199744072833,-0.0007431825942237411,-0.00021205075308506857,0.0009475748254590172,-0.008544364766239904,0.0006764130572387813,0.11231829436022903,0.3065552624419873,0.6193068720594732,0.5870458569774628,0.851897140619882,0.6265487756977082,-0.13803860187200873,-0.0873310036957264,-0.6875218648904312,-0.6932622899353027,7.3896029319197,-1.0783103274837094,-5.5895667494279095,-5.69654954618066,-8.192294001336396,1.981842868919213,-17.09581828189406,24.52219759622832,-44.30737237389265,-40.530775612335766,6.402143252858952,2.5491749765782776
135.51999999994925,houtaitui_play,houtaitui,0.0,0.0,0.0,0.9431870622308743,21.710569070587614,21.67124594350286,-147.8869439892134,-0.0049481751741687315,-0.0011865940328699798,-0.0006906121629807805,0.0010028979346836595,-0.016334973962980916,-0.0028797130747382277,0.11162678446640899,0.3038071331297111,0.6179753271929067,0.5823439743766785,0.8517735618560988,0.6284652438411713,-0.13956479044065767,-0.08827139735221863,-0.6876601959762141,-0.6959046830474853,6.870039369638282,-1.0659413140102894,-5.5220518892393775,-6.3096977147202695,-8.172296808500134,1.955010963450683,-17.00012802053623,24.305101573037927,-45.10721659626105,-40.18654493385382,5.976606521199131,2.503611662713648
135.53999999994923,houtaitui_play,houtaitui,0.0,0.0,0.0,0.9432399142835223,21.71320644876794,21.65768772456217,-147.90089019135618,-0.004341160632451662,-0.002008402971826897,0.0007734200854775398,0.00802540449707883,-0.014667082915165016,-0.00666997786278903,0.11118543842189377,0.30237221178427676,0.6156514009075799,0.5782789823064804,0.8516390171734904,0.6258581068763733,-0.14112362059387704,-0.08751852363348007,-0.6877903830956353,-0.6943859566986084,6.878200408767832,-1.2923450971577595,-5.84859459601885,-6.546174364571128,-8.179005505526545,1.9787716889334963,-16.773559120703027,24.19103602984055,-43.97118333747003,-40.62980956654862,5.87005893846733,2.53819514151983
135.5599999999492,houtaitui_play,houtaitui,0.0,0.0,0.0,0.9433013052934369,21.71833428900351,21.6547195318844,-147.91270976177526,-0.004841947705321181,-0.005110781165166844,0.003464200845921406,0.00795594075271955,-0.0044433764676757555,-0.008206010015185594,0.11189713391052321,0.30340128236759034,0.6124665707251159,0.5776386794099808,0.8511027305389173,0.6190496173152924,-0.1419322211322532,-0.08917421773076058,-0.6878215645429389,-0.6911463250457763,7.582251558337857,-1.071359619424641,-6.133794650310637,-6.023120350123732,-8.193259019472531,2.073105629034157,-16.482384296512134,24.27212301219953,-42.87767659347025,-41.72841443484525,6.284592478266746,2.635322254661092
135.5799999999492,houtaitui_play,houtaitui,0.0,0.0,0.0,0.9433903052187009,21.71200585297699,21.66459312608417,-147.92183582788164,-0.007004884265515923,-0.008900170994749079,0.007235488621631638,-0.004498783347468762,0.006751374210559031,-0.010125438394973237,0.11452835976406596,0.305252778610801,0.6091027149312751,0.5784087267169953,0.8498164781802501,0.6097202834138871,-0.14234445980383353,-0.09199404641985894,-0.6877771271858029,-0.6895462979614257,7.929792178848018,-0.6363873198352143,-6.362973126358634,-5.266259707133709,-8.20900810352594,2.107112304066797,-16.72119861578851,24.4203540599189,-43.07731469690303,-43.12048268462624,7.194485935837319,2.878972898740413
135.59999999994918,houtaitui_play,houtaitui,0.0,0.0,0.0,0.9435066821000818,21.68743957316728,21.67852539258873,-147.9264778381279,-0.00910175822749719,-0.011548932173496843,0.009176319731148345,-0.022387295399001694,0.010002437130267255,-0.007298755902263499,0.11729172749817887,0.30961971235361085,0.606681058009544,0.5825657930622101,0.8480372394467919,0.6046243098030091,-0.14267597411860283,-0.09381049424409867,-0.6878349380558946,-0.692100953036499,7.445041347115308,-0.4637576071516105,-6.497018656113881,-4.156458194018597,-8.178562792785087,2.0086726726208077,-17.657620321537962,24.77134651466025,-43.717978690874666,-43.68017718173561,8.043897197738154,3.1320783688412095
135.61999999994916,houtaitui_play,houtaitui,0.0,0.0,0.0,0.9436040047642015,21.653388804621574,21.682581566997516,-147.92666658024413,-0.00928348000116178,-0.012581518338432478,0.006783165709942495,-0.030360698034603232,0.0018603310734603591,-0.0006864788537517159,0.1183189134382802,0.3151678012633099,0.6059431077886225,0.5878160979995728,0.8465552946133245,0.6045598324785233,-0.14270359810239197,-0.09398054629564286,-0.6896822012191001,-0.6968948354064941,6.477984885570251,-0.6090594407698514,-7.185670020345444,-3.2138520116578393,-8.061241977942737,1.8793759003550308,-18.386842455677197,25.213544823338434,-43.169120043712255,-43.44752067307568,8.433792834327555,3.2938792676115787
135.63999999994914,houtaitui_play,houtaitui,0.0,0.0,0.0,0.9436362166536006,21.62813234494438,21.674459378970738,-147.9204115613645,-0.0074678448600925115,-0.012751541739586553,0.0022806910465527647,-0.022811847065547584,-0.005524385140079284,0.008725962981513015,0.11859073720113976,0.31941447467492845,0.6065173898217567,0.5918221112737656,0.8458370737604007,0.6027646895895005,-0.14241205335840237,-0.09225470498204232,-0.6923743895600074,-0.7010128011047363,5.763748091531138,-0.6398011721159849,-8.006786820721521,-2.6909815632813254,-7.913437235405799,1.8067634671611366,-18.578306370445627,25.54793973948701,-41.87097676067308,-43.698303709708384,8.559878042481731,3.387845510008179
135.65999999994912,houtaitui_play,houtaitui,0.0,0.0,0.0,0.9435861066265151,21.621941279588786,21.66094373405808,-147.90566312452665,-0.005517871600358244,-0.011499577875346105,-0.002684556941106833,-0.008266507478674199,-0.00638016159150481,0.01638551552578411,0.1195242135500688,0.3239872014524172,0.6082799487650005,0.5965790983686448,0.8458346659179032,0.5971449699649811,-0.14216871628822544,-0.09123922809958458,-0.6945141292917518,-0.7032079209625244,5.771375178322486,-0.7382270325730139,-8.559661863321425,-2.244221525519399,-7.737663083229676,1.7894397051570232,-19.226479479255076,25.907523587546297,-40.628710836854495,-44.763085405450354,8.758497258304992,3.417173151613916
135.6799999999491,houtaitui_play,houtaitui,0.0,0.0,0.0,0.9434612858488598,21.63151489534671,21.65200215697616,-147.89081414776678,-0.0044710842989947215,-0.00885190313734233,-0.007042665911528953,0.005055612169517228,-0.002139895929143373,0.013498488950514859,0.12130908883847134,0.32795691939756333,0.6108988866816311,0.6017021026859284,0.8462033581936359,0.5892376389751435,-0.14223110414835496,-0.08986341878771782,-0.6954936515956406,-0.704854916506958,5.998860669257383,-0.6356775564407208,-9.331056869341145,-1.8593707762575782,-7.5555428833484255,1.7891038336757412,-19.97838829894329,26.223043123000046,-39.715953614380936,-46.28098935196439,9.12773378311036,3.5157562413432517
135.69999999994909,houtaitui_play,houtaitui,0.0,0.0,0.0,0.9432718500460743,21.652790482938386,21.646977245461464,-147.88039073583272,-0.0038706689573689197,-0.005775597023513452,-0.011419160051870622,0.01660743945410142,-0.0008382855751603716,0.009085225396133849,0.12323992086377267,0.3317462924954858,0.6138978243483705,0.6072525915155411,0.8469077347117436,0.5852986660251618,-0.14261430894991997,-0.08707153350114823,-0.6962479962188427,-0.7069499005615234,6.032191104681756,-0.480112972762329,-10.181271010941737,-1.4286070042380898,-7.413166015560723,1.7829899466797416,-20.44231228470516,26.526505711197114,-39.41357354998742,-47.14241626570957,9.515923074915976,3.7107709677610106
135.71999999994907,houtaitui_play,houtaitui,0.0,0.0,0.0,0.9430054340188543,21.6838812516545,21.63964402375118,-147.87500470731467,-0.002793758984766962,-0.0028426837286361735,-0.017140686292321565,0.026451742904774693,-0.0050178696898407595,0.0062279896672844705,0.12462193677820546,0.3354778781665272,0.617189920460435,0.6133367058286667,0.8481945494003297,0.5854528632411957,-0.14274365484906498,-0.08457776457071305,-0.6976363238823192,-0.708089779788208,6.0383492065815965,-0.6605822680858067,-10.88491773885541,-0.9477997334605948,-7.3298378749949835,1.7702506630707242,-20.605780091725016,26.824563712171088,-39.16460934222155,-47.39098332521837,9.74841104953271,3.9396777118388537
135.73999999994905,houtaitui_play,houtaitui,0.0,0.0,0.0,0.9426467446286629,21.71917165572613,21.622772495699106,-147.88024988624176,-0.0012408662805648042,0.00113559599785537,-0.024595690631853212,0.03327901454319522,-0.017018435490598796,0.0007753840599187909,0.12408480241445252,0.3334829301781267,0.6213573657070987,0.6190224823007584,0.8503874294759668,0.5901822533855439,-0.14272861994651664,-0.08782473132014275,-0.6992600458307898,-0.7088071812927246,6.239062674292878,-0.9520151390360349,-10.73956091667701,-0.7419643341384561,-7.270711956184984,1.792724508812696,-20.953387998268685,26.667630115012035,-39.676034551937306,-47.001537950206796,9.519062826268609,4.022254900909889
135.75999999994903,houtaitui_play,houtaitui,0.0,0.0,0.0,0.9422099612043487,21.75424938542777,21.591697433265985,-147.89822528992363,-0.00010261758501285863,0.004861845467120093,-0.031396410309466306,0.03666741890729876,-0.03260578932584257,-0.0042955937125246126,0.12249503671007851,0.32848924721271977,0.6262495960900567,0.6184062894830704,0.8535191919683979,0.5962887343416214,-0.14272900749561457,-0.09320107400417328,-0.7003966359790134,-0.7075433244049072,7.097794381648138,-1.1047489435216933,-9.885228142400987,-1.786711801106562,-7.238229845290404,1.8749127122358609,-20.94350816328701,26.27066204438613,-40.63269742610432,-46.53811212447325,9.033017204279819,3.909744988664789
135.779999999949,houtaitui_play,houtaitui,0.0,0.0,0.0,0.9417650873164566,21.781899705170996,21.55781769281043,-147.93584427708902,-0.0005186669689886108,0.008403437559582437,-0.032747320552297426,0.03604759847617546,-0.03917431735821828,-0.019396059241600018,0.12181231288637806,0.32594817639047036,0.6304478760695245,0.6107376452932358,0.8567348370826491,0.5985577192554474,-0.1429013006500349,-0.0944989874958992,-0.7005945197136628,-0.7034492005645752,7.969135585595401,-1.0995604666082952,-8.835390138084767,-3.8667795526895334,-7.281496431503425,1.9660792553500712,-20.045234343417597,26.073179198191237,-41.28461208649326,-46.71525027091012,8.759485333222019,3.801982072314848
135.799999999949,houtaitui_play,houtaitui,0.0,0.0,0.0,0.9413771476600375,21.801905710988382,21.53356193228112,-147.98570375279786,-0.0022865585482217754,0.009975833658708905,-0.02936820640145694,0.03296016610778041,-0.03363160571535548,-0.031152072868654505,0.12210950876196928,0.3282124419427398,0.6330490968070641,0.6050453719148636,0.8592149052180361,0.6006023075828553,-0.14319489798728438,-0.09293700307607651,-0.6999333914921197,-0.698131750994873,8.44637650743779,-1.2651051519094825,-7.929142532265646,-5.237318606282202,-7.403706263019563,2.0274814011230595,-19.069018318001277,26.25743129418387,-41.292552640393765,-46.73877431960708,8.804150120935397,3.7748247051515156
135.81999999994898,houtaitui_play,houtaitui,0.0,0.0,0.0,0.9410489990281864,21.815832873137598,21.52684296684703,-148.04053268153604,-0.004386610965206185,0.010462101254896697,-0.0252119274121598,0.029243697245950585,-0.020113610747303792,-0.04011773380556821,0.12260556303754092,0.3309307481606405,0.6345817508260105,0.6046154585132599,0.8607418040919136,0.6023927417049408,-0.14348005544984455,-0.09074051231145859,-0.6979652263250402,-0.6942598332702636,8.406670799986383,-1.5645302909245462,-7.173598934528141,-5.5115540485597005,-7.531463701216938,2.0577375289527753,-18.763146136265746,26.478843500630937,-41.005473616837975,-46.61893227577797,8.966622005609926,3.7851242818877666
135.83999999994896,houtaitui_play,houtaitui,0.0,0.0,0.0,0.9407732881505972,21.82453451064719,21.536858477259823,-148.0971688706396,-0.006215285503980241,0.01085794083854429,-0.021398298945557354,0.02525138823614616,-0.007503178795814263,-0.04696057992789141,0.12295518556745207,0.33033946327478625,0.6356653469173132,0.6058860805282593,0.8614446243909136,0.6036901411066056,-0.14364498868579645,-0.09014027491211891,-0.6956337001726122,-0.6926247586547851,8.291285427461602,-1.613672230020893,-6.742763953102671,-5.444327438229292,-7.621975595827554,2.0744887245160784,-18.841636989013598,26.435876520175764,-41.23656306192099,-46.449144578462025,9.14457315779228,3.8006872571741455
135.85999999994894,houtaitui_play,houtaitui,0.0,0.0,0.0,0.9405499068192016,21.830882957555207,21.55395364722683,-148.15180553338993,-0.007707421025244168,0.010834653326781574,-0.01842236171734544,0.02266685398665378,-0.002219568973513112,-0.04656230581088111,0.12248412991066478,0.3272921342561207,0.6365667234351119,0.6058278169879914,0.8616674295230566,0.6081004377851487,-0.14373211876612124,-0.09134373366832733,-0.6943448697235669,-0.6932014931976318,8.309655407550846,-1.468170360388296,-6.408202293880664,-5.6027967317834655,-7.666379842114978,2.086177824596713,-18.984189816736592,26.195817594478566,-42.0053313549022,-45.658831375166116,9.159137884998614,3.7425150930512534
135.87999999994892,houtaitui_play,houtaitui,0.0,0.0,0.0,0.9403736422003994,21.84539830185795,21.566023428053565,-148.19386994152794,-0.008526529860205733,0.009899922429607876,-0.01645166113435366,0.026923025912715996,-0.003198664788430221,-0.033765347225900334,0.1212951100879214,0.32421825692733297,0.6371287279183695,0.6046629783163071,0.8618533001065388,0.6134277817258835,-0.14379354129125158,-0.09291032627224922,-0.6940501159881196,-0.6938449849426269,8.323291166512846,-1.481959915665311,-6.251696973559453,-5.887047941201761,-7.681836447682693,2.0894380752191837,-19.111608091828103,25.948175772626172,-42.48831639041142,-44.730718934786225,8.95713161520377,3.6004487037927064
135.8999999999489,houtaitui_play,houtaitui,0.0,0.0,0.0,0.9402386838335473,21.871718592364356,21.56901294431182,-148.21812780070894,-0.009201932718562535,0.008158208108507403,-0.014692135471264592,0.03129810263460046,-0.005139971935646895,-0.016997626840140563,0.12044781839514404,0.32150686058545375,0.6372360809380854,0.6034072723636628,0.8621096441949042,0.6156484421739579,-0.1438371119824655,-0.09419293999671936,-0.6938875898395069,-0.6932658662139892,8.618030081743793,-1.552263433361805,-6.2906284598151085,-6.095434550889811,-7.682274730771805,2.0929525824145028,-18.89750420523677,25.724695615141666,-42.84768353395591,-44.38264868014334,8.771953356976967,3.474309929522954
135.91999999994889,houtaitui_play,houtaitui,0.0,0.0,0.0,0.9401515491939076,21.903542804594927,21.566032231663613,-148.22512476390924,-0.010379670122622338,0.006045293302130307,-0.012022296919583873,0.029723249176292287,-0.004333855823952757,-0.0026112866178951057,0.12023684323564215,0.31946658036681197,0.6367551415330602,0.6015202042112351,0.8622138079790201,0.6149352427968979,-0.1439410069262863,-0.09401348531246186,-0.693553354740267,-0.6926352490722656,8.666340127553466,-1.4066214907984045,-6.369319280000012,-6.304984980941521,-7.684530802050467,2.103575955786304,-18.571807480638267,25.555774621324638,-43.15305057166086,-44.51739591306842,8.699601423036007,3.446759832421441
135.93999999994887,houtaitui_play,houtaitui,0.0,0.0,0.0,0.9401156684718169,21.93506375363329,21.56152073652106,-148.2170198126028,-0.011870893432299185,0.003593638595326628,-0.00883090903666705,0.024070959060986424,-0.0005835531154392711,0.008935773539145027,0.12127291496066,0.3211571994824045,0.6355853881432968,0.6019708749303818,0.8619198627338486,0.6106523063430787,-0.14398418884921765,-0.09294873774051667,-0.692802671177044,-0.6908077706634521,8.676363712635304,-1.2778522900510572,-6.7497805039737235,-5.960953349359302,-7.701784608204671,2.106396712799009,-18.295326793422916,25.684479926344345,-42.82176641482876,-45.20610246582306,8.951172837508393,3.5434166558405806
135.95999999994885,houtaitui_play,houtaitui,0.0,0.0,0.0,0.9401167554933111,21.955173834875787,21.559865383150505,-148.2038861290393,-0.01344926659947368,0.0023893960782129507,-0.006627773294747278,0.011552513001820626,0.0030623682062765564,0.010391989901657638,0.12327426452302553,0.3248359550414288,0.6345288729743681,0.6063668664941788,0.8611108183821596,0.604791724349022,-0.14382224239994554,-0.09248546063899994,-0.6921868234519648,-0.6893851270019531,8.654367737848716,-1.1803990834594986,-7.020595787309662,-4.990462847203033,-7.697536198968362,2.088623679296818,-18.387074825977287,25.976699300535547,-42.67642448037335,-46.07663260600648,9.49866903102279,3.6864520138590517
135.97999999994883,houtaitui_play,houtaitui,0.0,0.0,0.0,0.9401220863358618,21.959022643418713,21.557690381273996,-148.19176733316127,-0.014221071028766439,0.002164374533755302,-0.006936198003760341,-0.002161527901048254,0.0014851705572527657,0.010035755367145249,0.12456920910238874,0.32709904366017706,0.634371344417625,0.6122572210083008,0.8601076551457602,0.6031021561870575,-0.14372940500186818,-0.09294570535421372,-0.6919449705608546,-0.6912619580566406,8.252008949603141,-1.1175385807639502,-7.269173341355556,-3.9703001485992333,-7.660384099212917,2.053447980670751,-18.763900441174396,26.158470677472568,-42.79041921137997,-46.185831783983154,9.942737166532945,3.7825203479958147
135.9999999999488,houtaitui_play,houtaitui,0.0,0.0,0.0,0.9401000298263339,21.954856472021646,21.54866327270206,-148.18247714575392,-0.013707015269938692,0.0030251570096068905,-0.009666023148743307,-0.006965169501479122,-0.00552440244070459,0.009983847998414175,0.12486649142680609,0.3275571015138783,0.6353437883929758,0.6164363261709214,0.8594232220048277,0.6042960819253922,-0.14373172521834618,-0.09295752197504044,-0.6919186638616682,-0.6951074113189697,7.731028481305079,-1.150831014570118,-7.691952581910877,-3.4792642791894135,-7.580509425101277,2.010606196692862,-19.156310605352786,26.19598571590005,-42.65552111001522,-45.870941523624595,10.124799887992232,3.832779153554757
136.0199999999488,houtaitui_play,houtaitui,0.0,0.0,0.0,0.9400334817308913,21.95102852649043,21.53070614056155,-148.1783690878455,-0.012521083131015137,0.004305734378873707,-0.013212479779752515,-0.0041386062098428475,-0.014380438674595193,0.008716530694739738,0.12530770955999035,0.3277928541643339,0.6370208545487769,0.617986702586174,0.8592662964153662,0.6033607658395768,-0.1438088179276595,-0.09226861149072647,-0.6920158917651595,-0.6981274594604492,7.577172356313421,-1.1554416011198936,-8.200898125273147,-3.5556390090156844,-7.509296400129425,1.988707903615764,-19.188779279535844,26.21426003640316,-42.03795234060411,-46.05177603386057,10.32885572195446,3.904171397144993
136.03999999994878,houtaitui_play,houtaitui,0.0,0.0,0.0,0.9399354115107371,21.95048193959247,21.50659186162046,-148.17768956161575,-0.011607940609248971,0.005364756831531534,-0.015531837197933098,-0.0002938596256738537,-0.019916631353446228,0.008479272364745554,0.126137283510932,0.3272670408218319,0.6386172928713165,0.618897923494339,0.8594598957670747,0.6006572183618546,-0.14391201051929592,-0.09075467959046364,-0.6921754287762841,-0.6997229565917968,7.412451403995195,-1.0609762596989227,-8.675021226371145,-3.6714518545489567,-7.495187458940482,1.972483178654959,-19.08206677974543,26.17054898337922,-41.415183089846394,-46.59883460183051,10.615922484737192,4.041120615576663
136.05999999994876,houtaitui_play,houtaitui,0.0,0.0,0.0,0.9398183171856026,21.951626080554764,21.47470922133217,-148.174906295252,-0.01118654133036824,0.006395634677360863,-0.01765507112983828,7.155668560259267e-05,-0.025705870603140245,0.013306781800391083,0.1266584720885215,0.3261318415498028,0.6403157492831927,0.6213823642978669,0.8599727677746262,0.6003830966005326,-0.1440684807769585,-0.09268098250031472,-0.6931435534592992,-0.7022387494384765,7.275137788193754,-0.9313544395465976,-8.390135592320673,-3.538280959949608,-7.492322807687237,1.972476345577714,-19.34380617548649,26.077674690761988,-41.79322916869141,-46.76502663693586,10.777041046130128,4.120609208548889
136.07999999994874,houtaitui_play,houtaitui,0.0,0.0,0.0,0.9396931422234247,21.946815167931383,21.436611885385847,-148.17430898305315,-0.011321104223562112,0.007209511975324082,-0.018947421727568373,-0.005284025935404822,-0.03135574941085774,0.01257086943667904,0.12723797526079195,0.3247875061221187,0.6422822500019494,0.6220976796398163,0.86062514796669,0.599507265950203,-0.14425037190222242,-0.09524235054850579,-0.6946628458066467,-0.7025823106109619,7.693391327623891,-0.8467762677965126,-8.1436811634064,-3.783239015174312,-7.487681514607691,1.993173108993165,-19.134210128241588,25.969148861743783,-42.097191074060405,-47.050849693066944,11.025300387376255,4.142378182282228
136.09999999994872,houtaitui_play,houtaitui,0.0,0.0,0.0,0.9395712828504451,21.934750831038524,21.39732228979049,-148.1775715797397,-0.011571361610252502,0.007383240987318124,-0.018856638219392666,-0.010079508785481736,-0.03284253396862656,0.010131703283912151,0.12779206984290978,0.32439104293353893,0.6441410358869968,0.621076279545784,0.8611970791267524,0.5988667395362854,-0.14432412909249406,-0.09467782005667687,-0.6953216605674586,-0.7014595975219726,7.810349920923727,-0.9655096620393167,-8.182272080413115,-4.292377374119232,-7.49493210356739,2.0079568544621944,-18.61295826737358,25.937397717200348,-41.5445352685149,-47.263192897562966,11.369303595256786,4.167898273100052
136.1199999999487,houtaitui_play,houtaitui,0.0,0.0,0.0,0.9394611027543635,21.921068702330757,21.359058978191534,-148.1782148734324,-0.012140901140392985,0.007152861802956301,-0.018156409182305332,-0.01197699770756848,-0.030796951530896788,0.012529884641628011,0.12811226436136974,0.3233022070276973,0.6457975474421719,0.6211256843457222,0.8616043721201991,0.5991763260612488,-0.14437130697625897,-0.09400388151407242,-0.6954881299851013,-0.7013020028411865,7.36474261162377,-0.9587301843512941,-7.963788303639473,-4.567206614202356,-7.501650130969822,2.014473652203424,-18.234084593687363,25.84899416529477,-41.37558425079896,-47.2685433789237,11.594564476254174,4.222883817177931
136.13999999994869,houtaitui_play,houtaitui,0.0,0.0,0.0,0.9393910947181362,21.907816849213898,21.32138157090875,-148.17243497653172,-0.013403911736821586,0.007169790918785144,-0.015974938695894315,-0.0136841024114682,-0.028462425669385255,0.017350132354280824,0.1285985348381881,0.3192918695906992,0.6470006155583122,0.6197980653891564,0.8617241070031738,0.5993187662611008,-0.1445295212086938,-0.09256651550531388,-0.6956052691754545,-0.7016725053131103,6.647185450671262,-0.6525503193495383,-7.6148853144567274,-4.986045481842185,-7.5065157598643495,2.005699423993582,-17.777814826968147,25.527118239763247,-42.23794803357428,-47.24139382442175,11.737777962382957,4.361192183378022
136.15999999994867,houtaitui_play,houtaitui,0.0,0.0,0.0,0.9393542326999013,21.89997279681144,21.28410464645385,-148.16547722889396,-0.013915737337937212,0.008564233542107832,-0.015059511882317664,-0.008227358830446183,-0.028089366805537835,0.01719017447195945,0.12831707870314973,0.31733262784803606,0.6479123819746749,0.6197472300777436,0.8617441776750797,0.6029846009263993,-0.14479843768589962,-0.09240800812840462,-0.6957361401676981,-0.7021362294494629,6.196769730212706,-0.8567107197180048,-7.069982385892777,-5.1382378743630746,-7.501944287848105,1.9889271391720689,-17.934930284209393,25.37136128311823,-42.502750527343096,-46.57864723626017,11.770893443523759,4.356223521913506
136.17999999994865,houtaitui_play,houtaitui,0.0,0.0,0.0,0.9392912775436071,21.89892295059024,21.25050897585861,-148.17051055039596,-0.013031146012754471,0.010977435587579925,-0.01730444873096036,0.0019152883770362826,-0.028871031031076202,0.005259079894678004,0.12676597183013258,0.3170424156074435,0.6491216146371996,0.6216545712599755,0.8619707458625114,0.607339062953949,-0.14497588653063023,-0.0951202318072319,-0.6958735083098494,-0.7011203278839111,6.497753990117131,-1.3838726738148086,-6.941772133081781,-5.037256279615381,-7.494201570584662,1.9784783122830574,-18.201000631154848,25.353308108527088,-41.59908133133842,-45.85036147859432,11.583848166150325,4.168351261543943
136.19999999994863,houtaitui_play,houtaitui,0.0,0.0,0.0,0.9391876578591403,21.905778601472203,21.2215096769693,-148.1817287734754,-0.012294966700493709,0.011434151837040834,-0.018959036833208823,0.010555765503981933,-0.026496868385135736,0.0005168942082953067,0.125430838523154,0.31486918945747944,0.6503279577037274,0.6202714827308655,0.8623610304874205,0.6080289420137406,-0.14536802302927057,-0.09567231982946396,-0.6958793470933561,-0.6990680207550048,6.795103303641666,-1.2793653047992657,-7.138465526437227,-5.501388623926977,-7.499232478104265,1.9785290554524813,-17.746368050846346,25.180809297518277,-40.983053266301404,-45.809058001650406,11.350918086548692,4.066759240772642
136.2199999999486,houtaitui_play,houtaitui,0.0,0.0,0.0,0.9390891948878133,21.919785107854565,21.199672503108935,-148.18845694564945,-0.013055816816129369,0.010504488617035967,-0.01739847632260189,0.01465372756205096,-0.018434117806072032,0.0023572387976891745,0.12567768266958812,0.31255047791131507,0.6508345766948569,0.617603541577816,0.8625077491477537,0.6052930590162278,-0.14584083558889752,-0.09477109387516976,-0.6957828777501512,-0.696516703540039,6.9087242461054945,-0.8626340963368633,-7.171875285258573,-6.019598977042357,-7.528419066280566,1.9960196841898281,-17.46552763536508,24.994995949667192,-41.39502380579113,-46.308388855590614,11.344226411857543,4.104382596330833
136.2399999999486,houtaitui_play,houtaitui,0.0,0.0,0.0,0.9390302982808806,21.932472201186116,21.18441057108796,-148.18715964652455,-0.014710238200332303,0.008965067046890738,-0.014360818153196248,0.009727804389672865,-0.011164922768703006,0.006065678161924433,0.12677705923237897,0.31169823222438586,0.6507952771916998,0.6169865962514878,0.8621901570831361,0.6037460949668885,-0.14640040233166804,-0.09479025676846504,-0.6956206745941057,-0.6957602013885498,7.0180689276471915,-0.5025958704815932,-6.874271703113217,-6.083358118851202,-7.557241937460189,2.0117602624048914,-17.231620905520582,24.92660034658687,-42.75182699759298,-46.49632862740257,11.523981468402148,4.1791213487649745
136.25999999994858,houtaitui_play,houtaitui,0.0,0.0,0.0,0.93902376470529,21.937697601916767,21.172027901578666,-148.18247463624445,-0.016527492991553826,0.007902465398896882,-0.011352990011423097,0.001846251473111999,-0.008381335874721728,0.007843438394357726,0.12752471972289367,0.31143077364671257,0.6505392413256986,0.6166300263652802,0.8614248639299673,0.6047524746904374,-0.14690980363181882,-0.09498941078782082,-0.6954968521186402,-0.6960489262878418,6.835118101795222,-0.433262580491346,-6.5958479922048125,-6.085343981349527,-7.556251330990109,1.9959539080910635,-16.92403406689902,24.906401820888238,-43.79876743455996,-46.14354550100862,11.720462983786362,4.231679294157177
136.27999999994856,houtaitui_play,houtaitui,0.0,0.0,0.0,0.9390390643744743,21.937864454486075,21.160005513237287,-148.18117565235806,-0.017085473718393994,0.00808002508894495,-0.010701227633277082,-0.0003280988759127965,-0.009603171506412317,0.004268073988821977,0.1277522818138238,0.3128537436505896,0.6503985245408764,0.6185971733579636,0.8605124680877346,0.6059344645986557,-0.1473559750580523,-0.09581117630004883,-0.6953568139399192,-0.6954018582641601,6.715132923782374,-0.9480133185239425,-6.699293548792925,-5.71443710811732,-7.549488574457088,1.980265955616868,-17.064081061096523,25.022014648507398,-43.401785850162966,-45.75513261045601,11.902437596162727,4.208467208737109
136.29999999994854,houtaitui_play,houtaitui,0.0,0.0,0.0,0.9390353186096276,21.938192284296562,21.147548064171396,-148.1855889809003,-0.016604790319170566,0.008387995480444835,-0.012054656010382865,0.0019469465212124631,-0.011646804293738806,0.00040728945286300266,0.1277508448331442,0.31494061342382873,0.650575416967604,0.6216737863073349,0.8597378248178124,0.6050276693353653,-0.14771242458544093,-0.0962961345911026,-0.6952079104089419,-0.6950873841583252,6.789768775042587,-1.2781378125548546,-6.835582508634976,-5.216570251242984,-7.541994913969949,1.9793653028953249,-17.429670347286788,25.190354831179697,-42.444394360887266,-45.788687557236166,12.017544991344979,4.154613724440652
136.31999999994852,houtaitui_play,houtaitui,0.0,0.0,0.0,0.938999416463312,21.940676400979488,21.13279713741892,-148.19187887115172,-0.01635695058833795,0.008060554095933233,-0.013947902524203552,0.004485999605887124,-0.01413281966182602,4.039325814742239e-05,0.12786669094676578,0.31520112943025413,0.6511551328066997,0.6236960675964356,0.8591919544024654,0.6028103020439148,-0.14789926185258537,-0.09622612148523331,-0.6950899498442225,-0.6958744038879394,6.749287152404855,-1.1225376065499786,-6.98809456338082,-4.9876849096576,-7.525669643237703,1.9761662095662331,-17.613277645816876,25.210656157040756,-42.16994436548893,-46.10706585328553,12.055564407695668,4.169494226236576
136.3399999999485,houtaitui_play,houtaitui,0.0,0.0,0.0,0.9389496895813999,21.94362960541999,21.116973155996938,-148.19859818049548,-0.01684601303042272,0.007592160061961705,-0.014621864520080699,0.004573650439600497,-0.01485075725112393,6.054185183866287e-05,0.1288503882510012,0.3151128157331131,0.6518165573948377,0.624458925093174,0.8586912714723169,0.5988524940261841,-0.14792054860736614,-0.095562032610178,-0.6950043661610875,-0.6964144219696045,6.691017696218672,-0.7908966313426644,-7.275624595215177,-4.975127956958088,-7.517137009356592,1.9762220842665736,-17.612451407726017,25.20298865996738,-42.20414126339972,-46.73310892856951,12.24984912272681,4.2784011594171
136.35999999994849,houtaitui_play,houtaitui,0.0,0.0,0.0,0.9389048221636256,21.9462616999217,21.101302352858752,-148.20473365756746,-0.01765954855351405,0.007869112539956591,-0.014663670014477052,0.004218272274829326,-0.01449431393641727,0.00036006077858135796,0.1306205635273493,0.3171903737370759,0.6524470586417024,0.626691975856781,0.8580944157509205,0.595042863155365,-0.1479100059683103,-0.0947293370962143,-0.6949554505279567,-0.6971220483123779,6.601809410079173,-0.6796072561246465,-7.542033658567265,-4.684547973660831,-7.5104133665593045,1.969705369871494,-17.788313979807977,25.36859261486854,-42.20663801288882,-47.30432942152764,12.640036335530386,4.424177232041398
136.37999999994847,houtaitui_play,houtaitui,0.0,0.0,0.0,0.9388504408927377,21.94747760041981,21.08317320072351,-148.20997977937427,-0.018074918874131318,0.008417235922268704,-0.016133212790915445,0.0023890664644504534,-0.016607583499903017,0.0023036709275675296,0.13246263622702598,0.32689135331714525,0.6535409976419149,0.6317849841365815,0.8575492763153141,0.5926307972917557,-0.14789191791446452,-0.0942340299487114,-0.6949706800759011,-0.6987595071136474,6.6516368997283015,-0.6871151777232326,-7.977911006697154,-4.00109201618312,-7.4818395576235925,1.9581979417586204,-18.093390127767083,25.63910217016813,-41.898559710309925,-47.644056707616805,13.102205600548002,4.548037975614329
136.39999999994845,houtaitui_play,houtaitui,0.0,0.0,0.0,0.9387496328149428,21.946950753959324,21.060823841241437,-148.21295725645015,-0.01796862041403187,0.00909468022832257,-0.019769523434257683,0.00022434882648514863,-0.019289829922198125,0.005572194358784506,0.13427070767015106,0.3386280024923546,0.6558095396351638,0.6393555041799546,0.8572744176114033,0.5883921917924881,-0.1478099643366455,-0.09306190088391304,-0.6950337642492284,-0.6999814023315429,6.6345611093742995,-0.7689973744839335,-8.669654954509188,-3.1375587474571303,-7.4154748550495,1.9347652230237828,-18.588499129528575,25.881567814107143,-41.000111400728386,-48.377848021104704,13.568487603368425,4.663210101121488
136.41999999994843,houtaitui_play,houtaitui,0.0,0.0,0.0,0.9385919662747897,21.943010173485114,21.032584235035642,-148.21763737664145,-0.017851976031713488,0.010608103053571828,-0.02417404361127269,-0.0024041474015732422,-0.025079134032845035,0.00558810940835709,0.13587122538622876,0.34827110216261903,0.6593606044592312,0.6469346892485619,0.857344835783603,0.584319272304535,-0.14760220828311263,-0.09321988299489022,-0.695241846608208,-0.7022580613433838,6.583829125139947,-0.6409351732651625,-9.588512478559784,-2.5110760460681067,-7.327182819256837,1.894153542266438,-19.008935837361115,26.064318226913326,-40.57709591249916,-49.14951276354999,13.950751656260287,4.790153295836041
136.4399999999484,houtaitui_play,houtaitui,0.0,0.0,0.0,0.9383881864665381,21.93795102266972,20.994376273220364,-148.22171139593422,-0.017655966362443164,0.012525544654746286,-0.028532406967839864,-0.0032712130761590537,-0.033198888934567454,0.010272001303554741,0.13783981744216578,0.35744393362136084,0.6638205794633313,0.6548802715191842,0.8578284628319927,0.5797863539705277,-0.14726068347048774,-0.09325024783611298,-0.696201978349758,-0.7047607411682129,6.396332572168414,-0.5081999986649292,-10.596159094562504,-1.9527228746320286,-7.239413803744249,1.8465242266809412,-19.359820068945297,26.263676370658725,-40.264572176160044,-50.084051159450084,14.312636159938533,4.984330573412791
136.4599999999484,houtaitui_play,houtaitui,0.0,0.0,0.0,0.9381231594880443,21.931412171650265,20.946509131507735,-148.22820600819867,-0.017129380558311907,0.01538555463684986,-0.034146674337952015,-0.00392379759790433,-0.041766744272199945,0.010644293532920904,0.1401546370902827,0.36982861742882045,0.6690736228870122,0.6647841271409989,0.858767464977929,0.5751188185462952,-0.14686588912802423,-0.09229936003684998,-0.6969637363708788,-0.7048937787353515,6.306157475864066,-0.7836096112826918,-11.824805440679265,-1.176078018275561,-7.175809128716931,1.813623904532386,-19.506299600977083,26.529475770503858,-39.0134261720492,-51.12773257677683,14.801941682074641,5.1974517879610715
136.47999999994838,houtaitui_play,houtaitui,0.0,0.0,0.0,0.9377655753452933,21.919237710190178,20.89207244380302,-148.24574847076286,-0.015960921480484884,0.019106247887641446,-0.04131528670565392,-0.005484015479800452,-0.05047172373879449,0.0030361181864155488,0.14254889516788974,0.38463365460559035,0.6752091185930171,0.6749281820306778,0.8602154428349653,0.5718385216245652,-0.14639740026017994,-0.09284819215536118,-0.6972215986100143,-0.7036754597961425,6.534064155939769,-1.057548250316545,-12.944955592591437,-0.521620981288703,-7.160144376370056,1.8152129426067154,-19.521210978336352,26.754009563096947,-37.73422776107,-52.01644583369435,15.388131620598022,5.381995706874252
136.49999999994836,walk,walk,0.0,0.0,0.0,0.9373661920120658,21.905914560217443,20.829050339927523,-148.2755008153424,-0.015446016566447885,0.023749468922553904,-0.045590389140019213,-0.0016847066675145066,-0.06155234037487315,-0.0025787999879112664,0.1426800460044513,0.3847684038403307,0.6810727582141987,0.675034237290416,0.8619249705414819,0.571673177393918,-0.1460391129552765,-0.09272398458016816,-0.6973333781726397,-0.7023509844465102,6.559181552299404,-1.045489288957245,-13.294911760805139,-1.5325581410781743,-7.20428975190152,1.8182515230117218,-19.59082931147181,26.630459593350686,-38.051373185210856,-52.37529032474495,15.398370441880825,5.378582489510141
136.51999999994834,walk,walk,-0.0,-0.0,0.0,0.9370173153143998,21.88921141958387,20.757257706667726,-148.32758890548487,-0.016262314638776143,0.030790248098849584,-0.04604463543267413,0.0019897287071508323,-0.07606113610222397,-0.018277577696555768,0.14274108548127992,0.38442016328153805,0.6855981893223236,0.675725385993666,0.8635905111467002,0.5705964142835007,-0.14591934540368323,-0.09191423099234848,-0.6964097604403214,-0.6937216159139648,6.6213204889830175,-1.0317191903040595,-13.428243197797276,-2.1200923578575894,-7.300147484719696,1.8206832982277181,-19.96080555936838,26.462104220603177,-38.7584227570376,-52.86210698605984,15.38908456929123,5.348749117884022
136.53999999994832,walk,walk,-0.0,-0.0,0.0,0.9368171011394677,21.85802032444656,20.673638121262094,-148.42341852305677,-0.01864978415637492,0.04194355269797657,-0.043320564976573314,0.0022337727476620522,-0.10057911360269714,-0.0497229140372721,0.14272088474799433,0.3831037941402492,0.6882640411107612,0.6774743690712358,0.8649433939962482,0.5679158118834534,-0.14609563024386943,-0.08988948293571168,-0.6876864592223778,-0.6721636486934456,6.753529415772337,-0.9800296169248058,-13.34319894075129,-2.142317945155049,-7.367421494131928,1.8210846901571474,-20.844897679039963,26.25403612869985,-40.09103331262864,-53.568041318435085,15.335946360188343,5.267454005254564
136.5599999999483,walk,walk,-0.0,-0.0,0.0,0.9368705779538761,21.789862930257012,20.562981890923194,-148.59348957652946,-0.022546216762232885,0.05782762522012031,-0.0384986914490395,-0.008756482003681114,-0.14836901092347315,-0.10047012367896521,0.1427636783109115,0.3806857737526404,0.6889676072320715,0.6807096356035295,0.8656465802153674,0.5631601046431199,-0.1461796096600291,-0.08630273994432601,-0.6659038163660987,-0.6337040246240722,6.910801890750643,-0.8672446850609759,-12.946058093536578,-1.5300037621787599,-7.335858632119724,1.8170967905654822,-22.4659605402961,25.989771486920482,-42.11722440621848,-54.50057671747572,15.24364184890646,5.127360699271195
136.57999999994828,walk,walk,-0.0,-0.0,0.0,0.9372790698788065,21.64808502814161,20.402232617849837,-148.8789410221709,-0.02798225197475201,0.07968158507284814,-0.033164303182019496,-0.04112103058822077,-0.22823928527694412,-0.17544866745669294,0.14308254249624233,0.37683468995652236,0.6883697564254954,0.6859408272466659,0.8655848805324106,0.5560762757453919,-0.145734137296848,-0.08100213946342469,-0.6275009463345284,-0.5758736376416206,6.989091905820211,-0.6710678349393256,-12.163724908666905,-0.38247210872559595,-7.105407858141351,1.7955978887827695,-24.92730167105302,25.707379393642146,-44.69904193210657,-55.70759583911351,15.08665397374233,4.910585783072075
136.59999999994827,walk,walk,-0.0,-0.0,0.0,0.9381455324598432,21.390253707782186,20.162492325853123,-149.32339788069913,-0.03515626561051453,0.10870917241873658,-0.027871322495948814,-0.09851478072939372,-0.34445966270482264,-0.275836153676825,0.1438330412396199,0.3712668945849309,0.6875938149943501,0.6938950999802872,0.8646097385881385,0.5465436852961472,-0.14448584439916137,-0.07408482880492173,-0.5698593162330309,-0.49757148307275384,6.885207046201382,-0.3724355319472318,-10.859924622405126,1.2061839826661485,-6.6188972506078,1.6540135766426738,-28.296916057549335,25.45732933941321,-47.517599146828466,-57.17892658347872,14.854948614405881,4.602789877822383
136.61999999994825,walk,walk,-0.0,-0.0,0.0,0.9395627800231756,20.978774820659158,19.81251065600867,-149.96116140824924,-0.04396076259344722,0.1447610071718512,-0.023248787197365638,-0.17984448078517984,-0.4945934970353465,-0.3935827343702105,0.14501828817412074,0.3628522946677845,0.6880864717275914,0.7052227199099397,0.8625151367645912,0.5344354066993958,-0.14227384307116525,-0.06594668947264098,-0.49161816004273584,-0.3989222618438403,6.456092948442171,0.04111837603330165,-8.988604364598356,3.0630664652801576,-5.811466771416006,1.3386727378129015,-32.53827614232174,25.282835830300947,-50.16144959054261,-58.8967589271879,14.505504807676498,4.19132122513549
136.63999999994823,walk,walk,-0.0,-0.0,0.0,0.9415806843326987,20.390172606662368,19.318336895630093,-150.80350718762656,-0.05355890378071644,0.1862147821461295,-0.020987752559091813,-0.2809841187296147,-0.6724492351895377,-0.5117943761220458,0.14651025982976681,0.34970653007136365,0.6918041663225188,0.7210850497572403,0.859169294155916,0.5197833368886277,-0.13920572008775975,-0.05724990717020491,-0.39277459948903237,-0.2811156623973142,5.543396359547865,0.5502239999105268,-6.633100479143365,5.003446712358237,-4.604017448101479,0.8584444733879254,-37.5804655344191,25.191515979324322,-52.20859660452486,-60.836838926698725,13.964154786858245,3.658546457370613
136.6599999999482,walk,walk,-0.0,-0.0,0.0,0.9442158527115817,19.626347131086227,18.648422839788324,-151.83231841378898,-0.06322589375494396,0.2319409750690676,-0.02125027524151911,-0.38834677081701274,-0.8660150827069919,-0.6113434850702583,0.14830891269252805,0.3519127292748305,0.7041128376835524,0.7432541818840318,0.8544750516103194,0.5025623223354889,-0.13573309357299657,-0.04878224702105713,-0.2745506878259978,-0.14628098319770544,4.115378508310896,1.082068262503123,-4.102699159370569,6.067671737718397,-3.099322393816199,0.27988354520948466,-43.36371805896355,25.158736799865814,-53.26294389640898,-62.99016011496841,13.183612117298486,2.9675882561152376
136.6799999999482,walk,walk,-0.0,-0.0,0.0,0.9475023777610542,18.727366496183922,17.773551898394523,-153.0079441930084,-0.07119992745351957,0.286964912433493,-0.02342200915633011,-0.4744880859666093,-1.0685667922132989,-0.6790165556567592,0.1506754931275473,0.3663634432606509,0.7320463393407248,0.7717170257196426,0.8482279321398547,0.4818644888792038,-0.13283957354764975,-0.0409260846877098,-0.13921621898622805,0.002608682011413732,2.548729545159597,1.3851617283197888,-1.6068941581825653,4.899032985303636,-0.7272783947964468,-0.1646817930694458,-49.484956206954074,25.112309012023612,-53.0912964391599,-65.4735093053685,12.28957189957609,2.104218845315431
136.69999999994818,walk,walk,-0.0,-0.0,0.0,0.9515752867342161,17.77897308715347,16.67457014468616,-154.25224541100246,-0.07813053528178746,0.3484510588538775,-0.019083542142876345,-0.5096313484459822,-1.2611679656647246,-0.6850196453408991,0.15411627542548512,0.3826195897701973,0.77611702423751,0.8095489316072509,0.8396924875675044,0.45751109328034667,-0.13159842278869235,-0.03443054424500046,0.010125236212120595,0.16188602167585525,1.6151433247193556,1.1881762123135216,0.9201846967270979,2.474998121414341,-0.19775152219261916,-0.26607104590198327,-55.91560205166812,24.977238600164178,-51.7581201185069,-68.14917760828774,11.399647731124174,1.0466628376092715
136.71999999994816,walk,walk,-0.0,-0.0,0.0,0.9566144245677596,16.882458566362345,15.350991484799936,-155.47209692096965,-0.08345354685844426,0.4134242345295124,-0.004306722768882415,-0.4846725533987901,-1.4297220374472368,-0.625347922448453,0.15709467330119242,0.4223528084140318,0.8245926942646008,0.8444187195261856,0.8277015898742281,0.433389305095073,-0.1326829416435959,-0.027923207367665882,0.1701275839325947,0.3288957934762694,1.5687001264232063,0.7889073456807402,4.5220494385746415,-0.2884679964487029,-0.4469166663871875,-0.16848314893559635,-61.51653717729414,24.529527745495198,-50.065525153159115,-70.07014520337704,10.32870735842221,-0.17566233873451237
136.73999999994814,walk,walk,-0.0,-0.0,0.0,0.9626905932627514,16.11273066396131,13.823261366398537,-156.58403461574557,-0.0864348118276554,0.4758693309492593,0.017414495684149878,-0.41862712365811144,-1.5625768251168597,-0.5076971250288539,0.1586522067050572,0.45363439488642354,0.8665568392114537,0.8740101948147583,0.8111063885252598,0.41160412952040104,-0.13602614283330994,-0.020824971869047564,0.3371016794481658,0.4991960155246468,3.6011447102777128,0.044076872367421305,8.609969900915113,-1.9650468418274984,-0.7142477431799277,-0.04008846848066801,-65.83673977421017,23.90895856305536,-47.05695038157209,-70.65411501014965,8.836485398460695,-1.595209819546771
136.75999999994812,walk,walk,-0.0,-0.0,0.0,0.9696851545383831,15.503312151020529,12.135009629717535,-157.53393439131654,-0.0872292682904233,0.5305551787976013,0.03842304436924707,-0.33506394086442737,-1.6489685700035146,-0.35799583548310354,0.15937171405944078,0.4785676227923765,0.8996877064916704,0.9007951103041153,0.7891466803762304,0.3929154254917527,-0.14072467271006803,-0.014268014408486181,0.5064820269134033,0.6676394656339355,7.953055534769377,-0.9203309253034132,12.22119723301157,-2.402793007154384,-0.8584064130896656,0.0552388252788209,-69.2462329865153,22.944492459167613,-41.78668364268952,-69.65755330539153,6.9491297116673945,-3.29934091814186
136.7799999999481,walk,walk,-0.0,-0.0,0.0,0.9773308365193859,15.05224483455381,10.3463583374291,-158.31260969647354,-0.08631461226152212,0.5738648028602862,0.05345697303807431,-0.2510268900680377,-1.6862300462927018,-0.21614878741032956,0.1598084514149896,0.48909689747187507,0.9233025536235996,0.9176111939773559,0.7613924106961887,0.3762948308334352,-0.14517162217323965,-0.009141577312946372,0.6732634743838203,0.8300148080063334,13.898879109102044,-1.6869236319446532,14.438801673626667,-2.8681737834062013,-0.8972119018551092,0.10369140528264295,-70.57328875157341,21.349235846066954,-34.27299196397874,-67.21233299805755,4.843958771907348,-5.29462605102056
136.79999999994808,walk,walk,-0.0,-0.0,0.0,0.9853514379252752,14.71903757390492,8.516259349552847,-158.95394111336896,-0.08375450382373928,0.6025021523978374,0.06376137686191713,-0.1931894153605097,-1.6856272223140578,-0.11347219682273946,0.15644855808918803,0.4699130045261447,0.9282758441606261,0.907756767930678,0.727128507618534,0.3580603605370649,-0.14738236382257813,-0.00692312379911109,0.832606432521398,0.9816222529601093,20.46662325039457,-2.044954149401568,14.712922376099073,-4.025967755613781,-0.7611210376111095,0.15359955503059897,-67.56693696321663,19.230041124175433,-26.78851972799822,-63.831879232919285,3.29952631383011,-6.455163209556018
136.81999999994807,walk,walk,-0.0,-0.0,0.0,0.993500965929598,14.427481080957795,6.676308030926214,-159.50166590355641,-0.07912307493757625,0.6111803856522657,0.06965341029219532,-0.1932339888060714,-1.6728457050785819,-0.048788168995317904,0.15006498606002353,0.41482374552729095,0.8976041936720947,0.8577428093485747,0.6854730036120185,0.34482438419984157,-0.14536690129034707,-0.009224861382594,0.9807741140859817,1.1194486409861804,26.12793331996353,-2.220366667959111,14.05786665554912,-4.632529362967788,-0.5371318745110658,0.23101588729797198,-59.35566574056232,17.02750254054673,-21.798567606428122,-58.153497822097165,2.5903057133473872,-7.5105050784377925
136.83999999994805,walk,walk,-0.0,-0.0,0.0,1.0012832384487875,14.058650779324804,4.844060704820914,-159.97573624247224,-0.06931729160632003,0.5828588516781751,0.05977980885970102,-0.2963279691010608,-1.6494460102094664,-0.0017911098414108984,0.1311699266727813,0.35731140506453063,0.8036992497707053,0.7398183602091996,0.6374770943467035,0.3632707283503952,-0.1366385556687669,-0.014802064917592608,1.1149058295741885,1.2402525434685552,33.47599312221997,-2.07766542506964,12.723268652620028,-3.8072291814409933,-0.2075938092356957,0.2743165885390362,-42.48158378516771,15.073877406189736,-14.861653272770106,-45.69912659403188,2.447374454892972,-7.272111792853801
136.85999999994803,walk,walk,-0.0,-0.0,0.0,1.0076238470626822,13.443892463381996,3.0801527794668977,-160.3814144204915,-0.056755933099897994,0.504328984284388,0.011559696271457892,-0.5471549810263608,-1.569312701922047,0.022867333306767212,0.09797770981671068,0.2575863688413691,0.6190302069360987,0.5411674545684099,0.5880446290055009,0.413795227858362,-0.11896873873100626,-0.02598227402470956,1.2324881046682543,1.3412748009244697,38.518012107495295,-1.5081795226646983,14.620893570211468,1.2030746916715138,0.3058342370513717,0.26139514565656197,-17.47911359476925,12.296888640102232,-6.929766194059976,-27.554418947144974,2.3162563004883103,-4.868956980093517
136.879999999948,walk,walk,-0.0,-0.0,0.0,1.0106123258161195,12.377318007422266,1.5196957047140405,-160.66547123656474,-0.06153753396551589,0.36859568117293795,-0.1116307799447298,-0.9802093294702867,-1.3535251352546183,0.06688130730864639,0.07409064822815968,0.2840674007835102,0.3883811499637422,0.343757956810951,0.5507830996763207,0.49130052052593226,-0.09084667560643524,-0.03928873025655743,1.3322376394110107,1.4241714985168474,40.847244768306524,-0.6621145810554236,22.877597088406482,11.12000488333339,0.9126824449781645,0.6895140303516747,3.341330995177341,7.217642692798473,-2.767516338521606,-7.7981747172282745,2.537160893764112,-1.1202792938877948
136.899999999948,walk,walk,-0.0,-0.0,0.0,1.0085011442436367,10.722106425153406,0.2830728244967417,-160.7682175933445,-0.09648610923031906,0.18805098851324945,-0.29997171504923953,-1.5141070338356761,-1.0352882165317614,0.13893271639324123,0.09033204284009907,0.36017495754156625,0.18754965200291407,0.14757399254185766,0.5697627299983008,0.6089721906042054,-0.05171022637585499,-0.06030422726586255,1.4170825140208,1.49858292894062,50.19685071174287,1.204787949640872,27.401642679280446,9.320722744186769,0.6857182333786865,1.7488015983283398,9.643157617216492,0.22688876616520703,0.8716009080905269,5.291228683957039,0.13042972415579568,1.012523452414643
136.91999999994798,walk,walk,-0.0,-0.0,0.0,1.0006664375300123,8.633944446182392,-0.4449416790444979,-160.71306101029947,-0.17084406001198307,0.060992479158096455,-0.5045852298323087,-1.8581677755132961,-0.5512951193740074,0.15548700467468107,0.10072796931878814,0.31674703469368587,0.06929254455083173,0.009664228605736572,0.707643413177949,0.785880908501909,-0.006549063865464647,-0.08255369431707993,1.4900361399075057,1.5614671114333738,41.81691293954088,2.036901669651872,35.966746912082435,-1.443527294852263,0.5163059252626421,1.0521907974711002,-0.14077196705184836,-8.789997027317199,3.090856035923477,2.4150813355987424,-1.9460908771747485,-0.15212699515606004
136.93999999994796,walk,walk,-0.0,-0.0,0.0,0.9901927777349739,6.898740208824689,-0.8033140826655498,-160.5337433195486,-0.24965363889874162,0.12274721855922416,-0.5556947019895595,-1.3546574984590622,-0.25950363812518773,0.22967609399992045,0.12573744856186667,0.30962512457976576,0.13342441952522718,0.003054226044959543,0.8668057222564832,0.8978159735567744,0.0283376048879544,-0.071242230919154,1.5483221819783013,1.6020771330612442,17.01419037991955,-4.632697791887082,32.03242297417608,-30.86847947177605,14.94263747589885,8.005298437475876,-13.110144777463344,-11.859618696301975,-11.833284721787528,-6.9955895012398255,-0.5576087301326436,-1.4591825123672413
136.95999999994794,walk,walk,-0.0,-0.0,0.0,0.98004693028171,5.867550518606443,-1.1107810122254052,-160.4853464183372,-0.2844273147898751,0.19486798316971654,-0.558857185884532,-0.8463016956210353,-0.2687394505970931,0.03805468917424826,0.19554017656948383,0.6078247400180425,0.2827213858912836,0.0004064514701845236,0.9978874079079795,1.0513467206417528,0.05104173093499804,-0.005089815669033031,1.5809107656562615,1.6047999709843268,8.036846580602175,-8.858366495942795,29.871151186532323,-62.95896850739047,22.049886574721256,14.45853895566015,1.328708732548571,-2.7617446744237224,-26.586684795986297,-0.7027568379770592,-0.4507998595783507,-0.972968523994141
136.97999999994792,walk,walk,-0.0,-0.0,0.0,0.9697876916898549,4.995717011404519,-1.5045845573511074,-160.53854126222504,-0.30056949988309345,0.1729371866499057,-0.5642556723163865,-0.7627191486245405,-0.357505516351423,-0.01325802310598781,0.24461394342628598,0.764503669365449,0.36412225815553395,0.0,1.0898694805525526,1.1383726384887696,0.07157092767829418,0.03630680292844772,1.5898361624569295,1.5942421167105914,20.62703051569436,-6.032707099256472,35.554878953466876,-71.70593644592219,27.0,18.479989330486433,16.576955424904465,4.776867078320933,-35.78151246681003,1.5613287013188728,-0.08078908632543746,0.13771303305912436
136.9999999999479,walk,walk,-0.0,-0.0,0.0,0.9614583658173885,4.362797731760113,-2.068031447607974,-160.25186075033324,-0.32665912192861035,0.11206560488109846,-0.4468481557021703,-0.47437949412629454,-0.4821779355806468,0.37096281429548206,0.26882463081408586,0.8476346147457938,0.44742428628876846,0.0,1.1164419140001158,1.147329696680069,0.0814951014550034,0.046354775130748746,1.588457774522559,1.5789983591944456,18.618062235133877,-4.652010939868129,27.20810642252483,-88.08435911139095,27.0,16.893008545745865,14.970647256561323,7.3304797651779126,-41.314617469370276,3.6249470799732597,0.02361101845254776,0.561560317568997
137.01999999994788,walk,walk,-0.0,-0.0,0.0,0.9561364847624307,4.012256417788714,-2.8700591026989954,-159.8922863175157,-0.3359790118205207,0.036123105378871714,-0.3212085850176191,-0.2742141936416562,-0.7071517683372597,0.34692514910518996,0.2647337401326384,0.811805236039946,0.5200138674310493,0.0,1.0813191762329795,1.1231671657810212,0.08127190007954967,0.05268554836511612,1.5826853837160713,1.571602501249361,24.418255812974095,-5.296574902266719,13.383544306038944,-99.10826930415055,27.0,15.844832810566565,23.085547350906978,5.125288282816098,-27.283539227896128,10.422960284817515,-1.4594312615955412,0.28461660606732964
137.03999999994787,walk,walk,-0.0,-0.0,0.0,0.9530418915087817,3.938540076514514,-3.7579811684233095,-159.81272448740654,-0.3515133940475797,-0.027047223566625322,-0.20899874718897363,-0.028863064433248823,-0.7727515078429683,0.08807165849100268,0.2565001711807601,0.7954968306657484,0.5492777324121944,0.0,1.005398296859592,1.0307869699249268,0.07463989646105325,0.04318435192108154,1.5780739067709024,1.5714870526403666,26.529156452166447,-5.029527987715908,11.579098597827057,-101.05135652388239,27.0,15.760532732082957,18.858005179584886,8.042424561907989,-1.956275568046534,10.763638741038331,-2.21320996041144,0.2785113059208697
137.05999999994785,walk,walk,-0.0,-0.0,0.0,0.9514479344049862,4.313735902937956,-4.454942810656278,-160.0584720459749,-0.3827182621299168,-0.05292483951542826,-0.11048638782776055,0.36609160121506445,-0.5951905419078216,-0.19801566301486967,0.24277512474539864,0.7909695691718556,0.5466013943667688,0.0251259591827393,0.8990126408446806,0.8673689600477219,0.05638290929750661,-0.006939667463302615,1.5712938600042345,1.5567804400757432,23.959564627598578,-5.704768718794403,14.099764422054623,-93.74456444072392,27.0,15.759210743892012,10.260481423950534,10.965012492699566,21.908435995520538,4.189101030959101,-1.478338689584692,0.2914206394374941
137.07999999994783,walk,walk,-0.0,-0.0,0.0,0.951875268283835,4.995764606026195,-4.93913612733323,-160.4266444807972,-0.42431049995647074,-0.019632061935148434,0.024576961498721538,0.5885961106035029,-0.43755568852427107,-0.27262228627557533,0.22978579825353979,0.7859461648897736,0.515611219250343,0.08097211387252812,0.8925136956944761,0.7082496781299115,0.02655759661290995,0.008382693678140637,1.5648041119111558,1.5567239628121734,18.337445122095538,-4.0366709187126375,20.597908653986806,-75.9043904314106,27.0,15.640783289790363,6.099788375583006,13.216582612443945,5.289869304715516,-33.32731190453871,-2.3744683592966354,-1.6449912689469444
137.0999999999478,walk,walk,-0.0,-0.0,0.0,0.9537899835589142,5.794182086324481,-5.330148750357674,-160.52357722267539,-0.4227315710387854,-0.0008361829438566755,0.1043188037695488,0.7010139300508751,-0.3324273300719063,-0.021240520770364566,0.19832923319626578,0.5833070404673715,0.5096874684774514,0.29116065170860295,0.9026670102027795,0.39495600130653385,-0.006699352514644387,0.028611254692077634,1.5607206096035258,1.5567429599300504,-6.437278291110289,-7.868047805859274,20.263980339016356,-39.097653652250166,22.189735284231908,9.30096891813532,-16.77761886505611,11.185316668355426,21.960170952425603,-92.25699188982371,7.108026520312967,-4.0087366085429235
137.1199999999478,walk,walk,-0.0,-0.0,0.0,0.9566843133353383,6.484492910840318,-5.438459978160963,-160.5165059973228,-0.4170636872953487,0.0588924960299821,0.17734167854243657,0.5807111946083757,-0.05208089958145097,0.006736602320784331,0.21313628141174276,0.8397622517273139,0.5858310092576962,0.6185984846601487,0.9048892456466865,0.0651269939193726,-0.03734942398656675,0.052490454912185666,1.560206119040246,1.5636031248555065,-16.773232579902057,-3.922840290183784,8.59110603831137,-0.783622686969359,0.0917409220998282,-0.393047460666065,-41.62440261725147,0.012951096491542573,55.82131765198198,-151.36695990891445,14.030435641336684,-8.116805598762612
137.13999999994778,walk,walk,-0.0,-0.0,0.0,0.9601761815139244,6.902610724080363,-5.200794888296223,-160.41786975453945,-0.4080860946092769,0.10735644294418192,0.2323663494499205,0.3395745159905583,0.2549670634501766,0.07237126968089365,0.22766187604642707,0.8524824776383092,0.7403969241459879,0.825927176738739,0.8983105008583715,0.0458280232200623,-0.06401713144837179,0.07296486645936966,1.5598261343063364,1.5546803998709202,-13.058373352227328,4.760707699796596,-6.320232216318985,2.5933333698558094,-3.6594823770470097,-2.5529306958139264,-40.548892897393216,-2.7778596572855982,62.673768581775114,-153.00657376667513,17.067742329797152,-9.97611235061497
137.15999999994776,walk,walk,-0.0,-0.0,0.0,0.9645661940732351,7.088984261137244,-4.841552028402584,-160.25832123250458,-0.3716102505902056,0.1486399624267469,0.27917926336381227,0.15476657676775127,0.33413403916337275,0.09607524365832884,0.22105370038313177,0.7756587338322287,0.863423167395483,0.8878552850732804,0.8807019450787192,0.10504321124649052,-0.0847215870688213,0.0906521201133728,1.5563499889329189,1.5445610660076619,-11.311098046328249,5.943866428338522,-24.2763791228626,-5.261610076757682,0.520899340243153,-1.1739753823760946,-33.393611740753386,-3.2877375355616176,60.24983288355359,-138.31977250257086,18.13990979952119,-10.828423197004865
137.17999999994774,walk,walk,-0.0,-0.0,0.0,0.9696030907872499,7.096823275598503,-4.483295766590232,-160.16420196800416,-0.3409371022173083,0.17844295594440718,0.29890979648231597,-0.008051655723864567,0.3145633175708152,0.03527141432593674,0.21646285138184343,0.7065801577453256,0.9395724318181969,0.9945244875202179,0.8540288550986886,0.14744869735336308,-0.0969651168457403,0.0880237191915512,1.547230979216636,1.5291202816129208,-9.326191593324058,6.605393853600755,-32.38911004696173,3.88822975429008,0.7167848893413155,-0.2924424132900572,-29.43720538119263,-4.65959214713184,55.91401805483352,-125.20455721233927,19.320451406864137,-11.177504387449844
137.19999999994772,walk,walk,-0.0,-0.0,0.0,0.9749227620526416,6.977968799130448,-4.200270515028928,-160.13223237444342,-0.31792321968734466,0.20181051440215747,0.2964582726326563,-0.11456414993523505,0.23868406242143123,-0.00265766122740441,0.20167087054816446,0.6182674004066345,0.9700787254974417,1.0079785671482087,0.8207323173759339,0.20246491696929936,-0.10282602094105453,0.05914589464664459,1.5364488110515613,1.5316638427734852,-6.812706849082643,4.860817121566185,-31.17086954312979,4.4854341520334575,-0.16904062250877505,-0.22689739763457173,-30.4694959506052,-6.498432861611455,49.06571685325566,-108.79191544047568,20.538077989719973,-10.171841375753912
137.2199999999477,walk,walk,-0.0,-0.0,0.0,0.9800092193274329,6.789942695036413,-3.959595278581738,-160.15560675959864,-0.30292018029359186,0.23023979957604274,0.2728624784100119,-0.1702662432221217,0.2014843285819096,-0.05470923800511927,0.19110450047244684,0.5501347872827286,0.9709392614304768,1.0199141588459015,0.7848767518861527,0.2347419646034241,-0.10194444503816329,0.014591713249683377,1.53212482068561,1.5386222082138539,0.7747838571692973,2.821516494234094,-21.54367182812827,8.81517864327684,-0.805799090584062,-0.10508139865126359,-40.1973569572837,-7.803026781587731,43.97606956784,-96.31947951614175,21.19967464835239,-9.472156991374712
137.23999999994768,walk,walk,-0.0,-0.0,0.0,0.98455319069136,6.585414796580237,-3.719675482888369,-160.25755573746957,-0.2886943290398507,0.26493751301086366,0.2388062072130587,-0.18428850662020574,0.19555522326285577,-0.12147100689776422,0.18268387772576009,0.4922095134821798,0.9508289276181332,0.9891451236257554,0.7492999118185903,0.25709039833641056,-0.09695907724196262,-0.007448873668909076,1.5374881943534033,1.5509294125199795,7.3570707742261945,0.976368936667293,-14.096143279577305,8.59661079061189,-1.039647948410929,0.13761433311071256,-50.94441780170637,-8.178405680281871,34.60175155302744,-85.89806056374148,20.345135935087505,-9.263604982530726
137.25999999994767,walk,walk,-0.0,-0.0,0.0,0.9883060936028781,6.318487765239636,-3.41725703992636,-160.36801535146958,-0.27742254236475594,0.2828449580596216,0.20167874621101706,-0.2483480102598983,0.2596038789805206,-0.12414089067660973,0.1792121659660488,0.49347037655024795,0.9103031806887284,0.9304647382745743,0.7157301020841271,0.26879540946578984,-0.08994049359415732,-0.02336147539317608,1.5453484367055539,1.5567229700223089,16.234331199833434,0.1778998763808016,-3.6307319471409727,6.984057608696749,-0.8180351477443422,0.06092836412632172,-53.73960190820037,-5.745578247056476,27.874461061984178,-77.89975951335639,19.887765582286733,-9.961022016257948
137.27999999994765,walk,walk,-0.0,-0.0,0.0,0.991185704870602,5.896751555729281,-3.007469560317547,-160.43291354657666,-0.26887157397853617,0.28614528833401254,0.16817555876797718,-0.3905099528991067,0.3605474683933642,-0.09085320843248597,0.18126091806544659,0.5531822602858855,0.8500272498173589,0.8473810639629364,0.6838365318845492,0.2708380308399201,-0.08258129730952281,-0.02143933363258839,1.5500538619501325,1.5542851763725758,17.071412053910294,-1.3646116777045763,7.750788489683806,4.487244945405425,-0.22917794949177733,0.1353958284550859,-49.90830253647474,-5.585236924516118,17.542673969174594,-71.91488475751532,20.993646407632497,-11.124277669600835
137.29999999994763,walk,walk,-0.0,-0.0,0.0,0.9932386878129025,5.247290592712924,-2.468827122581044,-160.43928904119002,-0.2612885303860596,0.27637776276509485,0.14146933555273403,-0.5940340327991762,0.48041629433585326,-0.0469917100228738,0.17034637967735253,0.5752255288740712,0.7442767354675593,0.6822889384279252,0.6521784948583208,0.2989524092922211,-0.07407759439601971,-0.012658978998661044,1.5529426865686722,1.5580888197705627,15.672519334813124,-2.429943302192596,22.190391676107417,-2.429935324500452,0.5792938457846775,0.35519002134733374,-37.66126091677031,-4.365919138418016,5.942097945195499,-61.16111717225577,19.957994037462534,-11.54230564017832
137.3199999999476,walk,walk,-0.0,-0.0,0.0,0.9936355849803318,4.220261048033251,-1.715596026622038,-160.42107361846263,-0.2610208976286356,0.23569855126032985,0.07778405490860517,-0.944278093735332,0.6818467979239097,-0.04224519915795248,0.14003956829120287,0.47251102540125955,0.6062522018340153,0.5533947881708146,0.630930575416171,0.38332859542465214,-0.06205925132706296,-0.012563563138246539,1.5540642640960838,1.556936520426023,17.998855173878102,-1.5283703252807386,26.716569593211773,1.8305497378315323,1.1857167456264088,0.37359687801441116,-14.905573388285795,-2.235113109280261,4.223283172790409,-42.97845524264761,18.07717640341758,-9.349886512078532
137.3399999999476,walk,walk,-0.0,-0.0,0.0,0.9917372757259835,2.737618317949348,-0.7002942241622419,-160.26812150385751,-0.2694255415152453,0.17221528439877615,-0.020700705315806717,-1.3812894604445145,0.9234935729891561,0.08505807127969543,0.10842953559970761,0.3758875793551834,0.5023794229329552,0.4652395632514954,0.6220504989913838,0.43497476842498783,-0.046890092891102186,-0.0198938075453043,1.5547501690194332,1.558752273483622,14.661155083894656,1.3152234252057116,25.049286483476177,4.747744328421977,0.6027287229862142,0.042902836715392356,-1.1772865457202704,-0.407377169917772,0.3988747153604204,-33.25203241270369,15.106166911661255,-6.464521837737078
137.35999999994758,walk,walk,-0.0,-0.0,0.0,0.9897613868554852,1.3274578304110798,0.37727043516431136,-159.89829005816583,-0.27314204296321887,0.15780637870300165,0.0067032076366942365,-1.2043438317006445,0.9438568550875647,0.306326121748031,0.08560008726707438,0.23976664954797122,0.5334300224871995,0.35968256857490544,0.6106839345294143,0.4952395942459107,-0.034386533836201605,-0.01692326292395592,1.5548934363906446,1.5563173287496448,8.538843754959698,0.9952368494125273,1.2697638260175887,-34.36793781230285,9.695343868382293,1.7537577540359526,2.9907413568348917,2.2667176894683005,-3.1931087304567445,-19.898426365847914,9.98791390364645,-3.8490640943652954
137.37999999994756,walk,walk,-0.0,-0.0,0.0,0.9881043584002537,0.2484501464920487,1.2645435277627963,-159.68404783947452,-0.24360655781188784,0.17791426577061673,1.4181162749943993e-05,-0.9010547980717276,0.7512851965807866,0.1506199318155966,0.09364891132925303,0.3465864578318464,0.5884826487383711,0.2418961909065247,0.6333089960140922,0.669393555487156,-0.02462043465245934,-0.0062224112451076535,1.5539377719789278,1.548864558613348,27.58979908222639,2.8711565708551046,-10.046940220708828,-66.70541082700676,8.893188836780825,2.0361333403467223,11.483213944351357,2.588535280084522,0.10419312437924244,4.424252390399719,0.6306379528471024,-0.41192381099499564
137.39999999994754,walk,walk,-0.0,-0.0,0.0,0.9871187564020837,-0.49228282437157866,1.8599988425387293,-159.65308464492222,-0.20875481054326575,0.1752585226246992,0.005868522435510883,-0.6141326870709769,0.4865628887253556,0.013128691186475049,0.10593077566526443,0.39997178015462775,0.6239298340067091,0.22395805385208134,0.6931234652279982,0.740530205185175,-0.01859289202129286,-0.016753613203763965,1.5536264550233265,1.5523586685717583,41.85129439960867,1.7098443845332085,-10.671824283126519,-74.7073109553584,7.1714602083260095,1.6690662654588038,13.81390129293656,-0.8443865291767227,-4.142247357367084,3.562416101623848,-1.012455084582602,0.9946814057523351
137.41999999994752,walk,walk,-0.0,-0.0,0.0,0.9868483148440732,-1.0271599107233345,2.180767327605612,-159.65618103148213,-0.17814214905261103,0.14588922652540914,0.014918065091936009,-0.4503066860145332,0.25363105636141264,0.0029624235895708145,0.10760229874607591,0.3994391638155008,0.643135087168696,0.24369592335319523,0.7570237745457508,0.7874539282569886,-0.01756131919842589,-0.03843211680650711,1.5540538921537725,1.5595551685378433,48.101621561281995,0.569552410264683,-2.7399762555516967,-73.37074922442989,5.83694416483911,0.5502666344053951,14.637586107338965,-3.2261322607233285,-6.79276696587988,0.3345909538986005,-0.3733421930186661,0.7109267178389961
137.4399999999475,walk,walk,-0.0,-0.0,0.0,0.98708259050096,-1.4358786571795394,2.3105386148512386,-159.65359255292535,-0.15554089595841328,0.11378194280442075,0.021524084595247846,-0.3445958678945374,0.0965161800859959,0.0046783801620853445,0.10651179331013326,0.39635224016439563,0.6529601687036718,0.25660792853927616,0.8094985100868592,0.8326416027197838,-0.021415543728467944,-0.048895210446789864,1.5570183986260264,1.565936996875751,49.41446231453533,0.6342560740398383,2.7992954284220293,-72.10381492098362,4.510656471306814,-0.7035952187486555,12.513153182811655,-4.015159558172503,-5.128178521291896,-0.02352989936552774,-0.09513133012907038,0.3488044383182438
137.45999999994748,walk,walk,-0.0,-0.0,0.0,0.987644146195037,-1.74849140712882,2.32618234021306,-159.6752781635627,-0.13923964109066458,0.08764812641015651,0.02695233260100412,-0.2624440041490955,0.004877455848676011,-0.022806229278639564,0.10321519367360173,0.38056107999481625,0.6569672575403638,0.2764061775455475,0.8382214455194892,0.8407875534543992,-0.028833692076064333,-0.042616413161158564,1.561623257523063,1.5707549530029774,49.91454503121887,0.00699357715315992,4.378708713106715,-68.81367098917738,3.2740209766204904,-1.462190661218142,8.125018649073525,-3.0240669988777222,-0.976659821871414,-1.7688623988062684,0.02884293047480324,0.26777483082737713
137.47999999994747,walk,walk,-0.0,-0.0,0.0,0.9883029265518668,-1.9788021162102354,2.312373875537738,-159.71574483891635,-0.1297588623657621,0.06161943502183814,0.028415391253195175,-0.19121063390744528,-0.010709899922568385,-0.03575617859190664,0.10617580249784311,0.3738197176693189,0.6579231858876032,0.28646574285125737,0.8429425217730526,0.83982934918499,-0.038014659862172256,-0.027802483364939692,1.5669263054710751,1.576115181943822,55.79797740698262,-0.005062247472306717,6.695111311657444,-66.93587659642576,2.8794017755146393,-1.891041115337235,0.38773709275482293,-1.029526758631122,3.282540477874499,-0.8759312682009711,0.1461143661218824,0.1382000954159105
137.49999999994745,walk,walk,-0.0,-0.0,0.0,0.9888406191753054,-2.117448914353489,2.3285243097794086,-159.73396189750392,-0.12497770579717024,0.03486877327215487,0.024141728799494434,-0.11038377740438098,0.019110226139191916,-0.010462461977411776,0.11274861006579921,0.4271921716012906,0.6576541137641522,0.29140982892608647,0.8329346084343056,0.8327446517000199,-0.04666450073815782,-0.014982867240905764,1.57120008025706,1.5781406558067084,63.90208025275989,0.2053450170266794,6.999525357205749,-65.90502161954528,2.477131405077712,-1.877035370024489,-9.074185879950255,0.6492104917573724,5.177930401751613,0.809959601533712,0.11378800412663434,-0.11061451666325095
137.51999999994743,walk,walk,-0.0,-0.0,0.0,0.9891403169208871,-2.1320861167265828,2.3901672994934717,-159.7357975073146,-0.12074157111591714,0.015053735813879948,0.015686754627143702,0.001711984610272975,0.05851419816861027,0.0013657810525006253,0.11464346143144591,0.44668489733623473,0.65648610995671,0.29753784206008915,0.8146823612332396,0.8159298759350777,-0.05342293899048291,-0.001257389038801196,1.5721302457206288,1.5728574146464944,66.99082080546542,-0.541720886763617,5.723200147260121,-64.52282666801416,2.33934729272282,-1.161206010336047,-15.883442515419402,0.898520475271203,5.508781422773283,1.719924890410336,0.022705451357160844,-0.25929296249338546
137.5399999999474,walk,walk,-0.0,-0.0,0.0,0.989099365374056,-1.9917203992966983,2.4684748817485387,-159.73473259973468,-0.1150347206620799,0.0012916066502627267,-0.0013697000770705329,0.14021234669986324,0.06790042145545971,0.0033806730921943874,0.10827152539347402,0.4182403060569055,0.6546625243518157,0.3123305824050904,0.7926301126279687,0.8001813006052971,-0.05797369163337861,0.0017534948885440799,1.572112034381431,1.5687354722008586,62.95271485406531,-0.9561251287326665,3.7776791231615623,-61.47982823112351,2.9253061815846717,-0.030415314465667167,-15.998141808254852,0.6033755636115392,3.3853887821226243,3.156511196193473,-0.011934848229749162,-0.2876024340078952
137.5599999999474,walk,walk,-0.0,-0.0,0.0,0.9886177703361765,-1.6887265497083936,2.5153748253729447,-159.73626293103297,-0.10620324182210002,-0.009760311669912123,-0.027800886033239117,0.2818154581473264,0.035123200718971195,-0.00043136226997707305,0.09800152540705183,0.36128085713351343,0.6528834633222278,0.3307529177913666,0.7617101583042394,0.765566389302373,-0.06056380849471605,-0.004182788729667666,1.5714623148994524,1.5654647250608087,54.65350993701564,-0.6986450753435858,1.9713188335131813,-57.841287096120425,3.866752236879584,1.0451214446731605,-10.388111274700963,0.1352540097741195,1.6060283026087159,3.2381935518727314,0.05662324668448382,-0.2728192621201315
137.57999999994738,walk,walk,-0.0,-0.0,0.0,0.987543500802749,-1.2204792031033165,2.5309417928746396,-159.729746658636,-0.09724005348892281,-0.02101361968389083,-0.061181755409647,0.42637365165354585,0.010574408872339043,0.008067944364309597,0.08778350567236136,0.30338649866050593,0.6523908951239001,0.3490043964633942,0.7168182636305462,0.7131696448127032,-0.06145045613891571,-0.008425670862197879,1.5695585284385287,1.5621663362667442,45.972220050202196,-0.08386074769708052,1.630101327896103,-54.56026357012969,3.438256358111807,1.738616075468102,-4.403286210039253,0.12823012025195762,4.012480492923572,3.035784970791466,0.30533520958438976,-0.19282836206690135
137.59999999994736,walk,walk,-0.0,-0.0,0.0,0.9855867188647379,-0.5696983947953556,2.559969776495041,-159.70590860768633,-0.09074735366216921,-0.029833520105372067,-0.10523677752656038,0.5874989378349372,0.028122107938968702,0.02423226698059059,0.07369724785753369,0.27305722585244563,0.6552824200930157,0.3822251942405701,0.6644609593224553,0.6580814581761361,-0.061334528487152866,-0.01446308493614197,1.566917678893409,1.5595215124026418,35.02353177515555,0.6307173190007426,0.8746804585838688,-49.35531401301218,1.9839453783403753,1.932280821501013,1.1613587256615843,0.029204327827686314,7.675092541977387,3.1339226049203184,0.5631192257023174,-0.09387914439251323
137.61999999994734,walk,walk,-0.0,-0.0,0.0,0.9830847287948828,0.15847249609319505,2.620523844613142,-159.729471765229,-0.09291794290526392,-0.03246064394096545,-0.12425167570689097,0.6362019011622643,0.05543343455836901,-0.029940215609365682,0.06548589462588171,0.23466946694143787,0.6609783756671764,0.42630890872573857,0.662461317221553,0.6030189033994675,-0.060823354693344836,-0.021710786223411563,1.5647077358553354,1.5585608494416356,24.50554603019347,0.7273606246040649,-0.3357089027281337,-42.670858591798186,0.5455559557426488,1.9117146480083311,6.127795065926229,-0.4671535497243495,1.9229042304985247,-10.89662589284013,-0.7515536252908717,4.277293272593633
137.63999999994732,walk,walk,-0.0,-0.0,0.0,0.9807120468536972,0.809101797482792,2.6161332988640624,-159.75470208855327,-0.08725995595666795,-0.03580412181305064,-0.1223826677945465,0.5543226923144686,-0.01542082327477144,-0.01774616298079776,0.07445020770945258,0.26804472580434113,0.6673775231789865,0.49117333557701115,0.6948976076792408,0.5281585093984604,-0.06060275696911448,-0.02514411807060242,1.5643098040068255,1.5647664212570072,10.143310124313016,-1.0637851151750046,1.0528826718597615,-32.20259677829094,1.0043879227311516,1.7237437213231483,4.081992097108248,0.23786062273515765,-7.180734655668843,-32.64973654295916,-1.0284328426361586,5.554945863590628
137.6599999999473,walk,walk,-0.0,-0.0,0.0,0.9787673869970714,1.280217364007841,2.5040429875053705,-159.74333181886294,-0.0777854016385782,-0.052539437847797896,-0.10934567210082416,0.389119896969054,-0.10820803278818637,0.015879919681045414,0.08497238684058435,0.31865497546267463,0.6740325127801083,0.533068963552475,0.7232648333662531,0.4719544139156342,-0.05988461853957876,-0.019222793355584147,1.565210416802116,1.5705616299942613,-2.961873624686497,-1.504902105161943,2.2828876883549354,-25.880314655125588,0.9769665719506757,1.0400632363316056,2.5262838582763174,0.7494647887051281,-4.680573105840763,-47.39882601386715,-0.9280429254502369,6.272328175034603
137.67999999994728,walk,walk,-0.0,-0.0,0.0,0.9772657858847033,1.5703306875706453,2.334615946680318,-159.72821274892763,-0.07165582378763345,-0.05897956546160314,-0.09157452383427371,0.2344707456970645,-0.1507042995333274,0.01627439575448406,0.09501413940596112,0.3592966218841116,0.6807187890219425,0.557433747912407,0.7421700625888329,0.44849986698722843,-0.059460341761668506,-0.021540318801999095,1.5669071739032863,1.5717250269786,-12.344373326951628,-1.1110927317639518,3.8835799233098456,-22.69909634159387,0.6118809931221416,0.49414302704792656,0.6018730421142945,1.098659869801032,0.24061602229585466,-54.29481374550579,-0.1730981623040343,7.102483221688549
137.69999999994727,walk,walk,-0.0,-0.0,0.0,0.9760026088979948,1.7134209568189833,2.1500778581137823,-159.72462383680528,-0.06816941865379425,-0.05767110422218251,-0.08198926332901665,0.11017185039260241,-0.1613309231375448,0.006411906686336226,0.10362875716420156,0.40695865587619373,0.6883713038199168,0.5834512945661545,0.7550737506997349,0.45223236944770817,-0.05948152788311738,-0.020985457301139834,1.568044485736974,1.5719310308754921,-18.530494583138182,-1.1963696552490841,3.194571782124028,-19.466368442487475,0.2617578448595257,0.21999592996699027,1.049926793963742,0.9930987227997363,3.2620998350769215,-55.49109711160108,0.9932140554337612,8.095387740204949
137.71999999994725,walk,walk,-0.0,-0.0,0.0,0.9749090199300416,1.7451627137108388,1.9515022290982134,-159.72739097507795,-0.06497541570910774,-0.0538545032190002,-0.07443629828586461,0.01698426622501968,-0.17511928675732205,0.0029831855169746443,0.10756145348132662,0.4238510114516316,0.6966194832075709,0.5770963367471695,0.7640600690841061,0.4646105554351807,-0.05959683203125575,-0.013343609124422076,1.569769223371617,1.5752481681243062,-20.40702374736649,-1.2527714162687733,3.4593353829058078,-22.138220622220814,0.41103201893903596,-0.07434685946162913,3.5754614358801917,1.5017400450331913,3.305419349598845,-54.58351056868559,2.3049254850036993,8.464482154409527
137.73999999994723,walk,walk,-0.0,-0.0,0.0,0.9739731811128887,1.7184559257333112,1.727611906437324,-159.71413110731595,-0.05938721652902205,-0.047743723448444325,-0.06921006758493026,-0.02786770965578005,-0.19829940028292314,0.020055934608768557,0.10857518455195465,0.42062542595654084,0.7045438398173417,0.569861703778267,0.7706313726977907,0.48337701823806767,-0.05962098467975994,-0.0053571604192256955,1.571963760102439,1.577443627914834,-22.09743560306686,-1.3554496845038635,3.4417816985174308,-24.84024860746801,0.8129119119269391,-0.4669456720721089,4.987275387321866,1.9426746124705558,2.7787801625679474,-52.204174551380945,3.6967049442564206,8.411923858493092
137.7599999999472,walk,walk,-0.0,-0.0,0.0,0.9731502751144128,1.6660289694701023,1.4885408797941324,-159.69704349445132,-0.05228011322398273,-0.03973098710742227,-0.0649332990380905,-0.048312000932903235,-0.2088655222322439,0.020228313674202483,0.1062944822455545,0.396643812483926,0.7119505827008348,0.5616713699350357,0.7757931785106772,0.49528186884021763,-0.05935103949914212,-0.0009507082402706174,1.5724832626119212,1.5729666988313675,-22.110076852390602,-1.6735068773230877,4.429109936683727,-27.610326831226473,1.4540224756293167,-0.677878393193448,6.423624076207589,1.4668821764964883,3.9020323776649843,-50.88367932590499,4.289297144705923,7.941610686618522
137.7799999999472,walk,walk,-0.0,-0.0,0.0,0.9724356685461458,1.6054488474265198,1.2547940050201083,-159.67885189819296,-0.04565125319963644,-0.03171389536567993,-0.05850648865202864,-0.05366850993521383,-0.20203486651593724,0.02209460495089434,0.10583959012481431,0.36574298499856744,0.7186246860396789,0.5594365235815049,0.7798679288399244,0.49277136590576176,-0.0588387969687768,-0.0007194496691226987,1.572614633586541,1.5746346509963751,-24.04575194403934,-1.4762130241846851,5.524527200973645,-29.1589871029628,1.801000620905654,-1.215323186221759,7.813046240044019,1.6300314541139846,5.666760529475883,-51.98557107899639,5.26102774807745,7.331881784930439
137.79999999994718,walk,walk,-0.0,-0.0,0.0,0.9718811489414996,1.5349170745482121,1.0274043307413394,-159.6615432774936,-0.0393075313375583,-0.024484653173090183,-0.04945404485341532,-0.06348438723470262,-0.19777627898930042,0.020062390768074066,0.1047614741780961,0.3351425285805991,0.7242140311360846,0.5539964523563385,0.782497988229142,0.49415288236236576,-0.0583101319189223,-0.004053416848182681,1.572744008682584,1.5750615757838369,-24.67103794920434,-1.7972413768650846,6.80150858160035,-31.062052135191475,2.428808855023906,-1.6945639604733662,9.78814469034901,1.4847898378202915,4.473230535252111,-52.1011990729617,5.692425943636854,6.723884079556254
137.81999999994716,walk,walk,-0.0,-0.0,0.0,0.9714663264766884,1.440690716157938,0.808796871366983,-159.63868767050036,-0.03411070081329394,-0.02025766144140506,-0.041835872105475846,-0.08594731836556803,-0.18890665712816335,0.025990396125076753,0.10293450393622708,0.31128643307233395,0.7292200484476421,0.5585132774362565,0.7836711134203092,0.4969923880348206,-0.057708731053056815,-0.0028565481305122403,1.5728613425639968,1.5748027435452223,-23.855912567229222,-1.6207691815833094,8.081131432633839,-31.105766761340114,2.1650919759497467,-1.9942549816853148,10.400740912118714,1.448538604942418,4.45619238360854,-51.6909617548839,6.280918075948817,6.245346122947873
137.83999999994714,walk,walk,-0.0,-0.0,0.0,0.9711314752721357,1.3195166811715233,0.6009759781474372,-159.61661561564293,-0.028944507967395727,-0.01623184530685837,-0.037068414319215585,-0.10891971736192706,-0.179907170075818,0.022704386618369335,0.10035114516787443,0.2903745620136339,0.7340921780301969,0.5593797054538727,0.7837994954862367,0.5043328788528443,-0.057029162527466995,-0.005608747899532321,1.5729530898202748,1.574300740188408,-22.951640977615188,-1.8716214319009588,7.977312996685428,-31.815619993894835,2.2706130513960168,-2.1246430120491078,10.981059422390782,1.4253080118700725,4.456330567599853,-50.313576279034216,6.40296403649761,5.824286470372406
137.85999999994712,walk,walk,-0.0,-0.0,0.0,0.9708486872950576,1.1805480907362078,0.40220201018104995,-159.59946235585014,-0.02350534837984088,-0.012399918468805398,-0.03360772324831955,-0.12311853350482953,-0.1722875749311115,0.018393591969738048,0.09780543187955658,0.2718782710881803,0.7388350925971001,0.5566807773361206,0.7832349463801954,0.5113566752920151,-0.05645234936878091,-0.007960817962884906,1.5730235276864708,1.5739637699857831,-22.250892418233093,-1.8731013678507331,8.169319428463778,-33.14542179411043,2.2980432388734418,-2.198014202803291,11.236138964534984,1.459293200493843,4.452802213190273,-48.89523589534201,6.351987896833776,5.43839350620457
137.8799999999471,walk,walk,-0.0,-0.0,0.0,0.9706132888148995,1.0377273191242087,0.2118640878085109,-159.58333709110678,-0.01827104750732618,-0.008701169462178058,-0.03041987898886966,-0.12468996058327815,-0.1649994200223458,0.017219176651336418,0.09546685222582241,0.2642821968501188,0.743234068698772,0.5539485749254227,0.782248818631468,0.5179666217813492,-0.05609939451638954,-0.0085283137857914,1.5730771677829314,1.5736168057606101,-22.010338144604837,-1.905817835663101,8.328047957374398,-34.40318726079294,2.2601764229840464,-2.2838283505941295,11.397091432987626,1.4053326270858784,4.600942423670876,-47.49573783535546,6.090952385551575,5.10187477114526
137.89999999994708,walk,walk,-0.0,-0.0,0.0,0.9704194409508731,0.9036601039801598,0.0316842314930307,-159.567141439519,-0.013280985459554511,-0.004897596015515759,-0.02735486210846808,-0.11579321377092604,-0.15587506155108277,0.01676600858865202,0.09336506213458678,0.25810832959419694,0.7471174329526885,0.5523049619445801,0.7811055982957503,0.5229972687015534,-0.05595165026758569,-0.007703970372676852,1.5731182309473561,1.573356019607234,-21.81147280348072,-1.895357003205592,8.461221552679826,-35.35927022932903,2.1381672021539595,-2.359720252678486,11.646919409541727,1.3423824516951386,4.888835455303828,-46.37211998221801,5.652276578909727,4.828616100676435
137.91999999994707,walk,walk,-0.0,-0.0,0.0,0.9702632027358423,0.786428132093964,-0.1369640468373969,-159.55234672971295,-0.00868567170652485,-0.0007214165618727498,-0.02436820455699599,-0.10033751435580525,-0.1458131239706186,0.014789865489632696,0.09168130096655357,0.2543726623611,0.7503841991362489,0.5529400047311783,0.7799762186612633,0.5256035563001633,-0.05592157044460883,-0.006671621650457385,1.5731399365164804,1.5728878679633618,-21.80775272547281,-1.903070741403431,8.378118595915394,-35.78644444966583,1.9825513655263813,-2.4191557992516284,11.80005344522641,1.2382404460912182,5.19324865695235,-45.70008292457748,5.120261052716205,4.634755954069076
137.93999999994705,walk,walk,-0.0,-0.0,0.0,0.9701436924726812,0.6884811651794442,-0.29405468668594253,-159.54096614704366,-0.004622437739710029,0.0033335399796325803,-0.021422676613423768,-0.08343967552476976,-0.13585214163630016,0.011024867719875184,0.0900437445471714,0.2512568906759721,0.7530032523501203,0.5541588005075455,0.7789190125927431,0.527662121916771,-0.05591362595523382,-0.006741295754909518,1.5731407231476209,1.5724337392434955,-21.540844621797042,-1.9267782396610158,8.234332896449315,-35.989489397331866,1.72017910905646,-2.4596779625170937,12.111483587693963,1.1695096670041645,5.429637340777202,-45.144583652099044,4.5188780217103925,4.494482350863897
137.95999999994703,walk,walk,-0.0,-0.0,0.0,0.9700605856988987,0.6072512077552114,-0.4384979449315327,-159.5325908453598,-0.0010701359547019848,0.006645863239470804,-0.01836205965205125,-0.06929069844512972,-0.12465511820521627,0.00822159475897918,0.08852531654801751,0.2492141265229456,0.7550341558694521,0.5557532247552872,0.7778951749409907,0.5286810484180451,-0.055911533730646334,-0.00781761780381203,1.57312946238449,1.572222126922059,-21.12711714540765,-1.934457261314162,8.170490388070707,-36.02352047640065,1.3925364150049828,-2.4687169996102662,12.4553302935465,1.1321306205241957,5.690096956422738,-44.7795306884127,3.9130466053650763,4.389146940234876
137.979999999947,walk,walk,-0.0,-0.0,0.0,0.9700108789630181,0.5378179398946116,-0.5681023525459681,-159.52633461212227,0.0019328510695689443,0.009045214825972024,-0.015243160779666648,-0.059524426885574175,-0.11145210169172748,0.006227390329055303,0.08701943672422663,0.24652345248782426,0.7565941139389569,0.5569048758993149,0.7768480542820672,0.5303246017942429,-0.05591471605987683,-0.009170598536729815,1.5731159891583841,1.5722104481369734,-20.516627263093017,-1.921667477977179,8.09357212876334,-36.06129808582662,1.0196413329919194,-2.44711924769661,12.83386707710424,1.0864268497879097,5.936447361186531,-44.294058119687,3.3054107193491356,4.315239745384686
137.999999999947,walk,walk,-0.0,-0.0,0.0,0.9699896210606476,0.47615255229997283,-0.6818787968729617,-159.521172501086,0.004452041670376982,0.010649687654346821,-0.01229729445772712,-0.05310514274079977,-0.09762755766381596,0.005240637838363369,0.08554623812436342,0.24306555857504086,0.7577992844672904,0.5581076231250763,0.7757459892505475,0.5326804306755066,-0.055921212842202084,-0.010055463016033175,1.5731049252220017,1.5722660397127748,-20.019805991800588,-1.9075517348158835,7.953419486799825,-36.03489503722528,0.6035180081907106,-2.4137761748581243,13.136628971831996,1.0347824233874836,6.029390463936136,-43.66769346174055,2.6751269997677833,4.255119187767839
138.01999999994698,walk,walk,-0.0,-0.0,0.0,0.9699905742291225,0.4206316365078263,-0.7805703751175928,-159.5162341134594,0.006657832915586448,0.011747730931881603,-0.009761970421007814,-0.04781255328563669,-0.08461839042257117,0.004960265775032199,0.0841662845691022,0.23921055641712463,0.7587275152246917,0.5592803892145157,0.7746053081098966,0.535394751692772,-0.05592784037450704,-0.010457455366849902,1.5730932462822482,1.5722091014445305,-19.631109149702503,-1.9007023029793437,7.701260215161388,-35.96995181694841,0.18157393501391633,-2.3764435361152594,13.358759515911329,0.9779093812310568,6.05956305163223,-42.970876317066256,2.039429023202245,4.1972834478113565
138.03999999994696,walk,walk,-0.0,-0.0,0.0,0.9700095392109225,0.3717106856995889,-0.8660280340405866,-159.5118258333355,0.008663416312024289,0.012755692649975534,-0.0076096960265673065,-0.04192346104134182,-0.07330817917262274,0.00422046413783074,0.08298012329101224,0.2357043986040105,0.7594030726986478,0.5606096771011353,0.7734618188110342,0.5377574202070237,-0.055932643739867546,-0.010621085017919543,1.573076306435517,1.5720408691972971,-19.389654530906494,-1.8955756405575006,7.393205212112579,-35.833218687429245,-0.235394573281652,-2.342740312538938,13.463480657532081,0.9175756958769815,6.065556191216783,-42.33954934252782,1.41784403452755,4.1391768533752895
138.05999999994694,walk,walk,-0.0,-0.0,0.0,0.9700438490040288,0.330245961527258,-0.9399811304552272,-159.5088107384558,0.01050708755833905,0.013825705450114734,-0.005757214917324463,-0.03534270310725497,-0.06343863389207066,0.002810616219883955,0.08203199583683148,0.23286192889935353,0.7598323753787032,0.5621367331991196,0.7723479583106695,0.539486029411316,-0.05593607439668372,-0.010806299000978473,1.5730536893364908,1.5718896130979538,-19.24319382212801,-1.8918412109598273,7.115587881283869,-35.61705775109076,-0.6451213601159539,-2.311900212270861,13.52292088033042,0.8629645656373077,6.078276996122225,-41.83017032742854,0.8299059721087774,4.08198196990898
138.07999999994692,walk,walk,-0.0,-0.0,0.0,0.9700910639924307,0.29615742536709183,-1.0036625505268117,-159.50720532699188,0.01218071383525189,0.014822574662291662,-0.004143365081706933,-0.02896709026724902,-0.05459494045922689,0.0015199467269142795,0.08129499243577704,0.23051191298723206,0.7600361917275291,0.5636754867086411,0.7712791740403174,0.5407672610530854,-0.05594059289628508,-0.011024865508079532,1.5730291455836045,1.571844693547535,-19.110800459211184,-1.8842407684911093,6.895157931657163,-35.35974828608331,-1.0416304738392137,-2.283915902846839,13.58269166078227,0.8179940912233914,6.072386424885702,-41.41062922208201,0.29092423219428826,4.02753690787525
138.0999999999469,walk,walk,-0.0,-0.0,0.0,0.9701470204219717,0.26801118584831884,-1.0578992868622277,-159.50635614378268,0.01365861249166045,0.015572360475026557,-0.002836523226675144,-0.024016430432989955,-0.0464190215564742,0.0008848502746152025,0.08072772812796533,0.2284485339572384,0.7600735944264848,0.5650371250162125,0.7702594723403409,0.5418109383831025,-0.05594658840465621,-0.011262866854667666,1.573006634934949,1.5718893793359876,-18.958395846459986,-1.8719693449439958,6.7279841543776175,-35.10863658510094,-1.4233421200998393,-2.2588260296104234,13.653049212077617,0.7842144661619378,6.042423008181467,-41.04293896142897,-0.19728624470219833,3.975211226837068
138.11999999994688,walk,walk,-0.0,-0.0,0.0,0.9702045708194806,0.2433174770657453,-1.1032399049201884,-159.50553299233442,0.014932072101959997,0.0160125767227337,-0.0019419834853076296,-0.021228336769290732,-0.03870506730060525,0.0008816631456543096,0.08028573697762012,0.2264625459883779,0.7600417253119507,0.5661140170345307,0.7692951079829305,0.5428325619945527,-0.055953404017027975,-0.011516939103603366,1.5729891122595918,1.5720003492147208,-18.781563353689428,-1.8566530227681093,6.588751003881816,-34.90391219992218,-1.7875933553401158,-2.236751012733833,13.71840651585612,0.7571981417276802,5.991266182893815,-40.690102116603335,-0.6389073852411166,3.92418336666309
138.13999999994687,walk,walk,-0.0,-0.0,0.0,0.9702617737196758,0.22017373306220997,-1.1404785270155116,-159.50453441024362,0.0160484046214116,0.016192071066151375,-0.0011791004556698827,-0.020111338126597288,-0.03172470750858944,0.000990323322739676,0.07993584695114699,0.22443815356951646,0.7599833649992267,0.5668619510183335,0.768365652888593,0.5439274993190766,-0.05596136850974383,-0.01177615970373154,1.5729779836129378,1.5721372899547696,-18.61527756325668,-1.8367073548385757,6.459776088479212,-34.75675321975324,-2.1246453658680626,-2.2194954067658537,13.752683988578447,0.7362191787953081,5.929624760291345,-40.32827792079686,-1.0358970843356414,3.8722780167998216
138.15999999994685,walk,walk,-0.0,-0.0,0.0,0.9703184281650433,0.1978533960654766,-1.1704909732836861,-159.50347785019915,0.017021258982604353,0.016277303834673906,-0.0005094253921262204,-0.019364878222173393,-0.025509424294346893,0.0009930145892836579,0.07966756508644605,0.22232943012125672,0.7599132144576058,0.5672823723802567,0.7674594233463544,0.5451299932250977,-0.055970663529334344,-0.011976353079080584,1.572973127292853,1.5722683344915986,-18.478446254531594,-1.811726890211654,6.3502565124583645,-34.66759594356236,-2.433635712144796,-2.209408058993142,13.768625483764692,0.7248503877734891,5.864531457082129,-39.95037441288317,-1.3955475927874759,3.8181152041955833
138.17999999994683,walk,walk,-0.0,-0.0,0.0,0.9703744855105096,0.17732029878241784,-1.1940804511368277,-159.502554283245,0.017851751418577994,0.01643761215792619,8.045234833843563e-05,-0.01766989386645621,-0.019980738646261185,0.0008315566215841576,0.07947209097107939,0.22024519094740458,0.7598149403538943,0.567480110789299,0.7665943822802217,0.5463491913328171,-0.05598148715547781,-0.012080128490924838,1.5729738206731696,1.5723839078978181,-18.371587211149553,-1.7808937250172627,6.268802516454323,-34.61226324260535,-2.7136979053054,-2.207018088083732,13.779018491424399,0.722947125616456,5.793079145095263,-39.57834074982452,-1.7242019996958156,3.761455978903401
138.1999999999468,walk,walk,-0.0,-0.0,0.0,0.9704298919934617,0.15876629269548226,-1.2119511603290687,-159.5020474338105,0.018545614628286324,0.016541512081763098,0.000600078437427782,-0.01604756469044111,-0.015058461458073241,0.0004127271042065911,0.07933789777403298,0.21830638338739006,0.7596863051978673,0.5675856557140351,0.7657732810190353,0.5474668976316452,-0.05599197252054962,-0.012111305445432666,1.5729794383953017,1.5724929201364994,-18.276521928655182,-1.7460999448706338,6.216323804399028,-34.56782353302792,-2.965571424945851,-2.210123909582646,13.796073806742223,0.7270113598241044,5.7099675808272,-39.23273020364711,-2.020807485997693,3.705212255062367
138.2199999999468,walk,walk,-0.0,-0.0,0.0,0.9704844198790012,0.1419874142429644,-1.2247529516807028,-159.5019498346696,0.01911040943603175,0.0165862763775392,0.0010466869255123749,-0.014422678115822552,-0.010693498527511629,8.885233552023919e-05,0.07925173720487419,0.21651327974352463,0.7595331524645161,0.5676083054790497,0.7649932328189336,0.548479953075409,-0.05600162174061357,-0.012149549275636676,1.572989596462477,1.5725992054626823,-18.18444366822727,-1.7093894027147691,6.187239015578878,-34.53440257260992,-3.1919342488567306,-2.2173892824753656,13.818595759821017,0.7348669647710951,5.61956588733872,-38.91308892879914,-2.2848433544756888,3.650821346310887
138.23999999994678,walk,walk,-0.0,-0.0,0.0,0.9705379704409653,0.12743891823265222,-1.2332464152501665,-159.50222202806586,0.019389089031167723,0.016665141478220825,0.0014159790565604232,-0.012454054443050387,-0.0070292316931989856,-0.00028924393962644887,0.07919950303126118,0.2148532311436382,0.7593480663399643,0.5675519343862534,0.7642639256483761,0.5494106945047379,-0.0560106067533062,-0.01223104000091553,1.573004173313384,1.5727021417528868,-18.083602437764167,-1.6718340486821128,6.177402925695489,-34.50886518066279,-3.394579809870734,-2.228036828719572,13.853321303563716,0.7452035049570258,5.525627035642116,-38.61808567405943,-2.519562397285524,3.598608828026007
138.25999999994676,walk,walk,-0.0,-0.0,0.0,0.9705898866625366,0.1152774678506948,-1.237938182582797,-159.5031845246678,0.019522247566711965,0.01675646970814244,0.0017065889794761297,-0.010372452099671584,-0.003740294808826484,-0.0009099881425310703,0.07917495664292562,0.21332917269918572,0.7591327012617136,0.5674194481620789,0.7635935994322027,0.550264426733017,-0.05601938086170088,-0.012354488670825961,1.5730223794377982,1.5727924409270764,-17.970027961299333,-1.6325704970730628,6.1842470147067115,-34.491683851159145,-3.576090929846307,-2.2408804657054238,13.90628337565219,0.7589787309981132,5.433860204033226,-38.34827185957494,-2.728342287801946,3.549157507618227
138.27999999994674,walk,walk,-0.0,-0.0,0.0,0.9706394000467939,0.1052985085233279,-1.2392427309255203,-159.50437507896427,0.01958610978546144,0.016737299858007534,0.0019266847460593713,-0.008506843199516155,-0.0007428390335960748,-0.0010446866516222,0.07917565391118475,0.2119235622465403,0.7588963277847893,0.5672405448207856,0.762983651382664,0.5510600891361237,-0.05602845167944225,-0.012491974234580996,1.573043173700335,1.5728667437047243,-17.84813262993399,-1.593476772421583,6.197730834407131,-34.479895280675606,-3.741527601231003,-2.254646303126635,13.975842007414693,0.7735239394624468,5.347750565193058,-38.09997418996047,-2.916333488138126,3.5031764699834023
138.29999999994672,walk,walk,-0.0,-0.0,0.0,0.9706860813533137,0.09710456734601448,-1.2386357639771028,-159.50550081619153,0.019558392274678458,0.016622151299786517,0.0019489708881318215,-0.006991529210394575,0.0006593098368858064,-0.00097469327286015,0.0791983591711392,0.21060680778189633,0.758647553782471,0.5670576181659699,0.7624279737259958,0.5518211659440995,-0.05603741012002401,-0.012604053318500522,1.573065816954722,1.5729272265866876,-17.725813153378724,-1.5575360434831984,6.211736155208514,-34.46699014767255,-3.896068282135894,-2.268755474060269,14.052345309059163,0.7852994086191001,5.280255528018302,-37.86697272192972,-3.0905468911018215,3.4603341975001363
138.3199999999467,walk,walk,-0.0,-0.0,0.0,0.9707287763338799,0.0902918014759215,-1.236291128527074,-159.50646794590793,0.019473859541695893,0.016427054896514276,0.0019245692287975635,-0.005824067703786482,0.002209356353673529,-0.0008282495494050992,0.0792388965387399,0.2094582369562843,0.7584021792795409,0.566813566947937,0.7619273351914146,0.5524690982351304,-0.056046078633590055,-0.012689887732267383,1.5730897454272097,1.5729792092875123,-17.611228244370928,-1.5244057615645439,6.232122214489172,-34.4670179343457,-4.030765095353454,-2.2832380943624746,14.126939791683478,0.79467746379672,5.240181587061459,-37.66441569906564,-3.2443369568981937,3.4206367778892814
138.33999999994668,walk,walk,-0.0,-0.0,0.0,0.9707664816894664,0.08453290348306189,-1.231916671576829,-159.50727068310565,0.019342249518636494,0.01617404035471058,0.0018842889265692421,-0.0049321697626940495,0.004018600742533922,-0.0006892603999219496,0.07929109045314031,0.20846389396624798,0.7581741693551998,0.5665508296737671,0.7614833814912343,0.5530194875249863,-0.056054490926121435,-0.012757505476474765,1.5731144523570573,1.5730199574441195,-17.506875947940607,-1.4940913374727904,6.246927561048087,-34.47460228128374,-4.148528594838698,-2.2981092122670104,14.193690513226876,0.8017946495224221,5.214736094547842,-37.489748761588736,-3.381463210888396,3.383866841677369
138.35999999994667,walk,walk,-0.0,-0.0,0.0,0.9707987842499923,0.0795970785140701,-1.2253526632977645,-159.5079711733934,0.019175411583071237,0.015883445718021194,0.001841787462743444,-0.004232795824616858,0.005942135079861503,-0.0006108394246352587,0.07935107707484874,0.20756554490333556,0.757971306975043,0.5663201447973252,0.761095307792244,0.5535297628889084,-0.056062792320570515,-0.012823461741209033,1.57313944187882,1.5730493043497682,-17.411819114272735,-1.4667370060378728,6.244820796392612,-34.48154197278252,-4.255975283019821,-2.313200074236231,14.25343150223174,0.8065342205071142,5.190520139728962,-37.332305208204865,-3.508376779820798,3.3495382542493473
138.37999999994665,walk,walk,-0.0,-0.0,0.0,0.9708258680956049,0.07529817091285207,-1.2166848770674403,-159.5086705644259,0.018979015594336617,0.015566438041409647,0.0018013240632235006,-0.0036963771451307866,0.007762500502678104,-0.0006238822226653438,0.07942179718522448,0.20673192125040618,0.7577959795485343,0.5661564108381272,0.7607585484581623,0.5540266272077561,-0.05607124946070446,-0.012901882827281955,1.5731643962561501,1.573071993230331,-17.321373810513062,-1.4421533608041357,6.226402102283638,-34.48157219214923,-4.360453514357146,-2.3280662431216776,14.306007777193292,0.8089780583473382,5.161998000007921,-37.186168924573465,-3.631792739780163,3.3174122158221038
138.39999999994663,walk,walk,-0.0,-0.0,0.0,0.9708483655990952,0.07147012097499102,-1.2061957588303678,-159.50947462233754,0.018752413181784364,0.015228751158704413,0.0017654224379386862,-0.003304551156470727,0.009317842699553804,-0.0007277910573422906,0.07950887126273086,0.20593497850582865,0.7576466009990492,0.5660536673316956,0.7604654586770323,0.5545304801712037,-0.056080036920452804,-0.012980225682258609,1.5731891186561344,1.5730895719439268,-17.233590034712165,-1.4193178143905048,6.197011053826139,-34.47517422202817,-4.466174209654654,-2.342438034615039,14.352004892052928,0.8098149785566764,5.129657733995351,-37.04605624990489,-3.755358807053959,3.287551317963545
138.4199999999466,walk,walk,-0.0,-0.0,0.0,0.970867068638899,0.06797529600391021,-1.1942419847848085,-159.51044177127267,0.01848882611208961,0.014872480087048712,0.0017341970298420132,-0.003030381648530053,0.010558761513818142,-0.0008749351546564381,0.07961623929735913,0.2051569169142402,0.7575198615840303,0.5660116907606125,0.7602076860296882,0.555050769115448,-0.05608924017800978,-0.01305368095636368,1.57321350611505,1.5731043511018634,-17.148920022462633,-1.3978468849223482,6.1635661108589295,-34.46166020377586,-4.575671990344609,-2.355920923630851,14.390836661028427,0.8094840466672261,5.096135108503799,-36.908706298353025,-3.881999767743447,3.259856787309395
138.4399999999466,walk,walk,-0.0,-0.0,0.0,0.9708827336598972,0.06472307098158184,-1.18117401523956,-159.51155778356485,0.018183516290922536,0.01450140306665099,0.0017063678804330065,-0.0028287956989944095,0.01149582425433264,-0.0010021102942582478,0.07974218311882872,0.20440464802892022,0.7574118491637916,0.5660235967884064,0.759977881658147,0.5555732336292267,-0.05609885730515251,-0.013114760816097262,1.5732376003690376,1.5731200904533744,-17.069897334606395,-1.3773571123873567,6.1285299087376615,-34.44151781089243,-4.687156156050601,-2.368364871793214,14.421220740311258,0.8082468888120501,5.063143949154323,-36.77543737996727,-4.010205111330464,3.234414144411298
138.45999999994658,walk,walk,-0.0,-0.0,0.0,0.9708960360364726,0.06167639757070672,-1.1672950260959878,-159.51274999363693,0.017836479537467243,0.014119466911260583,0.001682920268814443,-0.002652327356792626,0.012174661849064485,-0.0010596371948548304,0.07988475498232443,0.20367415366027308,0.7573182305547739,0.5660685535917283,0.7597703137392755,0.5560961600790024,-0.05610877897378583,-0.013157728314399722,1.5732613209625685,1.5731325068459392,-16.995180367881186,-1.3581243126889726,6.093510348370566,-34.417686299867064,-4.799814822659878,-2.3798096645304874,14.445534759725634,0.8060438183210736,5.032350854243065,-36.64564803584512,-4.138978947239159,3.2108197635240656
138.47999999994656,walk,walk,-0.0,-0.0,0.0,0.9709075361463094,0.05882876167556731,-1.1528540366620539,-159.51398391771784,0.017451405091069464,0.013736168638628914,0.0016629115928060343,-0.0024791198910602188,0.012641265972098132,-0.001094458362230381,0.0800386303795547,0.20296317347857884,0.7572349494605838,0.5661401834735871,0.7595807400889152,0.5566175666103363,-0.056118850752453986,-0.013186092674732211,1.5732844689298113,1.57313966219728,-16.92192623757124,-1.3402342238308227,6.057690092169922,-34.39060330297084,-4.912129744852622,-2.3903650805634635,14.465785596992541,0.8026618200758949,5.003933842916775,-36.51904639550287,-4.266727552883663,3.1887850312193757
138.49999999994654,walk,walk,-0.0,-0.0,0.0,0.9709176163662274,0.056181174537210235,-1.1380619255599969,-159.5152453656122,0.017034437384660754,0.013354268305012358,0.001640358915354092,-0.0023045532123531004,0.01292699795460781,-0.0011168095801591383,0.0801992915798985,0.20226783737303278,0.7571591510380206,0.5662356105098725,0.7594063634798672,0.5571385261068345,-0.0561290113866898,-0.013211443275213244,1.573306852455467,1.5731426750258088,-16.849926418156087,-1.3232260511294214,6.0210938773903875,-34.36036378722491,-5.022656449788553,-2.4003272205638786,14.483460295862772,0.79829563877269,4.976828384089628,-36.39504509438635,-4.391776392685958,3.1681912967889825
138.51999999994652,walk,walk,-0.0,-0.0,0.0,0.9709265050513841,0.05373037119355088,-1.1230721048739571,-159.51652217414076,0.016589715762113832,0.01297399338230911,0.0016142215040545898,-0.0021334743874716344,0.013086695467890534,-0.0011287839284223333,0.08036772293877269,0.2015981284113234,0.757089247682225,0.5663403358707428,0.7592454546671218,0.5576473262557984,-0.05613927974815843,-0.013239178061485293,1.5733283783112226,1.5731439500064135,-16.77913444171626,-1.3072767004144823,5.986220695845348,-34.32938875779229,-5.131130322155242,-2.409888031656615,14.499624854926983,0.7931159037537734,4.952795875643049,-36.27552342508343,-4.513796761857934,3.1488551289062445
138.5399999999465,walk,walk,-0.0,-0.0,0.0,0.9709343262888924,0.05146507004204028,-1.1079789382622205,-159.51780409340162,0.01612022552988827,0.012594881514363615,0.0015850441966253374,-0.0019729661262778116,0.013169547719369519,-0.0011319197105937233,0.08054212022136915,0.2009521824523557,0.7570246407277567,0.5664510067949295,0.7590969690734495,0.5581447866210938,-0.056149700462935784,-0.013270265609025958,1.5733490170426379,1.5731443439558626,-16.70974285240115,-1.2922890251207917,5.95269197937791,-34.29824986549252,-5.237064945441891,-2.4192279869562587,14.51492351724281,0.7872155915374832,4.930810629793974,-36.160198814772,-4.6323203274410885,3.1306583175194445
138.55999999994648,walk,walk,-0.0,-0.0,0.0,0.9709411421677768,0.049370964293425294,-1.0928524900591805,-159.5190815063949,0.015630006909663353,0.012216776316824428,0.0015518343214785764,-0.001824804487209844,0.01319217821546779,-0.0011266284325136878,0.08071933802195834,0.20032786909442857,0.756965245009089,0.5665651496896744,0.7589602664132686,0.5586323973188401,-0.056160307438363324,-0.013302794843912127,1.5733687657996052,1.573144111125219,-16.642326076329386,-1.2780668237388275,5.919404309554861,-34.267416464774875,-5.339523181044009,-2.428523280175317,14.529530435633989,0.7806756575865023,4.90918160750034,-36.048718572542185,-4.746472760991312,3.113509291841743
138.57999999994647,walk,walk,-0.0,-0.0,0.0,0.9709469914618257,0.04743582483920359,-1.0777678854591208,-159.52034632545565,0.015124275648833972,0.011840099527907334,0.0015127198544819566,-0.001686835927344022,0.013147756412016955,-0.0011144501354999822,0.08089625222297919,0.1997267195161161,0.7569110619408066,0.5666795608053208,0.7588348662083921,0.559108146692276,-0.05617110637292867,-0.013334228843450549,1.5733876341986628,1.5731433427840948,-16.57745789831949,-1.2643973392949246,5.886056548651413,-34.23747226397148,-5.437480411122944,-2.4378540862554368,14.543667597562589,0.7736195245724798,4.88719623185246,-35.94137033221464,-4.85534355183525,3.097344798300962
138.59999999994645,walk,walk,-0.0,-0.0,0.0,0.9709519188062,0.045653691028056116,-1.062814190179674,-159.5215925860971,0.014608537258972818,0.011465580169144018,0.0014660050774602663,-0.0015551444980665833,0.013024503574380616,-0.001096963778422132,0.08107020927050494,0.19915210232475133,0.7568618602541247,0.5667906042585373,0.7587203074677262,0.5595682051429749,-0.05618208118239626,-0.013362440466880801,1.5734056402694128,1.5731421749055863,-16.515593420370443,-1.2511550909815763,5.853090371017242,-34.20904798793276,-5.530098586431865,-2.4472383724593283,14.557467496733596,0.7662233659443474,4.865114791460571,-35.838773195568784,-4.958204057896346,3.0821040181931916
138.61999999994643,walk,walk,-0.0,-0.0,0.0,0.9709560264048324,0.04403066012368732,-1.048087530733443,-159.5228181570896,0.014088831768558742,0.011094795866966807,0.0014152085010890156,-0.0014154266066708308,0.012816549893437173,-0.001078160467991685,0.0812391279591965,0.1986077394823682,0.7568166984723976,0.5668929454336167,0.7586159014095915,0.5600081619272232,-0.05619322294652891,-0.013387094438076022,1.5734227992655048,1.5731407183170796,-16.456648944036825,-1.2382464437571943,5.821583207189255,-34.1828348700486,-5.616743220145428,-2.4566705103723607,14.571277934312144,0.7586285548506887,4.843705991432187,-35.74156688892803,-5.054517710209789,3.067726678816073
138.6399999999464,walk,walk,-0.0,-0.0,0.0,0.9709594870681993,0.04258060523337865,-1.0336742723415053,-159.52402968086253,0.013573107020998114,0.010728360111526287,0.0013649321596040603,-0.0012618328273843247,0.01253459000477292,-0.0010667153102421468,0.08140140370846217,0.19809552939724873,0.7567739787934364,0.5669833954820633,0.7585205811111922,0.5604250517139435,-0.05620453139646752,-0.01340925991535187,1.5734391154354022,1.5731389590487361,-16.400275169973416,-1.2256210981105369,5.792667113486562,-34.159048162967196,-5.697119806957448,-2.466108203381184,14.585520149563619,0.7510144743097307,4.823578394261967,-35.65005393980131,-5.144075036535855,3.0541827560741295
138.6599999999464,walk,walk,-0.0,-0.0,0.0,0.9709624353412677,0.04131031679560254,-1.019644274490267,-159.52523045434248,0.013059956422597043,0.010366699459321066,0.0013134695293265794,-0.001104385739783595,0.012193758023545725,-0.0010567441780185193,0.08155577921589865,0.19761645163171393,0.7567326336161595,0.5670601960668564,0.7584334783908616,0.5608170267591477,-0.056215928259585636,-0.013430009782314303,1.5734546437980028,1.573136774165976,-16.346424825148294,-1.2132133679186492,5.766862062640762,-34.13788648401294,-5.771142474395222,-2.475491660822653,14.600236581227136,0.7435394561926092,4.804937978613589,-35.564439862227054,-5.226888982058543,3.0414064056004326
138.67999999994638,walk,walk,-0.0,-0.0,0.0,0.9709649348510234,0.04021163503895142,-1.0060454510276708,-159.5264174089099,0.012549952715228822,0.010009079149612608,0.001259855235113364,-0.0009553658489655978,0.011813486798234296,-0.0010437663767787885,0.08170133735262315,0.1971700460171133,0.7566923756709004,0.5671218421707154,0.7583539840683371,0.5611839380512238,-0.05622737007585525,-0.013449548929929736,1.5734694013491808,1.5731338572636724,-16.29510694437902,-1.201087855108243,5.743935150828147,-34.11962744672677,-5.8388990948809525,-2.48478002894427,14.615366795648532,0.7361996566573138,4.78812473161673,-35.484661066929164,-5.3030637755685195,3.0293510755312605
138.69999999994636,walk,walk,-0.0,-0.0,0.0,0.9709670239338545,0.03927008129644135,-0.9929068505637373,-159.52758559540982,0.01204363038737047,0.009654971471065563,0.001204909778226026,-0.000819385794048151,0.011409741048308693,-0.0010263955785638624,0.0818375848429741,0.19675565191803257,0.7566532052393024,0.5671689000377655,0.758281556717494,0.5615259047994614,-0.056238845814147884,-0.0134680449962616,1.5734833871614362,1.5731301412865997,-16.24636341511815,-1.1892830677416533,5.72354693550703,-34.104190242778344,-5.900635634736763,-2.493945996344723,14.630751796660768,0.7289974657285622,4.773271856912102,-35.41060342736031,-5.372825658149793,3.0179739561831926
138.71999999994634,walk,walk,-0.0,-0.0,0.0,0.9709687370918331,0.03847064436858732,-0.9802443951493663,-159.5287155676135,0.01154043254160887,0.009302408074275412,0.0011498088418988766,-0.0006960674878097778,0.010993236799809741,-0.0009887345192591958,0.08196441900562688,0.19637161550867144,0.756615198598712,0.5672023531446457,0.7582156750007827,0.5618440594921112,-0.05625037043326111,-0.013485665619373324,1.5734966035970626,1.573125832057047,-16.200311268595048,-1.1778141919519747,5.705286924600869,-34.09141713790729,-5.956668187210649,-2.502971763846976,14.646341279820795,0.7219564954438815,4.760324738753663,-35.341970332133464,-5.436510625661911,3.007227379438473
138.73999999994632,walk,walk,-0.0,-0.0,0.0,0.9709701079454881,0.037800901989631326,-0.9680650484835758,-159.52978542296893,0.01104008768709923,0.008951741497674632,0.0010953823252060544,-0.0005829878763914708,0.010571588759141047,-0.0009345837739242268,0.08208171419421365,0.1960164419519056,0.7565784186337907,0.5672236618051529,0.7581558871623625,0.5621394452104569,-0.05626195242451505,-0.013501881808042529,1.5735090530026263,1.573120791739273,-16.157077899371867,-1.1667189860452265,5.68875439224105,-34.081055473431704,-6.007277926521866,-2.5118420684902873,14.662082021208139,0.7150719337019384,4.749206171809871,-35.27849820827649,-5.494435579611775,2.9970491614366934
138.7599999999463,walk,walk,-0.0,-0.0,0.0,0.9709711663075073,0.037251363886386876,-0.9563682637358016,-159.53081138241953,0.010544260278542555,0.008607150580361107,0.001042160122543663,-0.0004782242793178669,0.010151091343976201,-0.0008985259592676295,0.08218950974627147,0.19568916393439828,0.7565428802013207,0.5672343012342453,0.7581018517376668,0.5624126878032685,-0.0562735697398222,-0.01351660415530205,1.5735207393665456,1.5731150221959234,-16.116725629330144,-1.1559262424907273,5.673793235336977,-34.07283868649639,-6.052755602102535,-2.520540830144779,14.677781149770569,0.7083949414236286,4.739583681925364,-35.220021541223396,-5.546902458910828,2.9874093705105964
138.77999999994628,walk,walk,-0.0,-0.0,0.0,0.9709719387964971,0.0368139036926838,-0.9451484332046829,-159.53181965948903,0.010055113570088292,0.008269519947803824,0.0009904512772760693,-0.0003808857804151026,0.009735959576435195,-0.0008857993485585827,0.0822879480380451,0.1953874956553887,0.7565085830746159,0.5672349717864991,0.7580532796815347,0.562665784026146,-0.05628520565521747,-0.013529735803604129,1.573531657664965,1.5731084424019337,-16.079067182281314,-1.145301690453165,5.660490818079227,-34.06663982578395,-6.093409920101708,-2.5290245683695476,14.693371011436206,0.7020404756991079,4.7309922215143905,-35.16613279161087,-5.594260893136967,2.978305538294111
138.79999999994627,walk,walk,-0.0,-0.0,0.0,0.9709725286862602,0.036461904101458525,-0.9344008115149621,-159.53282768087104,0.009574562007636993,0.007936562409471321,0.0009448037870541578,-0.00031088264927889845,0.009324444459410303,-0.0008869064413919602,0.08237726735462754,0.19510869285816534,0.7564753298681992,0.5672268506536484,0.7580088721498905,0.5629001792917252,-0.05629683886717244,-0.013541518896818164,1.573541806292926,1.5731011128932715,-16.043914851176144,-1.1348135618021604,5.648812009625102,-34.06219527474782,-6.129640251256083,-2.537261922202086,14.708623241945798,0.6960423274453681,4.723302699994912,-35.11625988913969,-5.6368162365486505,2.9697427373343386
138.81999999994625,walk,walk,-0.0,-0.0,0.0,0.9709730755840061,0.036156968701628864,-0.9241223899429114,-159.5338384259946,0.00910450732028273,0.0076079117851343605,0.0009057719071370098,-0.0002735438435871857,0.008915646531389375,-0.0008893404180591128,0.08245792462222466,0.19484910678625145,0.7564428425214718,0.5672099378356934,0.7579669026360516,0.5631177958498002,-0.056308462194563876,-0.013552661240100863,1.573551194964545,1.5730932888523221,-16.01129903331394,-1.124492872449347,5.638711910698236,-34.05944720652617,-6.161839080919512,-2.5452862185307628,14.723148033367664,0.6903785479326744,4.7165511313028246,-35.069710553740386,-5.674930651119335,2.961699657232124
138.83999999994623,walk,walk,-0.0,-0.0,0.0,0.9709735822798181,0.0358786521010307,-0.9143140184949323,-159.534847517965,0.008648145933421957,0.007285326848820767,0.0008651403561023116,-0.0002521664939224528,0.008505282795277505,-0.0008871580408954314,0.08253069946199612,0.19460704193898493,0.756411400386892,0.5671854254255295,0.7579270167438632,0.5633199748048783,-0.05632008146737061,-0.013563721626996997,1.5735598488257043,1.573085387511599,-15.981056671132617,-1.1143522328431505,5.630020178728775,-34.05828004618349,-6.19043910617732,-2.5531281502260748,14.736712074560195,0.6850212311319537,4.710816093065474,-35.02629517151656,-5.709105872795048,2.9541203928242274
138.8599999999462,walk,walk,-0.0,-0.0,0.0,0.9709740221777478,0.03562057063970141,-0.9049758202402324,-159.53584595531285,0.008206326643713686,0.006969557852056145,0.0008229316062950394,-0.00023443225282394206,0.008095409587899166,-0.0008759358381233909,0.08259631332360252,0.1943821323681345,0.7563812856410413,0.5671539988765717,0.7578892806587687,0.5635071482906342,-0.05633171247584681,-0.013574044406414035,1.5735678021150605,1.5730775727838755,-15.95294806580881,-1.1044281302329828,5.622667514342115,-34.0586177555688,-6.215756367409256,-2.5607730565278204,14.74921533309822,0.6799334844040051,4.7061249068010245,-34.98597237004652,-5.739749380569148,2.9469589533255385
138.8799999999462,walk,walk,-0.0,-0.0,0.0,0.9709743856443055,0.03538498617598146,-0.8961008739147326,-159.536830153679,0.007778817061710027,0.006662220656954347,0.0007806787273386498,-0.0002141251836544406,0.007692391968788177,-0.0008632429138275405,0.0826553649074284,0.1941744576050961,0.7563525520988755,0.5671172377119065,0.7578537888133252,0.5636793312082291,-0.05634334571079545,-0.013582787662744525,1.5735750943707199,1.5730698325619579,-15.92663954303984,-1.0947349794048165,5.616535648170519,-34.060168102866065,-6.238060104174697,-2.568210735637133,14.760888223931639,0.6750759756332865,4.702475102611903,-34.9487588620712,-5.767229238447383,2.940184678759652
138.89999999994617,walk,walk,-0.0,-0.0,0.0,0.9709746709643821,0.035175809047310214,-0.8876753281343869,-159.53780276831506,0.007365315685115987,0.006364008394666824,0.0007394371141483109,-0.0001904429019885024,0.00730215818016052,-0.0008532012739815045,0.08270853693044819,0.19398259292430609,0.7563251667396198,0.5670763191232682,0.7578206214992497,0.5638380285749436,-0.05635496038323095,-0.013590327650308612,1.5735817603909572,1.5730620802328468,-15.901899216838347,-1.0852566474653451,5.61144575548141,-34.06270682164595,-6.2576776626341655,-2.57542194421057,14.77193991241876,0.6704429126596922,4.699703644141109,-34.91439723818491,-5.791901837772082,2.9337964412564292
138.91999999994616,walk,walk,-0.0,-0.0,0.0,0.9709748803106616,0.03499563280887088,-0.8796808346176417,-159.53876637757276,0.006965572699888057,0.006074762172647308,0.0006998199958235322,-0.00016475772119810858,0.006928291585049154,-0.000845308822097785,0.08275650823143475,0.1938054557003034,0.7562990855111317,0.56703303125,0.7577898136781706,0.5639843579778672,-0.05636654107401703,-0.013597171008586886,1.5735878291889591,1.5730543176591874,-15.878597638366557,-1.076018085742145,5.607102450144588,-34.0659033840154,-6.274950958154862,-2.582385153287291,14.782484774309303,0.6659668916086735,4.69761974316896,-34.882689190661345,-5.814088465078487,2.9277992530799244
138.93999999994614,walk,walk,-0.0,-0.0,0.0,0.9709750174873413,0.03484521067548379,-0.8720976124543954,-159.53972192510494,0.006579475600918001,0.005794093652210958,0.0006620211334032242,-0.00013863263361331323,0.006571713966414225,-0.0008380718859708976,0.08279983601549322,0.19364196129295108,0.7562742781902846,0.566989132429123,0.7577613535935569,0.5641193923006058,-0.05637808123756011,-0.013603693991899493,1.573593330504052,1.5730466873333335,-15.856656375904432,-1.0670520160565808,5.603204430026428,-34.069436943580264,-6.2901853044543,-2.589079349822856,14.792512230926366,0.6615867230293704,4.696066720095462,-34.853435981594174,-5.834064691707778,2.922198104233141
138.95999999994612,walk,walk,-0.0,-0.0,0.0,0.9709750921330261,0.03472421125387116,-0.8649064117528281,-159.5406682428828,0.006207042437735056,0.0055216139330244,0.0006262033094292036,-0.0001128693038811509,0.006231857284959009,-0.0008295827734460581,0.0828391214335744,0.1934913904155976,0.7562506881168763,0.5669457402477265,0.7577351627086885,0.5642437722930909,-0.05638958037816019,-0.013609892874956134,1.5735982899620842,1.5730391100928665,-15.83607271172779,-1.0583588955655399,5.599582209539489,-34.07309859491665,-6.3036605145900415,-2.5955001674078595,14.801954811188768,0.6572858491961107,4.694943216985062,-34.826507538721714,-5.85207794959653,2.91699054020255
138.9799999999461,walk,walk,-0.0,-0.0,0.0,0.9709751381044247,0.03463226808077776,-0.8580889464563073,-159.54160350316644,0.005848342032159224,0.005257252021989726,0.0005939744216978076,-8.736904330922732e-05,0.005907760591836727,-0.0008195205972854248,0.08287474882615628,0.19335257149387686,0.7562280911843299,0.5669038679847718,0.7577109933211932,0.5643584218273163,-0.05640104098929441,-0.01361566707491875,1.5736027339421002,1.5730316641688824,-15.816835317534135,-1.0499576444212664,5.596161342333825,-34.076642121326664,-6.315598839670036,-2.6016360574115964,14.810697632668074,0.6530180383731049,4.694212784211445,-34.80166943511741,-5.868343475461558,2.9121700146518474
138.99999999994608,walk,walk,-0.0,-0.0,0.0,0.9709751752339488,0.03455508873653601,-0.8516266800368016,-159.54252696840712,0.005503345826747615,0.005000099904123552,0.0005639656661404191,-7.551857286959997e-05,0.005599949431740137,-0.0008089738763371423,0.08290713027454497,0.19322409877139346,0.7562065764108423,0.566863605047226,0.7576884380524757,0.5644643392810822,-0.056412446762757716,-0.013620707392692569,1.5736066885966757,1.5730243709818006,-15.798879517578404,-1.0418321746971753,5.5928156627862915,-34.0801024286414,-6.326198820086185,-2.6074845739036663,14.818691595053322,0.6487996654666641,4.69383253666088,-34.77866059827721,-5.883057493795298,2.9077279063290247
139.01999999994607,walk,walk,-0.0,-0.0,0.0,0.9709752054977024,0.03448599003414119,-0.8455018284220615,-159.54343822924727,0.005172073069051922,0.004750705756272505,0.0005354751797114986,-7.097057140389215e-05,0.0053075022054618875,-0.0007982187382618018,0.08293662064918594,0.19310450596209328,0.7561862234795103,0.566824787522316,0.7576673270175056,0.5645628210554123,-0.056423794415764346,-0.013625188916921618,1.573610181028551,1.5730172314629436,-15.782123656761966,-1.0339500000196793,5.589441332645606,-34.08352159576498,-6.335624512258379,-2.6130708221187624,14.825899869062058,0.6446275368229553,4.693732288160534,-34.75723395440156,-5.8964025185425815,2.9036315759239684
139.03999999994605,walk,walk,-0.0,-0.0,0.0,0.9709752290793251,0.034421919343091,-0.839698394880649,-159.54433714830196,0.0048545169587174974,0.004509613211754775,0.0005082714628812702,-6.704808165507937e-05,0.005028788992309551,-0.0007872821486778106,0.0829634476628999,0.19299277445695684,0.7561670634299991,0.5667879518518448,0.7576475654792576,0.5646547910223008,-0.056435081554232436,-0.013629174977540973,1.5736132401050904,1.5730103154615045,-15.766500199734345,-1.026301899329022,5.586003140327789,-34.08679376529132,-6.344026469084484,-2.618398729541885,14.832344967071345,0.6404989202106676,4.69383142765422,-34.737222725337425,-5.908524847213893,2.8998496506125906
139.05999999994603,walk,walk,-0.0,-0.0,0.0,0.9709752492138883,0.03436049155146622,-0.8342190998301536,-159.54521669677558,0.004551392886199859,0.004276031659182567,0.00048030093105319474,-6.457744948225634e-05,0.0047443861812041695,-0.0007688598521772124,0.08298793976209914,0.19288871920403472,0.7561490642485846,0.5667532023439408,0.7576289683857822,0.5647402491817475,-0.05644630590567725,-0.013632982224226,1.5736158947283485,1.5730036173895479,-15.751935957198675,-1.0188761874038086,5.582605438320857,-34.08989673956594,-6.351524038652468,-2.623475758688994,14.838079931592109,0.6364126697280973,4.694191644035607,-34.718580184027736,-5.919555195485966,2.8963669399344316
139.079999999946,walk,walk,-0.0,-0.0,0.0,0.9709752673611735,0.03430098723168159,-0.8290866223293967,-159.5460671582144,0.004263134876400357,0.004050018386312391,0.0004497208028339148,-6.24281706007821e-05,0.004439866207638623,-0.0007427793147165143,0.0830101116814518,0.19279255274162088,0.7561321397780455,0.5667202558765412,0.7576113906475047,0.5648188379058838,-0.05645746396263058,-0.013636517524719241,1.5736181759660044,1.572997241555202,-15.738312849273314,-1.0117210631607298,5.579663176673125,-34.09286155526681,-6.358102619469856,-2.628316739335269,14.843143219785023,0.6323119283226808,4.695276433238917,-34.70134573493276,-5.929487852719254,2.8931757955606443
139.099999999946,walk,walk,-0.0,-0.0,0.0,0.9709752804325849,0.034243821084263236,-0.8242964967038208,-159.5468904908737,0.003988637259067612,0.0038325789940336676,0.0004195299163995001,-5.995173148635418e-05,0.00414242680901136,-0.0007192764130472299,0.08302965962062059,0.19270611421965367,0.7561162446744414,0.5666874435195923,0.7575948385715366,0.564888724351883,-0.05646855390463463,-0.013639575988054278,1.5736201161790049,1.5729913136870146,-15.725559954832564,-1.0048188407475223,5.577409716834909,-34.095984228038276,-6.363570079276691,-2.6329325687913183,14.847559621348097,0.6282180951537691,4.6973110101555084,-34.68586354808958,-5.938144075474256,2.8902692564676173
139.11999999994597,walk,walk,-0.0,-0.0,0.0,0.9709752874364395,0.03418907835041693,-0.8198311460442645,-159.54768800483134,0.0037283941485963417,0.0036232882954803027,0.00039090220211414296,-5.74632651415001e-05,0.0038612302965575574,-0.000696587970906992,0.08304635253705045,0.192628960356786,0.7561013374765059,0.566654362941742,0.7575792712078832,0.5649503108510971,-0.056479582040716514,-0.013642265647649768,1.5736217372649288,1.5729857033998251,-15.713742003332515,-0.9981321028123361,5.575691656236914,-34.0993298880009,-6.36786635300353,-2.6373289646863105,14.8514090954617,0.6241465014298293,4.700064819842361,-34.67204936610026,-5.945463414156568,2.8876397778255583
