time_s,control_state,policy,command_c0,command_c1,command_c2,base_height_m,roll_deg,pitch_deg,yaw_deg,body_vx_m_s,body_vy_m_s,body_vz_m_s,body_wx_rad_s,body_wy_rad_s,body_wz_rad_s,pd_error_rms_rad,pd_error_max_abs_rad,left_knee_joint_position_rad,left_knee_joint_pd_target_rad,left_knee_joint_actuator_torque_nm,right_knee_joint_position_rad,right_knee_joint_pd_target_rad,right_knee_joint_actuator_torque_nm,left_shoulder_roll_joint_position_rad,left_shoulder_roll_joint_pd_target_rad,left_shoulder_roll_joint_actuator_torque_nm,left_wrist_yaw_joint_position_rad,left_wrist_yaw_joint_pd_target_rad,left_wrist_yaw_joint_actuator_torque_nm
27.139999999998885,walk,walk,-0.0,-0.0,0.0,0.9818908954641663,0.05104938460456431,-0.03482146499553451,-0.0051334915049211305,-4.9412688124905575e-05,8.31392747059371e-07,-9.74537907185399e-05,5.170032936602379e-07,-1.634309612785637e-05,1.7732420067846292e-06,0.06365600502621843,0.1768046541594051,0.6689535614861567,0.5522582319030762,-21.00549531345947,0.6715017516285307,0.5545143422136307,-21.05809640561624,-0.05500252597129351,-0.010841614753007892,3.5327885864385324,1.5712887053389983,1.5706216779485822,-0.016657905007112502
27.15999999999888,walk,walk,-0.0,-0.0,0.0,0.9818889832360485,0.051049990361857235,-0.03484011667440866,-0.005131468602928991,-4.937959969546278e-05,8.302596031495602e-07,-9.747432743504359e-05,5.319511471215064e-07,-1.62819083042671e-05,1.7801394830455861e-06,0.06365785281759406,0.17682689604776974,0.6689580179509304,0.5522617932806015,-21.005656178862786,0.6715065655935132,0.5545188870677948,-21.058144764867958,-0.05500099497535949,-0.010839938372373584,3.532800250559595,1.5712881795744709,1.570621163858521,-0.016657630521279675
27.179999999998877,walk,walk,-0.0,-0.0,0.0,0.9818870702717668,0.05105058899717042,-0.03485870423303426,-0.005129437873390932,-4.9345725551186015e-05,8.287744463432687e-07,-9.750696571279272e-05,5.220164528844767e-07,-1.6227572146475822e-05,1.7868015179888994e-06,0.06365969929026563,0.17684920967517087,0.6689624742565782,0.552265593076706,-21.005774364357876,0.6715113786462302,0.5545233872184754,-21.058201019197814,-0.05499946395510621,-0.010838187485933307,3.532817834545841,1.571287654133264,1.5706206441805244,-0.01665749648983528
27.199999999998873,walk,walk,-0.0,-0.0,0.0,0.9818851566924762,0.05105118745141077,-0.03487722535802617,-0.0051273988726943725,-4.93117640528395e-05,8.27386535152654e-07,-9.752903994011249e-05,5.238141758761435e-07,-1.616849333378546e-05,1.7941386795901684e-06,0.06366156699350806,0.17687153539628525,0.6689669287572423,0.5522692289600373,-21.005921562542248,0.671516190211759,0.5545279320726395,-21.05824891214051,-0.05499793211834294,-0.01083638817071915,3.532839184330201,1.571287128717404,1.5706201189145923,-0.016657492632352503
27.21999999999887,walk,walk,-0.0,-0.0,0.0,0.9818832424132681,0.051051775102047926,-0.0348956829803086,-0.005125353176837809,-4.9278726711201704e-05,8.261677659588541e-07,-9.75592109582841e-05,5.123924690284898e-07,-1.61140445784595e-05,1.7996513120774414e-06,0.06366343409056645,0.17689391746844213,0.668971382850164,0.5522729989538193,-21.00604468401417,0.671521000542314,0.5545324471244812,-21.058301971834947,-0.05499639981665977,-0.010834655910730365,3.5328551584874885,1.5712866032717112,1.5706195936486602,-0.01665748707463653
27.239999999998865,walk,walk,-0.0,-0.0,0.0,0.9818813275471204,0.05105235386014459,-0.03491407442225533,-0.005123300907426048,-4.924386762070586e-05,8.25094110496387e-07,-9.758025524058595e-05,5.054222175775691e-07,-1.6055356985247106e-05,1.805369431302072e-06,0.06366531843998728,0.17691641464735744,0.6689758353655243,0.5522767242441178,-21.006175455113752,0.6715258085310221,0.5545368727693558,-21.058370609062504,-0.05499486831976047,-0.010833035409450534,3.5328623301563047,1.5712860774767903,1.5706190590695024,-0.016657693497195213
27.25999999999886,walk,walk,-0.0,-0.0,0.0,0.9818794120837793,0.051052930090609294,-0.03493239844612808,-0.005121241547784674,-4.9209837625028775e-05,8.237632180990433e-07,-9.760400749893848e-05,5.038833140464434e-07,-1.5996781950575356e-05,1.811582201241002e-06,0.06366718026815196,0.17693877489308862,0.6689802860511999,0.5522804048309327,-21.006313936028608,0.6715306149023635,0.5545414027223587,-21.05842025072421,-0.05499333757281273,-0.01083137392997742,3.532872827881464,1.5712855522623637,1.570618554292667,-0.016657206521030078
27.279999999998857,walk,walk,-0.0,-0.0,0.0,0.9818774958548726,0.05105351536285545,-0.03495066114120183,-0.005119173733223767,-4.9173173643491253e-05,8.22518357401754e-07,-9.763749402623549e-05,5.131942723395867e-07,-1.594413118721162e-05,1.8190946441560664e-06,0.06366904399712582,0.17696113305704494,0.6689847360512764,0.5522841152200699,-21.00644701961036,0.6715354212686631,0.5545459624776841,-21.058464647939907,-0.0549918067964672,-0.010829626768827441,3.532890132425506,1.5712850279741666,1.5706180513784767,-0.01665670395616645
27.299999999998853,walk,walk,-0.0,-0.0,0.0,0.9818755790403536,0.051054105635286486,-0.03496884905415486,-0.005117098600625415,-4.913986517774073e-05,8.214016929768207e-07,-9.76568730642294e-05,5.166308028076685e-07,-1.587653976021272e-05,1.8252556591516489e-06,0.06367092771447917,0.17698350408492458,0.6689891841533734,0.5522877809057236,-21.006587704791436,0.6715402256603787,0.554550417924881,-21.058527295331906,-0.05499027581585048,-0.010827879607677462,3.53290741579705,1.5712845034035468,1.5706175130740285,-0.016657032448904905
27.31999999999885,walk,walk,-0.0,-0.0,0.0,0.9818736613814886,0.05105468639561197,-0.034986980448551086,-0.005115017050945171,-4.910199900854828e-05,8.199967158583481e-07,-9.769696448398888e-05,5.066202621434752e-07,-1.583071774295913e-05,1.8307169259334945e-06,0.06367280064289434,0.17700593151102315,0.668993632929405,0.552291580701828,-21.00670458956189,0.671545030142347,0.5545549776802063,-21.058571368111863,-0.05498874406921814,-0.0108260914683342,3.532927881803184,1.5712839789146564,1.570616995258677,-0.01665687111329341
27.339999999998845,walk,walk,-0.0,-0.0,0.0,0.9818717429829895,0.05105525868105936,-0.03500505376069986,-0.005112924302294177,-4.906258905282861e-05,8.182879923110423e-07,-9.772582095220203e-05,4.998149057529761e-07,-1.5778487686661346e-05,1.8409736257987133e-06,0.06367467390627762,0.17702810525696536,0.6689980809665196,0.5522952612886429,-21.006842660112365,0.671549833929944,0.5545595225343705,-21.058617914828453,-0.05498721247169169,-0.01082442253828049,3.532938883162283,1.5712834540911844,1.5706164606795192,-0.016657101348553305
27.35999999999884,walk,walk,-0.0,-0.0,0.0,0.9818698239931285,0.05105584486974977,-0.035023059644437145,-0.005110829295300269,-4.902192851899963e-05,8.181129551351338e-07,-9.774793671306502e-05,5.14825757173915e-07,-1.571877586698839e-05,1.8418118018297414e-06,0.06367654240654366,0.1770503969446511,0.6690025265293686,0.5522989418754578,-21.00698016308011,0.6715546362315084,0.5545639928827286,-21.058677554014388,-0.05498568125598847,-0.01082272753119469,3.532952007078033,1.5712829295064723,1.570615946589458,-0.016656849982868486
27.379999999998837,walk,walk,-0.0,-0.0,0.0,0.9818679046556192,0.05105642426043238,-0.03504097799823015,-0.005108722159020735,-4.8992437810369184e-05,8.159935524360613e-07,-9.775417450981959e-05,5.053358256065601e-07,-1.5639777559179557e-05,1.8536465403937966e-06,0.06367843743633733,0.17707281872254996,0.6690069685294099,0.5523025479564667,-21.007130358722968,0.6715594344003082,0.554568403626442,-21.058746965244993,-0.054984150617297285,-0.010821058601140979,3.5329631036214986,1.5712824048334284,1.5706154175982356,-0.016656952901881933
27.399999999998833,walk,walk,-0.0,-0.0,0.0,0.9818659845783508,0.05105699746849219,-0.03505883472224213,-0.005106609656228028,-4.896010013553848e-05,8.150098684518193e-07,-9.778985944692974e-05,5.009658131617836e-07,-1.55907475082305e-05,1.857264173778158e-06,0.06368029460599968,0.1770951331604585,0.6690114104084149,0.55230633285141,-21.00724862812476,0.671564232091674,0.5545729782829285,-21.058787101231434,-0.054982619324649366,-0.010819255560636523,3.5329847993351318,1.5712818791020242,1.5706148643926263,-0.01665760040116542
27.41999999999883,walk,walk,-0.0,-0.0,0.0,0.9818640637773037,0.05105756523229828,-0.03507663391014941,-0.005104493141484569,-4.8922093448238185e-05,8.141759628250814e-07,-9.781838475595761e-05,4.960631598325778e-07,-1.5539364880626373e-05,1.860704206673507e-06,0.06368216863516464,0.17711751921113822,0.6690158517689501,0.5523100730428696,-21.007374789936843,0.6715690285712024,0.5545774188289643,-21.05885106366126,-0.05498108771706618,-0.010817530751228335,3.5330002423006115,1.5712813544353608,1.5706143782422424,-0.016656683215087596
27.439999999998825,walk,walk,-0.0,-0.0,0.0,0.9818621424468242,0.051058129917812854,-0.03509435774455855,-0.005102365825983057,-4.8887620803931036e-05,8.124011713864025e-07,-9.783588107572852e-05,4.937160836939267e-07,-1.547151330890596e-05,1.8709030328545999e-06,0.06368406696098189,0.17714003489836316,0.6690202906772527,0.5523136791238785,-21.0075245055798,0.6715738227677068,0.5545819040784836,-21.058906502119555,-0.05497955667306528,-0.010815880447626117,3.5330098186123537,1.571280829546301,1.570613838075149,-0.016657050070145212
27.45999999999882,walk,walk,-0.0,-0.0,0.0,0.9818602205094433,0.05105869863534966,-0.03511201644370441,-0.005100233671116159,-4.8853042106138164e-05,8.115033808541065e-07,-9.786107899624374e-05,4.981670078128879e-07,-1.5416755107671404e-05,1.8742375086505991e-06,0.06368595056575027,0.17716236985178083,0.6690247278278051,0.5523173895130158,-21.0076551967623,0.6715786156631862,0.5545864340314866,-21.05895374113862,-0.054978026128335945,-0.010814189165830615,3.533022703354372,1.5712803038557615,1.5706132941827655,-0.01665747717376067
27.479999999998817,walk,walk,-0.0,-0.0,0.0,0.9818582976700589,0.05105927029687549,-0.0351296173857925,-0.0050980930599491174,-4.881531570109075e-05,8.102289225601701e-07,-9.790265844587868e-05,5.002842626250106e-07,-1.5367055988581674e-05,1.8821651415690548e-06,0.06368782770452086,0.17718462943528665,0.6690291658068114,0.5523211446056366,-21.00777819211917,0.6715834093555413,0.5545909937868119,-21.05899591839623,-0.05497649536818589,-0.010812442004680636,3.5330399996442856,1.5712797792286408,1.5706128061697364,-0.01665660595684488
27.499999999998813,walk,walk,-0.0,-0.0,0.0,0.9818563743073301,0.05105985487252775,-0.03514714389812806,-0.005095943877220867,-4.8778813589958356e-05,8.090300697687637e-07,-9.791675375633063e-05,5.130776085967895e-07,-1.5298958806909422e-05,1.8894404707486612e-06,0.06368972301111557,0.17720700602060088,0.6690336005744368,0.5523247208843232,-21.007932449685303,0.6715882009019837,0.5545954194316864,-21.05906160049691,-0.05497496434820801,-0.01081069111824036,3.5330575753124482,1.5712792552199706,1.57061229021703,-0.016656421682034718
27.51999999999881,walk,walk,-0.0,-0.0,0.0,0.9818544504669879,0.051060433151355764,-0.03516459468974402,-0.005093788527298239,-4.874590582544911e-05,8.077486725142125e-07,-9.793428439402194e-05,5.04565898285089e-07,-1.52339212329077e-05,1.8946022912355497e-06,0.06369161344971055,0.1772293942204276,0.6690380330435969,0.5523283865699768,-21.00807031394996,0.6715929895293146,0.5545999046812058,-21.05911599020172,-0.05497343341065255,-0.010809007287025454,3.533069813701835,1.5712787315895498,1.570611776126969,-0.016656195844444548
27.539999999998805,walk,walk,-0.0,-0.0,0.0,0.9818525261799464,0.05106099682317927,-0.035181972295686384,-0.005091623972906158,-4.871455059744632e-05,8.0618583259317e-07,-9.794855028374892e-05,4.914653703430226e-07,-1.5169924866249498e-05,1.9028921829960837e-06,0.06369351446699138,0.1772517644148215,0.6690424630935866,0.5523320671567917,-21.0082050313256,0.671597774739783,0.5546043154249192,-21.059183132717788,-0.054971902678535925,-0.010807301104068759,3.5330838608620962,1.5712782075127827,1.5706112378225208,-0.016656532945255896
27.5599999999988,walk,walk,-0.0,-0.0,0.0,0.9818506011811658,0.0510615639531248,-0.03519929000294053,-0.005089453406133138,-4.868144981598547e-05,8.053366887810977e-07,-9.798101730791919e-05,4.970721921197022e-07,-1.511987500733928e-05,1.9076542389972405e-06,0.06369538462441114,0.17727408768208236,0.6690468922845182,0.5523358073482514,-21.00832899544577,0.6716025596273968,0.5546088751802445,-21.059223652899142,-0.054970372457066465,-0.010805639624595645,3.5330943915911432,1.57127768322805,1.5706107125565887,-0.01665655222280832
27.579999999998797,walk,walk,-0.0,-0.0,0.0,0.9818486755302752,0.05106213972174602,-0.0352165434417574,-0.005087275037124427,-4.8646854281512204e-05,8.04014489669972e-07,-9.800545481888754e-05,5.046440388848204e-07,-1.5062268163584267e-05,1.9147314464370093e-06,0.06369726953549479,0.17729633546520265,0.6690513196712093,0.5523394283304215,-21.008474002933625,0.6716073434313165,0.5546133902320862,-21.05927193659683,-0.05496884240663738,-0.010803911089897159,3.533110276962089,1.571277159122443,1.5706101947412372,-0.016656402244911748
27.599999999998793,walk,walk,-0.0,-0.0,0.0,0.9818467490153924,0.05106271243183591,-0.035233740310357586,-0.005085088847450324,-4.860898776517182e-05,8.025736714023703e-07,-9.804565360734856e-05,5.003658408325603e-07,-1.5014734988619846e-05,1.921386066975632e-06,0.06369914977927943,0.17731864060702668,0.6690557476463351,0.5523431983242035,-21.0085925011774,0.671612127594061,0.5546179350862503,-21.05931504975182,-0.05496731191579436,-0.010802145302295688,3.5331290735600605,1.571276635454933,1.5706096825138212,-0.016656131885228645
27.61999999999879,walk,walk,-0.0,-0.0,0.0,0.9818448217979143,0.051063275141883406,-0.035250871649622255,-0.005082896636520694,-4.857109306295534e-05,8.016271078749499e-07,-9.807157901362206e-05,4.911068141828379e-07,-1.4955428170917079e-05,1.9264205796970214e-06,0.0637010658101631,0.17734107616083708,0.6690601751905805,0.5523469385156632,-21.00871618297928,0.671616910120906,0.5546223160276413,-21.059387195103383,-0.05496578104671705,-0.010800401866436007,3.5331460593240354,1.571276112386265,1.5706091740116954,-0.01665578845159901
27.639999999998786,walk,walk,-0.0,-0.0,0.0,0.9818428940114561,0.05106384049043941,-0.03526793197677985,-0.005080696158899247,-4.853633367753722e-05,8.004583677305126e-07,-9.80925566197191e-05,4.952856353877231e-07,-1.489336569438449e-05,1.9339013239983982e-06,0.06370296703121858,0.17736339004702,0.6690646006084832,0.5523505893001557,-21.008855450168586,0.6716216909258541,0.5546268161783219,-21.059437589627926,-0.05496425037852683,-0.0107987254858017,3.533157730781193,1.5712755888854395,1.5706086357072473,-0.016656139504221887
27.65999999999878,walk,walk,-0.0,-0.0,0.0,0.9818409656909506,0.05106439951060882,-0.03528492666218751,-0.0050784899908261185,-4.850196532062403e-05,7.992313725981973e-07,-9.811255153734127e-05,4.880461950251446e-07,-1.4836752627844251e-05,1.938523783646e-06,0.06370485957438905,0.17738567208276723,0.6690690237415456,0.5523542549858094,-21.00899161905662,0.6716264695441267,0.5546313014278412,-21.059490227953024,-0.05496272030271295,-0.010797071456909182,3.5331676810097052,1.5712750655136942,1.570608121617186,-0.016655915209280885
27.679999999998778,walk,walk,-0.0,-0.0,0.0,0.9818390365868498,0.05106495679872088,-0.03530185780940154,-0.005076276233100928,-4.8467527304758806e-05,7.980459326719523e-07,-9.814768243425522e-05,4.876159099055676e-07,-1.4781783574581554e-05,1.9453307425583787e-06,0.06370673101056824,0.17740793722153095,0.6690734468529806,0.5523580100784302,-21.009111874426587,0.6716312479171003,0.5546358015785218,-21.059540301474456,-0.054961190516262436,-0.010795354098081592,3.5331827000894545,1.571274541182273,1.5706075684115768,-0.016656599180378876
27.699999999998774,walk,walk,-0.0,-0.0,0.0,0.981837107073927,0.051065502289797185,-0.03531870975270668,-0.005074054468429836,-4.843537048888458e-05,7.968267927864502e-07,-9.815559877498219e-05,4.756717913363114e-07,-1.4709704630359419e-05,1.952221437542536e-06,0.06370864830151267,0.17743033297057936,0.6690778671175223,0.5523616310606003,-21.00925551285494,0.6716360220892039,0.554640122915268,-21.059621467255997,-0.05495966046742318,-0.010793592035770419,3.533201244296698,1.5712740172223258,1.5706070636347413,-0.016656139030589625
27.71999999999877,walk,walk,-0.0,-0.0,0.0,0.9818351768495609,0.051066056274535004,-0.035335500301044855,-0.005071824452996023,-4.8400371181039305e-05,7.958422913581339e-07,-9.818975659008123e-05,4.863041958771703e-07,-1.466006880414847e-05,1.9594436686899315e-06,0.06371052563247846,0.1774525632183236,0.6690822862434774,0.5523653265485764,-21.009385695708445,0.6716407962260765,0.5546447273740769,-21.05965204158095,-0.054958130251225125,-0.010791882127523425,3.53321561188877,1.5712734941076492,1.570606560720551,-0.016655663113343096
27.739999999998766,walk,walk,-0.0,-0.0,0.0,0.9818332459675065,0.051066609057911876,-0.03535222220122571,-0.005069587862869591,-4.8366202978062286e-05,7.944542915532639e-07,-9.821335824386208e-05,4.831265665043336e-07,-1.459769532725556e-05,1.964901690629358e-06,0.06371243750872872,0.1774749099867129,0.6690867038606628,0.5523689773330689,-21.009523604150672,0.6716455692613698,0.5546491679201127,-21.059711791039547,-0.05495659967460816,-0.010790120065212253,3.533234109100072,1.5712729706478707,1.570606022416103,-0.016656017350548145
27.75999999999876,walk,walk,-0.0,-0.0,0.0,0.9818313147265969,0.05106716637300141,-0.03536886644652125,-0.00506734137524606,-4.833854473640757e-05,7.9308889938654e-07,-9.822147765361647e-05,4.883999405936454e-07,-1.4529164351110708e-05,1.9738711336159404e-06,0.06371434976254468,0.17749726844769895,0.6690911175558228,0.5523725536117554,-21.009674033284796,0.6716503388553061,0.5546536084661484,-21.05977075350671,-0.054955068756826986,-0.010788376629352572,3.5332510925804845,1.5712724477306645,1.5706055195019126,-0.016655540531089908
27.779999999998758,walk,walk,-0.0,-0.0,0.0,0.9818293830087919,0.051067708345047716,-0.03538544618618001,-0.00506508881471602,-4.830985903204488e-05,7.919061644603535e-07,-9.824089743424552e-05,4.719496375577307e-07,-1.4475158845020275e-05,1.9785960992594605e-06,0.06371627703236499,0.17751978626773313,0.6690955296500108,0.5523763236055375,-21.00978951067486,0.67165510516551,0.554658034111023,-21.05983182730486,-0.05495353797247459,-0.010786700248718264,3.5332627504851963,1.5712719247904008,1.5706049923733354,-0.01665564103913254
27.799999999998754,walk,walk,-0.0,-0.0,0.0,0.9818274504747734,0.05106824920538498,-0.035401966270514826,-0.00506283094601953,-4.827971161196974e-05,7.90925666659406e-07,-9.82781175665616e-05,4.737311878802426e-07,-1.4423440629300134e-05,1.9832582921236537e-06,0.0637181572301159,0.1775420934578566,0.6690999418467476,0.5523800190935135,-21.009918528805446,0.6716598717748593,0.5546626087675095,-21.059866422074503,-0.05495200834945363,-0.010785102099180224,3.5332683017223694,1.571271402142425,1.5706044801459194,-0.016655392425407714
27.81999999999875,walk,walk,-0.0,-0.0,0.0,0.9818255170720668,0.05106879127105779,-0.03541843611306114,-0.005060564269074272,-4.824186300766458e-05,7.895469757925978e-07,-9.831623593230352e-05,4.74370182362288e-07,-1.4380482038020746e-05,1.9913104653717836e-06,0.06372003947100141,0.17756426608959824,0.6691043542536065,0.5523837294826508,-21.010044905361866,0.6716646387423406,0.5546671238193512,-21.059911786930932,-0.05495047921480836,-0.010783388465642932,3.533283082894758,1.5712708804922055,1.5706039846823097,-0.016654774034831607
27.839999999998746,walk,walk,-0.0,-0.0,0.0,0.9818235828739112,0.051069328296396516,-0.035434849553041714,-0.005058292164405805,-4.8199548902902064e-05,7.882443426340925e-07,-9.834965434807e-05,4.6930144856462566e-07,-1.4330179980959759e-05,1.995524321530546e-06,0.06372194671816261,0.17758660015729916,0.669108766320065,0.5523874100694657,-21.01017654267505,0.6716694055283813,0.5546716239700318,-21.05995976644253,-0.054948949556039975,-0.010781592875719073,3.533304323798748,1.5712703579460405,1.5706034296140552,-0.016655548136964474
27.85999999999874,walk,walk,-0.0,-0.0,0.0,0.9818216480556934,0.05106987367276237,-0.035451189568856026,-0.005056011614757285,-4.816044919919247e-05,7.871789413453796e-07,-9.837164623822015e-05,4.785023657020414e-07,-1.4263991587869134e-05,2.0032069866380728e-06,0.06372387694938837,0.17760893172279146,0.6691131765793638,0.552391045952797,-21.01031578763675,0.6716741709634948,0.5546760645160675,-21.060018139627584,-0.05494741927893008,-0.010779841989278796,3.533321939647804,1.571269834699632,1.5706028968975425,-0.01665576409774685
27.879999999998738,walk,walk,-0.0,-0.0,0.0,0.9818197127736248,0.05107041055694767,-0.035467447669512604,-0.00505372343584466,-4.813114358979831e-05,7.863205551379043e-07,-9.838562997710642e-05,4.6829570720872196e-07,-1.4191896072640896e-05,2.009680923681251e-06,0.06372580161513296,0.17763127517436755,0.6691175849490554,0.5523947563419342,-21.010441288806813,0.6716789329156891,0.5546804156551361,-21.06009181182121,-0.054945888894438445,-0.010778132081031802,3.5333362983217262,1.571269312062384,1.5706023958459974,-0.016655249915151955
27.899999999998734,walk,walk,-0.0,-0.0,0.0,0.9818177767955534,0.05107094995299376,-0.035483640645997745,-0.005051428476865381,-4.8102833847672084e-05,7.85012756003206e-07,-9.841664979576148e-05,4.7281165496594613e-07,-1.4137797242238918e-05,2.0155508555914072e-06,0.06372770668188121,0.17765364498302905,0.6691219919263212,0.5523983773241044,-21.010582661328797,0.6716836948586322,0.554685020113945,-21.060120185360454,-0.0549443590431821,-0.010776481777429583,3.533345967095624,1.5712687889856582,1.570601855678904,-0.01665565678119405
27.91999999999873,walk,walk,-0.0,-0.0,0.0,0.9818158401435209,0.051071479262815654,-0.03549976880314013,-0.005049125775416363,-4.807078576029061e-05,7.837015948868796e-07,-9.84426112267231e-05,4.6162911738432856e-07,-1.4080258413767736e-05,2.022232349283167e-06,0.06372964117459838,0.17767611515444004,0.6691263984030378,0.5524021026144028,-21.01070524331904,0.6716884550552746,0.554689401055336,-21.06018829955296,-0.05494282918682081,-0.010774734616279605,3.5333633468071697,1.5712682661541828,1.5706013453141332,-0.01665535755596577
27.939999999998726,walk,walk,-0.0,-0.0,0.0,0.9818139028786713,0.05107199990053422,-0.03551582976988705,-0.0050468126448670984,-4.803468356810114e-05,7.822437837123561e-07,-9.846634380169645e-05,4.5489832718182123e-07,-1.4021557429683274e-05,2.0316220723754158e-06,0.06373156868438036,0.17769853741135555,0.6691308035338973,0.5524057533988953,-21.01084091827829,0.6716932133019998,0.5546938416013718,-21.0602453424724,-0.05494129948073186,-0.010773039609193805,3.5333765814432905,1.5712677432536086,1.570600818185556,-0.016655458633831586
27.959999999998722,walk,walk,-0.0,-0.0,0.0,0.9818119647712171,0.051072525293753133,-0.03553183630119574,-0.005044497422572172,-4.799049586410659e-05,7.816687473684594e-07,-9.85053862305204e-05,4.6070223211610555e-07,-1.3976052122095966e-05,2.0324572492617445e-06,0.06373347686838991,0.17772086850880942,0.6691352085199724,0.5524094637880326,-21.010965940172195,0.671697972406599,0.5546983864555359,-21.06028398879891,-0.05493976992324414,-0.010771337151527408,3.533390421003687,1.5712672202550193,1.570600294782269,-0.01665546584684929
27.979999999998718,walk,walk,-0.0,-0.0,0.0,0.9818100258333231,0.051073046155495155,-0.03554778357323502,-0.005042170682261038,-4.794178962687271e-05,7.795995668918048e-07,-9.85398646673842e-05,4.5502273642186527e-07,-1.3922934435407916e-05,2.04366367937364e-06,0.06373537711498696,0.1777430352483465,0.6691396134146996,0.5524131145725251,-21.011101670203022,0.6717027315911149,0.5547028717050553,-21.060333293026403,-0.054938240381650814,-0.010769619792699817,3.533405446566619,1.5712666977075977,1.5705997862801433,-0.0166551322204701
27.999999999998714,walk,walk,-0.0,-0.0,0.0,0.9818080863464569,0.05107356278539115,-0.03556365629909286,-0.005039838274295661,-4.7897008416484177e-05,7.784735424218888e-07,-9.855739978626831e-05,4.518598710965478e-07,-1.3855963758624984e-05,2.0476816363275267e-06,0.06373731094889816,0.17776548183477459,0.6691440162605832,0.5524167355546952,-21.011242242594232,0.6717074883732767,0.5547072824487687,-21.060395387988137,-0.05493671079989454,-0.010767887532711032,3.533421658385251,1.5712661755621433,1.570599272190082,-0.01665494364114967
28.01999999999871,walk,walk,-0.0,-0.0,0.0,0.9818061462066137,0.051074087176253134,-0.0355794587443314,-0.005037497966166485,-4.7854679473730054e-05,7.774634288770742e-07,-9.858490904912518e-05,4.6006616090909204e-07,-1.379605584303919e-05,2.0549223673755028e-06,0.06373922500397916,0.1777876887579373,0.6691484178534839,0.5524204310426712,-21.011369255923558,0.6717122441595272,0.554711767698288,-21.060444022079693,-0.05493518109742063,-0.010766170173883441,3.5334366640989026,1.5712656527037048,1.5705987282976985,-0.01665544092042143
28.039999999998706,walk,walk,-0.0,-0.0,0.0,0.9818042054875085,0.051074603648773746,-0.03559518560009938,-0.005035150480064343,-4.781578968204885e-05,7.764416370016356e-07,-9.860479650730654e-05,4.506704387806662e-07,-1.372874489904333e-05,2.060957206113798e-06,0.06374114146432659,0.17780999762317645,0.6691528180746819,0.5524241116294861,-21.0114986860064,0.6717169974252498,0.5547161337385178,-21.060513518748643,-0.05493365163026389,-0.010764486342668536,3.5334490282858093,1.5712651297721856,1.570598210482347,-0.016655314240555327
28.059999999998702,walk,walk,-0.0,-0.0,0.0,0.9818022642093949,0.05107512360550258,-0.03561084055274045,-0.005032795674555618,-4.778245207280329e-05,7.755700410572035e-07,-9.862593764304906e-05,4.558963751140029e-07,-1.3666959773733548e-05,2.0673433519219436e-06,0.06374306120226109,0.177832259327583,0.6691572162539534,0.552427792216301,-21.011627696420945,0.6717217489174997,0.5547205891857148,-21.06056668341845,-0.05493212213285264,-0.010762750357389453,3.533465543267616,1.5712646080407562,1.570597722469318,-0.016654516400630925
28.079999999998698,walk,walk,-0.0,-0.0,0.0,0.9818003223794625,0.05107564729766432,-0.03562643371338994,-0.0050304325615851625,-4.774735231957253e-05,7.74109708982345e-07,-9.864728513594741e-05,4.5870326437109475e-07,-1.3614016042218933e-05,2.0746900291381866e-06,0.06374499270460297,0.17785456334328756,0.6691616117848699,0.5524313982973099,-21.01176959260154,0.6717264988795384,0.5547251042375565,-21.06060885280086,-0.054930592866228756,-0.010761070251464847,3.533477625547287,1.5712640871675017,1.5705972176924825,-0.016654140565481836
28.099999999998694,walk,walk,-0.0,-0.0,0.0,0.9817983799734585,0.05107615839427271,-0.03564195337302547,-0.005028063615936757,-4.771444267924473e-05,7.727159733558153e-07,-9.866871635783733e-05,4.455950290707396e-07,-1.3548173253435839e-05,2.0793994186482667e-06,0.063746910213695,0.1778769085590894,0.6691660057611887,0.5524350490818024,-21.01190325886853,0.6717312466124183,0.5547295149812699,-21.060669338590642,-0.05492906368946019,-0.010759349167346957,3.5334929814040446,1.5712635655794192,1.5705966719374538,-0.0166547143970215
28.11999999999869,walk,walk,-0.0,-0.0,0.0,0.9817964368415115,0.05107666736268542,-0.0356574098447222,-0.005025685968810652,-4.768265081026428e-05,7.714254229544463e-07,-9.870020066162012e-05,4.4568104049383484e-07,-1.349499319898465e-05,2.08726445306747e-06,0.06374881494682598,0.17789916231454478,0.669170399302723,0.5524387594709397,-21.01202619827038,0.671735993682347,0.5547340151319504,-21.060713744684623,-0.05492753466278653,-0.010757654160261157,3.5335062689879244,1.5712630435386008,1.5705961448088765,-0.016654828794740433
28.139999999998686,walk,walk,-0.0,-0.0,0.0,0.9817944929117064,0.05107717825176072,-0.03567280773482859,-0.005023299659143919,-4.7650033060491024e-05,7.699414889555196e-07,-9.873435530796444e-05,4.4746015732992155e-07,-1.344392665454602e-05,2.0947527347846936e-06,0.0637507467634337,0.17792153223418403,0.6691747926286329,0.5524424251565934,-21.012157156089017,0.6717407409023295,0.5547385450849533,-21.060752866585098,-0.0549260057515172,-0.010755936801433566,3.53352135055123,1.571262522200525,1.5705956456199766,-0.016654303091129627
28.159999999998682,walk,walk,-0.0,-0.0,0.0,0.9817925484920633,0.05107768432028428,-0.03568813568529057,-0.005020909264081343,-4.761663799372077e-05,7.690532481526803e-07,-9.874877303783285e-05,4.4226875331545755e-07,-1.338090351642273e-05,2.0977338489899852e-06,0.06375268492062477,0.1779438841203718,0.6691791834509467,0.5524460312376023,-21.01229820887006,0.6717454851013535,0.5547429111251831,-21.060820687566874,-0.05492447683523892,-0.010754219442605975,3.533536425379074,1.5712620000579578,1.5705950961396575,-0.016654952084953076
28.179999999998678,walk,walk,-0.0,-0.0,0.0,0.9817906034260018,0.05107820069869705,-0.0357033927142549,-0.005018510255320707,-4.758527434417573e-05,7.678848021227118e-07,-9.877648886044699e-05,4.535969105139449e-07,-1.3319963263581332e-05,2.1058556154994086e-06,0.0637546104225546,0.17796613000511435,0.6691835728395701,0.552449696923256,-21.012428377975958,0.671750228547901,0.5547474112758637,-21.060864444825977,-0.05492294805313348,-0.010752516984939578,3.5335503276250737,1.5712614777765754,1.570594578324306,-0.01665484012473439
28.199999999998674,walk,walk,-0.0,-0.0,0.0,0.981788657773505,0.05107869917643034,-0.03571857941267579,-0.005016105470287084,-4.7554753438811136e-05,7.667285842121165e-07,-9.879726788394384e-05,4.335098456129058e-07,-1.3258040956122338e-05,2.110393493795407e-06,0.06375654553660767,0.17798847708717894,0.6691879613766565,0.5524534073123932,-21.01255038369411,0.6717549692690019,0.5547517475137711,-21.060937026264348,-0.05492141936769485,-0.010750810801982882,3.533564532452301,1.571260955564932,1.5705940586463094,-0.01665477909122248
28.21999999999867,walk,walk,-0.0,-0.0,0.0,0.9817867116570731,0.051079181911425395,-0.03573370005342805,-0.005013691574408891,-4.7523744454019364e-05,7.65331975090211e-07,-9.881331384543332e-05,4.212519103756467e-07,-1.3201036958802844e-05,2.118746197108567e-06,0.06375847960342824,0.17801077672055637,0.6691923474903331,0.5524570282945633,-21.01268791523452,0.6717597068136966,0.5547561731586457,-21.060992932185204,-0.05491989037372374,-0.010749059915542605,3.533582264346793,1.5712604341875978,1.5705935613200546,-0.016654209296832746
28.239999999998666,walk,walk,-0.0,-0.0,0.0,0.9817847649724516,0.05107966855171523,-0.035748747148019774,-0.005011269896082958,-4.7495287770302764e-05,7.646484517435767e-07,-9.88353354962513e-05,4.2695851766778603e-07,-1.3135958595309307e-05,2.125258508712387e-06,0.06376039954107124,0.1780329265428299,0.6691967315085422,0.5524606641778946,-21.012822425808668,0.6717644427930045,0.5547606137046814,-21.061046003033024,-0.054918361447329464,-0.010747357457876208,3.533596153454127,1.5712599126945668,1.570593030466187,-0.016654434546389946
28.259999999998662,walk,walk,-0.0,-0.0,0.0,0.9817828176303,0.0510801667984536,-0.035763733418763086,-0.005008840048070237,-4.746317092530055e-05,7.636502280301583e-07,-9.886277163918778e-05,4.375298865771528e-07,-1.3084734264412917e-05,2.132376609168417e-06,0.06376233089081278,0.1780552230118596,0.6692011138632009,0.5524643298635483,-21.01295130057398,0.6717691782187002,0.5547650989542008,-21.061090996787243,-0.05491683315766773,-0.010745722055435183,3.533604760599021,1.5712593909930532,1.5705925070629,-0.016654470839128105
28.279999999998658,walk,walk,-0.0,-0.0,0.0,0.9817808696454122,0.05108066244608283,-0.0357786540016826,-0.005006403987301678,-4.743273810457227e-05,7.622696955400384e-07,-9.888780146573219e-05,4.3326538474296245e-07,-1.3026250743222977e-05,2.1375428052344604e-06,0.0637642860426251,0.1780775166965149,0.6692054948392151,0.552467995549202,-21.01307995090244,0.6717739124718951,0.5547695245990754,-21.061146453748446,-0.0549153044560343,-0.010743922740221026,3.533626379252714,1.5712588691951181,1.5705919836596132,-0.01665450792177869
28.299999999998654,walk,walk,-0.0,-0.0,0.0,0.9817789210445949,0.05108115300966976,-0.035793510116307284,-0.005003961882167285,-4.7402241534992844e-05,7.613396965849109e-07,-9.891208728828301e-05,4.2897213349522185e-07,-1.297041605573071e-05,2.142781639334696e-06,0.0637662201272234,0.1780998814964682,0.6692098746258394,0.5524716612348557,-21.013208401551744,0.6717786448479222,0.5547739502439499,-21.06120152024672,-0.05491377574815924,-0.010742238909006122,3.533638793673282,1.5712583481713749,1.5705914863333583,-0.016653945356022666
28.31999999999865,walk,walk,-0.0,-0.0,0.0,0.9817769718780203,0.051081646820447975,-0.03580829268944888,-0.005001511135043773,-4.737711505875993e-05,7.599706113201343e-07,-9.893236964440914e-05,4.3292608257163196e-07,-1.290492758094057e-05,2.1505349509406614e-06,0.06376815932968358,0.17812213969612917,0.6692142521593685,0.5524752375135422,-21.013352450538246,0.671783375719748,0.5547784354934693,-21.061245625057918,-0.054912247060017794,-0.010740517824888232,3.533654185179425,1.5712578261630332,1.5705909312651039,-0.016654730295908568
28.339999999998646,walk,walk,-0.0,-0.0,0.0,0.9817750221484558,0.051082130537449935,-0.03582301103949502,-0.004999054083942318,-4.735059507977941e-05,7.585967204737224e-07,-9.895441979480223e-05,4.2204905379788116e-07,-1.2850423966803045e-05,2.1556747610805196e-06,0.06377010232541883,0.1781445135677508,0.6692186281645555,0.5524789181003571,-21.013477517998417,0.6717881042996101,0.5547828462371827,-21.061302656271167,-0.05491071844281323,-0.010738800466060641,3.533669289006254,1.5712573034689095,1.5705903985485912,-0.016654960661489155
28.359999999998642,walk,walk,-0.0,-0.0,0.0,0.981773071842188,0.05108261443100887,-0.035837663823910904,-0.0049965903929024905,-4.732044402123125e-05,7.576665879055306e-07,-9.897663778407994e-05,4.240969218839243e-07,-1.2792628986268874e-05,2.161560231956101e-06,0.06377205678449874,0.1781669579887891,0.6692230024528568,0.552482524181366,-21.01361566267714,0.6717928309363888,0.5547872867832184,-21.061354009162688,-0.054909190039107415,-0.01073713153600693,3.5336805440189902,1.571256782206521,1.5705899235740781,-0.01665386041810135
28.37999999999864,walk,walk,-0.0,-0.0,0.0,0.9817711208911859,0.051083096343916175,-0.03585224977115179,-0.004994118908209194,-4.728909908786996e-05,7.567264809245523e-07,-9.900274736895909e-05,4.2155732820395147e-07,-1.273436425482284e-05,2.1683711513233344e-06,0.06377399109364988,0.17818925117331857,0.6692273759942434,0.5524862494716645,-21.01373230004782,0.6717975558295748,0.554791637922287,-21.061421151917685,-0.05490766197706765,-0.010735432803630832,3.533694216285779,1.5712562615370238,1.5705894076213718,-0.016653756931272024
28.399999999998634,walk,walk,-0.0,-0.0,0.0,0.9817691692098147,0.05108357474107899,-0.03586677780951571,-0.004991640886254074,-4.7251573772356455e-05,7.55552506005779e-07,-9.903415548750009e-05,4.185522050247104e-07,-1.2684994041114034e-05,2.1738830435497837e-06,0.0637759570173764,0.1782116308938316,0.6692317488610127,0.5524899300584794,-21.013856856095085,0.6718022803204245,0.5547960784683228,-21.06147223984602,-0.05490613362125963,-0.010733674466609958,3.533712594900422,1.5712557410738646,1.5705888916686654,-0.016653650742959
28.41999999999863,walk,walk,-0.0,-0.0,0.0,0.9817672167390247,0.05108404265237266,-0.0358812428868888,-0.004989154041183707,-4.72129581478547e-05,7.543163239332902e-07,-9.90674906321521e-05,4.083985455084642e-07,-1.2629159520267618e-05,2.1818221199600537e-06,0.06377790151499504,0.178233830642871,0.6692361219893138,0.5524936255464554,-21.013978858038747,0.6718070044826511,0.5548005190143586,-21.061523263726436,-0.05490460583579334,-0.010732031613588336,3.5337218380666324,1.5712552200803696,1.5705883552268625,-0.016654015921716888
28.439999999998626,walk,walk,-0.0,-0.0,0.0,0.9817652636361003,0.051084512499334996,-0.035895635136331344,-0.004986660221882679,-4.7175818283593474e-05,7.534104323854278e-07,-9.90900908934771e-05,4.1207456378197557e-07,-1.2564216607873206e-05,2.18762986049665e-06,0.06377983017339503,0.1782559848253062,0.6692404931465233,0.5524971869239808,-21.014124453777328,0.6718117274907869,0.5548049446592331,-21.061576699928867,-0.054903077672132816,-0.01073025465011597,3.5337417138926948,1.5712546988672829,1.5705878336862207,-0.01665401882091878
28.459999999998622,walk,walk,-0.0,-0.0,0.0,0.981763310148048,0.051084982761849425,-0.03590994782196755,-0.004984156502939716,-4.7140632272666555e-05,7.518266619720122e-07,-9.909960658327294e-05,4.1174322118196866e-07,-1.2494091650672417e-05,2.1966045001586485e-06,0.06378177825856803,0.1782782261751479,0.6692448605297634,0.5525007184991837,-21.014274608895033,0.6718164472138815,0.5548093256006241,-21.061637423486737,-0.054901549518213126,-0.010728555917739871,3.5337553649265616,1.5712541781117106,1.57058732704674,-0.01665368368788996
28.47999999999862,walk,walk,-0.0,-0.0,0.0,0.9817613561441842,0.05108544408369595,-0.03592418507695212,-0.004981644821965199,-4.710835164755432e-05,7.504186697783715e-07,-9.911972908214841e-05,4.0285287390717136e-07,-1.2429369977510082e-05,2.203155125666766e-06,0.0637837419616135,0.17830059795919473,0.6692492261344929,0.5525043692836762,-21.01440315820131,0.67182116453693,0.5548137512454987,-21.061689753330473,-0.0549000212567883,-0.010726831108331683,3.5337710811662215,1.5712536578535286,1.5705868185446143,-0.016653406338411048
28.499999999998614,walk,walk,-0.0,-0.0,0.0,0.9817594010991108,0.051085897328832626,-0.0359383772309915,-0.004979127985514589,-4.706620846276812e-05,7.49479839760131e-07,-9.917186595969528e-05,3.961664209956608e-07,-1.239416704083221e-05,2.207293396906912e-06,0.06378567864167102,0.17832289221759426,0.6692535942614218,0.5525081839809418,-21.01450298506192,0.6718258837081454,0.5548182662973404,-21.061726653723323,-0.054898492717681976,-0.010725098848342898,3.5337873626815175,1.5712531371210494,1.5705862821028114,-0.01665377893423332
28.51999999999861,walk,walk,-0.0,-0.0,0.0,0.9817574455461086,0.05108635109392231,-0.03595249318719214,-0.004976605783154587,-4.702562000745917e-05,7.484930810535513e-07,-9.918248804547515e-05,3.9773871563915466e-07,-1.2321381567868753e-05,2.212053586747455e-06,0.06378764808195903,0.1783452283285639,0.6692579593018121,0.5525116410503388,-21.01466614675571,0.6718306002901038,0.5548226025352478,-21.06179488966431,-0.054896964727961566,-0.010723444819450381,3.5337974814568645,1.5712526157946398,1.5705857493862987,-0.016654044010269032
28.539999999998606,walk,walk,-0.0,-0.0,0.0,0.9817554892855874,0.05108680928172982,-0.03596654234337539,-0.0049740752250991595,-4.6986412451320344e-05,7.473272472907846e-07,-9.921577941356902e-05,4.018186591168637e-07,-1.226688255776478e-05,2.219628025589073e-06,0.06378957997290037,0.17836757616174662,0.6692623239266187,0.5525153663406372,-21.01478122532818,0.6718353163117943,0.5548270877847672,-21.061836408820568,-0.05489543733810266,-0.010721779614686969,3.533808538624533,1.5712520945577135,1.5705852352962375,-0.01665387117341858
28.559999999998603,walk,walk,-0.0,-0.0,0.0,0.9817535323157905,0.051087274166200465,-0.03598053091031648,-0.00497153687159258,-4.694297934448324e-05,7.46050686707948e-07,-9.924356082746988e-05,4.07937756653016e-07,-1.2213357932330093e-05,2.22624232523134e-06,0.06379155576536907,0.17838986257179382,0.6692666873323704,0.5525189426193238,-21.014922801302756,0.6718400318718519,0.5548315581331253,-21.061880505953187,-0.054893910053361146,-0.010720043629407885,3.5338252374501087,1.5712515743726818,1.570584743557918,-0.016653198961261887
28.5799999999986,walk,walk,-0.0,-0.0,0.0,0.981751574774128,0.051087732101038626,-0.03599444264893895,-0.004968990823271014,-4.690265685236392e-05,7.448693489658661e-07,-9.926349721461608e-05,3.999316942974613e-07,-1.2144367216625993e-05,2.2329314384494007e-06,0.06379352706729288,0.17841211729088233,0.6692710493084809,0.5525226083049775,-21.015048031930654,0.6718447450649292,0.5548358794698716,-21.0619508516925,-0.054892382421406954,-0.010718303918838504,3.5338421830563833,1.5712510545466953,1.5705842276052118,-0.016653110684944145
28.599999999998595,walk,walk,-0.0,-0.0,0.0,0.9817496165930731,0.05108818738229428,-0.036008288546603796,-0.004966436384812509,-4.686429028489444e-05,7.435049787081227e-07,-9.92899977926847e-05,3.9872564054887326e-07,-1.2088999333937389e-05,2.240204975025811e-06,0.06379549238941953,0.17843445832794053,0.6692754099858976,0.5525262441883088,-21.01517839634016,0.6718494572096146,0.5548403647193909,-21.061991626017782,-0.054890854824358695,-0.010716605186462405,3.5338558783403413,1.571250534612587,1.5705837042019248,-0.01665319249829549
28.61999999999859,walk,walk,-0.0,-0.0,0.0,0.981747657508975,0.05108863438547293,-0.03602207903940081,-0.00496387690800661,-4.6822494821629024e-05,7.424531979347593e-07,-9.933175292192662e-05,3.904729231941904e-07,-1.2041736446471004e-05,2.2442400421584496e-06,0.0637974549233899,0.1784567814689403,0.6692797718738139,0.5525299843797684,-21.015290407165264,0.6718541700602071,0.5548448350677491,-21.0620353355812,-0.054889326663004355,-0.010714835673570636,3.5338751510236777,1.5712500148606576,1.5705831919745088,-0.016653012118733945
28.639999999998587,walk,walk,-0.0,-0.0,0.0,0.9817456977598045,0.05108906864972379,-0.03603579871846237,-0.004961310348520424,-4.678262516075528e-05,7.416440931567246e-07,-9.935464592257127e-05,3.7894849600960455e-07,-1.1977110729252835e-05,2.250608068186998e-06,0.0637994068378535,0.1784790572897351,0.6692841332433613,0.5525336351642609,-21.0154182618075,0.6718588807890365,0.5548491564044953,-21.062105245769917,-0.05488779888198562,-0.010713170468807223,3.5338861726299085,1.5712494954095402,1.5705826797470928,-0.016652841727258755
28.659999999998583,walk,walk,-0.0,-0.0,0.0,0.9817437377274392,0.05108949535553566,-0.036049433144216304,-0.004958735668079495,-4.675098936815632e-05,7.40579437097754e-07,-9.935771314505221e-05,3.732114889963963e-07,-1.190130998412507e-05,2.257743124192577e-06,0.06380138043280427,0.17850141921139612,0.6692884905456399,0.5525372114429474,-21.015558524585536,0.6718635868995975,0.5548534330377579,-21.06218219714182,-0.05488627182965351,-0.010711520165205005,3.533896073722718,1.57124897597245,1.5705821600690961,-0.016652847066325645
28.67999999999858,walk,walk,-0.0,-0.0,0.0,0.9817417770079673,0.05108994291726325,-0.036063003838918285,-0.004956155753774047,-4.671813682379003e-05,7.397909065490786e-07,-9.93906513900942e-05,3.9510217549352024e-07,-1.1849675978649522e-05,2.2620010212541767e-06,0.06380332929291235,0.17852368980526684,0.6692928459163358,0.552540787721634,-21.01569862844666,0.6718682937140034,0.554858052397728,-21.062198030123824,-0.054884745127914344,-0.010709828883409503,3.5339092566137174,1.571248456163706,1.5705816310778737,-0.01665306268163175
28.699999999998575,walk,walk,-0.0,-0.0,0.0,0.9817398156547191,0.05109038448799299,-0.036076506809104236,-0.004953564518832203,-4.668296818813986e-05,7.377568518379876e-07,-9.941312404478449e-05,3.8524748025703114e-07,-1.1788448404838669e-05,2.2724483352242915e-06,0.06380531241450917,0.17854603209196107,0.6692972001111893,0.5525444236049653,-21.015827836750162,0.6718729987533251,0.5548623737344742,-21.062266935063803,-0.054883217819199644,-0.010708033293485644,3.5339306803535733,1.5712479363647955,1.5705811151251674,-0.016652968805149444
28.71999999999857,walk,walk,-0.0,-0.0,0.0,0.9817378539686511,0.05109082109782267,-0.03608992933649668,-0.004950968060090327,-4.6653443228416245e-05,7.368995196957668e-07,-9.941960921608564e-05,3.8224991492033563e-07,-1.1716971331819655e-05,2.276121781950084e-06,0.06380728439980521,0.17856835656606632,0.6693015506954652,0.552548014784813,-21.01596424593219,0.6718776998007175,0.5548666801700592,-21.0623376602302,-0.05488169027667366,-0.010706319659948352,3.5339455587043798,1.571247416304464,1.5705805879965902,-0.016653135086228083
28.739999999998567,walk,walk,-0.0,-0.0,0.0,0.9817358914859671,0.0510912517789167,-0.03610329510807836,-0.004948366898174681,-4.662004207074873e-05,7.36075754269982e-07,-9.945913097338415e-05,3.76598054879757e-07,-1.1671701685800652e-05,2.280293801753153e-06,0.06380923909581739,0.17859069300781177,0.6693059019340011,0.5525517698774338,-21.01607163053634,0.6718824008833879,0.5548711803207398,-21.062373855285518,-0.05488016298442746,-0.010704643279314044,3.5339575014629028,1.5712468965938595,1.5705800813571096,-0.016652823049527577
28.759999999998563,walk,walk,-0.0,-0.0,0.0,0.9817339283574287,0.05109167559445685,-0.03611659717271467,-0.004945754583824053,-4.6585495110793566e-05,7.344097997916046e-07,-9.94815307538393e-05,3.7062663802321803e-07,-1.161334749265102e-05,2.290693230913443e-06,0.06381121404896029,0.1786130118482573,0.6693102518686517,0.5525553312549591,-21.01621345142176,0.6718871004113454,0.554875576163292,-21.06242838415958,-0.05487863628196507,-0.010702978074550631,3.5339686156732637,1.5712463767768812,1.5705795560911775,-0.016652953081432272
28.77999999999856,walk,walk,-0.0,-0.0,0.0,0.9817319646889046,0.05109208909125156,-0.03612983478627334,-0.004943139118151432,-4.654890252672534e-05,7.337030962172479e-07,-9.95023666488542e-05,3.6113924770592963e-07,-1.1557863737572125e-05,2.2924098725981667e-06,0.06381318232349315,0.17863525453278403,0.6693145998098782,0.5525589671382904,-21.016341473964648,0.6718917975981056,0.554879957104683,-21.062485132980047,-0.054877109749198814,-0.010701275616884234,3.5339826961336422,1.5712458570449381,1.5705790420011163,-0.01665281640184213
28.799999999998555,walk,walk,-0.0,-0.0,0.0,0.9817300002438744,0.05109251098421475,-0.03614300700412551,-0.004940514054048212,-4.6512148309864184e-05,7.323729936603649e-07,-9.95366365374943e-05,3.711501786504266e-07,-1.1500830189390914e-05,2.301561646300735e-06,0.06381512250727618,0.17865736263792575,0.6693189472487179,0.5525626030216217,-21.016469523365156,0.6718964951366475,0.5548844423542023,-21.06252338835001,-0.054875582726936684,-0.01069949492812157,3.5340029587390176,1.5712453367695949,1.5705785055593133,-0.016653199111752042
28.81999999999855,walk,walk,-0.0,-0.0,0.0,0.9817280351996351,0.05109293846914527,-0.03615610464263733,-0.004937881696187342,-4.64798606137928e-05,7.31505979036043e-07,-9.95565777013476e-05,3.7496483964230116e-07,-1.1434076794795818e-05,2.3075109882258067e-06,0.0638170901483291,0.17867949934783833,0.6693232927921378,0.5525661942014695,-21.016605156752536,0.6719011911486832,0.5548888083944321,-21.062582653193473,-0.05487405568991864,-0.010697792470455172,3.5340169958105245,1.5712448169790199,1.5705780045077682,-0.01665275199155441
28.839999999998547,walk,walk,-0.0,-0.0,0.0,0.9817260695669735,0.05109335829987883,-0.036169135491299784,-0.004935243969097759,-4.644831330107441e-05,7.305161870861127e-07,-9.958025890127635e-05,3.66732592130127e-07,-1.1377436424214723e-05,2.3119982060503257e-06,0.06381909804308113,0.17870195921444773,0.669327637064924,0.552569844985962,-21.016729897160776,0.6719058852230153,0.5548932042369843,-21.06263619049394,-0.05487252871137908,-0.010696097463369372,3.5340304409781917,1.5712442974199945,1.5705774885550619,-0.016652667624546494
28.859999999998543,walk,walk,-0.0,-0.0,0.0,0.9817241035045928,0.051093783408624444,-0.036182094895041275,-0.004932597924857,-4.641863279121713e-05,7.295228385007119e-07,-9.959268408267155e-05,3.735290922791776e-07,-1.1313761945742143e-05,2.319559380372663e-06,0.06382109500430103,0.17872435526763358,0.6693319782168289,0.5525734063634873,-21.016870008149525,0.6719105765082309,0.5548975702772141,-21.062694520127007,-0.05487100222826984,-0.010694428533315661,3.534041866474199,1.5712437783086255,1.5705769819155813,-0.016652372242281298
28.87999999999854,walk,walk,-0.0,-0.0,0.0,0.9817221365274402,0.05109419583603245,-0.03619500043904722,-0.004929942843395418,-4.638461360070481e-05,7.278519146858184e-07,-9.963842290770287e-05,3.5945898466430495e-07,-1.1270253970940102e-05,2.3273862773875142e-06,0.06382304723199067,0.17874657013579845,0.6693363210239248,0.5525771614561081,-21.016975953542296,0.6719152687259258,0.5549020853290558,-21.06272650260052,-0.05486947598264378,-0.01069273725152016,3.5340550802650914,1.5712432595695245,1.5705764715508104,-0.01665217489825462
28.899999999998535,walk,walk,-0.0,-0.0,0.0,0.9817201687747891,0.05109460212555041,-0.03620784983748214,-0.004927281494854789,-4.634331464520283e-05,7.266801513293925e-07,-9.966824267445057e-05,3.558144819266934e-07,-1.1219274132524171e-05,2.3325421261473747e-06,0.06382504872627348,0.17876896076578902,0.6693406634507182,0.5525807377347947,-21.0171138079995,0.671919960488593,0.5549064960727692,-21.06277703562363,-0.05486794960763662,-0.010690982639789584,3.5340733300168576,1.571242741127678,1.5705759593233943,-0.016652029264016953
28.91999999999853,walk,walk,-0.0,-0.0,0.0,0.9817182006168873,0.05109501146825976,-0.03622061483836606,-0.004924612972615929,-4.631212854427024e-05,7.257561118637061e-07,-9.96773723813135e-05,3.5924574442426854e-07,-1.1142316032428653e-05,2.3388646862421152e-06,0.0638270219508308,0.1787910530495225,0.6693450024017553,0.5525842842111588,-21.017256182276082,0.671924649104451,0.5549108174095154,-21.06284290080782,-0.054866422429290324,-0.010689205676317218,3.5340932656728055,1.5712422219268118,1.570575419156301,-0.016652523598439786
28.939999999998527,walk,walk,-0.0,-0.0,0.0,0.9817162317588565,0.0510954098221779,-0.036233316660211685,-0.00492193787598784,-4.628174372664876e-05,7.24510891005392e-07,-9.97100789815435e-05,3.4754404453531726e-07,-1.1091432649867307e-05,2.3444088581120994e-06,0.06382900261126251,0.17881339537574548,0.6693493412496238,0.5525880095014573,-21.01736663941019,0.6719293368660947,0.5549152728567124,-21.062884669165133,-0.054864895277824066,-0.010687525570392611,3.53410550897474,1.5712417024778822,1.5705748994783044,-0.016652523867702128
28.959999999998523,walk,walk,-0.0,-0.0,0.0,0.9817142622774534,0.051095815272032725,-0.03624595299334973,-0.00491925587072448,-4.624786733620672e-05,7.235933430813227e-07,-9.97324255231402e-05,3.5678060183222634e-07,-1.1032353855442676e-05,2.3505135238051974e-06,0.06383098657503725,0.17883566047629498,0.6693536781434549,0.5525915559778214,-21.017508746922914,0.6719340234349568,0.5549196537981034,-21.062939585419453,-0.05486336820445981,-0.01068580821156502,3.534120735002351,1.5712411834764122,1.570574394701469,-0.016652185716655256
28.97999999999852,walk,walk,-0.0,-0.0,0.0,0.9817122922668269,0.05109621547360708,-0.03625851722445724,-0.004916567443476153,-4.621923451316804e-05,7.223945144203536e-07,-9.9751487789401e-05,3.4973862205028203e-07,-1.0969220439798527e-05,2.3560110706381136e-06,0.06383298264524952,0.17885802639378645,0.6693580132418455,0.5525951769599915,-21.01763716142692,0.6719387076928887,0.5549240347394944,-21.0629940045601,-0.05486184185210412,-0.010684176534414294,3.534129205079472,1.5712406648672468,1.570573884336698,-0.016651992060467163
28.999999999998515,walk,walk,-0.0,-0.0,0.0,0.9817103215559873,0.051096615977417,-0.036271024561596546,-0.004913874637960392,-4.618589805098816e-05,7.217052728611522e-07,-9.978266971798138e-05,3.5136007679450886e-07,-1.0921776082990559e-05,2.3594768953874724e-06,0.06383496354820087,0.17888025657520942,0.6693623476288941,0.5525988426456452,-21.01775747772653,0.671943391298842,0.5549284752855301,-21.063037716624393,-0.05486031559495368,-0.010682455450296405,3.534144791379795,1.5712401457299687,1.5705733497575403,-0.016652356671449688
29.01999999999851,walk,walk,-0.0,-0.0,0.0,0.9817083503447306,0.05109701404704337,-0.036283458030535544,-0.004911170849537453,-4.615438508658295e-05,7.200204083201022e-07,-9.97974332909954e-05,3.485447805272693e-07,-1.0854096289714705e-05,2.3698183512400148e-06,0.06383694065676067,0.17890246976223262,0.6693666794833651,0.5526023891220093,-21.017898643283925,0.6719480722524879,0.5549327966222763,-21.063102233340405,-0.05485878943563275,-0.010680734366178515,3.534160391793999,1.5712396266102309,1.570572835667479,-0.016652234462899172
29.039999999998507,walk,walk,-0.0,-0.0,0.0,0.9817063785642116,0.051097407220386915,-0.03629582573785073,-0.004908462826920268,-4.612098998802512e-05,7.195159905668811e-07,-9.98211070850263e-05,3.4411135307713856e-07,-1.0798930169913523e-05,2.372621842363219e-06,0.06383893430177746,0.17892475487118772,0.6693710100378968,0.5526060697088242,-21.018015552600943,0.6719527510313733,0.5549371626625061,-21.06315836856479,-0.05485726299986479,-0.010678998380899432,3.5341771384707727,1.5712391077167036,1.570572323440063,-0.016652075781655673
29.059999999998503,walk,walk,-0.0,-0.0,0.0,0.9817044062273086,0.05109780251040258,-0.036308124059079565,-0.004905746045968408,-4.608742666072784e-05,7.183485082771332e-07,-9.984109767331903e-05,3.469466246418047e-07,-1.0737148241366276e-05,2.3808495618399647e-06,0.06384093586227989,0.1789471257930464,0.6693753385316489,0.5526096310863495,-21.01815346943729,0.6719574279754726,0.5549415436038971,-21.063211511527797,-0.0548557366119033,-0.010677303373813632,3.534190633036841,1.5712385890025724,1.5705718093500018,-0.016651965966520556
29.0799999999985,walk,walk,-0.0,-0.0,0.0,0.9817024331517996,0.05109818717186424,-0.0363203567685808,-0.004903023463162198,-4.605472285289828e-05,7.171223712865477e-07,-9.98734571982413e-05,3.3573260146269383e-07,-1.0681045174612238e-05,2.3854246722113523e-06,0.06384293474914429,0.17896943388331632,0.669379666835315,0.552613281870842,-21.018275421841047,0.6719621045262162,0.5549459692487717,-21.063256654326068,-0.05485420999425998,-0.010675556212663653,3.534208261402188,1.5712380702157147,1.57057128780936,-0.016652031262316902
29.099999999998495,walk,walk,-0.0,-0.0,0.0,0.9817004593207335,0.05109856830871531,-0.03633252658496843,-0.0049002930457213295,-4.6021079985922574e-05,7.158625957241457e-07,-9.990439674173377e-05,3.341234371646591e-07,-1.062603695732371e-05,2.3924601240341457e-06,0.06384491037719207,0.1789916209433396,0.6693839947662552,0.5526169177541733,-21.018399956474735,0.6719667809321065,0.5549503799924851,-21.06330446170975,-0.05485268380445233,-0.01067391708493233,3.534217325004036,1.5712375511799819,1.5705707644060731,-0.016652131649711258
29.11999999999849,walk,walk,-0.0,-0.0,0.0,0.9816984849381732,0.05109895380924347,-0.03634462901374846,-0.004897554681284112,-4.5985010527501635e-05,7.150294700030353e-07,-9.99234378537271e-05,3.385744283522907e-07,-1.0566386542008878e-05,2.3993426276753637e-06,0.06384690670496529,0.1790139539861707,0.6693883206603634,0.552620508934021,-21.01853204402694,0.6719714551909993,0.5549547013292313,-21.063367813815695,-0.05485115839646394,-0.01067227050662041,3.534227062208785,1.5712370331700203,1.5705702782556892,-0.01665137531526658
29.139999999998487,walk,walk,-0.0,-0.0,0.0,0.981696509991303,0.05109934112370489,-0.03635666370665186,-0.004894811505679407,-4.5948087164869846e-05,7.140933798873027e-07,-9.994560465771652e-05,3.396964373071489e-07,-1.0507640151960433e-05,2.403167618365909e-06,0.06384889820696232,0.1790362101426033,0.6693926445723387,0.5526240852127076,-21.018666471450576,0.6719761277949147,0.5549591120729447,-21.063414831307394,-0.05484963298365088,-0.010670519620180133,3.5342450945951773,1.5712365154397858,1.5705697604403377,-0.01665138246637487
29.159999999998483,walk,walk,-0.0,-0.0,0.0,0.9816945342374024,0.0510997202015036,-0.036368634124623045,-0.0048920603051645865,-4.590901436119546e-05,7.12660616947734e-07,-9.998149835746284e-05,3.3125774957824515e-07,-1.045217333559589e-05,2.4105388024875073e-06,0.06385089672934734,0.1790584789832208,0.6693969689727287,0.5526277359972,-21.01878777314108,0.6719808003228444,0.5549635377178193,-21.063459270907533,-0.054848107073728586,-0.010668761283159259,3.5342636599849397,1.5712359973723005,1.5705692333117605,-0.016651595941418008
29.17999999999848,walk,walk,-0.0,-0.0,0.0,0.9816925578903428,0.05110007571631153,-0.0363805292611178,-0.0048893008536291145,-4.58728431155464e-05,7.113030207836887e-07,-0.00010000070648913438,3.0894462162519184e-07,-1.0384384824617802e-05,2.4175657338014275e-06,0.06385288929460252,0.17908078927464344,0.6694012925920217,0.5526313569793702,-21.01891418014495,0.6719854700415299,0.5549677994499207,-21.06353247695623,-0.05484658112803093,-0.010667058825492862,3.53427778235909,1.5712354786830098,1.5705687005952478,-0.016651924731395394
29.199999999998475,walk,walk,-0.0,-0.0,0.0,0.9816905809351915,0.05110043686311188,-0.03639235965851327,-0.004886535659009481,-4.583444294390525e-05,7.104457081433838e-07,-0.0001000260033885774,3.1832804471826215e-07,-1.0330060835824401e-05,2.422326823758809e-06,0.06385488668948122,0.17910302309993956,0.6694056139090414,0.5526349183568955,-21.019050786198918,0.6719901391446527,0.5549722697982788,-21.063568229376024,-0.05484505527066556,-0.01066536754369736,3.5342910212062373,1.5712349598787545,1.5705681846425414,-0.01665185201534643
29.21999999999847,walk,walk,-0.0,-0.0,0.0,0.9816886034898374,0.05110080932273248,-0.03640411925012652,-0.004883763128605962,-4.579388471329106e-05,7.094400067514407e-07,-0.00010004169312601497,3.2775913802497123e-07,-1.0266599424538585e-05,2.428861283642065e-06,0.06385689863750235,0.17912524070425923,0.6694099321311276,0.5526384350309372,-21.01919482821719,0.6719948060578054,0.5549766060361863,-21.06362757094835,-0.05484352929049362,-0.010663631558418277,3.5343078132073487,1.5712344412157877,1.5705676705524803,-0.016651742959837217
29.239999999998467,walk,walk,-0.0,-0.0,0.0,0.9816866254684691,0.05110117627905015,-0.03641580551291379,-0.004880980744245625,-4.5757817613794e-05,7.077502094476105e-07,-0.00010006450896136942,3.2082196440623167e-07,-1.0203061583799165e-05,2.4376809293128886e-06,0.06385890692448563,0.1791475593316195,0.6694142490554721,0.552642026210785,-21.01932537890887,0.6719994712059705,0.5549810316810608,-21.06367055547968,-0.05484200346957151,-0.010661947727203372,3.5343204651182414,1.5712339225836807,1.5705671527371288,-0.01665172299366321
29.259999999998463,walk,walk,-0.0,-0.0,0.0,0.9816846467081355,0.05110154461581666,-0.036427426645803826,-0.004878192770260832,-4.5722677030641944e-05,7.070751226880225e-07,-0.0001000960103725005,3.235010730235655e-07,-1.0147237740158814e-05,2.4419784021889128e-06,0.06386091643403419,0.17916993349691818,0.6694185659870753,0.5526457067975998,-21.01943992650091,0.6720041358355634,0.5549853977212906,-21.06372426676606,-0.05484047797719057,-0.010660263895988467,3.534333150661129,1.5712334045862797,1.5705666535482288,-0.016651276913669213
29.27999999999846,walk,walk,-0.0,-0.0,0.0,0.9816826671557878,0.05110191082377964,-0.036438987580702596,-0.004875397329982837,-4.568387411701659e-05,7.05797404277764e-07,-0.00010012973390058726,3.207859937423195e-07,-1.0095029207632546e-05,2.448685659782381e-06,0.06386292561084501,0.179192200746294,0.6694228828180002,0.5526493277797699,-21.019565168291766,0.6720088005297943,0.554989808465004,-21.06376998479763,-0.05483895266709864,-0.010658557713031772,3.5343476295090506,1.5712328863534277,1.5705661245570064,-0.016651533630941726
29.299999999998455,walk,walk,-0.0,-0.0,0.0,0.981680687089602,0.0511022583057572,-0.03645047689160283,-0.004872597686264711,-4.56456577971678e-05,7.048122747522033e-07,-0.00010014544779590563,3.024335182230859e-07,-1.0030537648817984e-05,2.4519041188037264e-06,0.0638649422871897,0.1792145689236716,0.6694271979371061,0.5526529338607788,-21.019692659322512,0.6720134621155103,0.5549940701971054,-21.063841704184615,-0.054837427762354334,-0.010656896233558658,3.5343585796747345,1.5712323684225713,1.570565619780171,-0.016651218284595804
29.31999999999845,walk,walk,-0.0,-0.0,0.0,0.9816787065286912,0.05110260375571233,-0.03646189123685271,-0.004869789373474526,-4.5610617044540794e-05,7.035275702762398e-07,-0.0001001634370700276,3.03465604220795e-07,-9.965450993402287e-06,2.4600429353519093e-06,0.06386694467066907,0.17923684541857035,0.6694315107354809,0.552656480337143,-21.019830422033166,0.6720181212977743,0.5549984660396576,-21.063888935885615,-0.054835903156732715,-0.01065519377589226,3.5343728228372906,1.5712318507068586,1.5705651056901098,-0.016651133749751804
29.339999999998447,walk,walk,-0.0,-0.0,0.0,0.9816767253022526,0.05110294267705476,-0.03647323781348959,-0.0048669679820378805,-4.558035122982633e-05,7.02179743394774e-07,-0.00010019128318221565,2.96374738910057e-07,-9.907340215875303e-06,2.471735541639934e-06,0.06386894169292244,0.1792590014677816,0.6694358233442036,0.5526601907262803,-21.019938823117577,0.6720227789488329,0.555002802277565,-21.063946675322043,-0.05483437800885501,-0.010653409361839297,3.534393529571813,1.571231332499849,1.570564572973597,-0.016651477103952046
29.359999999998443,walk,walk,-0.0,-0.0,0.0,0.9816747433613157,0.05110329874919752,-0.03648452516800668,-0.0048641447218886165,-4.5545622863327835e-05,7.021621545410126e-07,-0.00010022116212431011,3.1499326100588414e-07,-9.85639627761957e-06,2.4720826687154572e-06,0.06387095284891046,0.179281186277234,0.6694401341339304,0.5526637521038056,-21.020073562180745,0.6720274370793636,0.555007257724762,-21.063983208706947,-0.054832852595134055,-0.0106517069041729,3.5344076816566434,1.5712308144865368,1.5705640663341165,-0.016651202910766494
29.37999999999844,walk,walk,-0.0,-0.0,0.0,0.9816727608164811,0.05110364034699118,-0.03649574017851785,-0.004861312574504519,-4.551374172640367e-05,7.005093157103736e-07,-0.00010024279837016408,2.9706908981949636e-07,-9.791233121754261e-06,2.480693517618849e-06,0.06387297170351934,0.17930341274986433,0.669444443822328,0.5526673879871369,-21.020194775023533,0.6720320932071419,0.5550115343580246,-21.06405134781945,-0.054831327009238665,-0.010649978369474414,3.534423907552777,1.5712302969088106,1.570563559694636,-0.01665094439983054
29.399999999998435,walk,walk,-0.0,-0.0,0.0,0.9816707777848158,0.05110396984569871,-0.03650688682406457,-0.004858474798870284,-4.548132210590381e-05,6.994168813228292e-07,-0.00010025975797277481,2.8830174821773267e-07,-9.732516762908719e-06,2.485069667983019e-06,0.06387499668074723,0.17932575467650785,0.6694487509841391,0.5526709195623398,-21.020334178432318,0.6720367469035867,0.5550159152994156,-21.06410026497097,-0.05482980182655317,-0.010648320615291598,3.5344345392712113,1.5712297797731818,1.5705630530551553,-0.01665069687993359
29.41999999999843,walk,walk,-0.0,-0.0,0.0,0.9816687942055997,0.051104293525591274,-0.03651796303139916,-0.004855631171964273,-4.5450002613717084e-05,6.985712529703032e-07,-0.0001002807501176857,2.835370549156892e-07,-9.67070143943185e-06,2.4902202294089783e-06,0.0638770028938744,0.17934790133138168,0.669453056506803,0.5526745256433487,-21.020459963805415,0.672041398431121,0.555020251537323,-21.064156854331767,-0.05482827665268921,-0.010646588355302813,3.5344511030691232,1.571229261975471,1.5705625147507072,-0.01665118251827281
29.439999999998427,walk,walk,-0.0,-0.0,0.0,0.9816668100417899,0.05110463540234187,-0.036528971929292255,-0.004852778074042974,-4.5416471512692084e-05,6.976107332899472e-07,-0.00010030336091045192,3.026295182468314e-07,-9.612404696717017e-06,2.498875471193462e-06,0.06387901757997051,0.179370253482713,0.6694573598974127,0.5526780870208741,-21.02059335918872,0.6720460487766888,0.555024632478714,-21.06420526419307,-0.0548267514838044,-0.010644889622926715,3.5344649894718336,1.5712287446991746,1.5705620192870975,-0.01665066090192871
29.459999999998423,walk,walk,-0.0,-0.0,0.0,0.9816648250071004,0.05110498072621759,-0.03653992403954029,-0.004849917713566692,-4.5378848231764814e-05,6.964827584243345e-07,-0.00010034393411330999,3.0279117020451053e-07,-9.564509565491865e-06,2.5047648133881726e-06,0.06388103720645157,0.17939254296958673,0.66946166411574,0.552681767607689,-21.020705694191083,0.6720506999886171,0.5550290730247498,-21.064243258748654,-0.05482522634654472,-0.010643175989389422,3.53448007055126,1.5712282271234712,1.57056148843323,-0.01665097784110938
29.47999999999842,walk,walk,-0.0,-0.0,0.0,0.9816628393385427,0.05110530807046976,-0.03655081256318267,-0.004847051016842675,-4.533882767125431e-05,6.9501384594726e-07,-0.0001003659484698695,2.849696816314772e-07,-9.507060096609903e-06,2.5101919699061733e-06,0.06388306158730393,0.1794148736625284,0.6694659673347325,0.5526853140840531,-21.020841816503555,0.6720553492146847,0.555033394361496,-21.06430210812051,-0.054823701575347224,-0.010641503334045413,3.534491923827186,1.571227709831173,1.5705609836563945,-0.016650678090905154
29.499999999998415,walk,walk,-0.0,-0.0,0.0,0.9816608532652827,0.05110562992234897,-0.03656161741041429,-0.004844177789799726,-4.5307256151981453e-05,6.938708125320996e-07,-0.00010037655453677205,2.8242946193036365e-07,-9.4319888098537e-06,2.515907758368927e-06,0.06388508177257073,0.1794371418444065,0.6694702673961829,0.5526888158569336,-21.020985263806587,0.6720599954424346,0.5550377305994034,-21.06435768422863,-0.05482217717477657,-0.01063981577754021,3.534504996148038,1.5712271932208821,1.5705604844674945,-0.01665026653524644
29.51999999999841,walk,walk,-0.0,-0.0,0.0,0.9816588666880618,0.05110596682819253,-0.03657235310201955,-0.004841298459601657,-4.527709670181543e-05,6.932015666662329e-07,-0.00010039641969634444,2.9775148867650846e-07,-9.374238297415695e-06,2.5211152776980828e-06,0.06388710111187665,0.17945945233558558,0.6694745648551188,0.5526924070367814,-21.021112203062465,0.672064639965724,0.5550421115407944,-21.06440500904446,-0.054820653389344436,-0.010638172924518588,3.5345145571641075,1.5712266761676266,1.5705599517509818,-0.016650638215069624
29.539999999998408,walk,walk,-0.0,-0.0,0.0,0.9816568794050294,0.051106288146423,-0.0365830271870726,-0.004838412208723573,-4.5245309190481166e-05,6.917607683832283e-07,-0.00010042687082099498,2.794094858003321e-07,-9.320949538385295e-06,2.527218818547987e-06,0.0638891278264893,0.1794817452409514,0.669478862652671,0.5526961025247574,-21.0212206629324,0.67206928299294,0.5550464328775406,-21.064462795775754,-0.05481912934381021,-0.010636395961046222,3.53453476998188,1.5712261591929848,1.570559441386211,-0.016650478772354826
29.559999999998404,walk,walk,-0.0,-0.0,0.0,0.9816548914664969,0.051106608329663974,-0.03659363406803108,-0.004835515906662292,-4.5215112439977766e-05,6.907830606151956e-07,-0.00010045183425141099,2.8162195180045565e-07,-9.26126294598293e-06,2.5362883877793615e-06,0.06389115831273957,0.17950397653765288,0.6694831595036651,0.5526996937046051,-21.021347600661922,0.6720739247873628,0.5550507840166092,-21.06451502352191,-0.054817604857917895,-0.010634663701057437,3.5345513686918397,1.5712256421899016,1.5705589235708595,-0.016650497089269575
29.5799999999984,walk,walk,-0.0,-0.0,0.0,0.9816529029699971,0.051106935228779286,-0.036604170975801154,-0.0048326147091218245,-4.5184409324257784e-05,6.900455956540097e-07,-0.0001004721778543951,2.8774349734161563e-07,-9.20002421758983e-06,2.5398167202962827e-06,0.0638931869721096,0.17952625017620674,0.6694874539079646,0.5527032550821305,-21.02147935391285,0.6720785651883056,0.5550551202545166,-21.064569668739964,-0.05481608025404016,-0.010632957518100741,3.5345658901491754,1.5712251259804664,1.57055843183254,-0.016649915882472846
29.599999999998396,walk,walk,-0.0,-0.0,0.0,0.9816509139479468,0.05110724314761129,-0.036614642033891934,-0.004829704019341043,-4.5153074517494686e-05,6.883880591028865e-07,-0.00010049179659892942,2.6762205277515547e-07,-9.143138410885328e-06,2.548682756701103e-06,0.0638952177646289,0.1795484764828468,0.6694917468232766,0.5527068760643006,-21.021600198951244,0.6720832028859578,0.5550594266901017,-21.06462908321946,-0.054814555357975726,-0.010631210356950763,3.534583653636973,1.5712246101079113,1.570557919605124,-0.016649833299049628
29.61999999999839,walk,walk,-0.0,-0.0,0.0,0.9816489244115966,0.05110755368572688,-0.036625039681750036,-0.004826789338596674,-4.512534554186981e-05,6.878705760360441e-07,-0.00010050990761158713,2.737891378699732e-07,-9.077967925949857e-06,2.5513868807722227e-06,0.0638972383891404,0.17957061221343917,0.669496036931971,0.5527103629360199,-21.021744558320037,0.6720878390227233,0.5550638225326538,-21.064672231078877,-0.05481303107728071,-0.010629589855670932,3.5345913914252085,1.5712240943512024,1.570557407377708,-0.01664974869849154
29.639999999998388,walk,walk,-0.0,-0.0,0.0,0.981646934146726,0.05110786146281571,-0.036635377081081014,-0.004823862407748871,-4.509748505496492e-05,6.858058005746756e-07,-0.00010054253354237687,2.696749746739493e-07,-9.027683374952716e-06,2.56311313023247e-06,0.06389925503223157,0.17959286420491802,0.669500326724217,0.5527139690170288,-21.021867620090315,0.6720924749299467,0.5550682779798508,-21.064704701896368,-0.05481150709624456,-0.01062787622213364,3.53460657619028,1.5712235775774888,1.5705568616226793,-0.016650434040485485
29.659999999998384,walk,walk,-0.0,-0.0,0.0,0.9816449431937196,0.05110817081846412,-0.0366456510405537,-0.0048209327936516175,-4.506727173572952e-05,6.852793497112857e-07,-0.00010056931638093843,2.720600906271217e-07,-8.971039638881491e-06,2.5641456817753364e-06,0.06390127841359315,0.17961509873710035,0.6695046155878621,0.5527175303945542,-21.021998488689853,0.6720971100286729,0.5550726440200806,-21.06475306588976,-0.05480998315796089,-0.010626181215047839,3.5346202637548805,1.5712230603552328,1.5705563419446826,-0.016650483892477464
29.67999999999838,walk,walk,-0.0,-0.0,0.0,0.981642951570119,0.051108479513356876,-0.03665586142609861,-0.004817993023300229,-4.503349288266993e-05,6.838998493312191e-07,-0.00010059675166747223,2.708765212417127e-07,-8.915930645338628e-06,2.573951981502648e-06,0.06390329636398642,0.17963738955207634,0.6695089039655747,0.5527211811790467,-21.022113225932262,0.6721017435899677,0.5550769355545044,-21.064814510030818,-0.05480845928320853,-0.010624467581510547,3.5346354477738604,1.5712225434808982,1.5705558371678472,-0.016650195724488955
29.699999999998376,walk,walk,-0.0,-0.0,0.0,0.9816409594217286,0.051108783377928464,-0.03666600116917482,-0.0048150482505676965,-4.499966962622024e-05,6.832499281258554e-07,-0.00010061434159915187,2.662944843038066e-07,-8.853016293958685e-06,2.5775901152128326e-06,0.06390534937084874,0.17965976598669597,0.6695131905736201,0.5527247723588944,-21.022238261780576,0.6721063745006044,0.5550811823854447,-21.06488343823481,-0.0548069354354918,-0.010622753947973254,3.534650632175967,1.571222027228724,1.570555336116302,-0.016649837316364328
29.71999999999837,walk,walk,-0.0,-0.0,0.0,0.9816389665704767,0.05110909209600565,-0.036676076859188264,-0.0048120934308558735,-4.496347438009755e-05,6.817336569745987e-07,-0.00010064534928262495,2.7195331981095243e-07,-8.798703976802922e-06,2.5869347078554008e-06,0.06390739834093806,0.17968203565657698,0.6695174760454622,0.5527283039340973,-21.022373881210267,0.6721110055311066,0.5550856527338028,-21.064912391120444,-0.05480541139280135,-0.010621025413274768,3.5346669795203343,1.571221511287383,1.5705548257515312,-0.016649706974490586
29.739999999998368,walk,walk,-0.0,-0.0,0.0,0.9816369731843552,0.05110939420565366,-0.03668608342824243,-0.00480913477715623,-4.492864333612954e-05,6.80971128897546e-07,-0.00010066268387020334,2.642613261156989e-07,-8.736869953163988e-06,2.589426600645687e-06,0.06390945401861059,0.179704332686982,0.6695217596912184,0.552731895113945,-21.022498383222906,0.6721156342658925,0.5550899144659043,-21.064978258187104,-0.05480388757981252,-0.01061934903264046,3.5346792006043617,1.571220995170135,1.5705543042108894,-0.016649834836861877
29.759999999998364,walk,walk,-0.0,-0.0,0.0,0.9816349792848982,0.0511096963522641,-0.03669601127908728,-0.004806167857479535,-4.4898109297226654e-05,6.799017693794769e-07,-0.0001006809903192418,2.6567089843296285e-07,-8.66750021356867e-06,2.5972502093740614e-06,0.063911475415083,0.1797265528036903,0.6695260412983444,0.5527354415903092,-21.022630555390954,0.6721202607107283,0.5550942209014893,-21.065035693647246,-0.054802363966406635,-0.010617650300264361,3.5346932200991104,1.571220479339878,1.570553799434054,-0.016649570580821945
29.77999999999836,walk,walk,-0.0,-0.0,0.0,0.9816329846641226,0.051109990747625976,-0.03670587579008102,-0.004803196243494484,-4.4865037919609386e-05,6.791115167307751e-07,-0.00010071263847325341,2.5751987125810523e-07,-8.614620279980354e-06,2.6007551118972294e-06,0.06391349601688397,0.1797488147069241,0.6695303228591805,0.5527390923748017,-21.022744103072135,0.6721248864146286,0.5550985720405579,-21.06508506573953,-0.05480084020407614,-0.01061593294143677,3.534708697756007,1.5712199638010091,1.5705532909319282,-0.01664940407026531
29.799999999998356,walk,walk,-0.0,-0.0,0.0,0.9816309893910522,0.05111027597364085,-0.03671567834834229,-0.004800216761838985,-4.482564100926497e-05,6.779189102416612e-07,-0.00010073772344953144,2.49678743479083e-07,-8.559812138582978e-06,2.608043953947259e-06,0.06391554614422063,0.1797710888144709,0.6695346033556394,0.5527426388511658,-21.022876135827666,0.6721295108065636,0.5551029082784653,-21.06513682870668,-0.05479931705890147,-0.01061428636312485,3.5347186112903617,1.571219448029876,1.5705527675286413,-0.0166495847901114
29.819999999998352,walk,walk,-0.0,-0.0,0.0,0.9816289935557025,0.051110565988215555,-0.03672541390442861,-0.004797229009807456,-4.478517946550213e-05,6.768250975043532e-07,-0.00010075867075791865,2.5575162782608505e-07,-8.50087520482337e-06,2.6151250308535904e-06,0.06391759215640234,0.1797933309373972,0.669538881506362,0.5527461704263688,-21.023010336465955,0.6721341338716091,0.5551072594175339,-21.065185679519438,-0.05479779388523072,-0.010612557828426364,3.5347350336347,1.5712189323202366,1.5705522571638704,-0.0166494550860641
29.839999999998348,walk,walk,-0.0,-0.0,0.0,0.9816269971813602,0.05111087023728717,-0.03673507897410786,-0.004794231590601485,-4.47462376912235e-05,6.753622163307558e-07,-0.00010077843715976073,2.68996877031671e-07,-8.439031601902732e-06,2.623724519329501e-06,0.06391963985269326,0.17981548279377352,0.6695431567947315,0.5527496423969269,-21.02315471521347,0.6721387558176035,0.5551116701612473,-21.065223614853473,-0.05479627089813779,-0.010610866546630862,3.5347485098698206,1.5712184165554006,1.5705517393485189,-0.016649503493050718
29.859999999998344,walk,walk,-0.0,-0.0,0.0,0.981625000250308,0.051111162115636814,-0.03674466595604318,-0.004791229742025381,-4.471527226802324e-05,6.741802066300781e-07,-0.00010079848118455689,2.543358907495064e-07,-8.370046059012369e-06,2.6268508451368497e-06,0.06392166861835849,0.17983769185593787,0.6695474309224178,0.5527532186756134,-21.023280255188325,0.6721433753623184,0.5551159765968323,-21.06527978448608,-0.054794747726156015,-0.010609138011932376,3.5347649260436502,1.5712179000052608,1.570551202906716,-0.016649971451529334
29.87999999999834,walk,walk,-0.0,-0.0,0.0,0.9816230029847807,0.051111446544414796,-0.0367541767659661,-0.0047882222319497415,-4.468874944680807e-05,6.732533123233971e-07,-0.00010080554581219639,2.4951878349122395e-07,-8.303689405267157e-06,2.632058906098534e-06,0.06392372103211576,0.1798600164646384,0.6695517017980267,0.552756720448494,-21.023418434936957,0.6721479907440142,0.5551202681312561,-21.065337755639867,-0.05479322476472529,-0.010607450455427173,3.5347781082028744,1.5712173845843014,1.5705507260695577,-0.016649053677318056
29.899999999998336,walk,walk,-0.0,-0.0,0.0,0.9816210049531161,0.051111738004785884,-0.036763634781264404,-0.004785204494351233,-4.465600385513959e-05,6.722737186821108e-07,-0.00010084363321093591,2.571611745640213e-07,-8.261436799499126e-06,2.6413426746587134e-06,0.06392575528211955,0.17988227823862107,0.6695559728776393,0.5527604159364701,-21.023522080878852,0.6721526062019062,0.5551246788749695,-21.065374636110477,-0.05479170203384206,-0.010605774074792865,3.534790412432943,1.571216870014635,1.5705502268806577,-0.01664869492029295
29.919999999998332,walk,walk,-0.0,-0.0,0.0,0.9816190060215817,0.05111202765529307,-0.03677303376040981,-0.0047821811587674635,-4.461954841997244e-05,6.713625687027001e-07,-0.0001008819059035772,2.539998694501796e-07,-8.207831214753384e-06,2.6456616963229105e-06,0.0639278010522398,0.17990452234568516,0.6695602448891481,0.552764022017479,-21.023642014557602,0.6721572224500998,0.5551290151128769,-21.0654250922951,-0.054790179665902904,-0.010604086518287661,3.5348036480213274,1.5712163552820742,1.5705497034773708,-0.01664890241134026
29.939999999998328,walk,walk,-0.0,-0.0,0.0,0.9816170065256324,0.05111230176192395,-0.03678236379741514,-0.004779149103805633,-4.4582915202887726e-05,6.6999672589419e-07,-0.00010090028331048294,2.38971304071704e-07,-8.146455232407224e-06,2.653588643025504e-06,0.06392987808426866,0.17992676398974478,0.6695645154400185,0.5527675982961655,-21.023766862139563,0.6721618362700433,0.555133247042656,-21.06549363160617,-0.05478865756557798,-0.01060239523649216,3.53481719691464,1.5712158398129485,1.570549170760858,-0.016649307156127145
29.959999999998324,walk,walk,-0.0,-0.0,0.0,0.9816150064501944,0.051112573073712475,-0.036791625292210695,-0.0047761103304131795,-4.4548084975365104e-05,6.691198523518639e-07,-0.000100923590569462,2.387025101524854e-07,-8.087338216999799e-06,2.6591174774842223e-06,0.06393192343373812,0.17994892940572088,0.6695687843504229,0.552771174574852,-21.02389141499123,0.6721664486850891,0.5551375981817246,-21.065540568739205,-0.05478713464948484,-0.010600584745407107,3.5348401513261365,1.5712153246340361,1.570548669709313,-0.016648968466226908
29.97999999999832,walk,walk,-0.0,-0.0,0.0,0.9816130059084657,0.051112841619099215,-0.03680081359837513,-0.004773065815656625,-4.451507950605722e-05,6.685358857946515e-07,-0.00010093800179781609,2.3569887103238306e-07,-8.022389111409598e-06,2.664005257172238e-06,0.06393398320772982,0.17997118169910808,0.6695730508942406,0.5527747508535386,-21.02401548055912,0.6721710582586778,0.5551418301115036,-21.065608318187184,-0.054785611549367966,-0.0105989083647728,3.5348524096352927,1.5712148088375244,1.5705481351301551,-0.016649412388245407
29.999999999998316,walk,walk,-0.0,-0.0,0.0,0.9816110046777842,0.051113105217257225,-0.036809937672777134,-0.004770013731919399,-4.448269489774491e-05,6.671568874744599e-07,-0.00010096873977906765,2.3128674927652988e-07,-7.968258164588705e-06,2.6707935336039418e-06,0.06393602681035762,0.17999338643322677,0.669577316517811,0.5527782973299027,-21.02414486592702,0.6721756676248547,0.5551462855587006,-21.065636029481407,-0.0547840885810485,-0.010597205907106402,3.534866775914174,1.5712142932086905,1.5705476303533197,-0.016649151021441287
30.019999999998312,walk,walk,-0.0,-0.0,0.0,0.9816090028598484,0.051113378435810625,-0.0368189924846244,-0.004766956301461744,-4.445286270550587e-05,6.664836834180754e-07,-0.0001009891105369911,2.4167220440297256e-07,-7.90625287932215e-06,2.6751351740333726e-06,0.06393809972843036,0.18001583974724866,0.6695815802137071,0.5527818289051056,-21.024276493127555,0.6721802757258134,0.5551505919942856,-21.06569022305493,-0.05478256580902364,-0.010595518350601199,3.534879970114456,1.5712137776068629,1.5705471144006133,-0.016649159231816476
30.039999999998308,walk,walk,-0.0,-0.0,0.0,0.9816070005929243,0.051113638624386774,-0.036827974096152585,-0.004763889610527688,-4.442542627269147e-05,6.645954080381282e-07,-0.00010100363191831602,2.2672012634788433e-07,-7.842239592946224e-06,2.6836529459221645e-06,0.06394016236450778,0.18003808145896558,0.6695858414154533,0.552785315776825,-21.024415685187478,0.6721848808922766,0.5551549133310318,-21.06574108537596,-0.05478104402086176,-0.010593912750482562,3.5348867339359638,1.5712132626473287,1.5705466189370036,-0.016648696437023266
30.059999999998304,walk,walk,-0.0,-0.0,0.0,0.9816049976590147,0.05111388605350217,-0.036836890985152825,-0.0047608151315217465,-4.439584561027371e-05,6.636120532227216e-07,-0.00010103282144961526,2.1652339185281538e-07,-7.787253286372585e-06,2.6901245759034023e-06,0.06394222152593297,0.18006038021714477,0.669590102713398,0.5527889814624787,-21.024522920397377,0.6721894844267535,0.5551592048654557,-21.065797129161297,-0.05477952231145674,-0.010592176765203479,3.534903873336627,1.5712127474750364,1.5705460936710716,-0.01664893734046773
30.0799999999983,walk,walk,-0.0,-0.0,0.0,0.9816029938754288,0.05111414855749949,-0.03684574925762339,-0.004757735503341883,-4.435991111457731e-05,6.631626131585292e-07,-0.0001010703230903118,2.3324371709048625e-07,-7.736505540386907e-06,2.6942662943175244e-06,0.06394425643544942,0.18008251437140166,0.6695943639220402,0.552792542840004,-21.02464887426981,0.672194089073762,0.5551636007080079,-21.065834811985408,-0.054778000488576804,-0.01059045568108559,3.534919808574273,1.5712122320289095,1.570545573993075,-0.016649034522277624
30.099999999998296,walk,walk,-0.0,-0.0,0.0,0.981600989470989,0.05111440518948373,-0.03685454795337851,-0.004754646370415459,-4.431928429332405e-05,6.618284282676719e-07,-0.00010109294465053113,2.2431849002805097e-07,-7.683848944265064e-06,2.7030700090411327e-06,0.0639463260967915,0.18010480954113445,0.6695986240625728,0.5527961489210129,-21.024766521868116,0.6721986917824077,0.5551678326377869,-21.065901382122576,-0.054776478558897966,-0.010588749498128894,3.534934543207401,1.5712117163973933,1.5705450561777234,-0.016649083169214856
30.119999999998292,walk,walk,-0.0,-0.0,0.0,0.9815989846137702,0.051114652477610635,-0.03686327314336426,-0.004751553355835484,-4.427856806064731e-05,6.610575463246589e-07,-0.0001011073405682005,2.1672780800852965e-07,-7.6180692438139405e-06,2.7057293583611445e-06,0.06394838483539154,0.18012704229278237,0.6696028815481022,0.5527996506938935,-21.02490234245054,0.6722032916789377,0.5551721092710495,-21.065959360559926,-0.05477495636570373,-0.01058701351284981,3.5349516308025826,1.5712112013803627,1.5705445607141137,-0.01664861840939823
30.139999999998288,walk,walk,-0.0,-0.0,0.0,0.9815969792644815,0.05111488542108561,-0.03687191991553846,-0.0047484515327584536,-4.424453114043229e-05,6.596989412943529e-07,-0.00010112463696452895,2.0338340864404588e-07,-7.549576708523539e-06,2.714010490149021e-06,0.06395046162402303,0.18014924287917905,0.6696071372538804,0.55280322697258,-21.025024514788598,0.6722078890153564,0.5551763859043122,-21.06601689658297,-0.05477343376406471,-0.010585258901119235,3.534970168514127,1.571210686301565,1.570544039173472,-0.01664877416401593
30.159999999998284,walk,walk,-0.0,-0.0,0.0,0.9815949731607357,0.05111512121639193,-0.03688050356626522,-0.004745340267455453,-4.421125514555087e-05,6.586390597595811e-07,-0.00010115848246495747,2.0843302470007406e-07,-7.4967976722802705e-06,2.722198159838772e-06,0.06395251245742978,0.18017139695432022,0.6696113925717402,0.5528068032512665,-21.0251467168469,0.6722124867373755,0.5551808115491867,-21.066047917756492,-0.054771911468432,-0.010583616048097613,3.5349798349303665,1.5712101714594544,1.5705435343966365,-0.01664853269189547
30.17999999999828,walk,walk,-0.0,-0.0,0.0,0.981592966673338,0.051115345844618146,-0.03688901413380228,-0.004742224846685723,-4.417839328941499e-05,6.575887199236253e-07,-0.00010116584811940494,1.9614278385104038e-07,-7.430329234169381e-06,2.7251147114323846e-06,0.06395458623185853,0.1801936818072839,0.6696156445123017,0.5528102752218247,-21.025286837390745,0.6722170807753263,0.5551849987754822,-21.06612083715034,-0.054770389825651127,-0.010581965744495395,3.53499016439321,1.5712096567980232,1.5705430240318656,-0.016648430700958193
30.199999999998276,walk,walk,-0.0,-0.0,0.0,0.9815909594685623,0.051115577379285855,-0.03689746104926735,-0.0047391019378134275,-4.414712737849615e-05,6.569443132021096e-07,-0.00010120018287678977,2.0522149427192058e-07,-7.377683056249342e-06,2.7321087527225344e-06,0.06395667413852527,0.18021603766805652,0.6696198964306007,0.5528139558086396,-21.025389703176376,0.672221674638601,0.5551893797168732,-21.066159179493543,-0.054768868201361974,-0.010580240935087207,3.535006415817241,1.5712091425385044,1.5705425211176753,-0.016648161720051874
30.219999999998272,walk,walk,-0.0,-0.0,0.0,0.9815889515283476,0.051115803802795734,-0.03690584404094714,-0.00473597230461302,-4.4111352624099914e-05,6.558529862858679e-07,-0.00010122890200584995,1.983760291501524e-07,-7.320573266918428e-06,2.7377443831986553e-06,0.06395874210861695,0.18023827170429008,0.6696241480899833,0.5528175171861649,-21.025513924477924,0.6722262677346944,0.5551936414489747,-21.066218753082744,-0.05476734664893637,-0.010578531026840213,3.5350214896585754,1.571208627863893,1.570541992126453,-0.016648501796801343
30.23999999999827,walk,walk,-0.0,-0.0,0.0,0.9815869431557401,0.05111603018845794,-0.036914155587408785,-0.004732834533060474,-4.4075970056605586e-05,6.548957451161548e-07,-0.00010124104456604976,1.9965817118038484e-07,-7.257316941908171e-06,2.7450175156378295e-06,0.06396082675682935,0.180260503570298,0.669628396626774,0.5528210040578843,-21.025650774881942,0.6722308580043242,0.5551979031810761,-21.066277670180018,-0.05476582468688324,-0.010576783865690234,3.5350394801916436,1.5712081137200675,1.5705414985254884,-0.01664801114730583
30.259999999998264,walk,walk,-0.0,-0.0,0.0,0.9815849343370677,0.051116249745278994,-0.0369223912551787,-0.00472968970592246,-4.4047829454302755e-05,6.539206095939026e-07,-0.00010125663215085364,1.9240184587751753e-07,-7.1910691698654525e-06,2.750902597249237e-06,0.0639629004671638,0.18028273278185242,0.6696326430368631,0.552824595237732,-21.02576856918635,0.6722354454612531,0.5552021649131775,-21.066336092033097,-0.05476430302901269,-0.01057512238621712,3.535050687632364,1.5712075994060253,1.5705409751222015,-0.016648228450090157
30.27999999999826,walk,walk,-0.0,-0.0,0.0,0.9815829248392438,0.051116449985121395,-0.03693056326424624,-0.004726536707315042,-4.401775311964229e-05,6.52474793763218e-07,-0.00010128619435209054,1.7426731757044317e-07,-7.137297557851409e-06,2.7582012458884523e-06,0.06396496212514739,0.18030495894903126,0.6696368892052412,0.5528281864175797,-21.025886456288845,0.6722400318634474,0.5552065160522461,-21.066378369052078,-0.05476278134491425,-0.010573416203260425,3.535065442916267,1.571207085584942,1.5705404796585918,-0.016647790035943025
30.299999999998256,walk,walk,-0.0,-0.0,0.0,0.9815809145792809,0.05111665414907074,-0.03693867561235504,-0.00472337743188833,-4.3983950392719956e-05,6.517778560847228e-07,-0.00010131838894690978,1.8116455059713454e-07,-7.08520624917243e-06,2.763326677493785e-06,0.06396701422406922,0.1803270500118368,0.669641134589215,0.5528317030916214,-21.026017555927734,0.6722446185838435,0.5552108969936371,-21.066415439969614,-0.05476125987897256,-0.010571728646755221,3.535078744009141,1.5712065718828057,1.5705399655685306,-0.016647801240351333
30.319999999998252,walk,walk,-0.0,-0.0,0.0,0.9815789037837848,0.05111687176594911,-0.036946712740436136,-0.004720212110027454,-4.3951780714913846e-05,6.507655420105753e-07,-0.00010133523817198871,1.9332779865700683e-07,-7.017221856229911e-06,2.7685808598436234e-06,0.0639691081745004,0.18034931752103237,0.669645377036226,0.552835130358696,-21.026164055240834,0.6722492039367385,0.5552152034292221,-21.06646553319016,-0.05475973856790258,-0.010570022463798526,3.53509354163234,1.5712060576237976,1.5705394365773082,-0.016648148402288034
30.33999999999825,walk,walk,-0.0,-0.0,0.0,0.9815768924672421,0.05111709218272821,-0.03695468318129237,-0.0047170405483884445,-4.391923150896935e-05,6.494991241535877e-07,-0.00010135549320222576,1.9420661472938644e-07,-6.960926417405632e-06,2.773986331479529e-06,0.06397119563568694,0.18037165563132268,0.6696496175224338,0.5528386768350602,-21.026288840044284,0.6722537873309633,0.5552195247659684,-21.066512555342246,-0.05475821722967841,-0.010568308830261233,3.535108922961596,1.571205543574972,1.570538933663118,-0.01664788087935286
30.359999999998244,walk,walk,-0.0,-0.0,0.0,0.9815748802145959,0.0511173156259973,-0.036962599819692535,-0.004713860709490787,-4.3879149855026924e-05,6.482068621652911e-07,-0.00010140057748691515,1.9728539600740613e-07,-6.915660582496944e-06,2.7814236951480858e-06,0.06397326065199155,0.18039387197978063,0.6696538595073744,0.5528422680149079,-21.026406114519308,0.6722583721800544,0.5552239653120041,-21.066538657628147,-0.05475669594531759,-0.010566624999046328,3.5351219303999204,1.571205029558265,1.5705384195730567,-0.016647882286281817
30.37999999999824,walk,walk,-0.0,-0.0,0.0,0.9815728673785229,0.051117542882857026,-0.036970446928355355,-0.004710678417522678,-4.3836853674898646e-05,6.480042597030211e-07,-0.00010141791056377027,2.0056193912532142e-07,-6.851591215736965e-06,2.782774196707078e-06,0.06397532984073981,0.18041607161385628,0.6696580998126233,0.5528457846889496,-21.026536218707935,0.6722629547484114,0.5552281227359772,-21.066614981989122,-0.05475517521916573,-0.010564967244863513,3.5351329261050113,1.5712045154349463,1.5705379036203504,-0.0166479241095183
30.399999999998236,walk,walk,-0.0,-0.0,0.0,0.9815708537734962,0.05111775827280505,-0.03697823081728154,-0.004707486067247157,-4.3795706077497146e-05,6.460746371593953e-07,-0.00010145361673915224,1.8815202081562962e-07,-6.79889868091276e-06,2.792474709107682e-06,0.06397740240845223,0.18043834231869174,0.6696623406206789,0.5528494056711197,-21.026647846429746,0.6722675371759241,0.5552325185785294,-21.066648578871508,-0.05475365461524653,-0.010563257336616519,3.5351480738418086,1.5712040014424848,1.5705373951182247,-0.016647792359662367
30.419999999998232,walk,walk,-0.0,-0.0,0.0,0.9815688396897666,0.05111796676490428,-0.036985936630440426,-0.004704288167950081,-4.375835790252075e-05,6.451230825077827e-07,-0.00010146545381100184,1.8332434039685555e-07,-6.72740413968232e-06,2.796583543789495e-06,0.06397951306155514,0.18046068346812186,0.6696665788438121,0.5528528478393555,-21.02679091691122,0.6722721170026915,0.5552367356071473,-21.06671366739717,-0.05475213413107552,-0.010561562329530719,3.5351620431832873,1.5712034876373169,1.570536886616099,-0.01664766613511522
30.43999999999823,walk,walk,-0.0,-0.0,0.0,0.98156682504505,0.05111817337374715,-0.03699356550930115,-0.004701082655447077,-4.372588989856502e-05,6.441760500239888e-07,-0.0001014881384105076,1.8203786040740694e-07,-6.661829668705552e-06,2.803563658137377e-06,0.06398158605419442,0.18048287331000795,0.6696708158660304,0.552856424118042,-21.026909778687983,0.6722766950056539,0.5552410420427323,-21.06676242312817,-0.05475061349361699,-0.010559830069541934,3.53517896254522,1.5712029735781652,1.5705363650754571,-0.01664784266821095
30.459999999998224,walk,walk,-0.0,-0.0,0.0,0.9815648097983787,0.051118367190832445,-0.037001129131350244,-0.004697869878817228,-4.369010144547776e-05,6.429573051144524e-07,-0.00010151138863586336,1.693328784064246e-07,-6.605762026245777e-06,2.8097337187379932e-06,0.0639836686723277,0.1805051056603213,0.669675051936233,0.5528600003967286,-21.027028466247657,0.6722812709916699,0.5552452888736725,-21.06682151266039,-0.054749092287689004,-0.01055807173252106,3.5351978998821227,1.5712024590809888,1.5705358416721702,-0.016648050184943038
30.47999999999822,walk,walk,-0.0,-0.0,0.0,0.9815627940068242,0.0511185664823675,-0.03700862512757754,-0.004694651084295699,-4.365456206868525e-05,6.424907078535726e-07,-0.00010153139936993154,1.769634202886977e-07,-6.546216839956441e-06,2.81479919024534e-06,0.06398574544928944,0.18052730623972751,0.6696792858434877,0.5528635170707703,-21.027157398181437,0.6722858453561004,0.5552495953092575,-21.06686962308664,-0.05474757153626456,-0.010556451231241229,3.5352059118102748,1.571201945005559,1.5705353443459154,-0.016647649490201963
30.499999999998217,walk,walk,-0.0,-0.0,0.0,0.9815607775836839,0.05111876033142309,-0.03701605355958057,-0.004691425322903774,-4.361860700157018e-05,6.414344856517855e-07,-0.0001015571277490913,1.700062952914374e-07,-6.487528301553959e-06,2.8209709873396133e-06,0.06398784155697418,0.18054954849824054,0.6696835187224351,0.5528670784482956,-21.027278199903673,0.6722904184954824,0.5552538719425202,-21.066922902852347,-0.0547460512398567,-0.010554767400026324,3.5352190174449745,1.571201430910418,1.5705348265305639,-0.016647739077522778
30.519999999998213,walk,walk,-0.0,-0.0,0.0,0.9815587607115416,0.05111895200103298,-0.03702340061148286,-0.004688188556061904,-4.35871544240305e-05,6.400245804604639e-07,-0.00010156914783279665,1.6914105301966657e-07,-6.414310112703071e-06,2.8309112862432606e-06,0.06398994621891177,0.1805717585990322,0.6696877487905307,0.5528705206165314,-21.02741979779958,0.6722949890085831,0.5552581187734604,-21.066980960701787,-0.054744530971633315,-0.010553050041198733,3.535234784258306,1.5712009174455626,1.5705343329295993,-0.0166472671588292
30.53999999999821,walk,walk,-0.0,-0.0,0.0,0.9815567433064498,0.051119137642269545,-0.0370306764117202,-0.004684945506855551,-4.355701249311836e-05,6.389130774774151e-07,-0.0001015904225378767,1.6312179639070334e-07,-6.3543219780872785e-06,2.8357759997047355e-06,0.06399204124543537,0.18059399565193912,0.6696919770514358,0.5528740521917344,-21.027545074976306,0.6722995577659394,0.5552624401102066,-21.067025372993818,-0.05474301058541315,-0.010551325231790545,3.5352511311987276,1.5712004044982897,1.570533830015409,-0.016647032521033417
30.559999999998205,walk,walk,-0.0,-0.0,0.0,0.9815547251097536,0.05111932820544637,-0.03703789582452081,-0.004681695896725755,-4.352326248228768e-05,6.380172565842142e-07,-0.00010162629013906007,1.69089145438001e-07,-6.30667239065338e-06,2.841567068868514e-06,0.06399411970208671,0.1806162153897985,0.6696962052861359,0.5528776284704209,-21.0276624308696,0.6723041270393073,0.5552668061504364,-21.067062004430227,-0.054741490094853996,-0.010549622774124148,3.5352656832984746,1.5711998909953613,1.5705332991615415,-0.01664744329223702
30.5799999999982,walk,walk,-0.0,-0.0,0.0,0.9815527062435954,0.05111952184970638,-0.03704505199709944,-0.00467844239502158,-4.348517809870368e-05,6.375765394238547e-07,-0.00010165146795775263,1.7104166422929142e-07,-6.249830406288793e-06,2.8445524463203156e-06,0.06399622375805351,0.18063849195655476,0.6697004327133381,0.5528811898479462,-21.02778225314553,0.6723086951561417,0.5552710380802155,-21.067122416239283,-0.05473996988318942,-0.010547957569360736,3.5352773002580955,1.5711993769848394,1.5705327776208997,-0.016647615584146184
30.599999999998197,walk,walk,-0.0,-0.0,0.0,0.9815506866788567,0.051119723810623706,-0.03705213906291725,-0.004675180984824793,-4.344732533045869e-05,6.36277495837714e-07,-0.00010168032946496944,1.7928538370462396e-07,-6.189387961078625e-06,2.8519810188144467e-06,0.06399831167799341,0.18066070651729244,0.6697046589472689,0.5528846618185044,-21.027917928993155,0.672313263185742,0.5552754041204453,-21.067158780416175,-0.05473844970438497,-0.010546236485242846,3.535293372124749,1.5711988632308693,1.5705322747067094,-0.016647356192605503
30.619999999998193,walk,walk,-0.0,-0.0,0.0,0.9815486664868636,0.05111990122689978,-0.037059156260707875,-0.004671913113908815,-4.3409177516011274e-05,6.348161028113846e-07,-0.00010170370172613243,1.53120698542256e-07,-6.12816249671003e-06,2.857293784054425e-06,0.06400040644494694,0.1806829330827756,0.669708884959295,0.5528882529983521,-21.02803219094324,0.6723178289018427,0.555279606247902,-21.067224033102683,-0.05473692968430777,-0.010544545203447345,3.5353070833586497,1.5711983497848299,1.5705317680672288,-0.016647195937005158
30.63999999999819,walk,walk,-0.0,-0.0,0.0,0.9815466456688832,0.05112007916962862,-0.037066107732283075,-0.004668640295534774,-4.3369973433513725e-05,6.34511202523785e-07,-0.00010172883138869958,1.5820473893073995e-07,-6.071506084217548e-06,2.86144135221286e-06,0.06400250400509694,0.18070515721279048,0.6697131099094656,0.5528918292770386,-21.028148865198677,0.6723223933881546,0.5552838828811646,-21.06727576578534,-0.05473540976466993,-0.010542857646942141,3.5353204993305156,1.5711978363134875,1.5705312539771676,-0.01664720937283848
30.659999999998185,walk,walk,-0.0,-0.0,0.0,0.9815446243207109,0.05112025612644773,-0.03707298904179788,-0.004665358500619336,-4.3331026843414457e-05,6.333443224512845e-07,-0.00010174717984658657,1.55942636551651e-07,-6.009320772502394e-06,2.869620675416051e-06,0.06400459998946181,0.18072730479402493,0.6697173327670417,0.5528953459510804,-21.02827581612389,0.6723269558465136,0.5552881148109436,-21.06733510087779,-0.05473389025514007,-0.01054118871688843,3.5353324773184394,1.5711973229650273,1.570530745475042,-0.016647093188192588
30.67999999999818,walk,walk,-0.0,-0.0,0.0,0.9815426024440783,0.05112042125610979,-0.03707979464760046,-0.004662067920000834,-4.329665835281498e-05,6.320751967492317e-07,-0.0001017662971391596,1.445160845284338e-07,-5.942903962359192e-06,2.8771583431171933e-06,0.06400670073125837,0.18074952403502395,0.6697215540464508,0.5528988626251221,-21.028402532418927,0.6723315159980655,0.5552923765430451,-21.067388643548647,-0.05473237066629661,-0.010539456456899646,3.5353494832165415,1.5711968105556469,1.570530259324658,-0.016646471715409315
30.699999999998177,walk,walk,-0.0,-0.0,0.0,0.9815405798802199,0.05112058791970996,-0.0370865389058551,-0.004658775217953393,-4.325667779716841e-05,6.319001272880787e-07,-0.00010179609866077073,1.479941275392156e-07,-5.891457773684119e-06,2.8782639992932496e-06,0.06400880088202376,0.1807718292936133,0.6697257745524723,0.5529024389038086,-21.028518436656405,0.6723360755981534,0.5552966680774689,-21.06743686379198,-0.05473085101621199,-0.010537761449813846,3.5353635095287785,1.5711962973282354,1.5705297172949195,-0.016647155977767485
30.719999999998173,walk,walk,-0.0,-0.0,0.0,0.981538556744349,0.05112076440494067,-0.03709321063013031,-0.0046554721741398275,-4.3219537133171065e-05,6.305905428684561e-07,-0.0001018155782849204,1.5711121450294153e-07,-5.825922077165387e-06,2.888270832008886e-06,0.06401090526460192,0.1807940719062744,0.6697299928880511,0.5529058810720444,-21.028657973209686,0.6723406340791546,0.5553009745130539,-21.0674821434874,-0.05472933202809378,-0.010536137223243716,3.5353719691753396,1.5711957843116622,1.5705292199686647,-0.016646777068062092
30.73999999999817,walk,walk,-0.0,-0.0,0.0,0.9815365329843232,0.051120914629164564,-0.03709981709915609,-0.0046521635342447526,-4.318031196496901e-05,6.291693924455751e-07,-0.00010184150959987016,1.2918575446097527e-07,-5.770672047063777e-06,2.8923738904988715e-06,0.06401300454084777,0.1808162815849323,0.6697342109509118,0.5529095169553757,-21.028762761401996,0.6723451905508501,0.5553051766405106,-21.067545768426353,-0.05472781342039965,-0.010534438490867618,3.5353863969619295,1.5711952709170596,1.5705286928400874,-0.016647103654746153
30.759999999998165,walk,walk,-0.0,-0.0,0.0,0.9815345084935957,0.05112105942899607,-0.03710636353591232,-0.004648849032635403,-4.3137833792713154e-05,6.285562005798252e-07,-0.00010187261602858161,1.285890289175422e-07,-5.718576669138498e-06,2.8976210657922003e-06,0.06401508661201108,0.1808383415448395,0.669738428776324,0.552913078332901,-21.02888089924543,0.672349746604866,0.5553094979772568,-21.067587996601507,-0.05472629447106098,-0.010532680153846743,3.535405525636114,1.5711947577256598,1.5705281899258972,-0.016646856934818266
30.77999999999816,walk,walk,-0.0,-0.0,0.0,0.9815324835927048,0.05112122223963802,-0.03711283289487568,-0.004645525292870469,-4.310155461432161e-05,6.276473322021981e-07,-0.00010188195272579577,1.4640019276130932e-07,-5.6485332375379595e-06,2.905970126435712e-06,0.06401722161968115,0.18086053393963136,0.66974264274456,0.5529164757976532,-21.029027558638578,0.6723543004212714,0.5553137746105195,-21.067637710962078,-0.05472477545743144,-0.01053099259734154,3.5354190086042507,1.571194244968306,1.570527688874352,-0.016646579297802406
30.799999999998157,walk,walk,-0.0,-0.0,0.0,0.9815304580274505,0.051121375766804006,-0.037119231471115476,-0.004642197744469326,-4.3073756283582274e-05,6.2682369127907e-07,-0.00010191174471036844,1.3405722036270504e-07,-5.589017043824436e-06,2.9085346427089897e-06,0.0640193236871146,0.1808827822408777,0.6697468565620905,0.5529201265821457,-21.02912892441876,0.6723588533094763,0.5553180661449433,-21.0676846962091,-0.05472325651499384,-0.010529301315546039,3.535432799515118,1.5711937317216582,1.5705271598831296,-0.016646952318160987
30.819999999998153,walk,walk,-0.0,-0.0,0.0,0.9815284316637586,0.05112152868590944,-0.037125577283458874,-0.0046388585284472305,-4.304140450499644e-05,6.252614479511756e-07,-0.00010194654631664325,1.3581869111453915e-07,-5.544499935672663e-06,2.9197295976273586e-06,0.06402144521673894,0.18090502736074116,0.6697510704957254,0.5529236581573487,-21.02925174866699,0.6723634065254944,0.5553224470863343,-21.067715733539757,-0.05472173707667883,-0.010527546703815463,3.5354515824939177,1.5711932187498432,1.5705266606942296,-0.01664662126525473
30.83999999999815,walk,walk,-0.0,-0.0,0.0,0.9815264044776553,0.051121688816437486,-0.03713187297877417,-0.004635514652064427,-4.300173964822208e-05,6.246278430586764e-07,-0.00010198284516937154,1.4260005559625257e-07,-5.500744895062156e-06,2.9227016703775903e-06,0.06402355371226943,0.180927284456034,0.6697552844087178,0.5529272344360352,-21.029366520451838,0.6723679603950483,0.5553267684230805,-21.067757639530143,-0.054720217547702094,-0.010525851696729663,3.535465619028482,1.5711927062666522,1.5705261596426845,-0.016646351885828563
30.859999999998145,walk,walk,-0.0,-0.0,0.0,0.9815243769568102,0.051121846924280435,-0.03713807810214442,-0.004632165224259551,-4.29704861087889e-05,6.238419871591074e-07,-0.00010198526702661269,1.3941503796241073e-07,-5.415754410506153e-06,2.927849639344423e-06,0.06402567389758791,0.18094949421894735,0.6697594948304947,0.5529306468019486,-21.029509890675236,0.6723725100747918,0.5553308662424088,-21.067838630153005,-0.05471869853772437,-0.010524197667837146,3.5354764522046227,1.5711921941694675,1.5705256567284942,-0.016646134958694603
30.87999999999814,walk,walk,-0.0,-0.0,0.0,0.9815223491888885,0.05112199282974747,-0.037144200291458276,-0.004628808984143045,-4.2945799000793516e-05,6.226894990602517e-07,-0.00010199053713273823,1.2776116377252283e-07,-5.346231975299786e-06,2.933792272899849e-06,0.06402779579279827,0.18097168658252583,0.6697637014933399,0.552934133673668,-21.029639176601762,0.6723770553251099,0.5553350981721878,-21.067894703135043,-0.054717179800542144,-0.010522502660751346,3.5354905665264895,1.5711916818566465,1.5705251370504976,-0.016646309314032028
30.899999999998137,walk,walk,-0.0,-0.0,0.0,0.9815203207827091,0.051122127491806314,-0.03715025918331415,-0.004625446396464136,-4.2921302543834445e-05,6.21824527093825e-07,-0.00010201954570014898,1.1836381855200323e-07,-5.293317112772082e-06,2.9391643291210015e-06,0.06402990470656518,0.18099392051690466,0.6697679079233674,0.5529377695569992,-21.02974187717945,0.6723815994215783,0.5553393897066117,-21.06794009354212,-0.054715661367741836,-0.01052082255482674,3.5355035178657253,1.5711911689383578,1.5705246099219203,-0.016646642927226552
30.919999999998133,walk,walk,-0.0,-0.0,0.0,0.9815182916406827,0.051122273102366105,-0.03715626495174344,-0.00462207506486426,-4.2890693376149795e-05,6.20518086482552e-07,-0.00010205078464958675,1.308865401313046e-07,-5.247422677772184e-06,2.94710243538898e-06,0.0640320152848562,0.18101618118167392,0.6697721131066531,0.552941211725235,-21.029879108998465,0.6723861441672727,0.555343800450325,-21.067964270704753,-0.05471414307519826,-0.010519142448902133,3.5355164697150676,1.571190656653902,1.5705241219088912,-0.016646063252489452
30.93999999999813,walk,walk,-0.0,-0.0,0.0,0.981516262044485,0.05112240067474783,-0.037162201472186386,-0.004618697354272263,-4.286058537922251e-05,6.191437226108142e-07,-0.0001020637547352101,1.1039100730644954e-07,-5.184392333277772e-06,2.9522924385184227e-06,0.06403414711664854,0.18103848300886982,0.6697763163176396,0.5529447283992768,-21.03000253969078,0.6723906853552405,0.5553479429731369,-21.06803573392246,-0.05471262455451199,-0.010517399013042453,3.5355344479006097,1.5711901442989042,1.5705236022308946,-0.01664623960897106
30.959999999998125,walk,walk,-0.0,-0.0,0.0,0.9815142320771868,0.05112253209061574,-0.03716806137056774,-0.0046153131635896984,-4.283471689389846e-05,6.185241573932819e-07,-0.00010207475211270683,1.1795183935047526e-07,-5.11739572650448e-06,2.957939403568193e-06,0.06403627558343153,0.18106073769880976,0.6697805163809372,0.5529481854686737,-21.030136036401206,0.6723952233354186,0.5553521898040772,-21.0680879104818,-0.05471110589482284,-0.010515674203634265,3.5355509335784983,1.5711896316811547,1.5705230844155431,-0.01664636070694719
30.97999999999812,walk,walk,-0.0,-0.0,0.0,0.9815122015440805,0.05112267164574811,-0.0371738533983873,-0.004611922482533346,-4.2807221668088506e-05,6.177497427547603e-07,-0.00010209810967670065,1.2455039216436056e-07,-5.059581472819583e-06,2.963529027178753e-06,0.06403837827174674,0.18108279786503875,0.6697847144729472,0.5529516872415543,-21.03026123235106,0.6723997602744368,0.5553564962396622,-21.068129333652987,-0.05470958742241078,-0.010514027625322345,3.5355611946338583,1.571189119121344,1.5705225777760625,-0.016646216208956094
30.999999999998117,walk,walk,-0.0,-0.0,0.0,0.9815101704303323,0.051122806265201305,-0.03717958205969712,-0.004608523651000901,-4.277643149541621e-05,6.163882336199583e-07,-0.00010212028996275349,1.1859692374576187e-07,-5.004312764051735e-06,2.9707732539767165e-06,0.06404048954791725,0.18110488664219257,0.6697889110705354,0.5529551890144349,-21.03038618864109,0.6724042955589231,0.5553607579717637,-21.068178440448666,-0.0547080689525984,-0.010512302815914157,3.5355776994132024,1.5711886070221226,1.5705220785871625,-0.016645910299526678
31.019999999998113,walk,walk,-0.0,-0.0,0.0,0.9815081388448652,0.05112292453644121,-0.03718523783422977,-0.004605119976162044,-4.2751368205469855e-05,6.155181085714507e-07,-0.00010213555979356747,1.0323071140213142e-07,-4.939420387364807e-06,2.9745332379672594e-06,0.06404261960678045,0.18112712111002297,0.6697931059064318,0.552958735490799,-21.03050276178557,0.6724088279077421,0.5553649451980591,-21.068240336191057,-0.05470655082417589,-0.010510645061731341,3.535588891300733,1.5711880950556907,1.5705215682223916,-0.016645873063912048
31.03999999999811,walk,walk,-0.0,-0.0,0.0,0.9815061067217643,0.05112303689976878,-0.03719082650752583,-0.004601707627609247,-4.272850508137447e-05,6.14362951803235e-07,-0.00010215676285308122,9.976003188585338e-08,-4.882089213802681e-06,2.982533797102025e-06,0.06404474541056912,0.18114944040610276,0.6697972992701893,0.5529622670660019,-21.030621775296293,0.6724133582712216,0.5553692069301606,-21.06828854827047,-0.05470503290795966,-0.010508946329355243,3.5356033665700304,1.5711875836352067,1.570521072758782,-0.016645494691926645
31.059999999998105,walk,walk,-0.0,-0.0,0.0,0.9815040737773086,0.051123153799487876,-0.03719636452653224,-0.004598287517065617,-4.270051188245951e-05,6.136680959928898e-07,-0.00010219522614860584,1.0470486650242105e-07,-4.840024569488824e-06,2.9891318986075918e-06,0.06404686980164644,0.18117159356517362,0.6698014932549652,0.552965888048172,-21.03072497341529,0.6724178893105903,0.555373543168068,-21.068323675848184,-0.05470351488344092,-0.010507236421108249,3.5356187098427845,1.5711870723477868,1.570520562394011,-0.0166454739510427
31.0799999999981,walk,walk,-0.0,-0.0,0.0,0.9815020402240713,0.0511232671002612,-0.03720184252106713,-0.004594863688265302,-4.2667768207797806e-05,6.130022339680488e-07,-0.00010221662103156282,1.0023549822771285e-07,-4.785250693534342e-06,2.991885195817298e-06,0.06404899195384527,0.1811937745370143,0.6698056856667962,0.5529693749198914,-21.030851834746755,0.6724224187227618,0.5553777303943634,-21.068385128335045,-0.05470199666069827,-0.010505507886409762,3.5356355235668193,1.5711865603624142,1.5705200315401435,-0.016645918997246625
31.099999999998097,walk,walk,-0.0,-0.0,0.0,0.9815000062071573,0.05112336811150663,-0.03720724499410758,-0.004591429238579474,-4.2633579086028726e-05,6.114977076287203e-07,-0.00010223173896075808,8.866352083639793e-08,-4.718038166222034e-06,3.001954774005004e-06,0.06405112003344891,0.1812160411055039,0.6698098757989108,0.5529728170881272,-21.030986298016714,0.6724269452440059,0.5553819325218201,-21.06844329978947,-0.054700479044552934,-0.010503883659839633,3.535644091141508,1.5711860487056462,1.5705195360765338,-0.016645530316062772
31.119999999998093,walk,walk,-0.0,-0.0,0.0,0.9814979719154019,0.05112346851444477,-0.03721255618691514,-0.004587991239440615,-4.260853700807639e-05,6.10925964053399e-07,-0.00010223448128699483,8.997490221060165e-08,-4.636458698189951e-06,3.004056940157995e-06,0.06405325536159247,0.18123817182345583,0.669814061565181,0.5529761698493958,-21.03113589766482,0.6724314681769636,0.5553861346492768,-21.068500774892073,-0.05469896184654015,-0.010502192378044131,3.5356580381976777,1.5711855378344721,1.5705190443382144,-0.016645079323088268
31.13999999999809,walk,walk,-0.0,-0.0,0.0,0.9814959368934046,0.051123564895546654,-0.037217805560327055,-0.004584545410164017,-4.258279520893844e-05,6.095461558862811e-07,-0.00010227011886262037,8.552574382981734e-08,-4.587647560272291e-06,3.0114119581762363e-06,0.06405538315821961,0.18126049249586126,0.6698182476461406,0.5529797908315659,-21.031237671028087,0.6724359911729972,0.5553904857883454,-21.068531736097835,-0.05469744388787148,-0.010500407963991168,3.535679306234551,1.5711850266676404,1.5705185209349275,-0.016645370567011607
31.159999999998085,walk,walk,-0.0,-0.0,0.0,0.9814939011272185,0.05112366039359478,-0.037223007022109816,-0.004581092555841972,-4.2545955310031114e-05,6.087520441744648e-07,-0.00010230093299106252,8.538532457469348e-08,-4.5457879412261255e-06,3.0173739411809804e-06,0.06405752035903652,0.18128273586644394,0.6698224337477215,0.5529833671102524,-21.031347428694104,0.6724405135424032,0.5553947028169632,-21.068586635537514,-0.05469592599583955,-0.010498746484518054,3.535690803605481,1.571184515177839,1.5705180049822212,-0.01664547207390159
31.17999999999808,walk,walk,-0.0,-0.0,0.0,0.9814918646806737,0.051123747758543385,-0.037228139826651345,-0.004577635505742777,-4.2509548270390205e-05,6.080036334986117e-07,-0.00010232768879597653,7.714428075768171e-08,-4.483293066392242e-06,3.0206695879333393e-06,0.06405963938820776,0.18130482864447126,0.6698266192655628,0.5529868837842942,-21.031467777131564,0.6724450349286469,0.5553989198455811,-21.06864134783544,-0.05469440827246744,-0.010497055202722552,3.535704696459711,1.5711840037378098,1.5705174983427406,-0.01664535520137059
31.199999999998077,walk,walk,-0.0,-0.0,0.0,0.9814898275505209,0.05112382956836801,-0.03723319867131225,-0.004574169928729001,-4.247723127788159e-05,6.069020081878138e-07,-0.00010235450285956207,7.29686916740875e-08,-4.418736767888779e-06,3.0285929535924837e-06,0.06406178194208534,0.18132712642307172,0.669830804318377,0.5529903855571747,-21.03159073408757,0.6724495555274432,0.5554031666765213,-21.06869056851151,-0.0546928907170132,-0.010495360195636752,3.535718901994689,1.5711834922811887,1.5705169861153245,-0.016645373211348673
31.219999999998073,walk,walk,-0.0,-0.0,0.0,0.9814877897768124,0.051123919288437424,-0.03723819054924588,-0.004570695761181607,-4.24391729313902e-05,6.05884469630333e-07,-0.00010237971333367235,8.156308655298336e-08,-4.361070197902038e-06,3.0359593757577997e-06,0.0640639214615768,0.1813492439956046,0.6698349875815797,0.5529938128242493,-21.031726667381687,0.6724540757049687,0.5554074582109452,-21.068731695999094,-0.054691373293167624,-0.010493672639131549,3.535732519800498,1.5711829813669018,1.57051649251436,-0.016644961320350572
31.23999999999807,walk,walk,-0.0,-0.0,0.0,0.9814857513203998,0.05112398887305194,-0.03724311774085958,-0.004567216021188965,-4.239810614503086e-05,6.047683852243424e-07,-0.00010240785166247019,5.973312222679767e-08,-4.30483719878993e-06,3.0404793405108447e-06,0.06406604727748896,0.18137133045074583,0.6698391709149855,0.5529973742017746,-21.031838640505406,0.672458594419537,0.555411675239563,-21.06878587981255,-0.05468985615274468,-0.010491996258497241,3.5357452754507865,1.571182469569391,1.5705159523472667,-0.01664563400562579
31.259999999998065,walk,walk,-0.0,-0.0,0.0,0.9814837122906078,0.051124065630441036,-0.03724797238547944,-0.004563729965344944,-4.23577084437822e-05,6.043202806913523e-07,-0.00010242791590701573,7.079528004685883e-08,-4.240224911788876e-06,3.046018768397923e-06,0.06406819179518931,0.18139356287786587,0.6698433522006254,0.553000786567688,-21.031976873933413,0.6724631118780948,0.5554159220705033,-21.068834503308704,-0.05468833984206801,-0.010490386933088305,3.535752765632,1.571181957676983,1.5705154475704313,-0.016645457834368552
31.27999999999806,walk,walk,-0.0,-0.0,0.0,0.9814816727244756,0.05112413886763609,-0.03725275926111065,-0.00456023729176122,-4.231745294105457e-05,6.030166069790788e-07,-0.00010244815437100619,6.504370550369044e-08,-4.1821060537580614e-06,3.0517382882091357e-06,0.0640703253695825,0.18141574728578286,0.6698475317814754,0.553004318142891,-21.032093394286438,0.6724676274845569,0.5554201390991211,-21.06888810408651,-0.05468682344537797,-0.010488621145486834,3.535772705185928,1.5711814470822645,1.5705149725959182,-0.016644615881190372
31.299999999998057,walk,walk,-0.0,-0.0,0.0,0.9814796325035213,0.05112420446637191,-0.03725747621670134,-0.004556734134678715,-4.227548597827658e-05,6.014686457075031e-07,-0.00010247484465148753,5.8514474479393996e-08,-4.120679713426208e-06,3.0613056809531692e-06,0.06407245936227754,0.18143791381481164,0.6698517106414725,0.5530078050146103,-21.032217901698548,0.6724721420585618,0.5554243859300614,-21.068936225724308,-0.05468530649861234,-0.01048688888549805,3.53578989953566,1.5711809367749152,1.5705144622311473,-0.016644621808913525
31.319999999998053,walk,walk,-0.0,-0.0,0.0,0.9814775915472214,0.051124268532746625,-0.037262129592925804,-0.004553228762440079,-4.2231522494731776e-05,6.010964541824651e-07,-0.00010250573896114052,5.7990400990398045e-08,-4.06616869566743e-06,3.0621632952051844e-06,0.06407462311549213,0.1814602110325432,0.6698558895002036,0.5530113514909745,-21.032331733617685,0.6724766564145312,0.555428662563324,-21.06897900210267,-0.054683789313862634,-0.010485182702541354,3.5358050080477517,1.5711804265460665,1.5705139555916667,-0.016644534975017354
31.33999999999805,walk,walk,-0.0,-0.0,0.0,0.9814755500079676,0.05112433690359022,-0.03726671314581615,-0.004549715795445495,-4.218957018413594e-05,6.001020703411998e-07,-0.00010252618491404312,6.228432848337976e-08,-4.003873911233609e-06,3.0694993481717416e-06,0.06407677029563578,0.1814824015033178,0.6698600666312909,0.5530148085603714,-21.03246120343313,0.6724811693017385,0.5554328795919419,-21.06903213832581,-0.054682272269090705,-0.010483506321907046,3.5358177645362847,1.571179916345776,1.570513447089541,-0.016644493260214617
31.359999999998045,walk,walk,-0.0,-0.0,0.0,0.9814735077551973,0.05112440379214406,-0.03727123230833885,-0.004546195092991229,-4.214821862830888e-05,5.990878467100577e-07,-0.00010255731252975322,6.011185316852368e-08,-3.949112860001945e-06,3.0760986832241877e-06,0.06407890035710354,0.18150453039185457,0.6698642434379707,0.5530183550367356,-21.032574650512775,0.6724856818639902,0.5554371711263657,-21.069071908574646,-0.05468075575006937,-0.01048185229301453,3.535828795935895,1.571179405485609,1.5705129180983186,-0.01664492124374559
31.37999999999804,walk,walk,-0.0,-0.0,0.0,0.9814714649120703,0.051124462288893786,-0.03727568369990349,-0.004542669399965578,-4.210840781440351e-05,5.982734249110032e-07,-0.00010257813951232894,5.206780440988e-08,-3.888783050809652e-06,3.080117481309251e-06,0.06408105184634318,0.18152674574583122,0.6698684191266183,0.5530218568096161,-21.032695864434874,0.6724901924782577,0.5554413583526612,-21.06912995835297,-0.054679239189079215,-0.010480120033025744,3.5358460456852057,1.5711788944891656,1.5705124095961929,-0.016644857202550826
31.399999999998037,walk,walk,-0.0,-0.0,0.0,0.981469421452324,0.05112453076226278,-0.03728006394539801,-0.004539135692626409,-4.2069089253530314e-05,5.973731506946801e-07,-0.00010260272490508473,6.346655530192719e-08,-3.826777384332818e-06,3.0875219839249586e-06,0.06408318950469633,0.18154898754496368,0.6698725932014636,0.5530252989778519,-21.032827484321725,0.6724947023143514,0.555445649887085,-21.069169206588924,-0.05467772283074261,-0.010478462278842929,3.53585737129294,1.5711783831303368,1.5705118899181962,-0.016645051427584427
31.419999999998034,walk,walk,-0.0,-0.0,0.0,0.9814673774550099,0.05112460835808936,-0.037284366985267436,-0.004535594844106756,-4.2030857459376854e-05,5.961965619687186e-07,-0.00010262068591082882,7.064681307045629e-08,-3.758380395152562e-06,3.09343563898145e-06,0.0640853398401808,0.18157118219780205,0.6698767648500992,0.5530287113437653,-21.03296396708504,0.6724992107096404,0.555449881816864,-21.069218856365037,-0.05467620664555022,-0.010476759821176532,3.535872281359509,1.5711778729562913,1.5705114168063283,-0.01664417172676534
31.43999999999803,walk,walk,-0.0,-0.0,0.0,0.9814653328597578,0.05112466355927371,-0.037288602190430106,-0.00453204592391893,-4.19962669989642e-05,5.947494246893258e-07,-0.00010264491882589651,4.697893690170472e-08,-3.7008949603897465e-06,3.1005756551124156e-06,0.06408747915358787,0.1815933001030325,0.6698809364083486,0.5530323174247742,-21.0330657661596,0.6725037167995467,0.5554540690431595,-21.06927607220892,-0.05467469042389313,-0.010475049912929538,3.5358877734976013,1.5711773621330147,1.5705108785018802,-0.01664482747840421
31.459999999998026,walk,walk,-0.0,-0.0,0.0,0.9814632878282664,0.05112471448603103,-0.03729276548121047,-0.004528493609724803,-4.19640634261618e-05,5.945530146411655e-07,-0.00010265754867243919,4.68034511924544e-08,-3.636796809082783e-06,3.1029500363239835e-06,0.06408965296097997,0.18161559329403001,0.6698851053705208,0.5530357744941712,-21.03319369131446,0.6725082200303479,0.5554582264671326,-21.069338100719346,-0.05467317443511852,-0.010473384708166125,3.5358997256854003,1.5711768512676543,1.57051037558769,-0.0166446320101084
31.47999999999802,walk,walk,-0.0,-0.0,0.0,0.9814612421615916,0.05112476903254366,-0.03729685945732012,-0.004524929876932997,-4.193303059211374e-05,5.931207261194398e-07,-0.00010268493650281687,5.0099911346573556e-08,-3.577496170471758e-06,3.113821593072578e-06,0.06409181509423753,0.18163789765775376,0.6698892733214483,0.5530392762670517,-21.0333135416539,0.6725127226803718,0.5554625329027176,-21.06937339168872,-0.054671658777052996,-0.010471719503402713,3.5359117074916284,1.571176340350266,1.5705098633602739,-0.016644661921129254
31.499999999998018,walk,walk,-0.0,-0.0,0.0,0.9814591957463117,0.05112483383998004,-0.03730089853922265,-0.004521360383997035,-4.189655954326188e-05,5.924781049928657e-07,-0.00010271717228759447,5.998489266310743e-08,-3.5310176026745727e-06,3.1180223164685724e-06,0.06409397871673392,0.18166011030176704,0.6698934408150665,0.5530428078422547,-21.033427970039057,0.6725172256324246,0.5554668095359803,-21.069414151870177,-0.05467014322623185,-0.010470002144575122,3.5359278563396264,1.5711758302518484,1.57050937720989,-0.01664409469013861
31.519999999998014,walk,walk,-0.0,-0.0,0.0,0.9814571487705573,0.05112489021387875,-0.03730486430698388,-0.004517785142943458,-4.186444565662765e-05,5.913645050652273e-07,-0.00010273570051921147,4.978754700115827e-08,-3.4640520855768296e-06,3.123097642319582e-06,0.06409613609610341,0.18168221678030572,0.6698976067704239,0.5530462798128128,-21.033552767175987,0.6725217267967156,0.5554709967622757,-21.069470514150346,-0.05466862798648767,-0.010468351840972903,3.5359386808921074,1.5711753202244234,1.5705088649824739,-0.01664414823892448
31.53999999999801,walk,walk,-0.0,-0.0,0.0,0.9814551012184622,0.05112493692568638,-0.03730876686266779,-0.004514202096034114,-4.183241334655698e-05,5.902091003163255e-07,-0.00010275927075467306,4.1968303423722544e-08,-3.4111036451275515e-06,3.130058014821197e-06,0.0640982864127302,0.1817044247072097,0.6699017715532264,0.5530498113880158,-21.033666660632907,0.6725262262211544,0.5554752286920548,-21.069518535954266,-0.054667112776855216,-0.01046664193272591,3.5359542557192647,1.5711748096747853,1.570508341579187,-0.016644450228875445
31.559999999998006,walk,walk,-0.0,-0.0,0.0,0.9814530532061916,0.05112498874265835,-0.03731259907965521,-0.004510613026999134,-4.180282698450533e-05,5.89560296150444e-07,-0.00010277362711345811,4.8264546449597965e-08,-3.3480064638781527e-06,3.1350672803878256e-06,0.06410044365254461,0.18172658576414186,0.6699059336324049,0.5530532535562516,-21.033796030541914,0.672530723332969,0.5554794308195115,-21.06957145561156,-0.05466559760258966,-0.010464939475059512,3.5359692410567387,1.571174299671886,1.5705078517035127,-0.016643970379126617
31.579999999998,walk,walk,-0.0,-0.0,0.0,0.9814510045778154,0.05112504125105315,-0.037316367325829235,-0.004507019334945192,-4.177282934303342e-05,5.889526108593561e-07,-0.00010280012840467256,4.777523295383251e-08,-3.2937933787644913e-06,3.138924265490277e-06,0.06410260190864771,0.1817488186386031,0.6699100947273684,0.5530567851314545,-21.033909283909914,0.67253521923039,0.5554836776504517,-21.06961620344536,-0.054664082777793645,-0.010463285446166995,3.5359803986175993,1.5711737892710194,1.5705073264375806,-0.016644323513809293
31.599999999997998,walk,walk,-0.0,-0.0,0.0,0.9814489553616648,0.051125080450517245,-0.03732007208587664,-0.004503418825856362,-4.1742176629450955e-05,5.876354579081077e-07,-0.0001028221002530815,3.459558837601084e-08,-3.23780378401479e-06,3.145125466532867e-06,0.06410477593431771,0.18177093026285313,0.6699142545989624,0.5530602720031739,-21.03403032639341,0.6725397135072155,0.5554879095802308,-21.06966329928333,-0.05466256735008144,-0.010461497306823733,3.5360021757180213,1.5711732792716138,1.570506832836616,-0.01664393158616167
31.619999999997994,walk,walk,-0.0,-0.0,0.0,0.9814469057389861,0.05112510591345601,-0.03732369960420992,-0.004499808925719453,-4.171805096005764e-05,5.863155367751771e-07,-0.00010283316777243995,2.2931011418113385e-08,-3.1686216163897454e-06,3.153434188495734e-06,0.06410694364238011,0.18179308398431093,0.6699184119136187,0.5530637141714096,-21.034158855587865,0.672544204565081,0.555492081905365,-21.06972042213365,-0.05466105179901164,-0.010459820926189425,3.5360150403504877,1.5711727688283335,1.570506307570684,-0.016644282644971496
31.63999999999799,walk,walk,-0.0,-0.0,0.0,0.9814448555094714,0.05112512185233528,-0.037327259408600225,-0.004496195177453007,-4.1695832586280945e-05,5.857102778243033e-07,-0.00010285924979669277,1.5114384698290847e-08,-3.1116392752067208e-06,3.1560768260346248e-06,0.06410910645307895,0.181815338173923,0.6699225683888559,0.5530672457466126,-21.03427128623628,0.6725486943944812,0.5554963287363053,-21.0697640838387,-0.05465953704896233,-0.010458215326070788,3.5360223566881537,1.5711722581913792,1.570505797205913,-0.016644271312666596
31.659999999997986,walk,walk,-0.0,-0.0,0.0,0.9814428047913918,0.05112515210408733,-0.03733075303481209,-0.004492572970350039,-4.167164333215641e-05,5.853915688008631e-07,-0.00010287503111325056,3.066583964203088e-08,-3.0530850178714586e-06,3.1640974865129287e-06,0.0641112820333261,0.18183751573356766,0.6699267225649176,0.5530707177171708,-21.034393898516853,0.6725531818897299,0.5555004712591172,-21.069825990649193,-0.05465802268267101,-0.01045651659369469,3.536037123186095,1.5711717483445324,1.5705053110555292,-0.016643709320668557
31.67999999999798,walk,walk,-0.0,-0.0,0.0,0.9814407535500097,0.05112517925477446,-0.037334177285988535,-0.0044889451741556095,-4.164369758382433e-05,5.843776302871315e-07,-0.00010289522662626151,2.4871932051940306e-08,-2.992571345427128e-06,3.1684387356178034e-06,0.06411346148961422,0.18185972015221416,0.6699308746798239,0.5530741747865677,-21.03451885557844,0.6725576676700461,0.5555046733865738,-21.06987692692516,-0.05465650776297373,-0.010454754531383517,3.536056859515968,1.5711712391575168,1.5705048155919195,-0.0166433872131036
31.699999999997978,walk,walk,-0.0,-0.0,0.0,0.9814387017837048,0.05112518932157828,-0.037337529765109366,-0.00448530898280901,-4.161483017344205e-05,5.830508959024097e-07,-0.00010291387031432726,8.87540143447093e-09,-2.9295135843234076e-06,3.1760969516517394e-06,0.06411562459616421,0.1818819065969317,0.6699350253566694,0.5530776467571259,-21.0346409171182,0.6725621511013544,0.5555088308105469,-21.069935424766573,-0.054654992911092146,-0.010453089326620105,3.53606889656748,1.5711707302111455,1.570504310815084,-0.016643289585362927
31.719999999997974,walk,walk,-0.0,-0.0,0.0,0.9814366493594491,0.05112519741119895,-0.037340816113252254,-0.0044816687355096595,-4.158488215551028e-05,5.826102873575705e-07,-0.00010294157765943834,9.466111642321999e-09,-2.8728796233433494e-06,3.1790462962326403e-06,0.06411777828459875,0.18190403142947575,0.6699391752427326,0.5530811485300065,-21.034757520341138,0.672566633956005,0.5555130776414872,-21.069977878841314,-0.05465347864112038,-0.010451446473598483,3.5360792170164053,1.5711702212088394,1.5705038004503131,-0.016643320806894683
31.73999999999797,walk,walk,-0.0,-0.0,0.0,0.981434596332811,0.051125217461132896,-0.0373440403842098,-0.004478021235925457,-4.1550246739883706e-05,5.815878385581259e-07,-0.00010296447973433792,2.1218954865784217e-08,-2.8186841477344004e-06,3.1858299610090368e-06,0.06411996332390163,0.18192625789729255,0.6699433231467623,0.5530845608959198,-21.03488975764513,0.6725711161493841,0.5555173393735886,-21.07001750948291,-0.05465196388647246,-0.010449665784835818,3.5361004579346536,1.5711697116558634,1.5705032770470262,-0.01664364657473522
31.759999999997966,walk,walk,-0.0,-0.0,0.0,0.9814325425607775,0.0511252316300777,-0.0373472024828636,-0.004474365496351846,-4.151400197455099e-05,5.80228779727733e-07,-0.0001029971926565386,1.3344920000208257e-08,-2.764763618529189e-06,3.1929288893683992e-06,0.06412213233123912,0.181948481000194,0.6699474714003935,0.553088107372284,-21.03499812179502,0.6725755980222511,0.5555215713033677,-21.070062476512394,-0.05465044897106916,-0.01044798940420151,3.536113370456059,1.5711692020692158,1.5705027722701907,-0.016643527836877156
31.779999999997962,walk,walk,-0.0,-0.0,0.0,0.9814304881646062,0.05112522897996877,-0.03735029538533882,-0.004470704065986783,-4.1477262886964065e-05,5.794659965268668e-07,-0.00010301959078982822,-2.1659721076863144e-09,-2.7029837875527974e-06,3.1975703243984947e-06,0.0641242991204198,0.18197061232607198,0.669951619352462,0.5530916240463257,-21.035111723052452,0.6725800777021792,0.555525669122696,-21.070131031383003,-0.05464893391820449,-0.010446268320083621,3.5361298441399933,1.5711686928907052,1.570502274943936,-0.016643246578868603
31.799999999997958,walk,walk,-0.0,-0.0,0.0,0.9814284332665452,0.051125215518699405,-0.03735331797517624,-0.004467033245000742,-4.143684094647339e-05,5.784123275900921e-07,-0.00010303719564562238,-1.0540213568068204e-08,-2.6417930470358377e-06,3.206177156985352e-06,0.06412646746402617,0.18199268241708608,0.6699557650912413,0.5530950364122391,-21.035243552713265,0.6725845551175123,0.5555298563489914,-21.070183099770023,-0.05464741939537425,-0.010444640368223193,3.5361389522996323,1.5711681839126843,1.5705017701671005,-0.016643147196277047
31.819999999997954,walk,walk,-0.0,-0.0,0.0,0.981426377936111,0.05112520761292737,-0.03735626310287406,-0.0044633600576441034,-4.139773253944188e-05,5.782013784440925e-07,-0.0001030504310425164,-3.729541205355534e-09,-2.573211301387574e-06,3.2073080795101764e-06,0.06412866126746797,0.1820149873421937,0.6699599078401974,0.5530984636793137,-21.03537211173611,0.6725890302889379,0.5555340137729645,-21.07024012680284,-0.05464590498005064,-0.0104429267346859,3.536154891698103,1.5711676753227706,1.5705012728408456,-0.016642879771560294
31.83999999999795,walk,walk,-0.0,-0.0,0.0,0.9814243219520823,0.05112520857146617,-0.03735914261878154,-0.004459678407375289,-4.1359227429158915e-05,5.767176820813328e-07,-0.0001030789925131752,4.01170239980446e-09,-2.5181259714348057e-06,3.2154856816247906e-06,0.06413083163840963,0.182037184830697,0.6699640493900182,0.5531019058475495,-21.03549792014381,0.6725935055386811,0.5555383649120331,-21.07026248855882,-0.05464439085746285,-0.01044125780463219,3.53616729459539,1.5711671662960807,1.5705007494375587,-0.01664322061447125
31.859999999997946,walk,walk,-0.0,-0.0,0.0,0.9814222652553048,0.05112519133738811,-0.03736195779793547,-0.004455989744760645,-4.131860869543457e-05,5.75513209588825e-07,-0.00010310780928403028,-1.5637439470052488e-08,-2.461389063857108e-06,3.2212380471526906e-06,0.06413301283254243,0.18205948257203608,0.66996819161156,0.553105482126236,-21.035599851139136,0.6725979792524938,0.5555424627313614,-21.070330015355285,-0.05464287704545266,-0.010439592599868777,3.53617942287091,1.5711666575348733,1.570500253973949,-0.016642901036143888
31.879999999997942,walk,walk,-0.0,-0.0,0.0,0.981420207879274,0.05112516934849653,-0.037364711013265405,-0.0044522937156817035,-4.1277489301068987e-05,5.74525388147722e-07,-0.00010313542599074503,-1.6922193745452206e-08,-2.407772275947521e-06,3.2277885929775357e-06,0.06413517911652095,0.1820815700625069,0.6699723332103107,0.5531089540967942,-21.035720326787334,0.6726024522800225,0.5555467244634629,-21.070368007474315,-0.05464136259536398,-0.010437808185815814,3.536200978743386,1.5711661484720445,1.5704997342959524,-0.016643152936697273
31.899999999997938,walk,walk,-0.0,-0.0,0.0,0.9814181499691952,0.05112514640799223,-0.03736739557715649,-0.00444859133160991,-4.123898083584156e-05,5.737906581887272e-07,-0.00010315386325022115,-1.8016395549997287e-08,-2.346708617493727e-06,3.2330429023037615e-06,0.06413736299227699,0.18210367101298625,0.6699764728184785,0.5531124111661911,-21.03584302865351,0.6726069235830754,0.5555509116897583,-21.070419004232114,-0.054639848539293254,-0.010436187684535983,3.536209524325407,1.5711656397768408,1.5704992406949878,-0.01664279158953178
31.919999999997934,walk,walk,-0.0,-0.0,0.0,0.9814160916894301,0.05112513184284226,-0.037369998557029695,-0.004444881509248814,-4.120914581912703e-05,5.730384915854833e-07,-0.00010316293708330296,-9.329172299399636e-09,-2.274037390307643e-06,3.2396631355901243e-06,0.0641395534378024,0.18212577034448718,0.6699806088748601,0.5531158235321045,-21.035973019126022,0.6726113921349524,0.5555550691137314,-21.070474798811407,-0.05463833514859086,-0.010434529930353167,3.5362211094260028,1.571165130863486,1.5704987228796363,-0.016643003413903457
31.93999999999793,walk,walk,-0.0,-0.0,0.0,0.9814140327003493,0.0511251033151164,-0.03737253576776921,-0.0044411668100501735,-4.118335845246239e-05,5.720228589975531e-07,-0.00010319561251208346,-2.4906235289940516e-08,-2.219676510543899e-06,3.243541956190071e-06,0.06414172708241976,0.18214791132545124,0.6699847452453249,0.5531193998107911,-21.036073885774165,0.6726158601568416,0.5555593159446717,-21.07051458657163,-0.05463682197689085,-0.01043285354971886,3.536234175763384,1.5711646213727994,1.5704982013389945,-0.01664328444548249
31.959999999997926,walk,walk,-0.0,-0.0,0.0,0.9814119732314548,0.05112508097068857,-0.037375008061506024,-0.004437444787848921,-4.1155791459033316e-05,5.711747811562936e-07,-0.00010320959593869894,-1.5894454196339715e-08,-2.1616156879217786e-06,3.2502062886139716e-06,0.06414392997333966,0.18217016789029272,0.6699888788249195,0.5531227823743821,-21.036208830633484,0.6726203260735083,0.555563488269806,-21.070567261845586,-0.054635308876381454,-0.010431143641471866,3.5362499236701432,1.5711641121383064,1.5704977040127397,-0.01664299902821654
31.979999999997922,walk,walk,-0.0,-0.0,0.0,0.9814099132408619,0.05112503841335214,-0.03737741103682194,-0.0044337147599640995,-4.112892287285365e-05,5.696658839295258e-07,-0.00010323032323605079,-3.803820628952974e-08,-2.1013620572291883e-06,3.2571549186502207e-06,0.06414613094910941,0.18219243527672896,0.6699930114943967,0.5531262990484238,-21.036319663150756,0.6726247893862991,0.5555676605949402,-21.07061944355348,-0.05463379532217933,-0.010429407656192782,3.536267690481428,1.5711636032820877,1.5704972048238397,-0.016642769953079502
31.999999999997918,walk,walk,-0.0,-0.0,0.0,0.9814078526319044,0.05112499568502749,-0.03737974855400191,-0.004429979377680292,-4.110071639955711e-05,5.693747201378766e-07,-0.00010325501923609994,-3.4309752021604443e-08,-2.044613766028091e-06,3.261562023087356e-06,0.06414831835614254,0.18221455181039412,0.6699971431292039,0.5531297561178208,-21.036440999929507,0.6726292515911998,0.5555718776235581,-21.070663500139165,-0.05463228176605429,-0.010427727550268176,3.536281017628344,1.571163094418248,1.5704966944590688,-0.016642805543947113
32.01999999999793,walk,walk,-0.0,-0.0,0.0,0.9814057913710739,0.051124955978704756,-0.03738202495506091,-0.004426233926776521,-4.107092319774606e-05,5.682389373293095e-07,-0.00010328172896108781,-3.225490796200112e-08,-1.9917550417998e-06,3.270815711270013e-06,0.06415050487757738,0.18223660735791264,0.6700012737512384,0.5531332429895401,-21.03655679979714,0.6726337132032856,0.555576094652176,-21.070707481625888,-0.05463076811745227,-0.010426017642021182,3.536296711905506,1.571162585755948,1.5704961934075237,-0.01664262336750912
32.03999999999794,walk,walk,-0.0,-0.0,0.0,0.981403729782265,0.05112491075508984,-0.037384225470714474,-0.004422484527068856,-4.1042226507839826e-05,5.678048812955092e-07,-0.00010328719876852298,-3.804812019709759e-08,-1.9229848421087035e-06,3.273401906051297e-06,0.06415271105390692,0.1822588383921132,0.6700054009660056,0.5531366404542923,-21.036687885133713,0.6726381709445532,0.5555801626691819,-21.070777320743073,-0.054629254274545964,-0.010424296557903293,3.5363132803005994,1.5711620767415908,1.570495673729527,-0.016642875393809375
32.05999999999795,walk,walk,-0.0,-0.0,0.0,0.981401667479576,0.05112485974351901,-0.03738636342775539,-0.004418728389964811,-4.10106765523757e-05,5.668602205419428e-07,-0.0001033215932866612,-4.2906190966319997e-08,-1.8716548617650265e-06,3.279626393483171e-06,0.06415488112575937,0.1822810064198699,0.6700095282145013,0.5531402018318177,-21.03678976838877,0.6726426285740795,0.5555844095001221,-21.07081528435641,-0.054627740834427986,-0.010422668606042865,3.5363224673062112,1.5711615682091375,1.5704951838538528,-0.016642429455128217
32.07999999999796,walk,walk,-0.0,-0.0,0.0,0.9813996044230826,0.05112479959877433,-0.03738844352510853,-0.004414966661856031,-4.097417254274203e-05,5.655974445173204e-07,-0.0001033520762530267,-5.129323150608624e-08,-1.8204880567969636e-06,3.2843418654842006e-06,0.06415707222091048,0.18230314209750498,0.6700136551704936,0.5531436290988923,-21.036915678055617,0.6726470863904209,0.5555886712322236,-21.0708505878819,-0.054626227984887546,-0.01042101085186005,3.5363340919340454,1.5711610594771104,1.5704946660385013,-0.016642645920636377
32.09999999999797,walk,walk,-0.0,-0.0,0.0,0.9813975408331097,0.051124731619203945,-0.03739045430384637,-0.0044111989709864205,-4.093969761756297e-05,5.647230035760122e-07,-0.0001033700975147944,-5.7903059439919506e-08,-1.7584885787271814e-06,3.2895455527084047e-06,0.0641592548777689,0.18232523139455148,0.670017780515605,0.5531470861682892,-21.037035843595266,0.6726515419102547,0.5555927988538742,-21.070909423581142,-0.05462471551043946,-0.010419341921806338,3.536346627962269,1.57116055086697,1.5704941649869562,-0.016642463348827866
32.11999999999798,walk,walk,-0.0,-0.0,0.0,0.9813954767301893,0.0511246633895559,-0.03739239655786369,-0.004407424421920648,-4.090650832607618e-05,5.6413504378747e-07,-0.00010338932437311125,-5.7171447289871684e-08,-1.699313159125102e-06,3.29556686439978e-06,0.06416145357844766,0.1823474960176253,0.6700219044945777,0.5531506177434922,-21.037142379039498,0.6726559949228493,0.5555969115743637,-21.07097048829432,-0.054623203447902044,-0.01041766554117203,3.5363597963873232,1.5711600421040839,1.570493650896895,-0.01664258958955143
32.13999999999799,walk,walk,-0.0,-0.0,0.0,0.9813934119147363,0.05112459571694414,-0.03739427980121413,-0.004403640649351614,-4.0868913676709956e-05,5.626754018764662e-07,-0.00010342084790454384,-5.676262204391615e-08,-1.6491084759012521e-06,3.303814618506909e-06,0.06416364870413718,0.1823696384741851,0.6700260277379663,0.5531540450105668,-21.03726759858965,0.6726604481901722,0.5556012180099488,-21.070996954840133,-0.05462169114050296,-0.010415937006473544,3.5363770772834564,1.5711595338186088,1.5704931591585756,-0.016642195187154166
32.159999999998,walk,walk,-0.0,-0.0,0.0,0.9813913467924527,0.05112452543029007,-0.0373960809694826,-0.004399850775518403,-4.083735012051475e-05,5.616821090769472e-07,-0.00010342316572666643,-5.945318262686637e-08,-1.5734147698406403e-06,3.308682028209627e-06,0.06416586256697165,0.1823917639951501,0.6700301469689853,0.5531573530683518,-21.037413288430226,0.6726648977767362,0.5556053158292771,-21.071059969565248,-0.05462017850780821,-0.010414208471775058,3.536394332016085,1.571159026016178,1.5704926618323207,-0.01664194889120185
32.17999999999801,walk,walk,-0.0,-0.0,0.0,0.9813892810924937,0.051124463117913375,-0.037397813287169054,-0.004396054446864987,-4.080792550228359e-05,5.611294397470193e-07,-0.00010344961443184966,-5.0948425371929157e-08,-1.5169405679735682e-06,3.3144032223245293e-06,0.06416805276581178,0.18241393175629184,0.6700342649869244,0.5531608548412323,-21.03752414525049,0.6726693463717529,0.5556095775613785,-21.07109355458775,-0.05461866581284895,-0.010412535816431048,3.53640712714476,1.5711585183518015,1.5704921570554853,-0.016641880124197782
32.19999999999802,walk,walk,-0.0,-0.0,0.0,0.9813872148160332,0.05112438790405866,-0.037399477103672356,-0.0043922519118370544,-4.0777699283085226e-05,5.601169778611189e-07,-0.00010346989914696642,-6.548173650799402e-08,-1.455832999966759e-06,3.3196288324196014e-06,0.06417025131622275,0.18243609617976136,0.6700383821531631,0.5531643417129517,-21.037637530471816,0.6726737928804519,0.5556136753807068,-21.07115614563325,-0.054617153505931555,-0.010410878062248233,3.536418786249962,1.5711580109440348,1.5704916578665853,-0.016641684085841074
32.21999999999803,walk,walk,-0.0,-0.0,0.0,0.9813851477294948,0.051124308423748606,-0.03740108238330623,-0.004388445135177878,-4.0745502067522346e-05,5.594901241203319e-07,-0.00010350743595208813,-6.715103747392135e-08,-1.4068915000400313e-06,3.323120763326379e-06,0.0641724545628576,0.18245830193470075,0.6700424999463269,0.5531678583869934,-21.037745788231057,0.6726782400813859,0.5556179520139695,-21.071186921527957,-0.054615641336654815,-0.010409183055162433,3.5364334187373205,1.571157502956659,1.5704911326006532,-0.01664209270799429
32.23999999999804,walk,walk,-0.0,-0.0,0.0,0.9813830799282919,0.0511242230117863,-0.03740262550140909,-0.0043846275883452695,-4.070861048478649e-05,5.578823401614167e-07,-0.00010353493450280186,-7.307114612058076e-08,-1.3511522036894819e-06,3.333258486418324e-06,0.06417465730150333,0.1824804306166668,0.670046617290521,0.553171285654068,-21.03786995753066,0.6726826867784144,0.5556221243391037,-21.071236256823855,-0.05461412933577189,-0.010407502949237826,3.536446877233463,1.5711569947359505,1.5704906240985275,-0.016642094171614344
32.25999999999805,walk,walk,-0.0,-0.0,0.0,0.9813810115725354,0.051124151787183325,-0.03740409884568591,-0.004380805868349401,-4.066892053155055e-05,5.575898074312613e-07,-0.0001035548120400554,-5.775604406582265e-08,-1.2895940752865547e-06,3.335948631089541e-06,0.06417688653221566,0.18250274961151255,0.6700507324633124,0.5531746980199814,-21.037996291377155,0.67268713221,0.5556262668619156,-21.071290685379847,-0.0546126170807139,-0.010405770689249041,3.536464460845117,1.571156487080674,1.5704901342228532,-0.016641671673103414
32.27999999999806,walk,walk,-0.0,-0.0,0.0,0.9813789425628658,0.05112408132618853,-0.03740549902780135,-0.0043769773291504116,-4.062887466444533e-05,5.5670871743075e-07,-0.00010358132008868202,-5.97194598054198e-08,-1.2257205452874856e-06,3.342303187940779e-06,0.06417909801954921,0.1825249169197004,0.6700548471493838,0.5531781699905396,-21.038111957437486,0.6726915767391428,0.5556304242858887,-21.07134229756757,-0.05461110486300111,-0.01040410175919533,3.5364770025070005,1.5711559789193916,1.5704896089569211,-0.016642077051588558
32.29999999999807,walk,walk,-0.0,-0.0,0.0,0.9813768729749907,0.051124000636889315,-0.03740683061606657,-0.004373142904568227,-4.0588607658511066e-05,5.556462815337734e-07,-0.00010360232620902078,-6.939751117109336e-08,-1.1662261168584224e-06,3.3472801847493195e-06,0.06418131213123626,0.18254705236907853,0.6700589605806452,0.553181582356453,-21.038238046470475,0.6726960197463259,0.5556346264133454,-21.071385537465144,-0.05460959303547066,-0.010402440279722217,3.5364889974374183,1.5711554710442737,1.5704891153559566,-0.016641734318147035
32.31999999999808,walk,walk,-0.0,-0.0,0.0,0.9813748030723475,0.051123909721000636,-0.03740807852057279,-0.004369298584668343,-4.055405969185023e-05,5.542114088922555e-07,-0.00010360735690243035,-7.812769015609802e-08,-1.09086423705826e-06,3.3562297745571626e-06,0.06418352344285608,0.18256914102571847,0.6700630705057327,0.5531849351177216,-21.038374062112624,0.6727004589236811,0.5556387093315125,-21.071449365080056,-0.05460808120386345,-0.010400715470314029,3.5365060327140583,1.5711549634318505,1.5704886124417663,-0.01664162459962568
32.33999999999809,walk,walk,-0.0,-0.0,0.0,0.9813727325265232,0.05112382423453294,-0.03740926594977423,-0.004365451428878397,-4.051655192896869e-05,5.540059256824993e-07,-0.00010363771971085467,-7.131690868596672e-08,-1.042379291083531e-06,3.3577980368234193e-06,0.06418572943995769,0.18259137571585254,0.6700671797140237,0.5531884666929245,-21.03847800132893,0.6727048975719426,0.5556429561624527,-21.071483875143148,-0.054606569439113004,-0.010399050265550616,3.536518313114846,1.5711544558959953,1.5704881076649309,-0.016641557757775323
32.3599999999981,walk,walk,-0.0,-0.0,0.0,0.9813706613001518,0.05112374077334572,-0.03741038618660993,-0.004361594921668517,-4.048079676530848e-05,5.528778542902516e-07,-0.00010366363166167265,-7.05704603907611e-08,-9.814639905899352e-07,3.3668219118178515e-06,0.06418795571432649,0.1826136511572636,0.6700712885820183,0.5531919237623215,-21.03859529679457,0.6727093354015872,0.5556471135864258,-21.071534276787958,-0.05460505782605502,-0.010397366434335711,3.5365320987151545,1.5711539480999985,1.5704875935748697,-0.016641704983445832
32.37999999999811,walk,walk,-0.0,-0.0,0.0,0.9813685895339676,0.05112365146443778,-0.037411433725370945,-0.004357730905962653,-4.0451063728763006e-05,5.518730088058393e-07,-0.00010368246380141546,-7.645526251866325e-08,-9.178184562431972e-07,3.3728864126192224e-06,0.0641901542097447,0.18263577493188818,0.6700753958879601,0.5531953808317185,-21.038712217023534,0.6727137714154189,0.5556512710103989,-21.071584284690925,-0.05460354699884887,-0.010395757108926776,3.5365400258673305,1.5711534409254573,1.5704871074244857,-0.01664120439114952
32.39999999999812,walk,walk,-0.0,-0.0,0.0,0.9813665171243133,0.051123554362803005,-0.03741241952613834,-0.004353861653569925,-4.04186976146941e-05,5.509706077425683e-07,-0.00010370989556875844,-8.329804978414192e-08,-8.6559394596675e-07,3.3773189107408125e-06,0.0641923749609497,0.18265798549998602,0.6700795024626569,0.5531988528022767,-21.038826396506252,0.6727182064052545,0.5556554731378556,-21.071626128000403,-0.05460203665970192,-0.010394084453582766,3.5365530349488337,1.571152934097547,1.5704866063729406,-0.016641069654872703
32.41999999999813,walk,walk,-0.0,-0.0,0.0,0.9813644442663807,0.05112344605872947,-0.03741333318765338,-0.004349985761787939,-4.03886013192669e-05,5.500973323825177e-07,-0.00010372256279101424,-9.353870454439396e-08,-8.004664078207225e-07,3.3831064539986106e-06,0.06419460056396037,0.1826800896518851,0.6700836068283287,0.5532022949705124,-21.038945416414947,0.6727226384239812,0.5556595262537003,-21.071694093082172,-0.05460052627768373,-0.010392359644174579,3.5365701843413713,1.5711524271798927,1.5704860960081697,-0.016641151344416592
32.43999999999814,walk,walk,-0.0,-0.0,0.0,0.9813623709155239,0.05112334472577384,-0.03741417991867473,-0.00434610208365592,-4.0357235014197664e-05,5.49113501870566e-07,-0.0001037419124332647,-8.481487361040672e-08,-7.435641665177772e-07,3.3900728373015094e-06,0.06419683480689624,0.18270235419442427,0.6700877086008811,0.5532056626329422,-21.03907735969719,0.6727270691131375,0.5556637730846405,-21.071727104031122,-0.0545990151322065,-0.01039059013128281,3.5365908082105233,1.57115191994223,1.5704855819181085,-0.016641311197968307
32.45999999999815,walk,walk,-0.0,-0.0,0.0,0.9813602969942361,0.05112325499660536,-0.037414959304452544,-0.004342215374508281,-4.0324217422981456e-05,5.487894592509631e-07,-0.0001037638598163225,-7.476617939385768e-08,-6.843423151575962e-07,3.3920481079780554e-06,0.06419903962827217,0.18272442361294955,0.6700918085362331,0.5532090899000168,-21.039198305271444,0.672731498824969,0.5556679454097748,-21.071773357904917,-0.054597503713733134,-0.010388906300067904,3.5366045902411223,1.5711514128358537,1.5704850827292085,-0.016641119817105646
32.479999999998164,walk,walk,-0.0,-0.0,0.0,0.981358222491981,0.051123161806858414,-0.037415667988125186,-0.004338319648809865,-4.0292204979288446e-05,5.472543134214305e-07,-0.00010378576772471939,-7.980948157785222e-08,-6.223007129270895e-07,3.4006901564142336e-06,0.06420124953105066,0.18274655025248407,0.6700959071812339,0.5532124724636078,-21.039327105752115,0.6727359270930839,0.5556721475372315,-21.07181395198454,-0.05459599190151348,-0.010387177765369418,3.5366219043294476,1.571150904913924,1.570484551875341,-0.016641661092535374
32.499999999998174,walk,walk,-0.0,-0.0,0.0,0.9813561473860056,0.05112304967095453,-0.037416308188638385,-0.00433441775695142,-4.0260219423160865e-05,5.464372953583152e-07,-0.00010380934813792204,-9.796112970861353e-08,-5.629636936543794e-07,3.4054941859989888e-06,0.06420348074211162,0.18276871844628526,0.6701000056311209,0.5532160040388108,-21.03942913708016,0.6727403533789189,0.5556762453565598,-21.07187292222673,-0.05459448053939737,-0.01038554981350899,3.536631261939243,1.571150397332958,1.5704840619996667,-0.01664123582309307
32.519999999998184,walk,walk,-0.0,-0.0,0.0,0.9813540717164955,0.051122942478170695,-0.03741688261864236,-0.004330508831453694,-4.022801084722782e-05,5.453472365721578e-07,-0.00010383050620729142,-8.989020393896462e-08,-5.05688921635211e-07,3.4118459947686048e-06,0.06420569364272417,0.18279085434510906,0.6701041018830084,0.5532193568000794,-21.039562782738894,0.6727447787560222,0.5556804772863388,-21.071907684628833,-0.054592969798958335,-0.010383899509906772,3.5366424607261964,1.5711498902011451,1.5704835646734119,-0.016641005047970062
32.539999999998194,walk,walk,-0.0,-0.0,0.0,0.9813519954578077,0.05112285211202513,-0.037417398201026984,-0.004326595872809325,-4.019522446640329e-05,5.451226949724165e-07,-0.00010385457335198145,-7.465847249545556e-08,-4.5531341749636806e-07,3.4148670695035763e-06,0.06420790443122734,0.18281295876528464,0.6701081966473627,0.5532228585729599,-21.039669418493194,0.6727492031529435,0.5556846496114731,-21.071952980605438,-0.05459145970355359,-0.010382252931594851,3.536653415135365,1.5711493836494757,1.5704830729350925,-0.016640655017299718
32.559999999998205,walk,walk,-0.0,-0.0,0.0,0.9813499184184284,0.05112274924880224,-0.037417851911707795,-0.004322676306578183,-4.01606980784116e-05,5.437891363733517e-07,-0.00010388888693012654,-8.964470557182083e-08,-4.0087890405672847e-07,3.4209198069153794e-06,0.06421011660466708,0.18283506052966886,0.6701122922656603,0.5532263752470017,-21.03977370602834,0.6727536272162737,0.5556888070354462,-21.07200095261877,-0.054589949427579346,-0.010380524396896365,3.5366708608021336,1.5711488764172001,1.57048254394387,-0.016641170535489153
32.579999999998215,walk,walk,-0.0,-0.0,0.0,0.9813478409947459,0.05112263615207959,-0.0374182259350446,-0.004318748249542134,-4.0131766722521125e-05,5.426939475770173e-07,-0.0001038956273450005,-9.718673883005249e-08,-3.28410663369006e-07,3.4284617920724406e-06,0.06421235784474316,0.18285713021541306,0.6701163848024467,0.5532296833047867,-21.039914653801628,0.6727580479784404,0.5556929048547745,-21.072058817153955,-0.0545884387994424,-0.010378788411617282,3.5366888702061883,1.5711483692825543,1.5704820466176153,-0.016640933078543314
32.599999999998225,walk,walk,-0.0,-0.0,0.0,0.9813457631004066,0.05112251682811883,-0.03741852694828638,-0.004314813861194435,-4.010597705500325e-05,5.420850088912465e-07,-0.00010391439816041528,-1.0244635668972548e-07,-2.668987248568957e-07,3.433682405714736e-06,0.06421460482345351,0.18287938953264388,0.6701204756309705,0.5532331552753449,-21.040025937284952,0.6727624664761928,0.5556970622787476,-21.07210565231593,-0.05458692864199883,-0.010377175360918048,3.5366971330208825,1.5711478617310162,1.5704815269396186,-0.016641218999487204
32.619999999998235,walk,walk,-0.0,-0.0,0.0,0.981343684693441,0.05112238932596517,-0.03741876353420566,-0.004310873871089006,-4.007649260250979e-05,5.412393344409936e-07,-0.00010393314542564968,-1.0990412082097383e-07,-2.1097204323564355e-07,3.4384061172453736e-06,0.064216826255677,0.1829015263821237,0.670124564800867,0.5532365825424195,-21.04014494949706,0.6727668828566232,0.5557011899003983,-21.07215746563597,-0.05458541835749034,-0.010375446826219561,3.5367145805979487,1.5711473542146512,1.5704810258880735,-0.01664106127140087
32.639999999998246,walk,walk,-0.0,-0.0,0.0,0.9813416053925826,0.0511222704466647,-0.03741894703472309,-0.004306926112715012,-4.003941843361313e-05,5.404976359288298e-07,-0.00010397633018528509,-1.0001142247034423e-07,-1.6664496765477392e-07,3.445515688061257e-06,0.06421904484138882,0.1829236607130019,0.6701286549933335,0.5532400992164612,-21.040248274818552,0.6727713008931835,0.5557054367313385,-21.07218843018367,-0.05458390809730468,-0.010373766720294955,3.536728171742204,1.5711468475691641,1.5704805434629798,-0.016640488034047485
32.659999999998256,walk,walk,-0.0,-0.0,0.0,0.9813395256528743,0.051122142498095755,-0.03741905056966826,-0.004302971405734906,-4.0004958095763606e-05,5.394188730272729e-07,-0.00010398422558868352,-1.1092359613140755e-07,-9.182948720861029e-08,3.4513287874009763e-06,0.06422130771006737,0.18294582213318183,0.670132742634878,0.5532434221754075,-21.04038570100292,0.6727757159017164,0.5557094600448609,-21.072258672796732,-0.05458239821459844,-0.010372101515531543,3.536740620134015,1.5711463410406652,1.570480034960854,-0.01664053750613998
32.679999999998266,walk,walk,-0.0,-0.0,0.0,0.9813374454325005,0.05112200329996595,-0.03741908302273254,-0.0042990090412136205,-3.9974531820134894e-05,5.385038812116397e-07,-0.00010400388026438337,-1.2025837895475297e-07,-3.287776196432985e-08,3.45807499293596e-06,0.06422353535281987,0.18296792134586537,0.6701368287228618,0.5532469090471268,-21.04049345874131,0.6727801286773907,0.555713617468834,-21.072304483946198,-0.05458088855602538,-0.010370432585477832,3.536753372976496,1.5711458344332652,1.5704795283213735,-0.016640535704276684
32.699999999998276,walk,walk,-0.0,-0.0,0.0,0.9813353644715967,0.05112186263603173,-0.037419056117489496,-0.004295038642418695,-3.9939710846067e-05,5.375015423518263e-07,-0.00010403652259111663,-1.2029617950430928e-07,1.8108096143090556e-08,3.464998870377615e-06,0.06422575820334717,0.1829900331566537,0.6701409147504541,0.553250381017685,-21.040603986781345,0.6727845416210997,0.5557178195962906,-21.072342452976596,-0.05457937902734855,-0.01036874130368233,3.5367679197329958,1.5711453274583576,1.5704790123686672,-0.01664074641424351
32.71999999999829,walk,walk,-0.0,-0.0,0.0,0.9813332829140272,0.051121723613279324,-0.03741896323794836,-0.004291064500759418,-3.990257507504286e-05,5.371036360837262e-07,-0.00010405770136892818,-1.1880248132175235e-07,7.712810209820796e-08,3.467796944618602e-06,0.064228012362441,0.18301223127378136,0.6701449993575264,0.5532537784824372,-21.04072755599209,0.6727889532005723,0.5557219323167801,-21.07239613254921,-0.05457786891747165,-0.010366986691951754,3.5367874438841547,1.5711448211666055,1.5704785299435735,-0.016640177693152125
32.7399999999983,walk,walk,-0.0,-0.0,0.0,0.981331200852345,0.05112158752558989,-0.037418796492621545,-0.004287080678513778,-3.986602551037132e-05,5.35894425723444e-07,-0.00010407528079296224,-1.1603145101262403e-07,1.4217651136079394e-07,3.476918940275832e-06,0.06423025124684521,0.1830343964306323,0.6701490817431698,0.553257146144867,-21.040856036967924,0.6727933630105238,0.555726074839592,-21.072444113606544,-0.05457635882621399,-0.010365317761898044,3.5368001566979976,1.57114431535025,1.5704780326173187,-0.01663997948542219
32.75999999999831,walk,walk,-0.0,-0.0,0.0,0.9813291181947622,0.051121449202690274,-0.03741855538005652,-0.004283090991376718,-3.982970361902643e-05,5.349727012414889e-07,-0.00010409852918128346,-1.1876484348062672e-07,2.0684296183087708e-07,3.481427475407364e-06,0.0642324873984436,0.18305664705894548,0.6701531630753937,0.5532605734119416,-21.04097369707624,0.6727977716563073,0.5557302173624039,-21.07249193155704,-0.054574849125738074,-0.010363671183586123,3.536811129617408,1.5711438099674775,1.5704775390163541,-0.01663969991322982
32.77999999999832,walk,walk,-0.0,-0.0,0.0,0.981327034812044,0.051121301999861625,-0.037418251425020595,-0.0042790964960152285,-3.979106078411151e-05,5.33995599065775e-07,-0.00010412951444327238,-1.2719050206010716e-07,2.601764737154087e-07,3.4854772965486577e-06,0.06423470150740826,0.18307874639169874,0.6701572445325947,0.5532640602836609,-21.0410807365026,0.6728021799152331,0.555734374786377,-21.072537055460074,-0.0545733402066181,-0.010362046957015994,3.536820399071676,1.5711433042293266,1.5704770212010026,-0.016639986317688243
32.79999999999833,walk,walk,-0.0,-0.0,0.0,0.9813249508700295,0.051121133563315005,-0.03741787901606948,-0.00427509619678094,-3.975049484954957e-05,5.330473605634925e-07,-0.00010414861391161208,-1.4725454870015043e-07,3.2137914688333165e-07,3.4906732754484294e-06,0.06423694555278081,0.18310084352635392,0.6701613251997638,0.5532675024518967,-21.041195602090202,0.6728065855536813,0.5557384130010605,-21.07260297782065,-0.054571831414875226,-0.010360333323478702,3.536836788947634,1.5711427988132507,1.5704765294626832,-0.01663965893019886
32.81999999999834,walk,walk,-0.0,-0.0,0.0,0.9813228663215496,0.051120960852016915,-0.037417441363663304,-0.004271087624608159,-3.970964755776442e-05,5.322101269135264e-07,-0.00010417363242364844,-1.4825831474855785e-07,3.7725219298065274e-07,3.4980727317049553e-06,0.06423920101935679,0.18312305669174814,0.6701654049207707,0.5532709595212937,-21.04130760878266,0.6728109901181165,0.5557425704250336,-21.072647396957347,-0.0545703225206157,-0.010358634591102603,3.536851970284709,1.5711422931683676,1.570476015372622,-0.01663985919496475
32.83999999999835,walk,walk,-0.0,-0.0,0.0,0.9813207811123562,0.051120794306832314,-0.037416944542220255,-0.00426707585853593,-3.966493596889504e-05,5.319421169352146e-07,-0.00010420088869815411,-1.4216159582900865e-07,4.2841704479822875e-07,3.5001811973734063e-06,0.06424146911117447,0.1831453114576735,0.6701694837100625,0.5532744314918518,-21.041416764159848,0.6728153943969376,0.5557467278490067,-21.072691810682343,-0.054568813633589,-0.010356954485177997,3.5368656689607696,1.5711417876614913,1.5704755180463672,-0.016639661638602057
32.85999999999836,walk,walk,-0.0,-0.0,0.0,0.9813186953567099,0.05112061225649885,-0.037416366017093416,-0.004263056653273552,-3.962763381760637e-05,5.310705351430884e-07,-0.00010421849657806064,-1.58860161553159e-07,5.029098993317119e-07,3.507241530312735e-06,0.06424373358267134,0.18316747357990834,0.6701735617016354,0.5532778885612488,-21.041528475471253,0.672819796238103,0.5557507362613678,-21.072762429967963,-0.054567304704205476,-0.010355244576931003,3.536881744230724,1.5711412816427561,1.5704749965057254,-0.016640028995611532
32.87999999999837,walk,walk,-0.0,-0.0,0.0,0.981316609053794,0.05112043538967923,-0.037415720061923466,-0.004259029758843778,-3.9591066327655466e-05,5.301620094185883e-07,-0.00010423993762806619,-1.5060932498654905e-07,5.590082577867378e-07,3.51379642009046e-06,0.0642459606186617,0.18318944156980838,0.670177637135749,0.553281211520195,-21.041663713452607,0.6728241974597649,0.5557550128946305,-21.07278482843442,-0.0545657954540727,-0.010353534668684009,3.5368977780254203,1.571140776460097,1.5704745215312124,-0.016639308672575685
32.89999999999838,walk,walk,-0.0,-0.0,0.0,0.9813145223248741,0.05112025590291083,-0.03741499556707939,-0.004254997865174872,-3.955837391624261e-05,5.292426468418407e-07,-0.00010425173750615549,-1.5495016262649908e-07,6.298979222456517e-07,3.5178378183278384e-06,0.06424820917664371,0.1832116153708196,0.6701817098023224,0.5532845642814637,-21.041793090589874,0.6728285960535937,0.5557590958127976,-21.07284143637498,-0.05456428638591151,-0.010351869463920596,3.536910282131884,1.5711402715749874,1.570474018617022,-0.01663926562186859
32.91999999999839,walk,walk,-0.0,-0.0,0.0,0.9813124350312725,0.051120073103722685,-0.037414201327549496,-0.00425095987739038,-3.9526327504073754e-05,5.283271415481311e-07,-0.00010427498426158262,-1.5740953712532667e-07,6.886904820116944e-07,3.523275661690148e-06,0.06425045369312461,0.18323372675193084,0.6701857811746421,0.5532879915485382,-21.041908941193693,0.67283299326102,0.5557632681379319,-21.072881822740165,-0.054562777505488255,-0.010350200533866885,3.5369230957591764,1.5711397661396918,1.5704734989390254,-0.0166396004228317
32.9399999999984,walk,walk,-0.0,-0.0,0.0,0.9813103470845467,0.05111988447559271,-0.03741334951408117,-0.004246914766741077,-3.94902789123697e-05,5.272765201516659e-07,-0.00010430215225867753,-1.629598146614405e-07,7.37953548403724e-07,3.5294820100030625e-06,0.06425269291710484,0.18325583549065977,0.6701898520737348,0.5532914635190964,-21.042016714448312,0.6728373895154488,0.5557674106607438,-21.07292742038231,-0.054561269216708834,-0.01034856513142586,3.536933299807012,1.5711392606086114,1.5704729960248351,-0.01663953418299186
32.95999999999841,walk,walk,-0.0,-0.0,0.0,0.9805182673672707,0.05117105666585282,-0.016742077189837525,-0.004221453365540937,-0.001185653375387979,-4.224656599130529e-05,-0.045048532929720476,5.215088227523471e-05,0.02176337413277669,6.372399054659257e-06,0.06506656063203481,0.18337530040869937,0.6765157246195753,0.5532948311815262,-22.653746332674903,0.6791438843516259,0.5557714190731049,-22.679582118532974,-0.053967996410167404,-0.010346929728984836,3.454286233598084,1.5711369790288376,1.570472508011806,-0.01652702246315068
32.97999999999842,walk,walk,-0.0,-0.0,0.0,0.9787584662899969,0.05141638451056306,0.0016291993315077503,-0.004194433884127697,-0.0020209733884106003,-7.206270275651688e-05,-0.09172125697846126,0.00024900167374364746,0.014291604564244546,9.756589517210285e-06,0.06770966446463941,0.1851633516288642,0.6904209463070521,0.5534711268196106,-25.702975366667154,0.6930122941254181,0.5559863832244873,-25.713840766580468,-0.05273973983001076,-0.010257101804018023,3.3287986844040143,1.5711491073326977,1.5709529093415022,-0.005370286134461544
32.99999999999843,walk,walk,-0.0,-0.0,0.0,0.9764346472013038,0.052178387444443364,-0.020761758391059267,-0.0042021672564977065,-0.0014977834366515653,-4.4756653463451756e-05,-0.12197701374414914,0.0007346160281997029,-0.02467550767863676,1.123602840162315e-05,0.07210911518119537,0.18938546490147146,0.7083618535187151,0.5549989875802994,-28.965249218505267,0.7109266424398997,0.5576051410684586,-28.955690845552006,-0.05131627600085148,-0.00986740663647652,3.236326485023617,1.5711816370925717,1.5713541491836787,0.003137885592301722
33.01999999999844,walk,walk,-0.0,-0.0,0.0,0.9738936299437584,0.05364337382795578,-0.10131089222204025,-0.004266609276987098,-0.00038963853951551753,2.028731804118794e-05,-0.13677493459476087,0.0013568310762712733,-0.07646011034225834,8.075517237513162e-06,0.07753790798005487,0.19561802774915477,0.727437955760807,0.5568834927330018,-32.14656061156253,0.7300019015621759,0.5594492491731644,-32.14607528058349,-0.05010468426806227,-0.00976570248603821,3.1601744823711,1.5712399423522705,1.5719865311816812,0.01660517999196648
33.03999999999845,walk,walk,-0.0,-0.0,0.0,0.9713961029939281,0.05567668814106233,-0.23646025589001973,-0.004387131483658088,0.000216232890720362,8.84318302751656e-05,-0.13852852158437395,0.001827328483189921,-0.12300877252264113,7.238443349216972e-06,0.08297073007417725,0.20326027870725405,0.7456634530794866,0.558630013133049,-35.04822172531488,0.7482510348868258,0.5611450311193467,-35.062993870615635,-0.04944697956180546,-0.00949167758226395,3.1612721854644343,1.5713418360917557,1.5730910387769819,0.04012888773244143
33.05999999999846,walk,walk,-0.0,-0.0,0.0,0.9691169341960787,0.05792640549687536,-0.4094097624762826,-0.004554082865617151,0.0004006623677193158,0.0001116554909071365,-0.13022598785996375,0.0019620256367039166,-0.1539479180336975,4.200091897788662e-06,0.08727301677604127,0.2104459279333727,0.7618554725696375,0.5590941694030762,-37.725116062956104,0.7644801056359521,0.5616002317914963,-37.74914052251979,-0.049364172385543595,-0.008592750132083896,3.2573531316842943,1.5714800258975283,1.5739899904415489,0.05800922868972938
33.07999999999847,walk,walk,-0.0,-0.0,0.0,0.967171133336577,0.060110363189345775,-0.6021453917534811,-0.00474825251135994,0.0006624512323400659,0.00013252523467312036,-0.11470121878210562,0.0018893607897058698,-0.16943343853660447,4.087259338043855e-06,0.09000445794750143,0.21688230593173474,0.7753391936977989,0.558580198551178,-40.03936975895042,0.7780054472452876,0.5611231413135529,-40.06468436453887,-0.04961338670697656,-0.006815190613269809,3.437882764395244,1.5716409677118368,1.574583356542933,0.06804332148664798
33.09999999999848,walk,walk,-0.0,-0.0,0.0,0.9656132961645466,0.06205967853947996,-0.7959955008632709,-0.004946978231508275,0.001514478702930281,0.0001318045215124353,-0.0949696833291683,0.0016331486193464498,-0.1686248072388973,1.0573501626004591e-05,0.09158841791004818,0.22817695819512207,0.7858944960310578,0.5578491773853302,-41.84792262967778,0.7886011903451999,0.5604242321500779,-41.87444762704149,-0.05014688208346365,-0.005423787236213687,3.6075931972434025,1.5718105173628376,1.574854382588017,0.07035108581405243
33.11999999999849,walk,walk,-0.0,-0.0,0.0,0.964443174914485,0.06378030252881556,-0.9705775818414142,-0.0051241934609636336,0.0024440382655450095,0.00014689228200998918,-0.07348996672399832,0.0014843049001397736,-0.14948738467367287,1.3870830491074729e-05,0.09262469217036455,0.23665365948895722,0.7936676440574061,0.557162397767067,-43.16123207621715,0.7964146260531357,0.5597609665641785,-43.190987106231326,-0.0508234451031535,-0.00422499626874924,3.76525549469021,1.5719638895529158,1.5745051254466653,0.05842163105270946
33.1399999999985,walk,walk,-0.0,-0.0,0.0,0.9636415205726332,0.06529874411010465,-1.1160058597748186,-0.005268141698249779,0.003983208025991351,0.000161924070647729,-0.05222992584162236,0.0012930962343742317,-0.12352302958959806,1.732773895721255e-05,0.09309592005650563,0.24150029870045464,0.7988829686567049,0.5577361967811585,-43.80304137989266,0.8016697060929565,0.5601694073925019,-43.86966860665186,-0.05151396743855711,-0.003781854361295703,3.8565513762706236,1.5720741807084317,1.573525071418333,0.03271297457354241
33.15999999999851,walk,walk,-0.0,-0.0,0.0,0.9631697143539271,0.06647996606857197,-1.230837886949591,-0.0053739540995564675,0.005964258387731125,0.0001668058366536321,-0.03298649771174433,0.0009903154325151032,-0.09694883604840214,2.3806658015630694e-05,0.09287796104234895,0.24246558115802574,0.8018646573233983,0.5599190827856064,-43.77759943257426,0.8046852244180279,0.5622196432600022,-43.87375862113456,-0.052134827759746635,-0.00414049178361893,3.8736112395679374,1.5721350269392733,1.572484962916422,0.006865931774653302
33.17999999999852,walk,walk,-0.0,-0.0,0.0,0.9629799135753841,0.06726487549552611,-1.3184321211343843,-0.005447393984210632,0.008161766738981488,0.00016576299639525552,-0.016543393184637028,0.0006394795483350249,-0.07374781164239336,2.534579639868005e-05,0.09216365522511556,0.24134182962855066,0.8029586626067514,0.5622940894613266,-43.4038570353892,0.8058047532993194,0.5644629236707688,-43.52770722140514,-0.052660440004300056,-0.0052735351026058225,3.8198041034627876,1.572152773334526,1.571593820391643,-0.014428901192214558
33.19999999999853,walk,walk,-0.0,-0.0,0.0,0.9630110473948087,0.06761863837267632,-1.3832100248481718,-0.005506038062430711,0.010340872522304641,0.00016359695072327383,-0.0037161230746276873,0.0002559938692452994,-0.05431680771019012,1.443887615978919e-05,0.09107722895267771,0.23902940575464926,0.8025859904883565,0.564362162018776,-42.85290784719284,0.8054470935531494,0.5664176877985001,-42.999057015694895,-0.05310291646690765,-0.006830620765686038,3.7261214454317044,1.5721371250530085,1.5709035362065316,-0.030203109500379115
33.21999999999854,walk,walk,-0.0,-0.0,0.0,0.963205704586719,0.0677036433794098,-1.4293221135218857,-0.00556469402944984,0.012814270119163237,0.00018004039223963275,0.005898419111112968,6.06162292351889e-05,-0.038510704881304966,1.0025107658029043e-06,0.08970947794874673,0.2359351671227442,0.8011182475733258,0.5660577800521851,-42.20035022033014,0.8039889875191676,0.5680538203964234,-42.3584956802067,-0.05349154091535002,-0.008273198455572131,3.6389124842393064,1.5720975625767175,1.5704119031265855,-0.040729399591408595
33.23999999999855,walk,walk,-0.0,-0.0,0.0,0.963519839623893,0.06775540798622436,-1.4601193185705093,-0.00558167975044814,0.015163206265118244,0.0002035670962542122,0.013088620897195391,4.3345565000470935e-05,-0.025455200195791523,1.7902030573767495e-05,0.08817592442296478,0.23226770704290145,0.7988407975266294,0.5674578335533143,-41.4768785232858,0.8017234733879256,0.5694557663450242,-41.63703392794512,-0.05381019089822583,-0.009203798323869708,3.5857812873985115,1.5720425558929576,1.5700824235514284,-0.047103800532157916
33.25999999999856,walk,walk,-0.0,-0.0,0.0,0.9639176121970079,0.06780102059196463,-1.4771746866331594,-0.0055778864260461565,0.01702964199282703,0.00022250086897548734,0.01838009860693454,3.945672088340838e-05,-0.0135685476428606,2.1805295558548964e-05,0.08662289389236004,0.22806507538727372,0.7959941867222835,0.5687951829681397,-40.68044731646432,0.7988910184052334,0.5708259430179596,-40.837411017213704,-0.054060763753546,-0.009614951163530353,3.569145639191427,1.5719814494968019,1.5699216511980176,-0.049421728857685386
33.27999999999857,walk,walk,-0.0,-0.0,0.0,0.9643660230147647,0.0678391627629906,-1.481425032999226,-0.005561610609777954,0.018289942283121096,0.00023882020801478042,0.021960927006727624,3.273402116250029e-05,-0.0025071894271793786,1.799304427692325e-05,0.08521683730057227,0.22336442627657804,0.7928029447336122,0.570273422862053,-39.81370180142042,0.7957151455148593,0.5723507192382813,-39.96514577428916,-0.05424760570891569,-0.009796845912933352,3.566114555605345,1.5719214552615492,1.5699025628105283,-0.04845906523533067
33.29999999999858,walk,walk,-0.0,-0.0,0.0,0.9648353786415576,0.06786786314116697,-1.4748177710799144,-0.00553890816587829,0.01888196114961261,0.00025554746136162323,0.0238870504797424,2.446996368916452e-05,0.006768686507332085,1.2251928116530888e-05,0.08413435238703015,0.2182968013000578,0.7894697574803771,0.5719579246292115,-38.89953344462634,0.792397855635652,0.5741010543355942,-39.042029538893985,-0.05436617601504126,-0.01002449840307236,3.5536844126108695,1.57186803243427,1.5700135298952937,-0.04458856107043558
33.31999999999859,walk,walk,-0.0,-0.0,0.0,0.965299561156945,0.06788751875238229,-1.4583518946367926,-0.005510632678770229,0.01887592130680078,0.0002738038018315524,0.024462112942960655,1.6790495410121275e-05,0.01528059719504062,6.965564193996811e-06,0.08351138036459023,0.21327508025571296,0.7861759284587672,0.5736249175319672,-38.00943237012427,0.7891199727823396,0.5758448925266266,-38.14097121940661,-0.05441827071055318,-0.010408031940460208,3.5235694310928443,1.571824788792416,1.5702159826592088,-0.03880052495148762
33.339999999998604,walk,walk,-0.0,-0.0,0.0,0.9657378903735744,0.06790140044006222,-1.4334806817964105,-0.005477858096551066,0.0184004996918321,0.0003104960594164561,0.02389499688699942,1.3222833549872214e-05,0.022442099864968968,2.231790895763265e-06,0.08333494326582469,0.20851703634660812,0.7830655937997927,0.5751820441732407,-37.18312298799888,0.7860255988170443,0.5775085624704361,-37.29836629456284,-0.05443472478841945,-0.010916522890329364,3.482317248041389,1.5717930241857154,1.5704549600318551,-0.0324231026608866
33.359999999998614,walk,walk,-0.0,-0.0,0.0,0.9661355297182209,0.06790648627403341,-1.4023526012933534,-0.005440138687962795,0.01762255937183387,0.00033120756362650243,0.022406654497297996,3.897157923146736e-06,0.027659556203196066,5.054209971820241e-07,0.08351575130959717,0.2042511941544437,0.7802420439485996,0.5765090223798752,-36.45768289814895,0.7832175223233128,0.5789663281688691,-36.55212882624394,-0.05444527052139379,-0.011404830217361453,3.443824279221119,1.5717713269865359,1.5706690114871145,-0.026860664751073064
33.379999999998624,walk,walk,-0.0,-0.0,0.0,0.9664825524575449,0.06790494172625723,-1.3674446594663374,-0.005399746427126871,0.016685680953914508,0.0003331918714258542,0.02020144224591194,-1.021378521802982e-06,0.030699931539685508,-1.0785670006241852e-06,0.08393842061195664,0.20060670836097205,0.7777741955445836,0.5775690611848832,-35.849573869304834,0.780764056541743,0.5801573481807709,-35.92294994221446,-0.054456651187292544,-0.011766876280307773,3.415831281313762,1.5717577852900084,1.5708365191653848,-0.022602866507346282
33.399999999998634,walk,walk,-0.0,-0.0,0.0,0.9667734216697228,0.06790200940225807,-1.3311482593976354,-0.005358653478124722,0.01569740379368275,0.0003292165560651609,0.01750816680657046,-1.7742198208264452e-06,0.03167595937562076,-1.7746659955326623e-06,0.08449798142430015,0.19766810271366697,0.7756999568646035,0.5783296909580231,-35.369106217983365,0.7787029057713376,0.5810348030576706,-35.42371161225641,-0.0544696824033922,-0.011963880807161334,3.401199962146362,1.5717506585545837,1.5709703232110024,-0.019290049368217196
33.419999999998645,walk,walk,-0.0,-0.0,0.0,0.9670067368012925,0.06789996807294163,-1.2954808671061595,-0.005318037223873695,0.014727154024502047,0.00032258870192175505,0.014570684293167364,-8.503494785586984e-07,0.03094055862806439,-1.4035946341766354e-06,0.08511186628377483,0.1954659244413124,0.7740283159399887,0.578786217833519,-35.01654741718753,0.77704289134786,0.5815769669065476,-35.05771904130697,-0.05448351486895268,-0.012019119411706927,3.3979239200780205,1.5717488649110527,1.5710883711413026,-0.016470645166335507
33.439999999998655,walk,walk,-0.0,-0.0,0.0,0.9671843972118797,0.06789999874929847,-1.2619334102089597,-0.005278942092969976,0.013811722273492458,0.0003148195408926921,0.011600426220674748,1.0197126859246859e-06,0.02896347948532811,-4.665499970463993e-07,0.08570447517204215,0.19394080337166975,0.7727454219842664,0.5789817806730271,-34.77990265620605,0.7757701661465187,0.581829362774849,-34.81256352895608,-0.05449740473442199,-0.011995355784893039,3.4009338533445366,1.571752297523188,1.5712129746512056,-0.013617966508886517
33.459999999998665,walk,walk,-0.0,-0.0,0.0,0.9673106663946743,0.06790225450461243,-1.2314704271476105,-0.0052420006050976735,0.012969139914766021,0.00030621428961380144,0.00876261266373299,2.897793231702844e-06,0.026197987234521488,9.010571330160004e-07,0.08621585835428303,0.19301584447602804,0.7718209644960288,0.5789495345602036,-34.646495196489994,0.7748545353777844,0.5818386909017563,-34.67315945089664,-0.05451100362634393,-0.01193240210413933,3.4070387439248555,1.5717610112627547,1.571341815678823,-0.010793140921604613
33.479999999998675,walk,walk,-0.0,-0.0,0.0,0.9673927791954148,0.06790068315135578,-1.204931313210711,-0.005206126662533732,0.0122128719622191,0.0002950339732566003,0.006219183315324268,-2.6041686101963467e-06,0.022684443881695788,4.699367770944382e-06,0.08660129793671874,0.19260238705264043,0.7712029848335269,0.5787257787237168,-34.59925447531363,0.7742436673709007,0.5816412803182602,-34.622309504322246,-0.054524396456591975,-0.011851201951503756,3.414591279605219,1.5717745883477408,1.5714599660546065,-0.00834105687978718
33.499999999998685,walk,walk,-0.0,-0.0,0.0,0.9674422618960452,0.06789656679290507,-1.183183062234805,-0.005172526519593943,0.011512230664216182,0.0002833315312540626,0.00418798943507205,-2.8352994402305372e-06,0.01846076635210293,7.084514208195038e-06,0.08682894050135569,0.19258801802613512,0.7708091668871236,0.5783306297311783,-34.61627886762609,0.7738558901460387,0.5812678721199036,-34.636441681416464,-0.05453797838944538,-0.011768887937068942,3.4222752035386725,1.5717919959364428,1.5715533842280984,-0.006565875992085289
33.519999999998696,walk,walk,-0.0,-0.0,0.0,0.967467602414021,0.0678992372545458,-1.1656589921312772,-0.005119599001820682,0.010766066003163401,0.0002686787120193856,0.002631866546866792,6.833387711409624e-06,0.014872929543987811,4.103225411959788e-05,0.08688978726591932,0.19292670448820537,0.770581703650812,0.5777618226060868,-34.690302029805366,0.7736341290344472,0.5807074245462418,-34.709971086163335,-0.054551513224543706,-0.011689751595258716,3.4296801330778064,1.5718121923712487,1.5716182862356782,-0.005539439287403268
33.539999999998706,walk,walk,-0.0,-0.0,0.0,0.9674757619266774,0.06789997341809118,-1.1517881632045244,-0.0050816766299218935,0.009682010124625036,0.0002588102644138873,0.0014697374762043032,8.842600681768493e-07,0.011725735561906182,1.3563084734612829e-05,0.08680195747004996,0.19351045880621687,0.770474136661759,0.577077382470131,-34.80330517122898,0.7735316550771596,0.5800211962709427,-34.82416125459702,-0.05456502069185327,-0.011608789861202243,3.4372397032383786,1.5718338536419225,1.571645075729537,-0.005453926359411492
33.559999999998716,walk,walk,-0.0,-0.0,0.0,0.9674738723667833,0.06789766409181133,-1.140574214193814,-0.00506029164992349,0.008691764306797248,0.00024785638967646625,0.000789767945065338,-1.8319908576742676e-06,0.00954147597941394,6.6189312556157225e-06,0.086589493228026,0.1942374052910809,0.7704367558335146,0.5763264533529282,-34.937130652890076,0.7734985827364926,0.5792611774454117,-34.96033018206636,-0.054578467940086556,-0.011528718471527102,3.4447188377464104,1.5718546036165708,1.5716323166102648,-0.006253376727145354
33.579999999998726,walk,walk,-0.0,-0.0,0.0,0.9674685075264955,0.06789644487787093,-1.1309560831097487,-0.005040948905561369,0.00784526428788258,0.00023840498313804727,0.000517189567024625,-5.332869628818072e-07,0.008249588797069107,7.047280332608791e-06,0.08629147852245175,0.1949823184756848,0.7704245257441397,0.5755827811012268,-35.07062048711883,0.7734905253448102,0.5785082068691254,-35.09623793722224,-0.05459166004906421,-0.01145279332995415,3.4518332217787973,1.5718729272336822,1.571589089272964,-0.00770538703098872
33.59999999999874,walk,walk,-0.0,-0.0,0.0,0.9674624019392073,0.06789726497645857,-1.122362318819719,-0.005021164041130696,0.007141095905033187,0.00023066287049340023,0.00040919556081605137,1.3649048742097738e-06,0.007404429744205622,8.610135536519385e-06,0.08595447902661744,0.19568281133218401,0.7704200010145803,0.574891188407898,-35.19484522217192,0.7734902016892016,0.5778073903570176,-35.222882252454774,-0.05460414460487423,-0.011381763219833377,3.4584742048585904,1.5718879600083437,1.5715263106808544,-0.009536811435111385
33.61999999999875,walk,walk,-0.0,-0.0,0.0,0.9674563904905015,0.06789917611984893,-1.1145143152639674,-0.005000298139500919,0.006562332034745474,0.0002240265701028406,0.00035666241635365695,2.092663123489294e-06,0.006777495305532525,1.0305438378304364e-05,0.08561499819223511,0.19632988223008396,0.7704174393874259,0.5742534336099625,-35.30931208646491,0.77349182878999,0.577161946559906,-35.33948520632381,-0.054615749924735155,-0.011325377225875857,3.4638649340638508,1.5718994730760865,1.5714577131852985,-0.011420246075850522
33.63999999999876,walk,walk,-0.0,-0.0,0.0,0.9674505920865462,0.06790127555288915,-1.1072693754825513,-0.004978414019422465,0.0060817858229068504,0.00021815750248535006,0.0003175877737810976,2.2090724215222555e-06,0.006263145051293609,1.1793307226933098e-05,0.08530350439563626,0.19690805466525663,0.7704156391175311,0.573682704235077,-35.411776351277936,0.7734941756531488,0.5765861209878922,-35.44360993997052,-0.0546264193062086,-0.011270216852426532,3.469079416295598,1.5719076538546877,1.5713909597084403,-0.013181887753540672
33.65999999999877,walk,walk,-0.0,-0.0,0.0,0.9674449451303393,0.06790426614993501,-1.1005451347817587,-0.0049554147617645716,0.005668315083174351,0.0002134022484653,0.0002817884529228847,3.1342905828791145e-06,0.00581633079741558,1.3310748319869415e-05,0.08503834462118753,0.19740726663320796,0.7704147387669592,0.5731863167533875,-35.50103395906403,0.7734974173719241,0.5760901507387162,-35.53353792901861,-0.05463617831800841,-0.011218118667602542,3.4739780204990156,1.5719130015438467,1.5713332232967496,-0.014665209082789489
33.67999999999878,walk,walk,-0.0,-0.0,0.0,0.9674394523720615,0.06790810064039111,-1.0942937166231226,-0.004931726342039294,0.0052908631835601756,0.0002096059252829918,0.0002502645402624092,3.8367218394568025e-06,0.005407725665183818,1.4335889007784042e-05,0.08482824765151042,0.19781897900039902,0.7704146336472111,0.5727665510425568,-35.576634237940986,0.7735014637711739,0.5756824847707749,-35.60770834703944,-0.054645249183309416,-0.011189903318881991,3.4769242802881792,1.571916219276565,1.571289435303259,-0.015770990654276396
33.69999999999879,walk,walk,-0.0,-0.0,0.0,0.9674341582426145,0.06791234959381527,-1.088496527508237,-0.004907894764614466,0.004924181031756218,0.0002061106996432341,0.00022229399835994352,4.1483694243292095e-06,0.00501217441388413,1.4871062344589068e-05,0.08467815374452016,0.19813798748283584,0.7704150629809119,0.572437175775528,-35.63604086450194,0.7735060428512593,0.5753680553684235,-35.665171624636486,-0.05465388252277324,-0.01117747947573662,3.4785858284811484,1.5719180552767578,1.571260596899736,-0.016493819290288383
33.7199999999988,walk,walk,-0.0,-0.0,0.0,0.9674290977733728,0.06791746081601535,-1.0831546820770102,-0.004884489986709429,0.004548891791170779,0.00020221059012761496,0.00019565816692672123,4.971244611608353e-06,0.00461373228993144,1.4901920522848792e-05,0.0845861083760598,0.19835388314103053,0.7704158546815064,0.5721942272434235,-35.67994344732095,0.7735110274739163,0.5751571443328858,-35.70406613427147,-0.054662147208561336,-0.01115958318114281,3.4806584009224713,1.5719191464761388,1.571244345320809,-0.01690439280837565
33.73999999999881,walk,walk,-0.0,-0.0,0.0,0.9674242805479205,0.06792347387439876,-1.0782815262815686,-0.004862132535030787,0.004157730421509404,0.00019818901791309344,0.0001680467373031931,5.7165088817787966e-06,0.004202614994842563,1.4406930710453382e-05,0.0845425758789502,0.19849296788391868,0.7704170115094349,0.5720351275453568,-35.708819625987495,0.7735163444927673,0.5750233766088486,-35.72912835990193,-0.05467002683401503,-0.011138743907213214,3.482934581041774,1.5719201101334828,1.5712423383206606,-0.01697655700083201
33.75999999999882,walk,walk,-0.0,-0.0,0.0,0.9674197182391215,0.06793054104148138,-1.073885971488568,-0.004841078866037671,0.003754272014422393,0.00019414712359652682,0.00014049820648353374,6.634942045107966e-06,0.0037849126395328955,1.37428335171282e-05,0.08453958946945367,0.19857041247686835,0.7704184263679663,0.5719341721782685,-35.72726717774907,0.7735218760817955,0.5749514636049271,-35.743086050418924,-0.05467753054160164,-0.01111906319856644,3.4850887261672736,1.5719212932266908,1.5712476142630458,-0.016882707599793195
33.77999999999883,walk,walk,-0.0,-0.0,0.0,0.9674154101550688,0.06793873596369368,-1.0699670488293844,-0.004821396615887416,0.003348362502605166,0.00018995063897724515,0.00011292168582304186,7.598165614885613e-06,0.0033690851428098616,1.3032036598197978e-05,0.08456578808539274,0.19859623735692122,0.7704200338525407,0.5718804981956482,-35.73723385523964,0.7735275694930754,0.5749313321361542,-35.74774831433035,-0.05468470206456149,-0.011103990674018863,3.486850213385513,1.57192283619943,1.571256677894342,-0.01670728262876266
33.79999999999884,walk,walk,-0.0,-0.0,0.0,0.9674113228345027,0.06794811212538426,-1.0665152070781068,-0.004803112551078084,0.002952157992565227,0.00018547867849858058,8.423721396278678e-05,8.61089055016094e-06,0.002962472538956183,1.2289190112793366e-05,0.08461010493375218,0.19858215492072728,0.7704219471090217,0.5718635555753708,-35.74065249949817,0.7735335440198484,0.5749513890991211,-35.74523629445426,-0.054691611874790866,-0.011095504462718966,3.48806784697469,1.5719247755873227,1.5712676563248515,-0.016494824603221932
33.81999999999885,walk,walk,-0.0,-0.0,0.0,0.9674073984392181,0.06795880227736537,-1.0635112378032294,-0.00478621975091058,0.0025772239880141033,0.00018065446267588516,5.414200468884377e-05,9.75007309132513e-06,0.0025737450400137394,1.1536137728655574e-05,0.08466377565371898,0.1985534193026871,0.7704243956563325,0.5718709763536454,-35.73979917445767,0.7735400325199967,0.5749987598905564,-35.7379176612112,-0.05469834334711211,-0.011093887686729434,3.48872628439366,1.5719271148058362,1.571279924637127,-0.016260151300779704
33.83999999999886,walk,walk,-0.0,-0.0,0.0,0.9674035592920291,0.06797008161976814,-1.060913388395779,-0.0047753021841794386,0.0022417058049454823,0.0001761836638561464,2.358312292640226e-05,9.4341803502598e-06,0.0022211178932729078,3.855322197698707e-06,0.08472022613509571,0.19853505215716694,0.770427679898027,0.57189262774086,-35.736553959383436,0.7735473048814537,0.5750613596687317,-35.72801410953026,-0.0547049979049306,-0.011098443716764453,3.4888913402927826,1.5719297958287801,1.5712934763119102,-0.015999963581714606
33.85999999999887,walk,walk,-0.0,-0.0,0.0,0.9673996806883467,0.06798309894605405,-1.058576682598902,-0.0047690320681823975,0.002051162962444997,0.00017127299319143218,5.609265463336297e-07,1.1868597482679083e-05,0.0020160062352077026,3.626854959225143e-06,0.0847744600132519,0.19851131114501508,0.7704320871793703,0.5719207760343552,-35.732371130318185,0.7735556760574623,0.5751305755624772,-35.71715258961801,-0.054711602941051325,-0.011107175797224048,3.488717433674436,1.5719326743308473,1.5713085600123287,-0.01570098153240948
33.87999999999888,walk,walk,-0.0,-0.0,0.0,0.9673957513661268,0.0679987978910723,-1.0564261342336816,-0.004758264774755995,0.0019111173767737014,0.00016543728793698127,-1.7650644933054656e-05,1.4137615415559866e-05,0.001856914568053331,7.617794688130036e-06,0.0848256319425074,0.1984794753174668,0.770437459551323,0.5719579842338562,-35.72671270189588,0.7735650151605802,0.5752079274902344,-35.704982454313566,-0.05471815749949831,-0.011115408688783648,3.4885805199151942,1.5719360131086937,1.571325413225639,-0.015379654219457433
33.89999999999889,walk,walk,-0.0,-0.0,0.0,0.9673917653086919,0.0680165445443258,-1.0544570230721433,-0.004745425025733993,0.0017772101817055044,0.00015921405912882366,-3.639530391256005e-05,1.5913341261901125e-05,0.001698140691489757,9.346120151791421e-06,0.08487368641140725,0.1984431247559616,0.7704437710143158,0.5720006462583542,-35.72023977713402,0.7735752658409204,0.5752872463712693,-35.69261820039529,-0.054724657152220024,-0.01111942455172539,3.4887760492119066,1.5719399319259588,1.5713424852997542,-0.015070641020981084
33.9199999999989,walk,walk,-0.0,-0.0,0.0,0.967387715021704,0.06803608835379966,-1.0526745049322042,-0.004731900764401632,0.0016416703659941003,0.00015256924185797337,-5.597329026076093e-05,1.746598269017956e-05,0.0015347008657680935,1.002659301982901e-05,0.08491775954805648,0.1984071120478338,0.770451031278295,0.5720439192304612,-35.713828518682,0.7735864079102424,0.575362094903946,-35.68121755652319,-0.054731070783879135,-0.011120396852493289,3.48920643871248,1.5719444020250362,1.5713585319877148,-0.014799670480410192
33.93999999999891,walk,walk,-0.0,-0.0,0.0,0.9673835975933711,0.06805734203128753,-1.0510833906375643,-0.004718249889516711,0.0015031531026226464,0.00014558083778033707,-7.611691819496167e-05,1.8952830865474123e-05,0.0013671613559792862,1.02927366788229e-05,0.0849581441586616,0.19837101640877708,0.7704592516926287,0.5720882352838517,-35.70740336905029,0.7735984403734671,0.5754339483032227,-35.670516519915395,-0.05473736829767858,-0.011118448525667193,3.4898595514479123,1.5719493226646566,1.571372469230044,-0.014589088789226786
33.95999999999892,walk,walk,-0.0,-0.0,0.0,0.9673794166412285,0.06808032834713634,-1.0496861495614667,-0.004704702114358396,0.0013621150573242596,0.00013839556861948795,-9.619783065173326e-05,2.046607351444589e-05,0.001197816908509973,1.038306597462116e-05,0.084993212856374,0.1983398948374604,0.7704683930588578,0.5721284982213974,-35.70187036886493,0.773611322249911,0.5754983064184189,-35.661314240380634,-0.05474357542561252,-0.011119901388883593,3.490235112156309,1.5719545555919952,1.5713835547626496,-0.014452822974967285
33.97999999999893,walk,walk,-0.0,-0.0,0.0,0.967375180739908,0.06810492886698503,-1.048483739190742,-0.0046914372089862984,0.0012198791886089335,0.00013106204070931592,-0.00011590226887861013,2.1851833714832778e-05,0.0010277546053526754,1.0319450248720993e-05,0.08502171792455455,0.19831700533916752,0.7704783755221586,0.5721613701829911,-35.69781294185424,0.7736249710627678,0.5755526807556153,-35.654040685271035,-0.05474974021165231,-0.011125172674655917,3.4903045056736945,1.571959951786368,1.5713915417850495,-0.014393045487289998
33.99999999999894,walk,walk,-0.0,-0.0,0.0,0.9673708952915204,0.06813107660509868,-1.047474650478349,-0.004678570794630489,0.0010782152860519538,0.00012365938244929996,-0.0001352004824518262,2.3190508896329177e-05,0.0008593274691722661,1.015980811033903e-05,0.08504305777229046,0.19830288904765558,0.7704891441698404,0.5721862551221848,-35.69533071774492,0.7736393296706856,0.5755953427801133,-35.64899895650881,-0.05475586372166885,-0.011127504706382754,3.490605482957932,1.571965354517887,1.571396035416472,-0.014415437026730427
34.01999999999895,walk,walk,-0.0,-0.0,0.0,0.9673665630345715,0.06815882489972351,-1.0466536455933841,-0.004666108420474661,0.0009389899830295437,0.00011636397671477205,-0.00015384230333197467,2.4588595731409636e-05,0.0006959222847761265,1.0002174048984841e-05,0.08505674639382442,0.19829931385054567,0.7705006638490198,0.5722013499984742,-35.694743376830225,0.7736543673241398,0.5756261583814621,-35.64620965002851,-0.05476190637827835,-0.011125422269105914,3.4912508309892885,1.5719706151248423,1.5713972051576257,-0.014512392371354389
34.03999999999896,walk,walk,-0.0,-0.0,0.0,0.9673621976747082,0.06818808862431062,-1.0460120034576637,-0.0046540108742469805,0.000804278181499426,0.0001094438465126376,-0.00017085886315843678,2.5889170810689254e-05,0.0005405297772122523,9.873202704147677e-06,0.08506333218722348,0.19830813628259947,0.770512824141181,0.5722046878585816,-35.696379045297945,0.7736699676399647,0.5756410744438172,-35.64637438470587,-0.05476785444457387,-0.011124036461114886,3.4918323443365917,1.5719756362233759,1.5713963818684697,-0.014650109811307573
34.05999999999897,walk,walk,-0.0,-0.0,0.0,0.9673578245855092,0.06821873573592661,-1.0455374879865613,-0.004642219604632713,0.0006755149590721607,0.0001029569120040218,-0.00018537655692337505,2.7077315253862093e-05,0.0003961861828525639,9.783656038369006e-06,0.08506501109207598,0.19832862223397751,0.7705254422794487,0.5721968200454712,-35.70010033452939,0.7736859596973861,0.5756445762166977,-35.64865146338052,-0.05477372532874568,-0.011124800145626071,3.492236799081704,1.5719803466403504,1.571393806761551,-0.014821514775217893
34.07999999999898,walk,walk,-0.0,-0.0,0.0,0.9673534647041393,0.0682506182058019,-1.0452172910751467,-0.00463071713933633,0.0005536696249185401,9.684950577797111e-05,-0.00019776830109171286,2.813491422276991e-05,0.000262932828291125,9.691411317275979e-06,0.08506267283881892,0.19835672211273547,0.7705383727761114,0.5721816506633759,-35.7051814473082,0.7737022100495969,0.5756409552345276,-35.652247378968475,-0.05477953218151824,-0.011126171052455905,3.4925882062789815,1.5719847404295413,1.571391161805439,-0.014986810173012446
34.09999999999899,walk,walk,-0.0,-0.0,0.0,0.9673491296641171,0.06828367609801334,-1.045039239486848,-0.004619484500665816,0.0004395584081868129,9.11136349093099e-05,-0.00020855982270021986,2.915251398654374e-05,0.00014022471969489154,9.604602149814069e-06,0.08505719604779069,0.19839073608276603,0.7705515251204705,0.5721607890377045,-35.71132041423836,0.7737186350187429,0.575631448293686,-35.65692802028276,-0.05478527163879574,-0.011126752197742465,3.4929971322580937,1.5719888446464112,1.5713889340818405,-0.015135433340591753
34.119999999999,walk,walk,-0.0,-0.0,0.0,0.9673448830749866,0.06831784955042708,-1.0449590731860365,-0.004608445413896417,0.00033901855675895113,8.573443291820198e-05,-0.00021053974119820336,3.0116069905257568e-05,6.293085477421218e-05,9.54240679312663e-06,0.08504921795567219,0.198429492551345,0.770564413173217,0.572134920621872,-35.71828364243218,0.773734752543476,0.5756166365394593,-35.66247906209116,-0.05479094713330746,-0.011126267910003665,3.4934864069543696,1.5719926892101281,1.571387111483562,-0.015268436827766891
34.13999999999901,walk,walk,-0.0,-0.0,0.0,0.9673408495857478,0.06835306972322505,-1.0449123727643554,-0.0045975024940355285,0.00026043376990128337,8.070656952313497e-05,-0.00020071821810669496,3.102047985556578e-05,3.8046867609606684e-05,9.493625689260503e-06,0.08503925279220892,0.19846894191822706,0.7705761612814397,0.5721072193632126,-35.72529523731287,0.7737496888201334,0.5755992170820237,-35.668210654850476,-0.054796555204935385,-0.011125195026397708,3.4940171251363576,1.571996295752717,1.571385421133089,-0.01539289239415614
34.15999999999902,walk,walk,-0.0,-0.0,0.0,0.9673370390380216,0.0683892535766058,-1.0448839117716033,-0.004586629442115816,0.00019988964745139206,7.601086142555046e-05,-0.00019031453027744174,3.185093078354635e-05,2.305731778419204e-05,9.452787836517731e-06,0.08502830534976408,0.19850595609818988,0.770586696097961,0.5720807399997712,-35.73186539911578,0.7737633691886073,0.5755821552524567,-35.673648594820854,-0.05480207289393603,-0.011123909801244738,3.494556302669744,1.571999671936235,1.5713835920155526,-0.015515258612885574
34.17999999999903,walk,walk,-0.0,-0.0,0.0,0.9673334087455024,0.06842629386478988,-1.0448684489603521,-0.004575813992929419,0.00015454227569286572,7.163070428607689e-05,-0.00018203862959736885,3.2585209247227815e-05,1.2181330948124561e-05,9.416664842758959e-06,0.08501755957298078,0.1985400117135092,0.7705962542042777,0.5720562424907685,-35.73792155770423,0.7737760278386199,0.5755660768995285,-35.678743945715,-0.054807489692661124,-0.011122527718544009,3.4950946270800216,1.5720028239571278,1.571381712606597,-0.015633494993610376
34.199999999999044,walk,walk,-0.0,-0.0,0.0,0.9673299101662798,0.06846408375540634,-1.0448623105174386,-0.004565059048625684,0.00012177963240042546,6.753954410247044e-05,-0.0001760421649479913,3.322706214991135e-05,4.422109094270014e-06,9.372652442039225e-06,0.08500800299064122,0.19857158670292263,0.7706051049228705,0.5720335182199479,-35.74355164468474,0.7737879350003736,0.5755512055406571,-35.68350731217355,-0.05481280372647026,-0.011121089756488803,3.4956291253128473,1.5720057642645981,1.5713799496129632,-0.015743973423276523
34.219999999999054,walk,walk,-0.0,-0.0,0.0,0.9673265021480871,0.0685025346174981,-1.044862460150522,-0.004554359911063988,9.910976962407574e-05,6.372145336556243e-05,-0.00017193328375122335,3.3793779347751224e-05,-7.515978480938652e-07,9.330752576513793e-06,0.08500027530070485,0.19860012453731768,0.7706134814861703,0.5720133569488526,-35.74865269194044,0.7737993248336269,0.5755383309373856,-35.68783585979705,-0.05481801784236335,-0.011119771003723147,3.4961462692785577,1.57200850935914,1.5713783831283927,-0.015845227751282775
34.239999999999064,walk,walk,-0.0,-0.0,0.0,0.9673231528181224,0.06854153563798378,-1.044866487975555,-0.004543719240696855,8.425951902428214e-05,6.0140685030867226e-05,-0.00016926747962159235,3.426032167773427e-05,-3.89091099120562e-06,9.283040949225467e-06,0.08499473039696856,0.19862504894967836,0.7706215675863819,0.5719965186367035,-35.753117188609465,0.7738103806775825,0.5755281236419678,-35.69163800989554,-0.05482313839046717,-0.011118873208761218,3.4966226178429864,1.5720110767872344,1.571377038298595,-0.015937093666790227
34.259999999999074,walk,walk,-0.0,-0.0,0.0,0.967319838258251,0.06858099262850172,-1.0448725926538984,-0.004533139418048928,7.526127966139365e-05,5.6769076268520225e-05,-0.00016768442934864987,3.464774962111686e-05,-5.52359930425453e-06,9.231698059376152e-06,0.0849914094735452,0.1986461105564804,0.7706295012701722,0.5719833907136918,-35.75689679911965,0.7738212404621598,0.5755210753927231,-35.69484665889407,-0.05482817083808166,-0.011118154227733615,3.497077903834689,1.572013485886487,1.5713759793848276,-0.016018513930927476
34.279999999999085,walk,walk,-0.0,-0.0,0.0,0.9673165407675914,0.06862084499355744,-1.0448794841820364,-0.004522610315569126,7.046239840411801e-05,5.358583382784256e-05,-0.00016690363142819346,3.4986237516687565e-05,-6.083686557698363e-06,9.189351568846856e-06,0.08499018571389261,0.19866351444939012,0.770637383321079,0.5719738688716889,-35.76002562881334,0.7738320068048614,0.5755175140151978,-35.69741861727047,-0.054833118554689794,-0.011117435246706012,3.4975265869396823,1.5720157554694283,1.5713751942798972,-0.016090232583756914
34.299999999999095,walk,walk,-0.0,-0.0,0.0,0.9673132478509274,0.06866105412170752,-1.0448862811545159,-0.0045121319305586275,6.851287694339164e-05,5.058246282116199e-05,-0.00016668478562261417,3.529297078243691e-05,-5.916294395767749e-06,9.14474315297146e-06,0.08499085399123918,0.1986773901661676,0.7706452836722177,0.5719678935060502,-35.762524665276466,0.7738427510397209,0.5755170222768784,-35.69943944025731,-0.05483798357898214,-0.011116705089807513,3.4979696571151466,1.5720179029709196,1.5713746699452877,-0.016152964147352563
34.319999999999105,walk,walk,-0.0,-0.0,0.0,0.96730995168355,0.06870158268679492,-1.0448923567599753,-0.00450169389067666,6.830259176185262e-05,4.774235027519432e-05,-0.0001668000261694147,3.556699659989586e-05,-5.225784948214276e-06,9.110016156821385e-06,0.08499326064956504,0.19868845015116776,0.7706532442156896,0.5719647940645218,-35.76452002083058,0.7738535170050075,0.5755192723522187,-35.70097395453496,-0.05484276830032921,-0.011116041988134387,3.498401073803481,1.572019944362971,1.5713743886858702,-0.016207500499526146
34.339999999999115,walk,walk,-0.0,-0.0,0.0,0.967306648422885,0.06874238202894946,-1.044897344582592,-0.004491295049631536,6.898203600203075e-05,4.5047771108289943e-05,-0.00016706685334453886,3.5797130605973034e-05,-4.243811141675189e-06,9.074625231146504e-06,0.08499705992471863,0.1986970258961882,0.7706612835189071,0.5719642576227189,-35.766069604375936,0.7738643233620373,0.5755236532936097,-35.70213356786162,-0.05484747440806285,-0.011115371435880664,3.4988268857571896,1.5720218869866875,1.5713741223276139,-0.016259407561764302
34.359999999999125,walk,walk,-0.0,-0.0,0.0,0.9673033356042933,0.06878338116713519,-1.0449011635729122,-0.004480923001170015,6.998719388350321e-05,4.2466768306682235e-05,-0.00016745665381105157,3.596289363599787e-05,-3.223476817023219e-06,9.051488970758898e-06,0.08500179874850386,0.1987032344005324,0.7706694142730453,0.5719661798725129,-35.7671940837935,0.7738751810956137,0.5755301203975678,-35.70292778065514,-0.05485210400473864,-0.011114805191755298,3.4992383515480396,1.572023732169011,1.5713737665623904,-0.01631114064351843
34.379999999999136,walk,walk,-0.0,-0.0,0.0,0.9673000117241652,0.06882457822234679,-1.0449039143506575,-0.004470575120930809,7.098660220211322e-05,4.0007245586675594e-05,-0.0001679266064481271,3.61370364222422e-05,-2.306126747907043e-06,9.029438056459556e-06,0.0850071069161837,0.19870780975246827,0.7706776404094736,0.5719698306570054,-35.76802485707486,0.773886097966982,0.575538286233902,-35.7034274640966,-0.054856660735060826,-0.011114477366209033,3.4996251238214064,1.5720254814130605,1.5713733605057478,-0.016361788081164074
34.399999999999146,walk,walk,-0.0,-0.0,0.0,0.9672966766682304,0.0688659381730462,-1.0449057318408603,-0.0044602518202551625,7.177315139983479e-05,3.76559910443676e-05,-0.00016840266674546535,3.627357348655047e-05,-1.506666902465825e-06,9.006988371963442e-06,0.0850127653432746,0.19871106255663884,0.7706859596084501,0.5719748970518113,-35.76861739813885,0.7738970713328686,0.5755473312387467,-35.70377882634331,-0.054861148713884096,-0.011114376783370974,3.499988443480821,1.5720271347878367,1.5713728529349447,-0.016412571722808134
34.419999999999156,walk,walk,-0.0,-0.0,0.0,0.9672933314121096,0.06890739554219469,-1.0449067725114687,-0.00444994006919831,7.223584649048101e-05,3.5384953733965906e-05,-0.0001688343543745335,3.635089525504183e-05,-8.461998904138148e-07,8.997560946717992e-06,0.08501859651059376,0.19871344697050153,0.7706943640914351,0.5719809171209336,-35.769053029420554,0.7739080917552335,0.5755570169935227,-35.704022599689736,-0.05486557199213215,-0.011114488542079928,3.500329822276891,1.5720286927186335,1.5713722662017227,-0.016462965614772777
34.439999999999166,walk,walk,-0.0,-0.0,0.0,0.9672899770160217,0.06894895811689492,-1.0449072094420766,-0.0044396445645793975,7.235105414123904e-05,3.321153777646725e-05,-0.00016922621904732314,3.6445399975108095e-05,-3.386622671124407e-07,8.982018470342585e-06,0.08502438235110525,0.19871529567557455,0.7707028438132394,0.5719875481376648,-35.769391462828814,0.7739191526126776,0.5755672391901017,-35.704176618823794,-0.054869932751022456,-0.011114615201950076,3.5006651167087757,1.5720301571236353,1.57137163942163,-0.016512093190530392
34.45999999999918,walk,walk,-0.0,-0.0,0.0,0.967286614995102,0.06899061396934023,-1.0449072113772202,-0.0044293655118204985,7.214392447214416e-05,3.113040966506898e-05,-0.00016954860156715522,3.652415904636727e-05,2.370220360224935e-08,8.967316715734638e-06,0.08503011352526837,0.19871676078435285,0.7707113869735848,0.5719946261892319,-35.76965994923615,0.7739302434554107,0.575577565694809,-35.704316439630404,-0.05487423163737507,-0.011114674806594851,3.501000854908487,1.572031529412052,1.5713709483802796,-0.016560568512595856
34.47999999999919,walk,walk,-0.0,-0.0,0.0,0.9672832466395824,0.06903230515974083,-1.0449069153481072,-0.004419095218715391,7.165204547307535e-05,2.911258494534383e-05,-0.0001698186175932051,3.654764606487085e-05,2.6946161217118674e-07,8.960146329021395e-06,0.08503566770414815,0.19871798327014212,0.770719985534165,0.5720020022640229,-35.769884178066086,0.7739413547542418,0.5755879816064835,-35.70444313857711,-0.05487846889549515,-0.011114697158336642,3.5013346560284235,1.5720328121377811,1.5713702340558648,-0.01660747869593927
34.4999999999992,walk,walk,-0.0,-0.0,0.0,0.9672798733703448,0.06907401540364241,-1.0449064331373747,-0.004408838538800946,7.092954828349903e-05,2.7164583035516302e-05,-0.00017002166076777818,3.656371288073409e-05,4.2114266284140965e-07,8.947499095151688e-06,0.08504108070260197,0.19871913192712942,0.7707286294752328,0.5720094975481034,-35.77009433712547,0.7739524769561654,0.5755982336053849,-35.70460057557347,-0.05488264523884334,-0.011114708334207538,3.501664520619994,1.5720340074849346,1.5713694778219343,-0.01665332314363379
34.51999999999921,walk,walk,-0.0,-0.0,0.0,0.9672764964487365,0.06911574063841992,-1.044905858161287,-0.004398592380643116,7.003255514355142e-05,2.5294743695385282e-05,-0.00017017022538207645,3.6576058196817845e-05,4.925615939825257e-07,8.938641346109051e-06,0.08504632964006745,0.19872016810103033,0.7707373099448261,0.5720171418437958,-35.770283589403604,0.7739636022213593,0.5756083067903519,-35.70479016431557,-0.05488676112891183,-0.011114689707756045,3.5019919563914756,1.5720351197381561,1.571368749527681,-0.01669654624912574
34.53999999999922,walk,walk,-0.0,-0.0,0.0,0.9672731170023655,0.06915746078306692,-1.0449052541471096,-0.004388357366501548,6.900762716408114e-05,2.3489928022040102e-05,-0.0001702662635174468,3.6568942948084936e-05,5.121895388575348e-07,8.928733715286493e-06,0.08505144195603542,0.19872133682940862,0.7707460186607685,0.5720246818313599,-35.77049606854669,0.7739747240078324,0.5756182607660294,-35.70500009462457,-0.0548908177722367,-0.011114715784788134,3.502311147214869,1.5720361515654098,1.5713679858431697,-0.016738724311040634
34.55999999999923,walk,walk,-0.0,-0.0,0.0,0.967269735540889,0.06919916903084601,-1.0449046792311703,-0.004378130662484911,6.790256022523869e-05,2.1746718553406383e-05,-0.00017034693985096126,3.6558160995858414e-05,4.802475554570379e-07,8.921884898754225e-06,0.0850563999808393,0.19872248556158667,0.7707547520839942,0.5720322665224076,-35.77070470117164,0.7739858400588602,0.5756281849393845,-35.705214204488364,-0.05489481564990634,-0.011114704608917239,3.5026286381455733,1.5720371064180392,1.5713672314718843,-0.016778867356541265
34.57999999999924,walk,walk,-0.0,-0.0,0.0,0.9672663530276112,0.0692408522049051,-1.0449041503391727,-0.004367914885694263,6.675227461706952e-05,2.0066622181011455e-05,-0.00017037312846596722,3.65343024031943e-05,4.405076079183052e-07,8.912027736298588e-06,0.085061276672296,0.19872371230107577,0.7707635039098862,0.5720397916088105,-35.770926879471595,0.7739969431266339,0.5756375875720978,-35.705519267298776,-0.054898756152772316,-0.011114741861820224,3.502937748173284,1.572037988203906,1.5713664910704375,-0.016816967058799
34.59999999999925,walk,walk,-0.0,-0.0,0.0,0.9672629696592638,0.06928248252589736,-1.0449037039982405,-0.004357705412557351,6.558276786729531e-05,1.8433186333277022e-05,-0.00017040309397800668,3.6484847604064e-05,3.6284869621769406e-07,8.907195581619705e-06,0.08506607883837426,0.19872486731519745,0.770772273417378,0.5720474061021805,-35.7711361248322,0.774008033029725,0.5756471392164231,-35.705795174793344,-0.054902639075974397,-0.01111467853188515,3.5032502758499295,1.5720388009402124,1.5713657720894099,-0.01685294122663664
34.61999999999926,walk,walk,-0.0,-0.0,0.0,0.9672595857738445,0.06932406179343988,-1.0449033489666706,-0.004347504204054351,6.442004559169566e-05,1.6860950298552598e-05,-0.00017041134231805108,3.644116857233015e-05,2.8412822207328947e-07,8.89975829400917e-06,0.08507083851440397,0.19872608188019125,0.7707810577722582,0.572054975892067,-35.77135585048781,0.7740191074784082,0.5756563034305573,-35.70613783362188,-0.05490646496167199,-0.011114596575498584,3.5035597676715935,1.5720395472947455,1.5713650372758985,-0.016887735872922083
34.63999999999927,walk,walk,-0.0,-0.0,0.0,0.9672562016223966,0.06936556638535353,-1.0449030927163288,-0.0043373114646754075,6.327790149180752e-05,1.5334946945773425e-05,-0.00017041127582350377,3.637247628561548e-05,1.9670843815828888e-07,8.892561867730572e-06,0.08507557780889606,0.19872729466604633,0.770789855249161,0.5720625605831147,-35.77157513776762,0.7740301653577732,0.5756654229412079,-35.706485489481025,-0.054910233521668086,-0.01111441031098366,3.5038729955334538,1.5720402304407266,1.5713643155009032,-0.01692073500588331
34.65999999999928,walk,walk,-0.0,-0.0,0.0,0.9672528176967424,0.06940698169404272,-1.0449029198753361,-0.004327120166752326,6.21500998196092e-05,1.3853839085165281e-05,-0.00017038147452030014,3.629341494663478e-05,1.2680252949771845e-07,8.892144022621766e-06,0.08508035282361527,0.1987285471817387,0.7707986626535787,0.57207011547184,-35.77180132666842,0.774041203268621,0.5756742891321183,-35.706874876556626,-0.05491394533577928,-0.011114235222339633,3.504180828851585,1.5720408531382892,1.5713635909319401,-0.016952383470568926
34.67999999999929,walk,walk,-0.0,-0.0,0.0,0.9672494338544714,0.06944831639745436,-1.0449028389341573,-0.004316933199748898,6.103887075238657e-05,1.2429731039689294e-05,-0.00017036787157432412,3.6224399008159606e-05,4.411810838445525e-08,8.887971426071929e-06,0.08508511032482903,0.19872960189963995,0.7708074808764619,0.5720778789768219,-35.77199200371216,0.7740522232809111,0.575683185125351,-35.70725586737896,-0.05491760083737064,-0.011114037781953814,3.5044859663785517,1.5720414186004978,1.5713628859207511,-0.016982223346863237
34.6999999999993,walk,walk,-0.0,-0.0,0.0,0.9672460501029428,0.06948956164498925,-1.0449028524806834,-0.004306750974892616,5.9944739223316166e-05,1.1055844050872693e-05,-0.00017034991007370068,3.614470919415904e-05,-3.766551375754433e-08,8.883994704814098e-06,0.08508989975381753,0.19873071133904374,0.7708163091173641,0.5720855977783204,-35.772192450861574,0.7740632257489123,0.5756919917116166,-35.70764980086459,-0.054921200274336425,-0.011113769561052325,3.504792293627591,1.5720419297598902,1.5713621883601427,-0.017010616485656587
34.71999999999931,walk,walk,-0.0,-0.0,0.0,0.9672426664951724,0.06953068562404877,-1.0449029648142985,-0.004296573237500703,5.8865656512308e-05,9.719772027161953e-06,-0.00017033150437296868,3.603493724450809e-05,-1.2464907996973527e-07,8.880222867364974e-06,0.08509470067038866,0.19873169693997095,0.7708251476302405,0.5720934506902695,-35.77237064065819,0.7740742097289631,0.5757006939897538,-35.70805910847699,-0.05492474455204471,-0.01111356467008591,3.5050891967040267,1.5720423893263875,1.57136150011276,-0.017037578160124262
34.73999999999932,walk,walk,-0.0,-0.0,0.0,0.967239283303784,0.06957169109373981,-1.044903157438151,-0.004286400320971184,5.7789843309495164e-05,8.429265830714824e-06,-0.00017029468084452318,3.5932755696945214e-05,-1.9178747716906672e-07,8.8760482580458e-06,0.08509951913738116,0.19873274967981047,0.7708339936773844,0.5721012439975739,-35.772560688866015,0.7740851739074605,0.5757092621574402,-35.70848889578791,-0.054928235056928884,-0.011113378405570987,3.5053803851614465,1.5720427992551176,1.5713608006895066,-0.017063641060826917
34.75999999999933,walk,walk,-0.0,-0.0,0.0,0.9672359005931305,0.06961256676191148,-1.0449034415172131,-0.0042762270574495855,5.671449401843222e-05,7.176862375082507e-06,-0.00017025946636656188,3.581767738446172e-05,-2.740020278622963e-07,8.877053347140956e-06,0.0851043648135251,0.1987336458373501,0.7708428470550015,0.5721092012176514,-35.772722558259815,0.7740961180188942,0.5757178303251267,-35.708915056285,-0.05493167166654324,-0.011113091558218005,3.505675292808713,1.5720431617703183,1.5713601068541885,-0.01708845604748558
34.77999999999934,walk,walk,-0.0,-0.0,0.0,0.9672325180060721,0.0696533055771425,-1.0449038288631698,-0.004266053853206444,5.5639073019401385e-05,5.964750509862387e-06,-0.00017024584278164966,3.569773958044198e-05,-3.655419107977906e-07,8.877000910012312e-06,0.08510920931010581,0.19873444730019252,0.7708517100460498,0.5721172627458573,-35.77286755970538,0.7741070449062668,0.5757264282951355,-35.7093329798108,-0.05493505423360965,-0.01111274138092995,3.505970937176249,1.572043478646368,1.5713594037056446,-0.017112420433687218
34.79999999999935,walk,walk,-0.0,-0.0,0.0,0.9672291356238478,0.0696939051102228,-1.0449043243118346,-0.00425588137905794,5.456556423574979e-05,4.791098018020756e-06,-0.0001702235702287527,3.5575975542617307e-05,-4.597146002774297e-07,8.876339329752576e-06,0.08511406708161147,0.19873528677702545,0.7708605812487662,0.5721252944717408,-35.773019274559616,0.774117954119969,0.5757349070558548,-35.709769125059736,-0.0549383838901157,-0.011112458258867267,3.506257054272765,1.5720437525403457,1.5713587238401652,-0.01713482230106168
34.81999999999936,walk,walk,-0.0,-0.0,0.0,0.9672257535347233,0.06973435852479651,-1.0449049323893602,-0.0042457086320215245,5.349351267895605e-05,3.6569667581533267e-06,-0.0001701993660525053,3.544753534903513e-05,-5.587216370309311e-07,8.876896184304683e-06,0.08511891375378434,0.19873599991281177,0.7708694602208868,0.572133460308075,-35.773148230038885,0.774128844876896,0.5757432666072846,-35.710223350113075,-0.05494166105205801,-0.011112115532159808,3.5065437565064688,1.5720439855114254,1.5713580439746857,-0.01715626719752757
34.83999999999937,walk,walk,-0.0,-0.0,0.0,0.9672223718546383,0.06977466748247307,-1.044905659206094,-0.004235535602575969,5.242491291190915e-05,2.558344854786847e-06,-0.00017016910124870028,3.5322030269267505e-05,-6.628001510095734e-07,8.877240864030491e-06,0.0851237662967699,0.1987367936381781,0.7708783452767813,0.5721415516386033,-35.77329155037961,0.774139717058336,0.5757516559610367,-35.71066886307238,-0.05494488584777877,-0.011111713200807574,3.506831044668297,1.5720441793839457,1.5713573650405288,-0.017176772659026167
34.85999999999938,walk,walk,-0.0,-0.0,0.0,0.9672189903438244,0.06981480123413866,-1.0449064996032362,-0.004225360313418063,5.1350123552319595e-05,1.486635095352847e-06,-0.0001701536742276716,3.516483933337148e-05,-7.617057927077463e-07,8.879587895645635e-06,0.0851286360107772,0.19873735810423343,0.770887239491944,0.5721498813877106,-35.77339387138542,0.774150571483686,0.5757599112043381,-35.71113538168132,-0.0549480589232777,-0.011111329495906833,3.5071127441091905,1.5720443357303295,1.5713566823810816,-0.017196485173612875
34.87999999999939,walk,walk,-0.0,-0.0,0.0,0.9672156089574552,0.06985480892020304,-1.044907467890181,-0.004215168331829728,5.027785037034166e-05,8.34309103228722e-07,-0.0001701397294212761,3.506957946961113e-05,-8.749195448506909e-07,8.898315055621023e-06,0.0851334648517526,0.19873795763336444,0.77089613896786,0.5721581813344956,-35.77350220103367,0.7741614119540072,0.5757681515464783,-35.71160232959537,-0.05495118428934238,-0.011110990494489673,3.5073872912698225,1.572044456442068,1.571356007172215,-0.017215186361987322
34.8999999999994,walk,walk,-0.0,-0.0,0.0,0.967212227784754,0.06989466448273324,-1.0449085631354738,-0.004204943520167826,4.920604851540447e-05,7.726054157322838e-07,-0.00017012146243064008,3.4922356273688084e-05,-9.851251560263138e-07,8.925838479091614e-06,0.08513829668557187,0.19873854227170884,0.7709050384541506,0.5721664961824418,-35.773607426517934,0.7741722421571766,0.5757763024816513,-35.712083833370684,-0.05495426355144421,-0.011110595613718036,3.5076626772764468,1.5720445425510043,1.5713553124055744,-0.0172335416777433
34.91999999999941,walk,walk,-0.0,-0.0,0.0,0.967208846817891,0.06993427269824738,-1.0449097974109682,-0.0041946972137939294,4.813747986955387e-05,7.680703109869613e-07,-0.0001701062978513616,3.4698895744264825e-05,-1.1082216964432997e-06,8.943796743774186e-06,0.08514311889536275,0.1987390826252321,0.7709139383591036,0.5721748557338715,-35.77370472787321,0.7741830618249768,0.5757844683179856,-35.712560729397296,-0.05495729404470714,-0.011110178381204608,3.507935803225431,1.572044594949039,1.571354608325708,-0.017251317953303973
34.93999999999942,walk,walk,-0.0,-0.0,0.0,0.9672054660364369,0.06997361489727195,-1.044911174031227,-0.004184435371837712,4.7070744448854194e-05,7.694531333140735e-07,-0.00017009194784158347,3.446661427292801e-05,-1.2324332611211436e-06,8.956961540295897e-06,0.08514794859986889,0.1987396085929073,0.7709228387793697,0.5721832301864624,-35.77379944237629,0.7741938712003471,0.5757926043519974,-35.71304115925228,-0.054960275560117865,-0.011109779775142672,3.5082035189287875,1.572044617594123,1.5713539824769378,-0.017266541219347873
34.95999999999943,walk,walk,-0.0,-0.0,0.0,0.9672020852891797,0.07001268408672541,-1.04491270404297,-0.004174154714736451,4.60090874525194e-05,7.706828485079986e-07,-0.00017008793678629104,3.4227838022523225e-05,-1.3678990478838705e-06,8.974052181552259e-06,0.08515275291214222,0.19874010620207028,0.770931740643446,0.5721916344413758,-35.77388912652444,0.7742046713337908,0.5758007701883316,-35.71351464320935,-0.05496320788838917,-0.011109310388565066,3.508472947134574,1.5720446115532605,1.571353329619813,-0.017281743496885785
34.97999999999944,walk,walk,-0.0,-0.0,0.0,0.9671987045832552,0.07005146769299858,-1.0449143804572412,-0.004163859320063402,4.494821969776402e-05,7.719216466542367e-07,-0.00017008046998486198,3.397742338574888e-05,-1.4942119264555386e-06,8.986506547449709e-06,0.08515754472670292,0.19874070918118691,0.7709406435693477,0.5721999343881607,-35.77399773852097,0.7742154622465924,0.5758089211235047,-35.71398914752488,-0.054966091571611975,-0.01110884100198746,3.508738518673458,1.5720445759686175,1.5713526218146563,-0.017297546919735247
34.99999999999945,walk,walk,-0.0,-0.0,0.0,0.967195324080793,0.07008996521291953,-1.0449162005523276,-0.004153544764705372,4.388457331401626e-05,7.723749152465518e-07,-0.00017006417885376753,3.3728383977927145e-05,-1.6194687266384536e-06,9.003969313454623e-06,0.08516234200155007,0.19874138653626217,0.7709495463654019,0.5722081598291398,-35.77411964789198,0.7742262429678948,0.5758171167621613,-35.71445369598871,-0.05496892714707743,-0.01110835671424866,3.509001462221373,1.5720445125103024,1.5713519419491768,-0.017312023357071136
35.01999999999946,walk,walk,-0.0,-0.0,0.0,0.9671919437342303,0.07012817220432493,-1.044918183558286,-0.004143215157040756,4.282207964199018e-05,7.731846333021069e-07,-0.0001700546920613531,3.347440422809861e-05,-1.7643695361852751e-06,9.016706618324623e-06,0.08516714226889607,0.1987419305428051,0.7709584499233746,0.5722165193805695,-35.7742176343993,0.7742370134790908,0.5758252974996567,-35.71491908970365,-0.05497171503838592,-0.011107857525348666,3.509261805868334,1.5720444227354824,1.5713512658089877,-0.01732579824274758
35.03999999999947,walk,walk,-0.0,-0.0,0.0,0.9671885635440826,0.07016608986784457,-1.0449203283758666,-0.0041328688495277386,4.1761080131143524e-05,7.740842068387901e-07,-0.00017004334445989223,3.3222517129911885e-05,-1.9046358456659719e-06,9.031809884260901e-06,0.08517192478992794,0.19874253492927263,0.7709673542566271,0.5722248193273545,-35.77432648217095,0.7742477734337632,0.5758334186325074,-35.71539328165641,-0.054974456318906385,-0.011107391864061358,3.509515801475059,1.5720443084499638,1.5713506073639274,-0.017338580635685615
35.059999999999484,walk,walk,-0.0,-0.0,0.0,0.9671851834371047,0.07020370213996369,-1.044922632674729,-0.004122504565926692,4.0699013598918084e-05,7.738606647277473e-07,-0.00017003673582703487,3.295407226726643e-05,-2.0439119284658233e-06,9.047671471480169e-06,0.08517669499048032,0.1987432001779348,0.7709762598474295,0.5722330596694947,-35.77444632443102,0.7742585235837599,0.5758416291723252,-35.71584968281611,-0.054977151449286735,-0.011106896400451663,3.509768510160728,1.5720441700257985,1.5713499247044802,-0.017351371175905437
35.079999999999494,walk,walk,-0.0,-0.0,0.0,0.9671818036066238,0.07024102128400786,-1.0449250872177183,-0.004112125181973163,3.9631430476237285e-05,7.742577104646792e-07,-0.0001700163026452613,3.270078857091254e-05,-2.173446780851918e-06,9.060700401750608e-06,0.08518147503020103,0.1987440138083869,0.7709851648084098,0.5722411510000229,-35.77459271885334,0.7742692628837292,0.5758497950086594,-35.71631208833014,-0.05497980079468661,-0.01110637113451958,3.5100199607064306,1.572044009368312,1.5713492737100005,-0.017362886488639047
35.099999999999504,walk,walk,-0.0,-0.0,0.0,0.9671784241264039,0.07027803203178487,-1.04492770591102,-0.004101727138725989,3.856708369688136e-05,7.740635872910476e-07,-0.00016999641131679286,3.242926068537733e-05,-2.3189874308673923e-06,9.077609285897214e-06,0.0851862501786072,0.19874464863071817,0.7709940697752037,0.5722494211444855,-35.774706998356905,0.7742799898034816,0.5758578565368653,-35.71679092023127,-0.05498240454394656,-0.011105797439813617,3.5102716470650535,1.5720438266787482,1.571348591981876,-0.017374617117856133
35.119999999999514,walk,walk,-0.0,-0.0,0.0,0.9671750445772448,0.07031474784462918,-1.0449305095194563,-0.004091313897929594,3.751557257781875e-05,7.746709631324426e-07,-0.00017000341961682263,3.21746668256378e-05,-2.4829980472224177e-06,9.090577318613567e-06,0.08519096565039429,0.19874525598568538,0.7710029770769559,0.5722577210912705,-35.77481650566648,0.7742907078804606,0.5758660521755219,-35.71724431486385,-0.05498496349445178,-0.01110527962446213,3.5105153273938887,1.5720436226618884,1.5713479121163965,-0.01738579602730672
35.139999999999525,walk,walk,-0.0,-0.0,0.0,0.9671716650157244,0.07035116692056888,-1.0449334928290333,-0.004080881020613099,3.6470215860433764e-05,7.742577121697172e-07,-0.0001700008498449008,3.191514257544838e-05,-2.6379822240981583e-06,9.108524369796738e-06,0.08519571639187462,0.19874601376140355,0.7710118857878471,0.5722658720264435,-35.77495300153945,0.7743014167881344,0.5758742180118561,-35.71770137306362,-0.05498747869491888,-0.01110477298498154,3.5107546713189066,1.5720433986254057,1.5713472434267879,-0.01739624079432375
35.159999999999535,walk,walk,-0.0,-0.0,0.0,0.9671682857196933,0.07038728111932396,-1.0449366447867405,-0.004070434754827136,3.542400647531227e-05,7.742640277797583e-07,-0.00016998361288911312,3.1648426949937304e-05,-2.784013573928641e-06,9.119536602028325e-06,0.08520045837106273,0.19874678615345331,0.7710207942139087,0.5722740080604554,-35.775092006074104,0.7743121143595918,0.5758822944412232,-35.71817232048804,-0.05498994950532733,-0.011104109883308413,3.511002935638527,1.5720431546778986,1.5713465495914698,-0.017406814714170854
35.179999999999545,walk,walk,-0.0,-0.0,0.0,0.9671649065938049,0.07042310250397324,-1.0449399636303542,-0.0040599706665053045,3.437168462410866e-05,7.738254888810672e-07,-0.00016997434474814874,3.139509903472604e-05,-2.93010587252593e-06,9.135881778104296e-06,0.08520519590093394,0.19874757379900176,0.7710297029923078,0.572282129193306,-35.77523381451244,0.7743228018368679,0.5758904900798798,-35.718620106529784,-0.05499237650307337,-0.011103506386280063,3.511242968681109,1.57204289197958,1.5713458715886355,-0.017416568859220178
35.199999999999555,walk,walk,-0.0,-0.0,0.0,0.9671615275323496,0.0704586310053242,-1.0449434757237255,-0.004049488608034975,3.332607821984425e-05,7.737341712957639e-07,-0.00016997238799557063,3.1139231240416654e-05,-3.101957318134155e-06,9.151711597796172e-06,0.0852099306027331,0.1987482585218453,0.7710386131561303,0.572290354634285,-35.77535717363222,0.7743334793930322,0.5758986410150528,-35.719074148946994,-0.05499476061722635,-0.011102910339832309,3.511479025312199,1.5720426118921917,1.5713452056929946,-0.017425631185526726
35.219999999999565,walk,walk,-0.0,-0.0,0.0,0.9671581485030118,0.07049387035373854,-1.044947181091814,-0.004038991224077809,3.228371212722194e-05,7.738620136965288e-07,-0.00016997122918216065,3.088781761847781e-05,-3.269831894324482e-06,9.165028798277939e-06,0.08521466655130247,0.19874903378211273,0.7710475244504096,0.5722984906682969,-35.77549680229844,0.7743441475827278,0.5759068217525483,-35.71952119215652,-0.05499710207530942,-0.01110227704048157,3.5117146584468797,1.5720423140830226,1.5713445053384185,-0.017435093712340054
35.239999999999576,walk,walk,-0.0,-0.0,0.0,0.9671547694158212,0.07052881579520236,-1.0449510700680258,-0.004028479546093275,3.1243677585139946e-05,7.739556632146633e-07,-0.00016997433547135348,3.063074172559745e-05,-3.4290822008974955e-06,9.177564532921275e-06,0.08521935217258074,0.19874982570103727,0.7710564375021848,0.5723066118011475,-35.77563948396449,0.774354806691249,0.5759149130830765,-35.719982711214456,-0.054999401691745727,-0.011101677268743518,3.5119443110751805,1.572041999411026,1.5713438170910359,-0.017443867523969092
35.259999999999586,walk,walk,-0.0,-0.0,0.0,0.9671513904093748,0.07056346781897392,-1.044955141911398,-0.004017950892455711,3.020502145496703e-05,7.737627663534028e-07,-0.00016996826234629082,3.0375223478337157e-05,-3.5885751278422065e-06,9.192866634951842e-06,0.0852240689325468,0.1987506186835868,0.7710653516175849,0.5723147329339981,-35.77578229787073,0.774365455630396,0.5759229746112824,-35.72044767591825,-0.05500166016937096,-0.01110106632113457,3.5121716036991373,1.5720416699404094,1.5713431651652336,-0.017451436789732083
35.279999999999596,walk,walk,-0.0,-0.0,0.0,0.9671480114446274,0.07059783374738701,-1.044959401055357,-0.004007404472964131,2.9168275958862325e-05,7.733286329793003e-07,-0.00016996719914922574,3.012683554178372e-05,-3.752809406527919e-06,9.208704999884054e-06,0.08522875899575917,0.1987514722270599,0.7710742666892639,0.572322794462204,-35.77593600774951,0.7743760951454994,0.5759311106452942,-35.7208976029975,-0.055003877386328934,-0.011100377142429355,3.5124018426483197,1.5720413249134957,1.5713424620166898,-0.017459859277778406
35.299999999999606,walk,walk,-0.0,-0.0,0.0,0.9671446324981396,0.07063190399285578,-1.0449638589614054,-0.003996841757537094,2.8140600167578028e-05,7.729273214770846e-07,-0.000169967619190805,2.9867500297268407e-05,-3.927446337625005e-06,9.222901957749753e-06,0.08523345267152974,0.19875226760322973,0.7710831831982844,0.5723309155950547,-35.776079286362645,0.7743867248747899,0.5759391870746613,-35.72135645693477,-0.05500605315418074,-0.011099624633789065,3.512633822497159,1.5720409655238174,1.5713417877391458,-0.017467252330448466
35.31999999999962,walk,walk,-0.0,-0.0,0.0,0.9671412537458117,0.07066570198742661,-1.0449685094599372,-0.003986262457186606,2.7115807535111277e-05,7.729163239050745e-07,-0.00016995689527789633,2.9633755263983426e-05,-4.0941733866826115e-06,9.237636169684526e-06,0.08523814261197014,0.19875325590084947,0.7710920989136593,0.5723388430128098,-35.776257105619976,0.7743973443653084,0.5759473082075119,-35.72180539440041,-0.05500818843952009,-0.011098946630954745,3.5128566637548353,1.5720405915587894,1.5713410827279568,-0.017475033848272006
35.33999999999963,walk,walk,-0.0,-0.0,0.0,0.9671378752577895,0.07069923291256427,-1.0449733462388981,-0.003975666659046568,2.608767062648309e-05,7.726397956812133e-07,-0.00016994363353940842,2.9400744804454134e-05,-4.256364583209461e-06,9.25217050103164e-06,0.0852428159026276,0.19875419824913731,0.7711010133831858,0.5723468151340485,-35.776426636250896,0.7744079534277345,0.5759553995380402,-35.722257805936074,-0.055010283514586124,-0.011098220199346545,3.5130801709674246,1.5720402041820256,1.5713404019311548,-0.017481921705167453
35.35999999999964,walk,walk,-0.0,-0.0,0.0,0.9671344968269818,0.07073249484561296,-1.0449783790723386,-0.003965057166929962,2.5060436120567568e-05,7.726489354179039e-07,-0.00016994393480368128,2.916602076348459e-05,-4.429099068288117e-06,9.264127351587993e-06,0.08524747633774495,0.19875509666183133,0.7711099286206021,0.5723548319587708,-35.77658842025514,0.7744185530727982,0.575963535572052,-35.722700553543646,-0.055012338849426544,-0.011097490042448047,3.5133008254044,1.5720398035884882,1.5713397034392238,-0.01748892220911822
35.37999999999965,walk,walk,-0.0,-0.0,0.0,0.9671311183202925,0.07076548110310514,-1.0449836191808453,-0.0039544350051030795,2.4040094987991834e-05,7.726388348235048e-07,-0.00016995064183445517,2.8924743909369682e-05,-4.6109671097767195e-06,9.275222984559777e-06,0.08525213332315422,0.19875595209660069,0.7711188455835774,0.5723628934869767,-35.7767425303219,0.7744291438813021,0.5759716120014191,-35.723152478297855,-0.05501435511960862,-0.011096771061420443,3.5135174987145508,1.572039390437035,1.5713390123978734,-0.017495448084660668
35.39999999999966,walk,walk,-0.0,-0.0,0.0,0.9671277398122285,0.07079818543168366,-1.044989063429004,-0.003943796563699164,2.3024181162308288e-05,7.721630730836576e-07,-0.00016995178282924015,2.8678415835438317e-05,-4.7882900116451645e-06,9.290176516389342e-06,0.08525677708270689,0.19875688320893803,0.7711277637183146,0.5723708805093766,-35.77691021598854,0.7744397250682968,0.5759796586284638,-35.72360797169277,-0.055016333436692384,-0.011096104234457019,3.5137270271265497,1.5720389669276202,1.5713383679226518,-0.01750063096159953
35.41999999999967,walk,walk,-0.0,-0.0,0.0,0.9671243611072131,0.07083061518330466,-1.0449947156278312,-0.003933140191280033,2.201400815459714e-05,7.717229260626985e-07,-0.00016996645338723237,2.844023668463447e-05,-4.970807278549226e-06,9.30608136513764e-06,0.08526139883318973,0.19875777193768118,0.7711366841729412,0.57237891223526,-35.77707036825735,0.7744502983787772,0.575987749958992,-35.72405414818434,-0.05501827340910581,-0.011095318198204043,3.5139429931289037,1.5720385319691481,1.5713376657054305,-0.0175069191262853
35.43999999999968,walk,walk,-0.0,-0.0,0.0,0.967120982272206,0.07086276946174676,-1.0450005810718443,-0.003922465726081415,2.101404028065339e-05,7.709328132745986e-07,-0.00016997480674681853,2.8199734969188566e-05,-5.156936943446631e-06,9.322106679492718e-06,0.08526603340171475,0.19875875159284673,0.7711456061470231,0.5723868545541764,-35.777246812293924,0.7744608632598533,0.5759958114871979,-35.72450411287831,-0.05502017524098912,-0.011094517260789874,3.514157117425925,1.5720380861865078,1.5713369821146608,-0.017512502619584664
35.45999999999969,walk,walk,-0.0,-0.0,0.0,0.9671176032798547,0.07089467287626844,-1.0450066547251473,-0.003911777447805902,2.0019037708179606e-05,7.71387277924167e-07,-0.00016998624046970538,2.7984471446711302e-05,-5.338169808735661e-06,9.333893985716687e-06,0.08527064333353099,0.19875973259470525,0.771154529467798,0.5723947968730927,-35.77742349465066,0.7744714204415638,0.5760038730154038,-35.72495276005539,-0.05502203923627972,-0.01109370514750481,3.5143691250718163,1.5720376292272469,1.5713362705842138,-0.017518486902157304
35.4799999999997,walk,walk,-0.0,-0.0,0.0,0.9671142241571342,0.07092631295204121,-1.0450129384842848,-0.0039010734732090125,1.902772376710253e-05,7.711744210690396e-07,-0.0001699953926597773,2.7752285398850763e-05,-5.521762238393018e-06,9.348111384756837e-06,0.0852752653355573,0.19876068552645676,0.7711634545207882,0.5724027689943314,-35.77759515663604,0.7744819691702046,0.5760118898401261,-35.72540786091269,-0.055023865645750465,-0.011092874407768252,3.514579629398161,1.572037162149992,1.5713355841994763,-0.017523632816118677
35.49999999999971,walk,walk,-0.0,-0.0,0.0,0.9671108452597916,0.07095768269027491,-1.0450194182495236,-0.0038903524116220565,1.8036434661610874e-05,7.707265529974868e-07,-0.00016998245548920362,2.7516426572976028e-05,-5.690454210231239e-06,9.363357430262364e-06,0.08527988385290873,0.1987618162031033,0.7711723785047391,0.5724105623016358,-35.77779858310319,0.7744925068774947,0.5760198321590424,-35.72587419278707,-0.05502565572440808,-0.011092133074998858,3.5147801500353157,1.572036685853815,1.5713349052653194,-0.01752839003917963
35.51999999999972,walk,walk,-0.0,-0.0,0.0,0.9671074661582807,0.07098878849338215,-1.0450261068072553,-0.0038796153103024525,1.704563317923462e-05,7.704452921136619e-07,-0.00017000117983099507,2.728727700051453e-05,-5.8759041980516226e-06,9.37739802640539e-06,0.08528447033205569,0.19876272559552177,0.7711813047218798,0.5724185791263581,-35.77796246424981,0.7745030372767738,0.5760279234895707,-35.72631270215389,-0.05502740962753073,-0.011091317236423495,3.514983736782302,1.5720362010837468,1.571334233781743,-0.01753277413752548
35.53999999999973,walk,walk,-0.0,-0.0,0.0,0.96710408680444,0.07101963680563793,-1.0450330249025475,-0.003868863147117398,1.6064174890565843e-05,7.701521578066518e-07,-0.00017001769894090457,2.706345704838147e-05,-6.077489437912092e-06,9.390732293922297e-06,0.08528905745680396,0.19876374106331351,0.7711902327062655,0.572426491642952,-35.77814536860467,0.7745135604888475,0.5760359701166153,-35.72675794100902,-0.05502912784986092,-0.011090508848428729,3.515183904917964,1.5720357070604218,1.5713335259765864,-0.017537802095512436
35.55999999999974,walk,walk,-0.0,-0.0,0.0,0.9671007072624442,0.07105023154359301,-1.0450401584457003,-0.0038580955788501715,1.5087656022156653e-05,7.699570975952291e-07,-0.00017003071104140785,2.6842793511356454e-05,-6.2634401733833535e-06,9.404483999649566e-06,0.08529362888368051,0.19876480278827435,0.7711991622443367,0.5724343594560624,-35.77833659921182,0.7745240757290525,0.5760439571390152,-35.72721241956777,-0.055030810287671685,-0.01108963340520859,3.5153865643141127,1.5720352038809584,1.5713328200340748,-0.01754256315595028
35.57999999999975,walk,walk,-0.0,-0.0,0.0,0.9670973278355608,0.07108057980359131,-1.0450474971430617,-0.0038473145576195245,1.4111180148310551e-05,7.701297878736103e-07,-0.00017002497978617047,2.662877757175888e-05,-6.441247974358781e-06,9.416178887538227e-06,0.08529821935601899,0.19876592340147103,0.771208091065999,0.5724421676645279,-35.778538244317396,0.774534581076119,0.5760518696556092,-35.72767837818592,-0.05503245725433497,-0.01108876168727875,3.5155861090628515,1.5720346920507648,1.5713321178168536,-0.017547032454066205
35.59999999999976,walk,walk,-0.0,-0.0,0.0,0.9670939482763057,0.07111068125148616,-1.0450550568085837,-0.0038365161425793653,1.3137942753257276e-05,7.697276313188487e-07,-0.00017003984194140465,2.6413397705196262e-05,-6.6370722806992195e-06,9.432130835847719e-06,0.08530278379539709,0.1987669856555324,0.7712170211331707,0.5724500354776383,-35.778729558094355,0.7745450785775005,0.5760599609861374,-35.72811091467769,-0.05503406954594671,-0.011087927222251895,3.515779945155169,1.5720341733921834,1.5713314565778256,-0.017550373528730318
35.61999999999977,walk,walk,-0.0,-0.0,0.0,0.9670905685789207,0.07114053004749896,-1.0450628377433338,-0.003825702891960012,1.2169135336247722e-05,7.694095802460376e-07,-0.00017004998997591908,2.6192458025177406e-05,-6.829063567335424e-06,9.444902611781293e-06,0.0853073500642943,0.19876807891627846,0.7712259524047047,0.5724578734884262,-35.77892643098123,0.7745555677584914,0.5760679033050538,-35.72856871726555,-0.055035647477085496,-0.011087055504322055,3.5159740265722292,1.5720336468595084,1.5713307450473786,-0.017554726431867822
35.63999999999978,walk,walk,-0.0,-0.0,0.0,0.9670871888992979,0.07117011736476543,-1.0450708309429226,-0.003814872229240997,1.1198537256977258e-05,7.685669537072738e-07,-0.00017005175296957423,2.596353664417361e-05,-7.0133557086439774e-06,9.46067260310559e-06,0.08531191481854387,0.19876920231562123,0.7712348840125131,0.5724656816968918,-35.77912866726851,0.7745660473269059,0.5760758158216477,-35.72903006121857,-0.05503719052165536,-0.01108607575297356,3.516173926444967,1.5720331128183906,1.5713300474867702,-0.017558563619453824
35.65999999999979,walk,walk,-0.0,-0.0,0.0,0.9670838090099131,0.0711994660752234,-1.0450790441190656,-0.0038040278182274135,1.0231574750207995e-05,7.687788060719428e-07,-0.00017006946680549374,2.5758899087068365e-05,-7.206945941403285e-06,9.47239250128982e-06,0.08531643910729207,0.19877032700095532,0.7712438169063127,0.5724734899053574,-35.77933121124688,0.7745765196545386,0.5760838177452088,-35.72947420605104,-0.05503869955338459,-0.011085189133882525,3.5163637127574767,1.5720325716878432,1.5713293499261618,-0.0175622359912638
35.6799999999998,walk,walk,-0.0,-0.0,0.0,0.9670804288856345,0.07122856892054716,-1.045087487915654,-0.0037931685606238776,9.274171627583511e-06,7.684801426415315e-07,-0.00017008640646257284,2.554270918177948e-05,-7.4088997466907715e-06,9.485815767983182e-06,0.08532097810926054,0.19877142356386612,0.7712527514800115,0.5724813279161454,-35.77952871919908,0.7745869843930955,0.5760917451629639,-35.729930345813585,-0.055040175414455474,-0.011084309965372088,3.516550292736207,1.5720320239930783,1.5713286588848114,-0.017565599869666833
35.69999999999981,walk,walk,-0.0,-0.0,0.0,0.9670770482234436,0.07125742286858133,-1.045096169225268,-0.0037822942424102905,8.326332632361594e-06,7.680115446155555e-07,-0.00017012312712750665,2.532586274863532e-05,-7.617361778056644e-06,9.49925692784439e-06,0.08532546959240021,0.1987725237425605,0.7712616896694938,0.5724891659269333,-35.77972703186299,0.7745974439288723,0.5760997917900086,-35.73036429439777,-0.055041618362561065,-0.01108338609337807,3.5167378271356613,1.5720314695990416,1.5713279529422999,-0.017569161112919323
35.71999999999982,walk,walk,-0.0,-0.0,0.0,0.9670736672992234,0.0712860428109908,-1.045105072775384,-0.003771405264059236,7.384526030377305e-06,7.682208827224522e-07,-0.00017013739589194604,2.512383066195202e-05,-7.808267957078686e-06,9.512252253063472e-06,0.08532999382493174,0.19877377413024921,0.7712706290563586,0.5724968549261094,-35.77995217522558,0.7746078961128482,0.5761076596031189,-35.7308289135488,-0.05504302841634434,-0.011082447320222857,3.5169239231160105,1.5720309088190123,1.5713272535190463,-0.01757241321788937
35.73999999999983,walk,walk,-0.0,-0.0,0.0,0.967070286036664,0.07131442170513008,-1.0451141948167935,-0.0037604994770084783,6.446800147797818e-06,7.675098480920578e-07,-0.0001701614951283602,2.4912350356964555e-05,-7.999738147022725e-06,9.527372177104235e-06,0.08533449007168811,0.1987749671770691,0.7712795707069993,0.5725046035299302,-35.780167105995965,0.7746183416019811,0.5761156019220353,-35.731278990972356,-0.055044405858030984,-0.011081467568874362,3.517110704569826,1.572030341662446,1.571326542919922,-0.01757578329469108
35.75999999999984,walk,walk,-0.0,-0.0,0.0,0.967066904516267,0.0713425702274549,-1.0451235536395265,-0.003749579065962425,5.521300985768778e-06,7.674133968560618e-07,-0.00017018010839057264,2.471332864873446e-05,-8.208113790043236e-06,9.540108265693062e-06,0.08533898428186804,0.19877617625129507,0.7712885134838848,0.5725123372325898,-35.7803848121362,0.7746287799943332,0.5761235293397904,-35.731730428809264,-0.05504575100465978,-0.011080510169267657,3.517293132869288,1.5720297689754479,1.5713258537412167,-0.01757851261073782
35.77999999999985,walk,walk,-0.0,-0.0,0.0,0.9670635228156687,0.07137048143626867,-1.0451331282538996,-0.003738642134153724,4.5959033417393705e-06,7.667645132966936e-07,-0.00017019339645118375,2.4505119266275234e-05,-8.393365737830633e-06,9.555032584898807e-06,0.08534348497315132,0.19877747564081882,0.771297457169101,0.5725199815282822,-35.78061877435957,0.7746392104302873,0.5761314120540619,-35.7321884190991,-0.05504706424994287,-0.011079526692628863,3.5174751161922724,1.5720291908424646,1.5713251533866406,-0.01758138356413448
35.79999999999986,walk,walk,-0.0,-0.0,0.0,0.9670601408536436,0.07139814415485368,-1.045142926560219,-0.003727688840218509,3.6713919925817307e-06,7.663809554210255e-07,-0.0001702133020944835,2.4287325884079772e-05,-8.590490903493508e-06,9.569448462837828e-06,0.08534797223428867,0.19877859837806744,0.7713064030159764,0.572527804637909,-35.78082103892656,0.7746496330037542,0.5761392202625275,-35.73265841405515,-0.05504834593161327,-0.01107854321599007,3.5176545932586407,1.572028607098646,1.5713244446501613,-0.017584318281596362
35.81999999999987,walk,walk,-0.0,-0.0,0.0,0.9670567584629808,0.07142558650743425,-1.0451529548545302,-0.0037167196163484656,2.7502703665229624e-06,7.663147932932269e-07,-0.00017024235282358518,2.4099475823963846e-05,-8.791644804142642e-06,9.583606436030414e-06,0.0853524359008279,0.19877988694888915,0.7713153507836518,0.5725354638347626,-35.781053118758564,0.7746600501928694,0.5761471923837662,-35.73309813868813,-0.05504959624370464,-0.011077529937028888,3.517833954479718,1.5720280182537134,1.5713237461582303,-0.017586889400742312
35.83999999999988,walk,walk,-0.0,-0.0,0.0,0.9670533755622983,0.07145280966762248,-1.0451632165197349,-0.003705739773417327,1.8352800970022151e-06,7.662967469131112e-07,-0.000170275056042102,2.3907418045642855e-05,-8.995607048835822e-06,9.592494478072433e-06,0.08535690710569244,0.1987811928048333,0.7713243009352884,0.5725431081304551,-35.78128835359124,0.7746704625026835,0.5761551645050049,-35.733537007003044,-0.05505081554641624,-0.011076520383358004,3.518010558193373,1.572027425312716,1.571323068155396,-0.01758888134047825
35.85999999999989,houtaitui_play,houtaitui,0.0,0.0,0.0,0.9670500926953634,0.07147974508275065,-1.045170652436418,-0.003694848504347995,-3.2421183220430005e-07,7.416681744713847e-07,-0.000163961749428773,2.365443260388666e-05,-5.9737264115783e-06,9.49109841707429e-06,0.0853612135361012,0.1988117423914838,0.7713324745714613,0.5725207321799775,-35.78672434487014,0.7746802182037094,0.5761482402682266,-35.7364868912033,-0.0550520950130956,-0.011089457663554386,3.5170818655670084,1.5720251082348649,1.5712723340911858,-0.018733766399998273
35.8799999999999,houtaitui_play,houtaitui,0.0,0.0,0.0,0.9670473317340068,0.0715066603799139,-1.0451559609862366,-0.003684651587593541,-1.1002462301290496e-06,5.665573972537763e-07,-0.00013177107164558032,2.3711351422679023e-05,1.6308107686952326e-05,8.744429531337391e-06,0.08535395047917002,0.1989615836725943,0.7713365818234107,0.5723749981508164,-35.81337198133461,0.7746867296403284,0.5761031479397217,-35.74552156390801,-0.055053939142922365,-0.011173753471273045,3.5105199259138624,1.5720110532745493,1.5709417693815402,-0.02620908743395112
35.89999999999991,houtaitui_play,houtaitui,0.0,0.0,0.0,0.9670459951971155,0.07153513472686482,-1.0450629316817042,-0.003676776394003797,-1.6681613948470672e-06,1.3221274378729573e-07,-4.466865974884785e-05,2.5311552274042018e-05,9.356417291107404e-05,6.371740650316711e-06,0.08532677580742808,0.19931829851702432,0.7713298432417665,0.5720115447247421,-35.87674117677482,0.774684334399472,0.5759907762361878,-35.76463763225681,-0.05505753946257837,-0.011384444177643206,3.4940556596063383,1.5719660588615607,1.5701150831355393,-0.04463354418168532
35.91999999999992,houtaitui_play,houtaitui,0.0,0.0,0.0,0.9670475242747317,0.07156786416905125,-1.0446753077631552,-0.0036773620813329096,-3.638059660930467e-05,-1.4304859820588724e-07,0.00014377802991770707,2.920599455914804e-05,0.0003824147738141269,-2.5948886938617373e-06,0.08527560609671725,0.1999356060775903,0.7713016231742562,0.5713660170966659,-35.98620600893059,0.7746635707082385,0.5757916312143799,-35.795347503922834,-0.05506474917028688,-0.011760890226277926,3.4647248338599357,1.5718642088271908,1.5686355130837775,-0.07706147744232214
35.939999999999934,houtaitui_play,houtaitui,0.0,0.0,0.0,0.9670567203285407,0.07161038919974741,-1.0435790210193363,-0.003713578241076144,-0.00023456506193833776,-3.8671388444687375e-05,0.0006527770841329915,3.734030375868372e-05,0.0010640951537510444,-3.701263803264556e-05,0.08519755460531113,0.20081544019510922,0.7712182399311323,0.570402799736023,-36.14048932382761,0.7745922215957622,0.5754957888183595,-35.832045996706164,-0.055078914384525446,-0.012329589787721638,3.420715469392527,1.5715453239256898,1.5663942863262177,-0.11689467345628525
35.959999999999944,houtaitui_play,houtaitui,0.0,0.0,0.0,0.9670837254814089,0.07171284230538476,-1.0412310508109837,-0.0037740914948108323,-0.0006674022666263632,-0.00014987951709947522,0.001759069435269316,9.65038507961945e-05,0.0022028267364152584,-5.821508921335763e-05,0.08508236176164852,0.20189624214827062,0.7710079588407375,0.5691117166924669,-36.3254942269095,0.7744013383744324,0.5751066984167237,-35.85875585478989,-0.05513301132076793,-0.013105381246248632,3.365351668431922,1.5701545306271156,1.5633187126015813,-0.11839845320485376
35.979999999999954,houtaitui_play,houtaitui,0.0,0.0,0.0,0.9671442925630039,0.07191656606178712,-1.0376304932436697,-0.004053757804432791,-0.0013366818656724072,-0.00033482406157456826,0.0036898886209909116,0.00018120635565412272,0.003258983569734872,-0.00029131081540718684,0.08490912275182175,0.20309225193371394,0.7705614023894513,0.5674691504557373,-36.52301428503148,0.773980832437731,0.5746753792331925,-35.84323981488319,-0.05525544211388651,-0.01404302932733803,3.303486906941743,1.567451744745662,1.559371211146009,-0.10458090933622989
35.999999999999964,houtaitui_play,houtaitui,0.0,0.0,0.0,0.9672545761474374,0.07241920622469228,-1.03234992652075,-0.005221496798581032,-0.0022371174863079117,-0.0005592793020581749,0.006469169832730321,0.0004530036475500513,0.004790212281167225,-0.0011448100460293448,0.08465503772679654,0.20424829410552858,0.7697642938500462,0.5655159997445176,-36.70473102645615,0.7732232506291118,0.5742194065206299,-35.76338796891769,-0.05551802370446401,-0.015139920069295508,3.2447652933785522,1.563625347578758,1.5545388860705327,-0.09193241081027914
36.019999999999975,houtaitui_play,houtaitui,0.0,0.0,0.0,0.9674270177257606,0.07379384478558722,-1.0243252847428816,-0.007761915470480618,-0.0033734370312538805,-0.0008485765026474044,0.009963079494240943,0.0012731646075446112,0.00730376791761052,-0.002374836635038071,0.08431429350798143,0.20520494234869002,0.7685219618407052,0.5633170194920152,-36.843441458488336,0.7720544095552709,0.5737433541688538,-35.60758209483504,-0.05595646805276218,-0.016387853147058873,3.1897745875050187,1.558812999643279,1.5488186464393723,-0.08111453323382231
36.039999999999985,houtaitui_play,houtaitui,0.0,0.0,0.0,0.9676703781410858,0.07641419348867169,-1.0121689279563695,-0.01227335736144128,-0.004804474853649167,-0.0012150162887595304,0.014022412688698914,0.002381327730079226,0.011055035768011522,-0.004197621346666186,0.08389521774117054,0.20583412137408974,0.7667692204713417,0.5609350990972519,-36.91772908921913,0.7704213501801382,0.5732332290802002,-35.37057111567025,-0.0566007690915597,-0.01781678180456162,3.138383650963582,1.5530932237222372,1.5422265942040563,-0.07197786967444139
36.059999999999995,houtaitui_play,houtaitui,0.0,0.0,0.0,0.9679887981528702,0.07992106474087185,-0.9942676646671401,-0.01918859321900437,-0.0064964929146241746,-0.0017261881795704356,0.018425623857005236,0.0030785941403859794,0.01623313772076477,-0.006327212192786474,0.0834086745869427,0.20603307214099753,0.7644865915580416,0.558453519417044,-36.91342361006818,0.768287706887032,0.5726480839158783,-35.05383269722102,-0.057502061500203094,-0.019429433391642,3.0957976870132247,1.5465035912390654,1.534764896743328,-0.06397028179571546
36.080000000000005,houtaitui_play,houtaitui,0.0,0.0,0.0,0.9683821355453465,0.08417646637502593,-0.9692120445146551,-0.02856927269854626,-0.008378576242960496,-0.0023301599357774174,0.022935623429895368,0.0036866195525417666,0.02259754391225609,-0.00849210566739603,0.08287887698573426,0.2057654481083535,0.7616777603333398,0.5559123122249863,-36.825393748201876,0.7656494622254756,0.5719938745971924,-34.658354137733184,-0.05870719979055561,-0.021217770851473236,3.0660664158919895,1.5390799908550055,1.526510808976624,-0.056197269970442554
36.100000000000016,houtaitui_play,houtaitui,0.0,0.0,0.0,0.9688473170352976,0.08937264794498094,-0.9363507126349432,-0.04045261177436159,-0.01037289045988032,-0.002968226287376375,0.027328602899071658,0.004487156764739424,0.02942775024102231,-0.010698761624456165,0.08234947704944219,0.20497082574104175,0.7583573123958972,0.5533864866548555,-36.64348920039108,0.7625265131638306,0.5712242477521714,-34.19798077842909,-0.060241874757071975,-0.023201989048037337,3.048442684886958,1.5308862319553949,1.5175681491614363,-0.04868567596808182
36.120000000000026,houtaitui_play,houtaitui,0.0,0.0,0.0,0.9693792745234715,0.09527724405582165,-0.8961168924874187,-0.054946452550948724,-0.012406697310270866,-0.0036710010938657152,0.03139523690389418,0.005094623393762214,0.03575067006858779,-0.01300252585250482,0.08187899174188504,0.2035824240807892,0.7545598884831193,0.5509774644023301,-36.35752315789946,0.7589411126187804,0.5702804502268799,-33.68711009763333,-0.06210818155787112,-0.02540090259546738,3.0402320349971994,1.5220215354711106,1.508070819039478,-0.0417909563944886
36.140000000000036,houtaitui_play,houtaitui,0.0,0.0,0.0,0.9699710414129971,0.10138385331625432,-0.8499616467562127,-0.07223624179117645,-0.014429524638493075,-0.004467787571150962,0.0349381733596717,0.005092009145531355,0.04070283437713521,-0.015480212858386409,0.08153693892468518,0.20158324448624776,0.7503372235693091,0.5487539790830613,-35.96576371753289,0.7549213401534431,0.5691219415149689,-33.13853158314441,-0.06429354029479224,-0.027827852061986916,3.0385535888770203,1.5126315405850423,1.498214825414467,-0.03590259612582791
36.160000000000046,houtaitui_play,houtaitui,0.0,0.0,0.0,0.9706136644508928,0.10646334661284541,-0.8000717089157814,-0.0937054476514112,-0.016424360240029943,-0.005284792306255375,0.037786959749909144,0.0039361596385886705,0.04367726048916789,-0.019388968846951255,0.08139839386838994,0.19898142583149026,0.7457686391244452,0.546787213292955,-35.47108775863378,0.7504942361961997,0.567661696392505,-32.57332233151399,-0.06676993824029952,-0.030481418755233025,3.0405284809131525,1.502903420990283,1.4882230297171146,-0.031522963012288685
36.18000000000006,houtaitui_play,houtaitui,0.0,0.0,0.0,0.9712961122748173,0.1087341786070679,-0.7489249871101531,-0.12156467517806877,-0.01840954807727144,-0.006104197357711038,0.03981634008343492,0.0012190926775052608,0.04447518819797079,-0.025228930456117744,0.08153004830943071,0.19584820563469096,0.7409607986286776,0.5451125929939866,-34.888734049811184,0.7456908623592942,0.5658121561170044,-32.01282154059948,-0.06948823731042411,-0.03332360643350504,3.044283713343491,1.4930614449654744,1.4783554639815484,-0.029200437423122894
36.20000000000007,houtaitui_play,houtaitui,0.0,0.0,0.0,0.9720054391448013,0.10786636176679656,-0.6987149641334612,-0.15777965782491243,-0.020443039058339926,-0.006782894618561094,0.04096771225930723,-0.0015422951486570762,0.04341430238392904,-0.03294931661182218,0.08197517000818239,0.19362727393542917,0.7360079749720355,0.5436288277608261,-34.25302559114666,0.7405869878202519,0.5635722681920167,-31.474296340551277,-0.07238393527818301,-0.03628682397221909,3.047684129608763,1.483400270980536,1.4690121575747166,-0.02866406979816921
36.22000000000008,houtaitui_play,houtaitui,0.0,0.0,0.0,0.9727272661154303,0.10334994822790271,-0.65077687444101,-0.2033795793758041,-0.02260128391799342,-0.007496946866771824,0.04126709999561532,-0.004929150014899219,0.041304541677210066,-0.04104329750805611,0.08273965399155747,0.19798358730613827,0.7310229922364607,0.5423070020000794,-33.59097162834263,0.73526945731351,0.5608807483283174,-30.98515337189588,-0.07541098365577563,-0.0393263116901985,3.0537257383760887,1.4742773142368069,1.4605886607965737,-0.03089173275520607
36.24000000000009,houtaitui_play,houtaitui,0.0,0.0,0.0,0.973446047091735,0.09473554982488244,-0.605227703762438,-0.25883760150994767,-0.02494526192175245,-0.008163925754010171,0.040785740220147804,-0.008579062549412333,0.039248526141869904,-0.04968499865960319,0.08375044794734474,0.2011343241821293,0.7261302398001317,0.5411287355718614,-32.929120829682056,0.7298403597346331,0.5577580984649658,-30.561350284711963,-0.0785363744659339,-0.042404939496517205,3.0629553961371974,1.4661053709499636,1.4535335065785526,-0.03715822387155926
36.2600000000001,houtaitui_play,houtaitui,0.0,0.0,0.0,0.9741461370167881,0.08217884300923871,-0.5610055936457197,-0.327191816770392,-0.0275064710417532,-0.008453886330429216,0.03963800871110773,-0.012057661534377179,0.038240765666094155,-0.06141465209818067,0.08490397223969334,0.20268292151797415,0.721445348335685,0.5401160716053086,-32.28361471823833,0.7244209822067719,0.5541906921544205,-30.228734483705978,-0.08177876714617624,-0.0454081612476742,3.0879200214316693,1.4592703036049315,1.4481193624902435,-0.04828846788211527
36.28000000000011,houtaitui_play,houtaitui,0.0,0.0,0.0,0.9748125176515355,0.06594917517929265,-0.5162087047821853,-0.41072291929661187,-0.030259527601539167,-0.008489794496243017,0.03794582970859434,-0.01531540971569626,0.0389933771769222,-0.07482396818311282,0.08603235378601697,0.20226346920161972,0.7170809782549248,0.5392535484982285,-31.677384490426455,0.7191334670343109,0.5502537850529541,-29.995661641146818,-0.08514239513637926,-0.04826284145292587,3.137299697477506,1.4540744518913722,1.4445944284403143,-0.06406735365816049
36.30000000000012,houtaitui_play,houtaitui,0.0,0.0,0.0,0.9754321788713669,0.046573287408852984,-0.4690929403190308,-0.5091835731685449,-0.03309489465626915,-0.008447833761937385,0.03577604915096719,-0.017987894059410432,0.04135564650049525,-0.08780895114189569,0.08693443629822478,0.19963555950067038,0.7131294015231141,0.538520021015297,-31.130450412086986,0.7140912328726006,0.5461600728139175,-29.845235855106974,-0.08855710016928386,-0.050947299173853065,3.1987605571873763,1.4507180593355757,1.4430939786761445,-0.08159706658867785
36.32000000000013,houtaitui_play,houtaitui,0.0,0.0,0.0,0.9759988867982122,0.025813885240207567,-0.42178711157334725,-0.6243319226747163,-0.03521211278220171,-0.009339532167825154,0.033002125389590964,-0.018990206137331576,0.04103930877866109,-0.10379004407966608,0.08754267081357188,0.1948874935814114,0.7096019017522902,0.5377814364398301,-30.66029172762557,0.7093690308663317,0.5422507169112549,-29.72171780977638,-0.09136203967797592,-0.05311831518658067,3.2139817131057646,1.4499977657693064,1.4431896323523685,-0.18071595005031077
36.34000000000014,houtaitui_play,houtaitui,0.0,0.0,0.0,0.9765112777298603,0.007350321291516285,-0.37400262842607307,-0.7608202669741102,-0.03695837795844878,-0.010396618558048406,0.030439259444670044,-0.01675883686014523,0.04183363463194254,-0.12093455724013072,0.0877330310826693,0.19046977898643142,0.7064463019329464,0.536158153081894,-30.41218091719631,0.70504431691487,0.5370572444448471,-29.909322884839884,-0.09204769816574973,-0.06006877794861794,2.589927239066276,1.4497683361577394,1.4417515139043808,-0.18644523844776983
36.36000000000015,houtaitui_play,houtaitui,0.0,0.0,0.0,0.9769719911681294,-0.011826349272742582,-0.32269457172496235,-0.8989033889234936,-0.0396337901853745,-0.01051801049285436,0.028186322261656873,-0.01772528889228155,0.0451798285061871,-0.12037806305584536,0.08729476609752693,0.19230340285604156,0.7037122584689244,0.5358621713171006,-30.00591028322354,0.7010702770412179,0.5321285512695313,-30.108308614714318,-0.09249585348082152,-0.06458832807838917,2.257369037166191,1.4489618894012815,1.4427724222600937,-0.12748330628179513
36.38000000000016,houtaitui_play,houtaitui,0.0,0.0,0.0,0.9773723654900615,-0.03215226066255998,-0.2677483232910009,-1.031464124955976,-0.042415453090698566,-0.010692313884607835,0.02541356947619478,-0.018422786279565662,0.048410869602801526,-0.11517147404330197,0.08658299635412198,0.1940770174924397,0.701469088089327,0.5360063549528122,-29.613139937284327,0.6975244697227453,0.5285820003995896,-30.140551682661975,-0.09358190975193455,-0.06494905911386013,2.3536550601732813,1.4487443632263037,1.4460228572547913,-0.06292757726061433
36.40000000000017,houtaitui_play,houtaitui,0.0,0.0,0.0,0.9776955406235056,-0.05121872505981883,-0.20884136068636236,-1.1571940046792235,-0.044878668283652466,-0.010893455433405594,0.021804223731522077,-0.016893910432741226,0.051941494421305016,-0.10915427714044326,0.08584322132302813,0.19909693370123702,0.6997895281997368,0.5360056098947525,-29.353733322797197,0.6945924008827901,0.5255705353269577,-30.201791656984415,-0.09530272826471926,-0.06390034146606922,2.609951073867921,1.4488019407994863,1.449602309888649,0.017439956680807
36.42000000000018,houtaitui_play,houtaitui,0.0,0.0,0.0,0.9779324065159827,-0.06788769653862446,-0.14726210992652958,-1.2754870819241275,-0.047024617300908414,-0.011400825876487634,0.01764557802745736,-0.01460716589546483,0.054126496674344535,-0.1025454945561858,0.08511644742460642,0.20343053460503374,0.6987205727391703,0.5360620256910325,-29.197704613530725,0.6923647243967522,0.5226561960229874,-30.37905656316842,-0.09732184889455794,-0.06292784977704287,2.864709142484561,1.449291468355932,1.4525585736096382,0.06351378593797653
36.44000000000019,houtaitui_play,houtaitui,0.0,0.0,0.0,0.9780808620252636,-0.08217753029496559,-0.08514678312685871,-1.3856408958290722,-0.04889364277809067,-0.012284471094366815,0.013186647656314394,-0.012440909057834643,0.05439729181724358,-0.09533028701751864,0.0843926292765833,0.2074473205097878,0.6982840361824545,0.5366267349967957,-29.065694548277783,0.6908528330286765,0.5197008189210892,-30.69337881075789,-0.09932416764443916,-0.06265310496091843,3.0452066227500736,1.4505102660874618,1.454692792421627,0.05995028227995941
36.4600000000002,houtaitui_play,houtaitui,0.0,0.0,0.0,0.9781481335019037,-0.0933390204918863,-0.024759515109626838,-1.4867105939884353,-0.0504867732223061,-0.013350526973768435,0.008935623544852013,-0.009449918389676841,0.05267569744618366,-0.08724889698440812,0.08370955993004632,0.21137889673297872,0.6984037078571202,0.5378867920885086,-28.902832002527113,0.6900146573699053,0.5167078908929825,-31.132579067131164,-0.1010846742322734,-0.06294863224029541,3.1484099462007604,1.451937432522033,1.4558202366292954,0.04817277250284484
36.48000000000021,houtaitui_play,houtaitui,0.0,0.0,0.0,0.9781404744964323,-0.10196530143411513,0.03211917133233682,-1.578084295974174,-0.05182160599881432,-0.014609120107636934,0.004756564869922029,-0.007270054646385009,0.04947760574736031,-0.07872949972456657,0.08309564490633363,0.21505049661743733,0.6990512330332058,0.5395330127725602,-28.763747136558194,0.6897876593627535,0.5138937171945572,-31.64628098112785,-0.10244235675578,-0.06343968324363232,3.194775784736863,1.4529917404050297,1.456185657805252,0.04551241007363731
36.50000000000022,houtaitui_play,houtaitui,0.0,0.0,0.0,0.9780684869028275,-0.11061074215126188,0.08394388103219118,-1.660069698241192,-0.052882734237591954,-0.01607373886726682,0.0010499191947643998,-0.007584258810888827,0.04490969335571385,-0.07058926190944523,0.08256988405389357,0.21868498199953307,0.7001945033029279,0.5414013054618836,-28.67062551834085,0.690028958125338,0.5112637516508103,-32.19750215105593,-0.10330326183870356,-0.06393822953104973,3.195716594800394,1.4534299730952027,1.4558443318069458,0.04851794587764945
36.52000000000023,houtaitui_play,houtaitui,0.0,0.0,0.0,0.9779371552976799,-0.11982393777143915,0.129798853122195,-1.7333860269080295,-0.053727123084571955,-0.017367415240092707,-0.0025672421674172346,-0.008003847367886084,0.039633096471384945,-0.06309271822290899,0.0821429533310041,0.2223475131233297,0.7017987414957654,0.5433871683130265,-28.637007781574617,0.6906989343241612,0.5089188304195404,-32.77292474707644,-0.10364163970049199,-0.06422368921339512,3.1706592770349493,1.453590464287034,1.4548074643075943,0.025435780900029455
36.54000000000024,houtaitui_play,houtaitui,0.0,0.0,0.0,0.9777506575059084,-0.12924635979178514,0.16900148506803606,-1.7984481528059835,-0.054498939455822445,-0.018259949677257616,-0.0060207303998694,-0.008057960069187292,0.03381861148131911,-0.055910958772622615,0.08186101094585255,0.2260352267418474,0.7038179044918006,0.5456320282468796,-28.627954022305058,0.6917748069103978,0.5066733148345948,-33.40157190173373,-0.10365074695297945,-0.06426574029028416,3.150801557104447,1.453657041590592,1.45294353020792,-0.019789554522340505
36.56000000000025,houtaitui_play,houtaitui,0.0,0.0,0.0,0.9775117050545644,-0.1381358930248142,0.20162648631305394,-1.8557969725505807,-0.055215159894302875,-0.01881736157251637,-0.009334873453844596,-0.007617087582950681,0.027981770830169974,-0.04925430848924174,0.08174058943623218,0.2298360430972119,0.7062098730509898,0.5480809297809601,-28.646032837869353,0.6932531484128591,0.5046660986194611,-34.05914236819632,-0.10338551852418368,-0.06360025443136692,3.1667386423720467,1.4536174447267167,1.4504662047088623,-0.07706068140675933
36.58000000000026,houtaitui_play,houtaitui,0.0,0.0,0.0,0.9772234637536359,-0.146312991903021,0.2283091728533481,-1.9056478617638766,-0.055743852767448324,-0.019218111905862693,-0.012397751214606463,-0.006939349055447997,0.02296194138776657,-0.042667849436346744,0.08178482293551281,0.23365263043411588,0.7089425412967091,0.5507628407726288,-28.681015309034933,0.695111816897785,0.5026947345981598,-34.7780436408337,-0.10286358728540479,-0.0627282664179802,3.1805327191663744,1.4534585104984719,1.4475241790473938,-0.14256182528213113
36.60000000000027,houtaitui_play,houtaitui,0.0,0.0,0.0,0.9768911628886088,-0.15404021238912932,0.24979708105748558,-1.9473398596675524,-0.056163990575829444,-0.01956415949235352,-0.015108495621658294,-0.006581635299769205,0.018527243193211907,-0.03543656947223925,0.08199703351060142,0.23753221919976925,0.7119772147896423,0.5537404057035447,-28.714222824863207,0.69730367651375,0.5008003350744248,-35.539038579466485,-0.10208930696757645,-0.061688953265547755,3.187682505435976,1.4521582761708847,1.4440732340276718,-0.1522082355051558
36.62000000000028,houtaitui_play,houtaitui,0.0,0.0,0.0,0.9765220324709724,-0.16167560965467823,0.2665434274591184,-1.9806971562717839,-0.05642757304598173,-0.019801536169117714,-0.01739504278999594,-0.0065658652392312335,0.014409696065139933,-0.028182325627299044,0.08235080399637444,0.24123230197416723,0.7152588978480219,0.5565213498125077,-28.823139720430326,0.6997654049730434,0.499145561123848,-36.300701120604295,-0.10089966845274362,-0.060401884093880656,3.1708345888731446,1.4495842835617738,1.4404394517601014,-0.13628385973578294
36.64000000000029,houtaitui_play,houtaitui,0.0,0.0,0.0,0.9761239759533615,-0.16980776584675314,0.2790232205337882,-2.0066196834562167,-0.05651711955005284,-0.019811771710578192,-0.01923644084624372,-0.007101428196276494,0.0107402287732484,-0.02183401817730162,0.08283568988785263,0.24478874291470953,0.718734832447488,0.5592690196285248,-28.969098519840326,0.7024241317982793,0.4976266857633591,-37.06780507653468,-0.09935914595868812,-0.059163428097963336,3.127133404691396,1.44623675775175,1.436519269174385,-0.12594623576966327
36.6600000000003,houtaitui_play,houtaitui,0.0,0.0,0.0,0.9757038723280838,-0.17895034976483928,0.2879560770430025,-2.026068107147293,-0.05645910117981887,-0.019580900821342968,-0.020660120925441564,-0.008054133929251594,0.007721124450466004,-0.016264492924627748,0.08347209271029904,0.248311578511618,0.7223604852009002,0.5620910313377381,-29.125123825597814,0.7052172341658772,0.49622985091304783,-37.8323162231346,-0.09758268989400404,-0.057815113291144374,3.0798044424383573,1.4423701484234963,1.4321434537828446,-0.12150894469381612
36.68000000000031,houtaitui_play,houtaitui,0.0,0.0,0.0,0.9752681387188236,-0.1894592040849898,0.29419903745792303,-2.0399539876059323,-0.056278563663444255,-0.019098188306976936,-0.02166495546166546,-0.009311379221803275,0.005467697556051589,-0.011457535972175343,0.08427562316682076,0.2518141261204332,0.7260916156106809,0.5649028357515335,-29.298558043834895,0.7080894093889826,0.4949239727506638,-38.59033474730074,-0.09564579639540467,-0.05630164053291083,3.036819938866629,1.4380455496188904,1.4273061196268082,-0.11880012985255961
36.70000000000032,houtaitui_play,houtaitui,0.0,0.0,0.0,0.9748229593063269,-0.20156423937219675,0.2987361299459509,-2.049701765275737,-0.05597657415440277,-0.018284877376786097,-0.022266805169966493,-0.010746533778775543,0.004014678431440144,-0.008067006631789058,0.08523361474717814,0.255170032865383,0.7298835853948675,0.5676600125083924,-29.48939077807895,0.7109904731782858,0.4936679091701508,-39.340862668851585,-0.09360714169013966,-0.05470555480569601,2.995508763094215,1.4333102143413927,1.4221291731060028,-0.11598461544928018
36.72000000000033,houtaitui_play,houtaitui,0.0,0.0,0.0,0.9743747887255124,-0.21535511995699036,0.3026722598308463,-2.056519351515283,-0.05553712562909264,-0.017193808390374068,-0.022426259285531897,-0.012232881390956777,0.003562819778592024,-0.005501682759742748,0.08633534687756546,0.25829922686492346,0.7336874433258415,0.5702856567153931,-29.702375766896132,0.7138716518374553,0.492435151005745,-40.079977678086365,-0.0915254513703308,-0.0530967015773058,2.9551636321534733,1.4282488230327828,1.4167204837263108,-0.113825663044658
36.74000000000034,houtaitui_play,houtaitui,0.0,0.0,0.0,0.9739305769016983,-0.23073969704095967,0.3066333605472641,-2.0608074432473025,-0.05495326408102486,-0.015878893909293996,-0.02217115885395209,-0.013616161048421508,0.003666931648359683,-0.0031137552466915727,0.08756554678917514,0.2612060809993091,0.7374480681174179,0.5728104200611115,-29.92161348670454,0.7166853467583179,0.49121908214187626,-40.80037691395784,-0.08946315305704731,-0.05147706270217896,2.920836611568809,1.4229535949052365,1.411162305897522,-0.11266056272468078
36.76000000000035,houtaitui_play,houtaitui,0.0,0.0,0.0,0.9734974861826725,-0.2474656318188946,0.3107628187180852,-2.0627314445380933,-0.05422262567064899,-0.014303235334590677,-0.021546584612699173,-0.01474658638487426,0.003864328124988741,-0.0012422385754030107,0.08891037580635777,0.26386455833265776,0.7411069578911245,0.575216272140503,-30.13950549499534,0.7193867153018342,0.4899981107959748,-41.49812788708561,-0.08747811348340198,-0.04984615109860897,2.896365617435593,1.417509100577341,1.405530009692955,-0.11261816636589023
36.78000000000036,houtaitui_play,houtaitui,0.0,0.0,0.0,0.9730827656784381,-0.2651219756766743,0.31492677746066244,-2.0631423685942045,-0.05337807849213573,-0.012456966677144105,-0.02057671865085304,-0.01548659942680379,0.0038693759241146155,-0.00018602281764001411,0.0903553499117653,0.2662292363331295,0.7446033489206871,0.5774221357355118,-30.359509063195997,0.7219334191912492,0.4887688842067719,-42.166253159952504,-0.08561593977370716,-0.0482253797352314,2.883459439105724,1.4119863596345126,1.3998793701589585,-0.11345034054161185
36.800000000000374,houtaitui_play,houtaitui,0.0,0.0,0.0,0.9726935002944879,-0.28342364989389746,0.31894123486538456,-2.062493679690527,-0.05243058817484497,-0.01042983424025462,-0.019264950642799872,-0.016023313002655568,0.0036922889939456065,0.0005038553819886275,0.0918965485161979,0.26831959463381577,0.7478819357963269,0.5793861087808609,-30.579431119707213,0.7242818360862672,0.4874665227184296,-42.80836905899397,-0.08390835559119389,-0.046625255793333056,2.8832137749339597,1.4064290472703134,1.394198525971222,-0.11548529650729414
36.820000000000384,houtaitui_play,houtaitui,0.0,0.0,0.0,0.9723361076781333,-0.30239203310571033,0.3226482731983225,-2.060582216625285,-0.05133986989269856,-0.008366828158449332,-0.01765520973934262,-0.01662824597404618,0.0033514043812168334,0.0017876783173661867,0.09351044519430668,0.27014861434321996,0.7508994241765291,0.5810597774038315,-30.80141405686739,0.7263878197844812,0.4861063149223328,-43.413846234777864,-0.08238458457100754,-0.04511283077299595,2.8923647652010467,1.4009008952017878,1.3885728756845475,-0.11920517806343034
36.840000000000394,houtaitui_play,houtaitui,0.0,0.0,0.0,0.9720161834432957,-0.32207257065464695,0.32586945078841556,-2.0567156595864162,-0.05008979181896609,-0.006277169151634412,-0.015788743002174446,-0.017244546014938217,0.002805192626931062,0.0037434207913218313,0.09519282028003907,0.27184431376116447,0.7536192016121287,0.5824127581367493,-31.024663097675496,0.7282136758216828,0.4846347358474732,-43.98601103782826,-0.0810923741687747,-0.04370185285806656,2.914866491237597,1.3954255243042208,1.3830504755437851,-0.12225273172054338
36.860000000000404,houtaitui_play,houtaitui,0.0,0.0,0.0,0.9717387018664246,-0.3422192240887531,0.3283251591579301,-2.0507681320770668,-0.04866976407346277,-0.004080115749041517,-0.013703517809478908,-0.017644125283130023,0.0020501717516400305,0.005462255038295555,0.09691592413098597,0.27323767489909495,0.7560040135736783,0.583424889708519,-31.24648896960079,0.7297325073952742,0.48306632902717594,-44.518369511398404,-0.08004380423010123,-0.0424171231687069,2.947322729667979,1.3900112642041293,1.3776546756685257,-0.12396221078142422
36.880000000000415,houtaitui_play,houtaitui,0.0,0.0,0.0,0.9715088294558327,-0.3624559504619525,0.32970309086239186,-2.0432015180273666,-0.04709225194463697,-0.0018418380308978326,-0.01137693050284335,-0.017699297406775866,0.001054352543002897,0.006833561447730995,0.09864900582755819,0.2742655128358083,0.7580138384151344,0.5840856220970154,-31.4608893346142,0.7309172058937894,0.4814024951705933,-45.00564373338641,-0.07922728538455594,-0.041322197020053866,2.9825467762472924,1.3846725375162798,1.3723463456094742,-0.125835551955315
36.900000000000425,houtaitui_play,houtaitui,0.0,0.0,0.0,0.971330897395061,-0.3825539933232939,0.3300478188575287,-2.032881080506776,-0.045344184740808806,0.0002435156119725826,-0.008811782467148779,-0.017553479723590715,0.0003101127477957049,0.009489039334328929,0.1003618314478894,0.2750003868455123,0.759618224786844,0.5844652142772675,-31.65037440267815,0.7317431578136925,0.47961951162910466,-45.447952845773465,-0.0786124887564182,-0.04048866704106331,3.0138470864849194,1.3794268074294296,1.3671547959506989,-0.12792946873495148
36.920000000000435,houtaitui_play,houtaitui,0.0,0.0,0.0,0.9712080907612346,-0.40260027922490604,0.32956675838210886,-2.0182973826451085,-0.043420875413746715,0.002175949870511506,-0.006083314578777826,-0.017538628603577404,-0.0004398573861956131,0.013364388993062973,0.10202634877829214,0.2754796619463957,0.7607997882897997,0.5845820244798661,-31.809740100158812,0.7321885367277848,0.4776537206420899,-45.852928258370525,-0.07817395400814363,-0.039967629313468936,3.0324728874652087,1.374307430269952,1.3621169219673157,-0.13050480085698035
36.940000000000445,houtaitui_play,houtaitui,0.0,0.0,0.0,0.9711409584240854,-0.42247328327829703,0.3285831011006781,-1.9987841892300855,-0.04131985512978669,0.004072724245841415,-0.0033370608689993727,-0.017326368797904446,-0.000894844920194704,0.017702815293468992,0.1035979686770904,0.2756839663106033,0.7615546452767336,0.584434502984047,-31.939610214370845,0.732257805969525,0.4755531039485932,-46.21420859309519,-0.07789910688760474,-0.03963992111384869,3.045089855702979,1.369334138857582,1.3572506050527573,-0.13267813649896723
36.960000000000456,houtaitui_play,houtaitui,0.0,0.0,0.0,0.9711249589250744,-0.4412547970768102,0.326824390975829,-1.9744499565997073,-0.03905984122165719,0.00603839464589895,-0.0008471737016623857,-0.01640754409069897,-0.0017231856096861632,0.021837627685052322,0.10504191017152814,0.2755037696832682,0.761899104552234,0.5839504238615036,-32.05778967595962,0.7320048504930156,0.47339490916824345,-46.533019513832464,-0.07775994023852602,-0.039465983584523204,3.053230884612939,1.3645248620607944,1.3525792698324204,-0.1344526400158963
36.980000000000466,houtaitui_play,houtaitui,0.0,0.0,0.0,0.9711581546122566,-0.4607261201925673,0.3235985711402786,-1.946297054674251,-0.036648520909258415,0.007891238267227521,0.0014495853491661697,-0.01736924098477066,-0.003115048159514437,0.025011055168997782,0.10633255294899355,0.27508441576903825,0.7618899161956734,0.5832637485513688,-32.152869342681235,0.7314007335804712,0.47117192413902287,-46.79756553204023,-0.07772979650076593,-0.039510305225849154,3.052957007163567,1.3599032410317096,1.34810822111969,-0.1370062046015949
37.000000000000476,houtaitui_play,houtaitui,0.0,0.0,0.0,0.9712377973480166,-0.4824995203178187,0.3183054533294029,-1.915518895909387,-0.03410813415790937,0.009726051864009305,0.003610879310043793,-0.01941503092342549,-0.0050469793268749135,0.027165698336127912,0.10743411181128724,0.27456419185052194,0.7615757725201484,0.5822731044540406,-32.251366043558036,0.7304344587949088,0.4690772381076813,-46.973011102640726,-0.07777242778524394,-0.03969296552240849,3.045827147182232,1.3554885547220308,1.343891103094864,-0.13921616059749997
37.020000000000486,houtaitui_play,houtaitui,0.0,0.0,0.0,0.9713634457918024,-0.5059022134612753,0.3112375032170615,-1.883246649606194,-0.03150487613131779,0.01172487492491327,0.005767206900011784,-0.020673523115865997,-0.006427577216901794,0.028286193415541463,0.10831861750089622,0.27379217383570414,0.7609440219408691,0.5808957007179261,-32.361445474391026,0.7291265088679347,0.4672108974704743,-47.04739084469882,-0.07786376349465952,-0.03990469612181187,3.038801429832726,1.3513053345180932,1.339923907345581,-0.14180445475809367
37.0400000000005,houtaitui_play,houtaitui,0.0,0.0,0.0,0.9715327694402034,-0.5306479758013136,0.303119848995267,-1.8504976247027114,-0.028861703772088184,0.01372541969933222,0.007891049802536047,-0.021928417026812804,-0.007487188288723833,0.028632208145837668,0.10900989656713048,0.2727078271649897,0.7600068988681047,0.5791594174156189,-32.482012340873524,0.7274944363263578,0.4655028071651459,-47.0362506074983,-0.07798607327583307,-0.040222040563821795,3.0249855473531535,1.3473838461065932,1.3362500558555603,-0.14466895173674527
37.06000000000051,houtaitui_play,houtaitui,0.0,0.0,0.0,0.9717431538265903,-0.5571057912703502,0.29383433259062397,-1.8172807926014463,-0.02619496546797201,0.015622889001124709,0.009842301107459086,-0.02349055079308973,-0.008401876807662693,0.029086375159997076,0.1094641131233477,0.2714763205430809,0.7587950919562345,0.5773211952695847,-32.57377451317379,0.7255464713389237,0.46408028271293644,-46.917369758871445,-0.0781129307959791,-0.040712892264127734,2.9964031754993927,1.3437589193806494,1.332923922961998,-0.14753218167127854
37.08000000000052,houtaitui_play,houtaitui,0.0,0.0,0.0,0.9719874859921298,-0.5849121764064982,0.28417483354695433,-1.7833123062245664,-0.02354282390398548,0.017563073256956857,0.011517976616660307,-0.02452321416984431,-0.008821277514260947,0.029702382791001063,0.10973308179335799,0.27219799316256776,0.7573508058819356,0.5752819117555619,-32.663188231919484,0.7233363372338992,0.46284116175270085,-46.72231646348676,-0.07823952843998243,-0.041356302052736285,2.9555358153236697,1.340479179479178,1.330013919895935,-0.15034495361568134
37.10000000000053,houtaitui_play,houtaitui,0.0,0.0,0.0,0.9722609792240907,-0.6127989153387029,0.27329938363109973,-1.7491378755206841,-0.020875608286705295,0.019660260961266454,0.012860168588180503,-0.024456009335912066,-0.010006449690047747,0.0297945665360582,0.1098165721951356,0.2746440471327178,0.7556822181716446,0.5731738593826294,-32.72514813470862,0.7209307542543387,0.4618005540618897,-46.46161805160172,-0.0783764804521381,-0.04207423441112042,2.9101727602794205,1.33758127432673,1.3275052647054673,-0.1538671539158831
37.12000000000054,houtaitui_play,houtaitui,0.0,0.0,0.0,0.9725567129041541,-0.6407709263348106,0.2604937823707266,-1.7154702616256874,-0.018208876997283352,0.02176316365825021,0.01377469463808309,-0.024641542453366472,-0.011784438812048242,0.029236601995630388,0.10971673592935295,0.2760590630114531,0.7538411575024768,0.5709716018686295,-32.77687780994617,0.7183844536851498,0.4609489228973389,-46.145657710814724,-0.07852489776810986,-0.042828872054815295,2.8627799187879837,1.3350602742555462,1.3253415117919922,-0.15786075353406953
37.14000000000055,houtaitui_play,houtaitui,0.0,0.0,0.0,0.9728654398313273,-0.6687489797182301,0.24552119205699802,-1.6829143187257576,-0.015555613222930885,0.02395118864605819,0.014196984309199391,-0.024509330110343393,-0.013689905918955554,0.02818417564723638,0.10944635645142808,0.27654447148864886,0.7518930390327753,0.5687064018497467,-32.825668437081646,0.7157657229069229,0.4603204515228272,-45.78150562365054,-0.07869497651696548,-0.043638604879379275,2.8131188854511806,1.3328995736792957,1.3235332111776352,-0.1613520553128853
37.16000000000056,houtaitui_play,houtaitui,0.0,0.0,0.0,0.9731762643428693,-0.6954636831223047,0.22877219061355167,-1.651665687666899,-0.01290910383743347,0.02628011338461774,0.014114502892396052,-0.023251478518019043,-0.015182380961496779,0.027008914150655684,0.10904293626330555,0.2762429825398403,0.7498899881535297,0.5663035449037552,-32.89335156696175,0.7131812322630267,0.4598812546977997,-45.39791678206223,-0.0789092242494224,-0.04444077536463738,2.768748773507642,1.3310887496264314,1.3220591585100174,-0.16490675559638063
37.18000000000057,houtaitui_play,houtaitui,0.0,0.0,0.0,0.9734801392862134,-0.7204359487324196,0.2105264130991463,-1.6216111386194219,-0.010326893447441868,0.028632062018009323,0.013621909264390471,-0.02169316795446647,-0.016470451670945713,0.02596298716814431,0.10853857038129353,0.27521553578304797,0.7478872541191701,0.563855358625412,-32.97345597256646,0.7107084223296386,0.4595693733940125,-45.017290830152476,-0.07918131342309427,-0.04519092775881291,2.7338938631371326,1.3295905812862816,1.3208334485948563,-0.16863600812943344
37.20000000000058,houtaitui_play,houtaitui,0.0,0.0,0.0,0.9737696084495953,-0.7436044124930489,0.1909664046626,-1.5927955896126582,-0.007840153835394981,0.030979318632996373,0.0127796361170909,-0.0201025677514129,-0.01759281322865673,0.02483920662107861,0.10794280875545637,0.2735360379875139,0.7459376321425628,0.5614009287605286,-33.06823306966498,0.7084056603675151,0.45948497321701054,-44.630789748542284,-0.07951181992827454,-0.04591244757175446,2.7059665128507135,1.3283676897242578,1.3198675702274323,-0.17153705576227912
37.22000000000059,houtaitui_play,houtaitui,0.0,0.0,0.0,0.9740389939637198,-0.7653672892737677,0.17011470618166447,-1.5655288538345373,-0.0054747022958640595,0.03329757087015586,0.011664748227081526,-0.018924062107903494,-0.018719030090571978,0.02341851224233625,0.10727225828963927,0.2712543340604927,0.74409070868278,0.5589658257017136,-33.18177036788107,0.7063083914882176,0.45965588953590397,-44.23783144391794,-0.07989746528908519,-0.046626012027263644,2.6828890723013776,1.3273977859074109,1.3191399465263367,-0.17407547045610416
37.2400000000006,houtaitui_play,houtaitui,0.0,0.0,0.0,0.9742822508775417,-0.7859069170415078,0.14825414186522884,-1.5403823457232417,-0.00317453869479384,0.035627800575740394,0.010271217654488532,-0.017839072771580155,-0.019530951422910985,0.021472709304246933,0.10652268187045182,0.2683736246560525,0.7423948565506304,0.5565757092485428,-33.318104924830294,0.7044594177385788,0.4601911094436646,-43.82739410447733,-0.08033340828412654,-0.04736600182950497,2.661394606388256,1.3266820979677039,1.318671215599823,-0.17665614802435828
37.26000000000061,houtaitui_play,houtaitui,0.0,0.0,0.0,0.9744930273661184,-0.805012078745674,0.12594174333735883,-1.5175792346239114,-0.0009027236714849693,0.037945685546311295,0.008618776251304576,-0.016544556546120963,-0.019843452978270653,0.01941446582577572,0.10570017421038774,0.26484944176659275,0.7408927477190715,0.5542400416383744,-33.4827861803157,0.7029118248131793,0.46108759310340885,-43.41034659193704,-0.08081944826824333,-0.048125538229942325,2.6423639729714545,1.3262079906712612,1.3184099684417725,-0.17956035372857332
37.28000000000062,houtaitui_play,houtaitui,0.0,0.0,0.0,0.9746673731630147,-0.8226989421288079,0.1033966381713502,-1.4967021182656177,0.001283794075352266,0.04014855192645195,0.006801332552461159,-0.015300972400826913,-0.020009706520571467,0.01778485504686677,0.10481924232445737,0.26065526660258326,0.7396139893845306,0.5519760933170319,-33.67701481291875,0.7016953705824374,0.4623186376342774,-42.994818248564734,-0.08135849545506577,-0.04886678718030453,2.6291906412842163,1.3259220533923224,1.3182866762340546,-0.18173116419550137
37.30000000000063,houtaitui_play,houtaitui,0.0,0.0,0.0,0.9748039570926377,-0.8389912891309481,0.08057574054790186,-1.4777509790906314,0.0033818263037753704,0.04229473279926132,0.004922879687389297,-0.014058631353883575,-0.020226994583712552,0.01605072922264714,0.10390314332540158,0.25581106819962635,0.7385691273324619,0.5496933397302628,-33.917635571620444,0.7008229715701069,0.4639324333915711,-42.57381215501463,-0.08195192452946393,-0.04953310750424862,2.6265205714412674,1.3257274762301539,1.3182653973758698,-0.1801288669080127
37.32000000000064,houtaitui_play,houtaitui,0.0,0.0,0.0,0.9749051589693137,-0.8541033500296975,0.05744006418920806,-1.4617407846922197,0.005280992342457467,0.044428325644696745,0.0031817148126272194,-0.0130345898819402,-0.02046463801812496,0.013326767088409559,0.10293999688979734,0.2503591602008987,0.7377454557803592,0.5474371847162247,-34.192420819356315,0.7002707619547796,0.46598372724151615,-42.129261978645616,-0.08256010236494533,-0.05020977295935154,2.621664657338814,1.3255513264451664,1.318357814377594,-0.17393833292664862
37.34000000000065,houtaitui_play,houtaitui,0.0,0.0,0.0,0.9749742192671892,-0.8676635490635053,0.03420375437196907,-1.4493809079746582,0.006963194215357224,0.046594541828226685,0.0016288757588106698,-0.011622665830247292,-0.020487077503045775,0.010034759497458396,0.10197323809921638,0.2446228786038082,0.7371114275550038,0.5451983150491715,-34.495624988694416,0.7000119261025325,0.46841348078346257,-41.66720398252993,-0.08317937350191115,-0.05097603350877762,2.6105510146981934,1.325393460135012,1.3186234126747132,-0.16398494573961495
37.36000000000066,houtaitui_play,houtaitui,0.0,0.0,0.0,0.9750165428199796,-0.8796547892485191,0.010895550405519495,-1.4400030849050167,0.008486299240999706,0.048586926999366314,0.00038527665306747834,-0.010350071934284829,-0.02052915745260524,0.007591869562878603,0.10100478672155987,0.23862104924860278,0.7366270600083117,0.5430242654333115,-34.811083480306365,0.7000008433257476,0.47116140391922,-41.1895709770419,-0.0838208422997737,-0.051799857243895533,2.5972631104403803,1.325259189520166,1.319026578491974,-0.15136361015262356
37.38000000000067,houtaitui_play,houtaitui,0.0,0.0,0.0,0.9750380270984198,-0.890639945131317,-0.012553860031531982,-1.4325160967066886,0.009899214137218858,0.050387622534113406,-0.0006406244023569424,-0.009414523341132517,-0.020620665740493756,0.006019408612832474,0.10002599725317046,0.23233597122907296,0.7362605394184272,0.5410057541379929,-35.11721262521721,0.7001824877294347,0.4741620209465027,-40.696556760564796,-0.08449270693337485,-0.05263979472219944,2.5855337407193324,1.3251531780305865,1.3195656428993225,-0.1362055409015999
37.40000000000068,houtaitui_play,houtaitui,0.0,0.0,0.0,0.9750376240256456,-0.9000740429725451,-0.03623836201737985,-1.426249189723255,0.011231034135768857,0.05211230393897503,-0.0017308732338743933,-0.007999534638698683,-0.02083306091034457,0.005030627891016692,0.09905128985227767,0.22572385577884052,0.736007198167579,0.5389920410165787,-35.44264896561071,0.7005790423070632,0.4773485448608399,-40.21063912318965,-0.08519916841243791,-0.053466766327619555,2.5778399085857737,1.3250794058436361,1.3202145288646698,-0.11924138649987942
37.42000000000069,houtaitui_play,houtaitui,0.0,0.0,0.0,0.9750158882343926,-0.9076908213217237,-0.06041010419759815,-1.4210092267852514,0.012483444141972418,0.05377364264378682,-0.002823001853956647,-0.006391890991125284,-0.02126999867189142,0.004101407893248834,0.09808623028528048,0.22198148754919111,0.7358564037279428,0.536996045375824,-35.78254974692566,0.7011876716362169,0.48068059351539616,-39.736476578373164,-0.08593933826302178,-0.054312274977564814,2.5712953715807627,1.325040994562342,1.3209598253429413,-0.10085330782032488
37.4400000000007,houtaitui_play,houtaitui,0.0,0.0,0.0,0.9749742427715353,-0.9133626031625288,-0.08532937956290171,-1.4172178175161765,0.013654481751780667,0.05539456031269094,-0.003869318651378185,-0.00470063498596712,-0.02192930778502974,0.0027690311703047745,0.09713303356364089,0.21832040864041513,0.7357936622023662,0.5349927034626007,-36.13921923908498,0.7019960838775682,0.4841798630008698,-39.26745297168736,-0.08672480453217936,-0.05519780069589615,2.5656479796713856,1.3250411949044105,1.3218107114494324,-0.08088166062081636
37.46000000000071,houtaitui_play,houtaitui,0.0,0.0,0.0,0.9749169182886495,-0.9166801549414311,-0.11122776130538713,-1.415154096600837,0.014746451948737523,0.05698284592529025,-0.00470019705619016,-0.002579462429028446,-0.02278168891957464,0.001224452168843563,0.09619562609407854,0.21509090945255327,0.7357779992533249,0.5329443153390885,-36.50853375060304,0.7029772574864583,0.48788634803390507,-38.789932336247475,-0.08759549667250371,-0.05612439494580031,2.566768033494358,1.325084320805831,1.322777945822525,-0.0592445440740137
37.48000000000072,houtaitui_play,houtaitui,0.0,0.0,0.0,0.9748477117281138,-0.9176012778742053,-0.1382501873700579,-1.4144721344779256,0.015747775733017264,0.05840551193114258,-0.0053750924378653765,-0.00048022322528129167,-0.023755190853475917,0.00011226232092905093,0.0952881604700043,0.21235223566056238,0.735781643010613,0.5308720704565049,-36.883466593590775,0.7041000110015964,0.491747775341034,-38.307947687093744,-0.08852600959075106,-0.05707271043211222,2.5687606794111995,1.325171264957242,1.3238363156974793,-0.03644155604075704
37.50000000000073,houtaitui_play,houtaitui,0.0,0.0,0.0,0.9747701196933835,-0.9173533922413691,-0.16640962734086465,-1.4140708343947932,0.01665735509914964,0.05950964190736817,-0.0058761310385194885,0.00034672599227485434,-0.024744557455004205,-5.7886121203170216e-05,0.09442424605815598,0.2095833301517337,0.7358030322570076,0.5287385221967698,-37.27277998926793,0.7053095963222354,0.49572626617050175,-37.81587698401084,-0.0894849639013653,-0.05810483191162348,2.5645484839243107,1.3253051771375468,1.3250150869548798,-0.011919659843115507
37.52000000000074,houtaitui_play,houtaitui,0.0,0.0,0.0,0.97468660434519,-0.9161818311234664,-0.19565476386866135,-1.4155503329502312,0.01746692032395084,0.06068699787386239,-0.006263623378187743,0.0011771675258563624,-0.025654635281479727,-0.002115455013599308,0.09360338453938834,0.20935671688381163,0.7358299198524091,0.5264732029685975,-37.68577011895383,0.7065785624863825,0.49988437559700016,-37.30030664045986,-0.09046220755825547,-0.05922324694693089,2.554316179660707,1.3255437218529706,1.326369945234108,0.012581691055127152
37.54000000000075,houtaitui_play,houtaitui,0.0,0.0,0.0,0.9745984162247785,-0.913911283238432,-0.22594377173208058,-1.421008428811456,0.018169919946912267,0.061918531483319765,-0.006590398969126543,0.0021391128688282627,-0.02650581942482049,-0.005809794190600651,0.09283807472513497,0.21179253926247554,0.7358506216294189,0.5240580823669434,-38.12373599101055,0.707897063700535,0.5042098101625443,-36.762765896054674,-0.09146128337799934,-0.06041474007070065,2.5403158372746173,1.3262460062565569,1.32785977823143,0.014258577445961079
37.56000000000076,houtaitui_play,houtaitui,0.0,0.0,0.0,0.9745059139192228,-0.9103161466930104,-0.2571578994031658,-1.4312359788209668,0.018757885750023236,0.06309153439092904,-0.006894207061053298,0.003303653762370139,-0.02722896872469576,-0.00997596201772902,0.09213820806792027,0.21426467675985528,0.7358585541001721,0.5215938773403168,-38.56773927504299,0.7092639739842291,0.508636453414917,-36.21565225857357,-0.09248847944739684,-0.06170182786881924,2.5213100166005153,1.327403030185295,1.3293788771093369,0.008269957624406077
37.58000000000077,houtaitui_play,houtaitui,0.0,0.0,0.0,0.9744092500263012,-0.9052282059795168,-0.28912851027177666,-1.446418504394377,0.019232795513315876,0.06415938565153016,-0.007175750606705221,0.004595770605203478,-0.027802829616323705,-0.014285674212300934,0.09152958706969101,0.2168352312391041,0.7358492109372853,0.5190139796981812,-39.02911185359527,0.7106788572555315,0.5131275441894532,-35.665563187418456,-0.09354141216519424,-0.06299198344349861,2.5038544309278836,1.3288639673425418,1.3310551832378388,0.003749543352191319
37.60000000000078,houtaitui_play,houtaitui,0.0,0.0,0.0,0.9743091896635815,-0.8986658911262547,-0.32174112345628686,-1.4665680538509782,0.019601434257318157,0.06507551642518389,-0.007409243305358722,0.005838901873232301,-0.0282866971077205,-0.018564255492547737,0.09102479765821342,0.21951969439029617,0.7358176096353524,0.5162979152450562,-39.51062330576462,0.712132946016614,0.5176589128026963,-35.11463909431431,-0.09461615741656523,-0.06427177153527737,2.488793437268801,1.3305559382519427,1.3329434136808396,0.0009212282442811054
37.62000000000079,houtaitui_play,houtaitui,0.0,0.0,0.0,0.974208524544546,-0.8905848881043971,-0.3550143150472569,-1.4918367655762985,0.019870151342094806,0.06586890948921643,-0.007489058730457972,0.00715792022735528,-0.028806079591986184,-0.0230847224566951,0.09062527450881336,0.22228223742012954,0.7357419433937548,0.5134597059736252,-40.00415885681183,0.713603749970353,0.5222125139484406,-34.56093418558227,-0.0957136401747543,-0.06554389111697674,2.4761958255142402,1.3324576323769375,1.3350379208982468,-0.0014011639054176128
37.6400000000008,houtaitui_play,houtaitui,0.0,0.0,0.0,0.9741112248042803,-0.880972436067613,-0.389039099063175,-1.52237454009764,0.020042655366587114,0.06650672917520023,-0.007380817001970839,0.008466949361099409,-0.029410092251514565,-0.027758853719809268,0.0903325469484293,0.2250828608241522,0.7355936866021597,0.5105108257780075,-40.5027817261112,0.7150596038210029,0.5267700639019013,-34.001533973933185,-0.09683589016425008,-0.06681143417954445,2.466010490487938,1.334558174878558,1.337320138043213,-0.003647989017408343
37.660000000000814,houtaitui_play,houtaitui,0.0,0.0,0.0,0.9740219852469922,-0.8698123886214415,-0.42393782624052884,-1.5584123604636348,0.020121766571667712,0.06697696037152469,-0.007055364327018966,0.009765332944852219,-0.03012027559014152,-0.0325889992154677,0.09014689645046153,0.2279065015015368,0.7353397010512118,0.507433199549675,-41.003047331862426,0.7164639029745995,0.5313261386404038,-33.43033316881369,-0.09798177139649161,-0.06807584799826145,2.4579233983979867,1.336844174606818,1.339771855896759,-0.005820678753952285
37.680000000000824,houtaitui_play,houtaitui,0.0,0.0,0.0,0.9739452347921511,-0.8571893835225143,-0.459813479426729,-1.5997722911932444,0.0201093787338192,0.06722383673210189,-0.006524866268156989,0.010975323899939347,-0.030924506084545656,-0.03721111290338826,0.09006939680946796,0.23073817211042058,0.7349510817144932,0.5042129096040726,-41.50256524021128,0.7177803998354263,0.5358431127319336,-32.84760379599407,-0.09914760767734875,-0.06934773847460747,2.4506227225757216,1.3392957425819514,1.3423736731470108,-0.0076756076988377525
37.700000000000834,houtaitui_play,houtaitui,0.0,0.0,0.0,0.9738851805491394,-0.843207540292751,-0.4967391599491454,-1.6459870300763761,0.020006942872506178,0.06723347110619825,-0.005796773503495426,0.012092810707368944,-0.03179932123093168,-0.04140371002965142,0.09010056619558882,0.23357351126462922,0.7344005045164298,0.5008269932518006,-42.0006797769553,0.7189745620736948,0.5402755376348496,-32.25542577910703,-0.10033022530686764,-0.07063895203173161,2.4428653906055655,1.3418939344153715,1.3451114038885117,-0.009172214759240863
37.720000000000844,houtaitui_play,houtaitui,0.0,0.0,0.0,0.9738459553139419,-0.8279259321446094,-0.534728396184644,-1.6965761672962005,0.01981303367233124,0.06703982868490171,-0.004865584264365795,0.013158953061454669,-0.032687310845708195,-0.0451840971446257,0.09023792580782902,0.23640676512360848,0.7336597297642259,0.4972529646406174,-42.4962739260669,0.7200137906232983,0.5445738073835373,-31.657082141868337,-0.1015369143946868,-0.0719547413289547,2.4354430967223135,1.3446248166196475,1.3479751835525513,-0.010287800599719593
37.740000000000855,houtaitui_play,houtaitui,0.0,0.0,0.0,0.9738316796807014,-0.8113855973803272,-0.5736832934976077,-1.7513333447368535,0.019523009225092005,0.06662939455255205,-0.0037209108458447025,0.014189046541273663,-0.03348122194530957,-0.04882205244578557,0.09047479944310603,0.23921798803075112,0.7327006757672624,0.49348268773651127,-42.98577067523872,0.7208659817403541,0.5487082984695435,-31.052094420546243,-0.10278163984805866,-0.07329046092927456,2.4303623326402777,1.347474607474458,1.3509404252231598,-0.011414887585955324
37.760000000000865,houtaitui_play,houtaitui,0.0,0.0,0.0,0.9738453136069717,-0.7936468503863112,-0.6133669551236748,-1.810142231410272,0.019129919538115655,0.06598358811693307,-0.0024163996951208013,0.015155071701881835,-0.03405758032596628,-0.05234818089197021,0.09080958405059687,0.2419695558144922,0.7315047471368189,0.4895351913223267,-43.463100665680194,0.7215071766936703,0.5526274677762986,-30.44606444081368,-0.10405821164081207,-0.07464172244071961,2.4261938037996678,1.350417977722531,1.3539779077232361,-0.012187919152502391
37.780000000000875,houtaitui_play,houtaitui,0.0,0.0,0.0,0.9738900926484216,-0.7748528759715072,-0.6534583034980759,-1.8728052897673204,0.018637735310737254,0.0650838871103622,-0.0009107773286717364,0.01598209823946098,-0.034354171591622275,-0.055686052061322676,0.0912404090401265,0.24464484731665004,0.730053191848663,0.485408344532013,-43.925292818725495,0.7219097811759682,0.5562947031507492,-29.840359696885397,-0.10535111371829885,-0.07603460475802422,2.4191236929689715,1.3534326970270483,1.3570766786993027,-0.012470203152931306
37.800000000000885,houtaitui_play,houtaitui,0.0,0.0,0.0,0.9739689000342846,-0.7552736039581449,-0.6935740887845913,-1.9391116045780024,0.018061566578064243,0.06392984722875474,0.0007746693093021499,0.016522661117997946,-0.03432076760001043,-0.058842989726176076,0.09175793411796454,0.2471935309306933,0.7283327225829913,0.481139191652298,-44.36351533641771,0.7220467545601813,0.5596844640026093,-29.234265975980563,-0.10665039585081335,-0.07750041335821152,2.4062183282054814,1.3565108482063568,1.3602467815340042,-0.012343069257798225
37.820000000000896,houtaitui_play,houtaitui,0.0,0.0,0.0,0.9740764282495777,-0.734213503135712,-0.7332450203649593,-2.0089922677730567,0.01741518733715359,0.0626310836990815,0.002155195207867083,0.017904024828721325,-0.033853589523724865,-0.06194004016660153,0.09235917510690214,0.24968582403702075,0.7263709841642103,0.4767560746917725,-44.78117606980607,0.7219780426609734,0.5627714481601716,-28.65116856526776,-0.10795074629928762,-0.07902431413531304,2.388408541966249,1.359643516120639,1.363474626368332,-0.011822635199440351
37.840000000000906,houtaitui_play,houtaitui,0.0,0.0,0.0,0.9742123622213881,-0.7122313863042211,-0.7723721045901772,-2.0824055688327214,0.016713523964647682,0.061004652718275126,0.0036097346149162827,0.018468722077618717,-0.033366654927974755,-0.0650046384011295,0.09304671179878049,0.2532502215955953,0.7241851240594179,0.47227136161422734,-45.17797884109898,0.7216852137006291,0.5654762026319504,-28.094642166383338,-0.10925171929785898,-0.0805672250688076,2.369103676466352,1.362800775914333,1.36668113273983,-0.0113300064030947
37.860000000000916,houtaitui_play,houtaitui,0.0,0.0,0.0,0.9743791944461105,-0.6903298822586924,-0.8108946379760535,-2.15891547141975,0.015973542627272404,0.05902191804866563,0.00518166358923522,0.018248205838747977,-0.03281344138332177,-0.06761008029314354,0.09377506805052264,0.2566572593074841,0.7217805861271208,0.46779934432601933,-45.53355816592413,0.7211296964756492,0.5678982969770432,-27.53880731760407,-0.11055080558136612,-0.08212495893239975,2.3482772561643572,1.3659708947784661,1.369905773824501,-0.010418584313783535
37.880000000000926,houtaitui_play,houtaitui,0.0,0.0,0.0,0.9745777724320634,-0.6688195441639264,-0.8486669301649784,-2.237551063872201,0.015200840786211263,0.05671866716359144,0.006803100406000489,0.017825965908851948,-0.032141724895116824,-0.06933089076841754,0.09453840130182814,0.2598918547943483,0.7191594924478222,0.463289329076767,-45.85715047166295,0.7203012167682841,0.5700103130588532,-26.98888934845339,-0.11185138175860808,-0.0836773507297039,2.3282111595677626,1.3691544952799888,1.3731429914892197,-0.009567463386732172
37.90000000000094,houtaitui_play,houtaitui,0.0,0.0,0.0,0.9748089363729284,-0.6479940035260581,-0.8854440541474201,-2.3176228706993944,0.014375874193294162,0.05413384590621556,0.008498812797538882,0.017120217106997515,-0.03125501944628821,-0.07051370136101902,0.09532701334734921,0.2629826034403069,0.7163238469147922,0.4587563064346314,-46.14643314115996,0.7191874218361354,0.5717563268194199,-26.452563783523804,-0.11315969735995278,-0.08521756455302239,2.3101229981271048,1.3723498775934044,1.3763772289216996,-0.008982475108527566
37.92000000000095,houtaitui_play,houtaitui,0.0,0.0,0.0,0.9750741162085435,-0.6283431024620891,-0.9208330189954761,-2.3989866665080917,0.013470535452483215,0.05130506429673761,0.010312166471725432,0.015968467864123523,-0.03001593818101381,-0.07161830858222092,0.0961257781414678,0.26589491695477174,0.7132757177392473,0.45421970751380925,-46.39825416525543,0.7177663068388229,0.5731402274618149,-25.924328415350423,-0.11448208048347468,-0.08674513846635819,2.2945530310590065,1.3755490427939105,1.379602436250496,-0.008427837681830946
37.94000000000096,houtaitui_play,houtaitui,0.0,0.0,0.0,0.9753737483239797,-0.6101860470976042,-0.9543861547876128,-2.4815989522105255,0.012483668337435526,0.04826472599002965,0.012186931088831513,0.01456780105720087,-0.028388607920854046,-0.07267660150568382,0.0969186734405203,0.2685787724186993,0.7100209697195362,0.4496944334754944,-46.61128380992736,0.7160270936656681,0.5741904464015961,-25.39803572005959,-0.1158224059760774,-0.088254514336586,2.2821038852201943,1.3787379339237007,1.3828076164186478,-0.0076023706322657925
37.96000000000097,houtaitui_play,houtaitui,0.0,0.0,0.0,0.9757066840771172,-0.593632266257817,-0.9856603993528604,-2.565276537499849,0.01142410133084067,0.0450252883303115,0.014042790279774441,0.013091810246915534,-0.026378204339640655,-0.07355236324782842,0.09768141501137007,0.27517971832042365,0.706572998151715,0.4452442612895966,-46.777021037896525,0.7139751167070871,0.5748808619031907,-24.8805835610919,-0.11717770701318542,-0.08974483162164688,2.272187297086731,1.3818968595380299,1.3859639803827286,-0.006545513082649057
37.98000000000098,houtaitui_play,houtaitui,0.0,0.0,0.0,0.9760702177260768,-0.5786834984133777,-1.0142139185599868,-2.649634600787238,0.01030263267275921,0.041589414715902134,0.01580232503793406,0.011630987923447661,-0.023983133943761375,-0.07406681404889819,0.098390995996293,0.28165415303890146,0.7029547334997485,0.44092811014747624,-46.88970917332847,0.7116293725452849,0.5751752492437363,-24.382957986441674,-0.11854137441958686,-0.09121576249599457,2.264112698371235,1.3849976217345124,1.389032069867897,-0.005236514347326082
38.00000000000099,houtaitui_play,houtaitui,0.0,0.0,0.0,0.9764603145870429,-0.5653007084319684,-1.0396210298825348,-2.734131800512124,0.009127452059250089,0.03796373040721157,0.017398239746778836,0.010219459899227885,-0.0212200881706421,-0.0740917424484242,0.09902741401868931,0.28764278889032746,0.6991983546728243,0.4367926206836701,-46.9474528391245,0.7090196704649178,0.5750570681343079,-23.91434574262588,-0.11990438434067006,-0.09266022518277169,2.257583002475292,1.3880084084171,1.3919814567029953,-0.0035494756029610386
38.020000000001,houtaitui_play,houtaitui,0.0,0.0,0.0,0.9768718727397832,-0.5534232421041241,-1.0615046178294532,-2.818173591008932,0.007902752207189249,0.034167688369802475,0.01877283925892878,0.008883332821000981,-0.01812841434655625,-0.07359249415199935,0.09957239195331381,0.2930410354787493,0.6953438735922894,0.4328817513237,-46.95014462610192,0.7061845816648258,0.5745317276964188,-23.48143558532488,-0.12125563056548916,-0.09406874999403954,2.2523199426527802,1.3909012534976637,1.394791204756546,-0.0014801032091315974
38.04000000000101,houtaitui_play,houtaitui,0.0,0.0,0.0,0.9772989168864399,-0.5429388247659654,-1.079549971485351,-2.90122084385918,0.006628878795568852,0.030236494797542177,0.019877082721243066,0.007668202757547783,-0.014767243754835208,-0.07263080561650476,0.10001031773100771,0.2977564017064068,0.691437180105799,0.4292373147258759,-46.89896279817037,0.7031707927086381,0.5736170348176957,-23.089983817557968,-0.12258224355129457,-0.09543031752109528,2.248105457329306,1.3936564329853567,1.3974482606113434,0.0008556692141067357
38.06000000000102,houtaitui_play,houtaitui,0.0,0.0,0.0,0.9777337542701259,-0.5339544143196198,-1.0932923145508462,-2.9821480202098303,0.005187219422142973,0.026178656285815012,0.020613484461376258,0.006174795982707419,-0.010828909318193065,-0.07014020765559975,0.10033060958799224,0.3017259434097815,0.6875416022789288,0.42588288452720646,-46.80359985385376,0.7000346008444452,0.5723386791000367,-22.746498512704463,-0.1239081465566036,-0.09672954976558686,2.2538977182416473,1.3959405778960179,1.3999339531124115,0.03949676972735583
38.08000000000103,houtaitui_play,houtaitui,0.0,0.0,0.0,0.9781708674327556,-0.5259243940124172,-1.1030378127231941,-3.0603834247114934,0.0038003620623025163,0.02206179118871425,0.021106319583249104,0.0056477420304168946,-0.007600479422192531,-0.06823020473700198,0.10052690351249513,0.30492087337587626,0.6836892345899561,0.4227840986499787,-46.670007284578794,0.6968303527293606,0.5708967235336304,-22.423789517030336,-0.12517982498377872,-0.09779566079378128,2.263282600843727,1.398399313973398,1.4025676588476181,0.017795995192271596
38.10000000000104,houtaitui_play,houtaitui,0.0,0.0,0.0,0.978603256119835,-0.5187863497919961,-1.108515385101389,-3.135709414880483,0.0023145874788565485,0.01791738492788394,0.0212363207506892,0.00483582908918233,-0.0038027199364683833,-0.06545773800761062,0.10060749943828942,0.30725617489850077,0.6799362160254744,0.4200547125587464,-46.49379839883165,0.6936122991624784,0.5689624932060242,-22.1917302960306,-0.1264497422738876,-0.09901092499494553,2.2685754483267844,1.400562641076473,1.404547605937767,0.030115435356094705
38.12000000000105,houtaitui_play,houtaitui,0.0,0.0,0.0,0.9790256477116843,-0.5120762660839882,-1.1102094207012325,-3.20815858752231,0.0008999575068941388,0.013759040487272839,0.021069293358534955,0.004604255078694961,-0.0006726454328073757,-0.06303736120387585,0.10056492840449774,0.3088040679762564,0.676317471600476,0.41765917208290104,-46.2834078044657,0.6904324449551571,0.5669177111635209,-21.990187494745413,-0.1276221001506218,-0.10002303421497345,2.274880359448733,1.4028197704198464,1.4065727035463333,0.0161132797824656
38.14000000000106,houtaitui_play,houtaitui,0.0,0.0,0.0,0.9794308646511339,-0.5058308578875474,-1.1090785007673896,-3.277761348542017,-0.0005317193969129725,0.009936432286259698,0.020410736992956407,0.0042491381418054705,0.001769407687015815,-0.0605683137561144,0.1004072477935467,0.30946130192581806,0.6728899189682881,0.41561911370849614,-46.04822895552642,0.6873464819366002,0.5645656969795227,-21.865783975657127,-0.12870107059924732,-0.10113137140870095,2.267594011798657,1.4049050337341493,1.408211637562561,0.012182779520154174
38.16000000000107,houtaitui_play,houtaitui,0.0,0.0,0.0,0.9798164140737052,-0.500092593669358,-1.1054526351415643,-3.3447296262401873,-0.002070998474639438,0.006105134375735091,0.019688206377543677,0.003916703131997762,0.003832973652810986,-0.058216800057316116,0.10021296782153026,0.3096567709935292,0.669674759335469,0.41362286474800114,-45.845058180819116,0.6843759492175296,0.5621146794805527,-21.78046418054121,-0.12970397396495034,-0.10215343832969666,2.2616962723990444,1.4067806035649144,1.4099529574573517,0.015759109600654964
38.18000000000108,houtaitui_play,houtaitui,0.0,0.0,0.0,0.9801805192421965,-0.4937502947784824,-1.0990485622324038,-3.4087055493120584,-0.00357154311602048,0.0023167591652060665,0.01886424713614825,0.004579958844493103,0.0063542524259391905,-0.055564065139794845,0.09989176022737323,0.3089760009094697,0.6666662886374429,0.41214374568557743,-45.58539220578282,0.6815606960293474,0.5594998982200623,-21.75607415056397,-0.1306007995695237,-0.10314191058278084,2.2481219141078057,1.4085045763317179,1.4115797470272065,0.01829423687413037
38.20000000000109,houtaitui_play,houtaitui,0.0,0.0,0.0,0.9805175346107311,-0.4863104871180087,-1.0890843234673322,-3.4691934354817096,-0.005028827164721418,-0.0013623886438864368,0.01785554487155143,0.005628247542048183,0.009451022455834717,-0.05237783186700311,0.09947408315644315,0.307459527901969,0.663899597663254,0.41102299954986576,-45.307507044114054,0.6789582087608232,0.5567473259220124,-21.79913560744063,-0.13138876471345115,-0.10385811626911164,2.247609604350998,1.4100393173061954,1.412909034913826,0.019922366693149236
38.2200000000011,houtaitui_play,houtaitui,0.0,0.0,0.0,0.9808235608982973,-0.4766969836761405,-1.0751620172013654,-3.525469944519169,-0.006429621761641927,-0.004792122068985868,0.016670304453753188,0.007684815731670486,0.012911408378607119,-0.04862573661280591,0.0989746971338058,0.30510590091971235,0.6613813142855964,0.41022715833282475,-45.01653932193717,0.6766255670780895,0.5539602574357987,-21.90168783024707,-0.13205509741217553,-0.1041282743215561,2.272475722465059,1.411261637541493,1.413757983869362,0.02181781199310856
38.24000000000111,houtaitui_play,houtaitui,0.0,0.0,0.0,0.9810975413468278,-0.46558417236336674,-1.0575846517748053,-3.5770417714225484,-0.0077646009240767404,-0.008293498914073093,0.015404846936870019,0.009060051334479636,0.016094901735437865,-0.044479336194854224,0.09844330607720446,0.30233986805170543,0.659137780245897,0.40969941880798344,-44.72848913377145,0.674560302813833,0.5512093689689637,-22.045847962115104,-0.13258866043869869,-0.10442175269126892,2.284148380922454,1.4121946820702438,1.4144983480632782,0.02662746011541122
38.26000000000112,houtaitui_play,houtaitui,0.0,0.0,0.0,0.9813400235987434,-0.4546289018694363,-1.0374390818958221,-3.623485270658138,-0.00900238092620433,-0.011962007046972934,0.014088095393435755,0.008683878134860205,0.01799534013710515,-0.03984394438026453,0.09786083459937187,0.2991732028923558,0.6572032230073047,0.40954340365028385,-44.431934195016034,0.6727229192761756,0.5484715339193345,-22.2250076565472,-0.13299332501496405,-0.10475098267197609,2.2829018177919385,1.4129442822794118,1.4151889870822907,0.03101755636225535
38.28000000000113,houtaitui_play,houtaitui,0.0,0.0,0.0,0.9815529050209983,-0.4448539151702747,-1.0166270150588521,-3.664098955151101,-0.010130524959326294,-0.015526372413125345,0.012628567805351074,0.007688870800109455,0.018605215103484233,-0.03470474011434441,0.09717638027487985,0.29516129058034646,0.6555830546466633,0.409869113231659,-44.106924893849346,0.671079167040249,0.5456873860607148,-22.44561654322489,-0.133246827684353,-0.10464693531394005,2.3029466003370294,1.4134528688393289,1.415403101867485,0.03234508467160459
38.30000000000114,houtaitui_play,houtaitui,0.0,0.0,0.0,0.9817378570054281,-0.43568668193932947,-0.9968381767616147,-3.699421502486718,-0.011129256909746171,-0.018914322366024118,0.011114798017114014,0.007378649178189172,0.017352027796292288,-0.030194463547570285,0.09646290034235011,0.2907723242608818,0.6542458873770497,0.41041756537055973,-43.7878259113129,0.6696336636057603,0.5429667022476197,-22.68963524656526,-0.13336040027989668,-0.10453145503997803,2.3115559867819266,1.4137655342904298,1.4155990521371842,0.03614573535261621
38.32000000000115,houtaitui_play,houtaitui,0.0,0.0,0.0,0.9818920454949267,-0.42708663103657624,-0.9775107430143675,-3.729293592657718,-0.012159041333168943,-0.02210475907966342,0.009512420966361334,0.006953448283397076,0.017044839725287024,-0.025385742275369813,0.09574701520898975,0.28589699609106317,0.6532169517759162,0.41117368009185795,-43.48994754183005,0.6684094063033627,0.5400954422006607,-23.002935743311827,-0.13338965585383805,-0.10413200333714485,2.3417813674580445,1.4139597368239674,1.4155691008031845,0.03385905814731275
38.34000000000116,houtaitui_play,houtaitui,0.0,0.0,0.0,0.9820125573893614,-0.41930824689795626,-0.9577460764035686,-3.753530923632568,-0.01321074790984448,-0.025059372533478518,0.007860503687510735,0.006305686422040843,0.017484742214240144,-0.020426282028733672,0.09502602663858437,0.2806457324930515,0.6525221344565515,0.4122288015136719,-43.200232393318025,0.6674247602786412,0.5372108903179169,-23.363173505231774,-0.13337694386969287,-0.103513552993536,2.3893930598790862,1.4141286295358526,1.4153971563041687,0.026066032510379096
38.36000000000117,houtaitui_play,houtaitui,0.0,0.0,0.0,0.9820978623452904,-0.4126146437708345,-0.9370801620855653,-3.7733450056898468,-0.01423286808900461,-0.027683910282188477,0.00617864613967587,0.0053921437656454145,0.01828795920753626,-0.016788820300997348,0.09430652232125425,0.2750459776262354,0.6521761290225692,0.4136265304336548,-42.91289412564364,0.666686857107084,0.534315341378212,-23.770417558686862,-0.1333188330571146,-0.10270080640912056,2.447187101092755,1.4142770226464667,1.4151224682987213,0.01620028663365166
38.38000000000118,houtaitui_play,houtaitui,0.0,0.0,0.0,0.9821511116792139,-0.40654022459762823,-0.9156570766224735,-3.79075461038343,-0.015176235662702028,-0.029889664899614504,0.004685198686309798,0.0050243712709706085,0.018894245130841467,-0.014853646817279997,0.0935991937641236,0.2691720821382284,0.6521336656966825,0.41535145905113224,-42.61860022478619,0.6661806732710543,0.5314700093517304,-24.209395652227148,-0.1331754923979613,-0.10171464383602143,2.509398643439961,1.414401859894694,1.4147258440912247,0.003981977013028966
38.40000000000119,houtaitui_play,houtaitui,0.0,0.0,0.0,0.9821789552517651,-0.40018414839920463,-0.8939592181902519,-3.805228092411735,-0.016035736528857522,-0.03195155339766325,0.0034487457531471883,0.005326057461779353,0.019078501305254226,-0.012118521257269508,0.09292951288694333,0.26315779605315964,0.6523174200283584,0.4173601057777405,-42.30677884549489,0.6658733489882316,0.5287098076591492,-24.66597630770159,-0.1328987753626266,-0.1005935437977314,2.569336866738979,1.4144977347928165,1.4141403923690796,-0.012053934608912575
38.4200000000012,houtaitui_play,houtaitui,0.0,0.0,0.0,0.9821813591963658,-0.39452026901709264,-0.8722487668246264,-3.8142499504895824,-0.01683519989085384,-0.03419119474202554,0.002167343971737062,0.004676407893473892,0.019033980747776742,-0.007058624837435851,0.09230411228001723,0.2569653504361915,0.6527525037301787,0.4196506228694916,-41.99198926896496,0.6657452291109098,0.5258510198841095,-25.17149503692468,-0.13244498996800574,-0.09945133253932,2.614367250687788,1.4145570037204531,1.4133409003675461,-0.03226059552130965
38.44000000000121,houtaitui_play,houtaitui,0.0,0.0,0.0,0.9821619001263779,-0.39126283872838047,-0.8509224669881577,-3.8166060198412715,-0.017554138713042382,-0.03651311107705807,0.0010525812946343993,0.002427757218655744,0.01861814408933,-0.001095384850628696,0.09170610904982979,0.25057698429410874,0.6534431397833687,0.4222590115318299,-41.66623830003052,0.6657280288273141,0.5229317333946228,-25.702393421113065,-0.13177530093544113,-0.09831399023532868,2.6395323268037236,1.4145729982369712,1.412377167767334,-0.05527472652325909
38.46000000000122,houtaitui_play,houtaitui,0.0,0.0,0.0,0.9821243312966909,-0.39092898467724146,-0.8301693125329462,-3.816291144649074,-0.01812540035559855,-0.03824095050880356,9.087919858843187e-05,-5.98322329246776e-06,0.01810180104822157,0.0005684686669080075,0.09113617555077447,0.24403233806258323,0.6543654385601982,0.4251626816043854,-41.32717372926986,0.6657806098767789,0.5200374361524582,-26.23793728667895,-0.13088025192952227,-0.09711932688951493,2.65079108625963,1.4145417032905572,1.4112977723539353,-0.07987330521214714
38.48000000000123,houtaitui_play,houtaitui,0.0,0.0,0.0,0.9820676125932014,-0.39242780284061907,-0.8098498312984389,-3.813508378761764,-0.018565258916136643,-0.03973117939865856,-0.0009361976011143797,-0.0014960557699331993,0.017737784690400712,0.002881019709945638,0.09065128820992288,0.2384617908226072,0.6554958397108418,0.4281212773571015,-41.01389612586321,0.6659417658373453,0.5172616776475907,-26.774865123676538,-0.12978420209969335,-0.09575308039784432,2.661263027923594,1.4144569150547641,1.4099947552145005,-0.10850296836364669
38.50000000000124,houtaitui_play,houtaitui,0.0,0.0,0.0,0.9819892343576382,-0.3948432497447912,-0.7894875610676672,-3.8062947808298295,-0.01884967049113198,-0.0411158339266772,-0.0020387067278810947,-0.0021336811317718574,0.017818636401087107,0.007035900787263247,0.09027094011973127,0.23568587072711086,0.6568280241969325,0.4311841514358521,-40.71770186142616,0.6662519491624498,0.514420950079918,-27.353528363452686,-0.1285389014933975,-0.09422719031572342,2.6756308786351,1.4143113102916458,1.408465076512146,-0.14101969545247484
38.520000000001254,houtaitui_play,houtaitui,0.0,0.0,0.0,0.981889392330524,-0.39793065820597545,-0.7688754015305868,-3.791346258787036,-0.019055411299772562,-0.04260051118707191,-0.0030955029796077877,-0.002634794966425699,0.018000987887508133,0.014169265414235525,0.08999676641710938,0.23313723243791884,0.6583495767942761,0.43436560895538334,-40.433290147341026,0.6667155768547135,0.5114579733858109,-27.982128902010835,-0.12715084545252636,-0.09250143468379975,2.6947229341170416,1.4137553456715257,1.4065736870229721,-0.1586279552285668
38.540000000001264,houtaitui_play,houtaitui,0.0,0.0,0.0,0.9817704261887907,-0.40199284440184674,-0.7480424815927289,-3.767489396390128,-0.01920704806612134,-0.04396138995082511,-0.004032300327605592,-0.003425632611238509,0.01814372381775145,0.021962134158394157,0.08982397920168846,0.23074842329791745,0.6600427133921184,0.43765742447471623,-40.158497950881,0.6673084451706708,0.5084291633615494,-28.64398457134205,-0.12561808960381776,-0.09067129641771317,2.710489057961054,1.4125170595914958,1.4045151512086869,-0.15485318440299453
38.560000000001274,houtaitui_play,houtaitui,0.0,0.0,0.0,0.9816355268234561,-0.40768889125925867,-0.7272309642918594,-3.7375987158302384,-0.019381192330556348,-0.04485741771043677,-0.004831394697514542,-0.004875382948109257,0.018056638840710515,0.02679405418186095,0.08974888516978367,0.22842881310892693,0.6618925243653733,0.44108671810722355,-39.88610561485963,0.6679898101631944,0.5053959425935746,-29.319145258142466,-0.12394709713769705,-0.0888566255569458,2.714322587098248,1.4107718242060499,1.402439583367157,-0.14678316347292752
38.580000000001284,houtaitui_play,houtaitui,0.0,0.0,0.0,0.981486107764011,-0.41522616343425767,-0.7061921645713369,-3.702383828708201,-0.01944812534796619,-0.045552173894740804,-0.005540429955514397,-0.00648902596564526,0.018225609154927234,0.03140451540943507,0.08976857679624427,0.22611628176101595,0.6638890900549199,0.4446584072360993,-39.61382120936033,0.6687442486197164,0.5024509217987061,-29.99064787528904,-0.12209685187707928,-0.0870340570807457,2.7015074762823996,1.4087214136095942,1.400210414356041,-0.14150027581528135
38.600000000001295,houtaitui_play,houtaitui,0.0,0.0,0.0,0.9813226734218597,-0.42463989278502123,-0.6845894583890543,-3.6611914191103194,-0.01934056107451041,-0.04611114055250199,-0.00620146593183799,-0.008050039493327055,0.0187515149673662,0.03681480971053124,0.08988124599141999,0.223870299655887,0.6660249390678286,0.44839472439384465,-39.336406486740195,0.6695685533552009,0.4995469239006043,-30.667449807849604,-0.120057142367828,-0.0851126678287983,2.6808275663322547,1.4064631643420045,1.397785071557808,-0.13879376262524754
38.620000000001305,houtaitui_play,houtaitui,0.0,0.0,0.0,0.9811457200625832,-0.43595475575019094,-0.6621821394263101,-3.6129798700418547,-0.01907650304904308,-0.046508347041601075,-0.0068142097694689876,-0.009647129980567767,0.019436516268903,0.043112053304460086,0.09007785160651959,0.22180088803205378,0.6682912933753234,0.45229373242950444,-39.05247265914057,0.6704608792366483,0.49670069780445103,-31.345715310251958,-0.11788590367245731,-0.08305043652653694,2.6649003369840365,1.404042835310308,1.3951908240974427,-0.13771191219429396
38.640000000001315,houtaitui_play,houtaitui,0.0,0.0,0.0,0.9809560221867922,-0.44921188995436573,-0.638869052095504,-3.5568008622472673,-0.018672452187477307,-0.04674984479531964,-0.007379941413042018,-0.011287418441174925,0.020171472715166686,0.050171545780780716,0.09036155927043861,0.21994530370282592,0.6706774390981688,0.4563216057071686,-38.766074782324154,0.6714170259884409,0.4939168628702164,-32.023890177287264,-0.11563849085129989,-0.08074736706912518,2.665045773517439,1.4014530907467455,1.3924084345758438,-0.13666623532460165
38.660000000001325,houtaitui_play,houtaitui,0.0,0.0,0.0,0.9807541144295435,-0.46437639187976865,-0.6146224426725031,-3.492806890953171,-0.01815473233078124,-0.04676036516808301,-0.007920783537530646,-0.012889618782699848,0.020928130098647465,0.05694809152823831,0.09072383036116367,0.21828272840706164,0.6731740987688247,0.46045813825225834,-38.47930031323739,0.672435595252823,0.4912439968833924,-32.69320989348985,-0.11333772691513856,-0.07829068340361119,2.674363709466304,1.3986939847087894,1.389458392089653,-0.13566378337027918
38.680000000001336,houtaitui_play,houtaitui,0.0,0.0,0.0,0.9805396118195805,-0.48121219584405645,-0.589478533835849,-3.421957013257505,-0.01751898092414407,-0.046490017978914305,-0.008493978870974677,-0.014273373337016972,0.0216421313020295,0.06283715559374738,0.09116120493139293,0.21680929370294547,0.6757760637172763,0.4646747794399262,-38.19668783169213,0.6735262775196634,0.4886991467723847,-33.35330143810996,-0.11099229360950676,-0.07576527744531632,2.686047628582131,1.3957753311710228,1.386350129073906,-0.13498638767610976
38.700000000001346,houtaitui_play,houtaitui,0.0,0.0,0.0,0.9803122495921096,-0.49945242890218444,-0.563554617501378,-3.345530723390765,-0.016765855676810618,-0.045935849870398796,-0.009088252918675228,-0.015447906380723471,0.022251358213686998,0.06758549620369737,0.09168310503776243,0.21555589212471,0.6784771172518711,0.46888215210533146,-37.9330780775755,0.6746976531497116,0.4862765755901337,-34.006439980382616,-0.10861209802518303,-0.07321451902389527,2.6975529641292453,1.3926981241361402,1.3830658982456208,-0.13473386958542993
38.720000000001356,houtaitui_play,houtaitui,0.0,0.0,0.0,0.9800729044913944,-0.5187142244280077,-0.5371721665039234,-3.2648243882564243,-0.015904992551373807,-0.04511743822466542,-0.009663057995767088,-0.0162941143916433,0.02256017734737069,0.0712017590846148,0.0922860229204019,0.2145342756769762,0.6812600606732746,0.47302452590560917,-37.69448841619444,0.6759515362906937,0.4840231325874329,-34.64410576936988,-0.10620760272279209,-0.0706543356180191,2.708440638679024,1.3894430822013737,1.3795952538908005,-0.13396944156528193
38.740000000001366,houtaitui_play,houtaitui,0.0,0.0,0.0,0.9798230994826227,-0.5387938863543813,-0.51066365176583,-3.1811171202538584,-0.014923961591084967,-0.04406531647879567,-0.010189277621126555,-0.016996424625391426,0.022586596509718025,0.07369785775241013,0.0929679893895917,0.21372620934995412,0.6841074661729883,0.4770817842731476,-37.48153678738199,0.6772806266902001,0.4819348242530823,-35.26501719428385,-0.103792995496013,-0.06807989552617073,2.720467589881528,1.3859966748632166,1.3759097645938874,-0.13334319261247615
38.76000000000138,houtaitui_play,houtaitui,0.0,0.0,0.0,0.9795646650768542,-0.5596252953175851,-0.48433133179876153,-3.0957457342226755,-0.013815407644870483,-0.04278997433795819,-0.01065089632244442,-0.017668238026112473,0.022362681503668772,0.07501330325530145,0.0937112576652853,0.21307798147146367,0.6870033182393214,0.4810568776378632,-37.290902152677965,0.6786724731916787,0.48002544906234745,-35.86408175866108,-0.10138026331013521,-0.06550224609673024,2.733576192459731,1.3823539954618336,1.3720210234582901,-0.1327707280548073
38.78000000000139,houtaitui_play,houtaitui,0.0,0.0,0.0,0.9792995322903031,-0.5811708189016068,-0.4584072663827498,-3.0100807911771827,-0.012583366589220489,-0.041295342944024344,-0.011035088628218366,-0.01831755641743059,0.02195485345415267,0.0751289692069811,0.09449775908043218,0.21257059268042244,0.689931853859682,0.48492763307189946,-37.123727879903,0.6801130994730212,0.4783093121299744,-36.43606304786355,-0.09897500741755011,-0.0629512194544077,2.745437490744122,1.3785271493555837,1.3679647336662293,-0.13225561351867177
38.8000000000014,houtaitui_play,houtaitui,0.0,0.0,0.0,0.979029602735948,-0.6034016232702588,-0.4331183245048379,-2.9254089861472496,-0.011236718342460244,-0.0395921246415417,-0.011344662180205287,-0.018951027402560765,0.021354290538100573,0.07413155338427721,0.09529730268691491,0.21216243588207018,0.6928780509181697,0.4887192633399964,-36.97282245176828,0.6815885430500056,0.4768089142093659,-36.974405211298375,-0.09658223439897709,-0.06044114213436842,2.7552940555448724,1.374528296865368,1.3637448142230988,-0.13193825173798326
38.82000000000141,houtaitui_play,houtaitui,0.0,0.0,0.0,0.9787567677699612,-0.6263540172043247,-0.40871062611589165,-2.84292706077316,-0.009784886105218155,-0.03769440786786642,-0.011580617028535432,-0.019631896691403198,0.020548056164861682,0.0720923223866473,0.0960921025876147,0.21728181860041618,0.6958285915120536,0.49242069687938694,-36.837913215771636,0.6830834398360374,0.4755032148609162,-37.480025107063376,-0.09420800048554151,-0.057962987758219245,2.7644202220710565,1.370366570283523,1.3593669275701523,-0.13180270721081055
38.84000000000142,houtaitui_play,houtaitui,0.0,0.0,0.0,0.9784829022738186,-0.650139916180903,-0.3854883711111803,-2.763795382066779,-0.008238773929309301,-0.03561281084895078,-0.011750838924512726,-0.020421822879373053,0.019477683195914135,0.06903684591876015,0.09685141899871462,0.22523804752453686,0.6987721473750563,0.49604746070003514,-36.71431839799507,0.6845811404854625,0.47441018488502507,-37.94659144804561,-0.09185645807377818,-0.05549524184316397,2.7747529638015163,1.3660479817113051,1.354834396666336,-0.13180871598228558
38.86000000000143,houtaitui_play,houtaitui,0.0,0.0,0.0,0.9782099426958916,-0.6749631213739006,-0.36366111062697093,-2.689168525487493,-0.0066128148509407665,-0.03335901749995004,-0.01183773933304474,-0.021404461658423538,0.01825862390063117,0.06496892737118252,0.0975823799575306,0.23262357592161031,0.7016989339515048,0.4995202657232285,-36.614670610454574,0.6860624407559945,0.47346655395126347,-38.381848719941445,-0.08952921058780042,-0.05303168781101704,2.7867833325322278,1.3615786941476713,1.3501580695569992,-0.13185956841460755
38.88000000000144,houtaitui_play,houtaitui,0.0,0.0,0.0,0.9779401118170035,-0.7010402551523319,-0.34340851598985583,-2.6200707945738695,-0.004918321437304049,-0.030949748003672627,-0.011825909532943457,-0.022572281105568553,0.016886822218853983,0.06002494000165141,0.09825521991303046,0.2393155763865047,0.7045971606207733,0.5028458323726654,-36.535489568866375,0.6875058756701875,0.47271696593856816,-38.77371650985053,-0.08723007598065892,-0.0505651917308569,2.801553238408337,1.3569549772794605,1.345310066169548,-0.13216048369199573
38.90000000000145,houtaitui_play,houtaitui,0.0,0.0,0.0,0.9776760923423804,-0.7285108938944956,-0.3249534447621988,-2.5572135077587825,-0.0031649575351987247,-0.028411399441430674,-0.011695241216705697,-0.023849581714277118,0.015326574321767155,0.05449660996728854,0.09885708451808539,0.24518375521116076,0.7074498267307799,0.5059862818965912,-36.48014500978723,0.6888883513731505,0.4721576359519959,-39.118583536051126,-0.08497324727142512,-0.04811200611293316,2.819547950124452,1.3521772964823633,1.340304184979248,-0.13259952361339708
38.92000000000146,houtaitui_play,houtaitui,0.0,0.0,0.0,0.9774209086073092,-0.757337523268839,-0.3085041179973136,-2.500925799101056,-0.0013672431865954853,-0.02576967401986023,-0.011427897270407286,-0.025066279372699892,0.013594961331287401,0.048719566852304164,0.09938141972198355,0.2501004327766716,0.7102335283312552,0.5089068647871018,-36.45019805896529,0.6901883860441936,0.471800425315857,-39.410566237721476,-0.08277824834661208,-0.04566820450127125,2.8429206444130557,1.3472622553976672,1.3351805399120331,-0.1331796313751682
38.94000000000147,houtaitui_play,houtaitui,0.0,0.0,0.0,0.977177661590956,-0.7872369196631411,-0.29420933408516303,-2.4511891654263565,0.0004541699183107268,-0.023045169843379266,-0.011014836436493876,-0.026002031242955276,0.011745495495853542,0.042990964939235064,0.09982207995331174,0.2539857825881003,0.712919219681313,0.5115872558603287,-36.443642197735976,0.6913893410109333,0.47164640691375737,-39.646842263550624,-0.08066334046074368,-0.04325710162520409,2.8711818822526554,1.3422399245506318,1.329983387416649,-0.13398131731189655
38.96000000000148,houtaitui_play,houtaitui,0.0,0.0,0.0,0.9769491409403913,-0.8176761252466663,-0.2822083564089832,-2.4077501903207263,0.0021889800347190064,-0.020254528488809796,-0.010475120111451248,-0.026440574480940563,0.009770550642476658,0.03749983382987878,0.10016141030815424,0.2567520633701402,0.7154751732728906,0.5140479889163971,-36.45088390730419,0.6924821078488287,0.4717190053710938,-39.82212576266663,-0.07864009465848427,-0.04090063571929932,2.9030888874215,1.337141658768411,1.3247409502923966,-0.13508146867489604
38.98000000000149,houtaitui_play,houtaitui,0.0,0.0,0.0,0.976737842195244,-0.8480331214425968,-0.27239748877849057,-2.37025747664867,0.003909447978007329,-0.017416622769863745,-0.00979158365946412,-0.026330456480260542,0.00793036289675474,0.03232048285541696,0.10043914783368671,0.2585767855665081,0.7178704059385957,0.5161933090934754,-36.48362194808247,0.6934610317889376,0.4719103064785004,-39.95509706576334,-0.07671530846260062,-0.038634305074810985,2.9361030202131837,1.3320007038938115,1.3194960246742249,-0.13631930967742875
39.0000000000015,houtaitui_play,houtaitui,0.0,0.0,0.0,0.9765457771390214,-0.8776502557500859,-0.2645253100925132,-2.338325325922791,0.005602381819836596,-0.01454890186851282,-0.0089815369549813,-0.025635522119056568,0.006311097382765737,0.027481740810451415,0.10063407964445055,0.25944572404001204,0.7200773045849237,0.5180895861635209,-36.525194347157544,0.6943250359565246,0.4722781863460541,-40.03550624132032,-0.0748851911374527,-0.03644833266735077,2.97005377356015,1.3268335316169726,1.3142362127960205,-0.1377566608971015
39.02000000000151,houtaitui_play,houtaitui,0.0,0.0,0.0,0.9763745046953226,-0.9059364093321308,-0.2584722082422615,-2.311557846836406,0.0072587536478219425,-0.011676423348435256,-0.008082399730663053,-0.02443493416022021,0.004772447621643473,0.02298792772232314,0.1007270811808073,0.2593336969837801,0.7220734975194819,0.5197975572595597,-36.561037021992504,0.6950749912746933,0.47280971076583866,-40.06597659749714,-0.07313707511058193,-0.034353825449943545,3.002547664723982,1.3216403715911709,1.3089482079208374,-0.13920231103395342
39.04000000000152,houtaitui_play,houtaitui,0.0,0.0,0.0,0.9762252348250116,-0.9325358349251929,-0.25405939936632066,-2.2895915488944443,0.00886916634648899,-0.00883952813581548,-0.007098887382601945,-0.02296117246152978,0.003389383891891017,0.01881341555464137,0.10075252626927933,0.25843892328116946,0.7238444305863854,0.5212370243320466,-36.603488271212115,0.6957090070631708,0.47340018417930607,-40.064615498633785,-0.0714564730693045,-0.032362721115350726,3.0313861056936813,1.3164230230127945,1.303650874918747,-0.1403597988440205
39.06000000000153,houtaitui_play,houtaitui,0.0,0.0,0.0,0.9760968073689434,-0.9568753004255495,-0.25042599471934174,-2.2723473319955914,0.01040050214673768,-0.005993287283305033,-0.00609945194756628,-0.020894182319825066,0.002954132837932842,0.01464555355693921,0.10068814774149179,0.25675445497657207,0.7253886817431752,0.5224344071397782,-36.64866717389484,0.6962492785841516,0.47415957715606694,-40.017728497061704,-0.06982245290334745,-0.030426020920276645,3.0584205006024403,1.3111754471931354,1.2983270774543763,-0.14115821841131515
39.08000000000154,houtaitui_play,houtaitui,0.0,0.0,0.0,0.9759862398042835,-0.978043679788181,-0.24600837562038186,-2.2601265832583173,0.011839934333354939,-0.0031187785788356717,-0.005078497476981927,-0.0180758742224174,0.003794593507911311,0.0102529660791588,0.10055364519241324,0.2544274642712135,0.7267103732281791,0.5233497258672715,-36.70502891255566,0.6967353312532782,0.47503314282989506,-39.94404923848141,-0.06821489661650283,-0.028585563600063327,3.0787626693447576,1.3058949709602423,1.292983252829361,-0.1415831518063394
39.10000000000155,houtaitui_play,houtaitui,0.0,0.0,0.0,0.9758945089271145,-0.9960170910426669,-0.24111748237223227,-2.252712140985336,0.013253787194039584,-0.0003592739776472152,-0.004045934795287586,-0.015312904860771647,0.004194084070939819,0.0060911245608630425,0.10032791137764746,0.25144425680262616,0.7278039549499493,0.5241621669778824,-36.738228636781535,0.6971573270759817,0.47610808279609684,-39.821536770619915,-0.0666103209900012,-0.026761098951101306,3.0967516231625343,1.3005633122282334,1.287550587481308,-0.1422342424015668
39.12000000000156,houtaitui_play,houtaitui,0.0,0.0,0.0,0.975821800282445,-1.0110701387090815,-0.23633672186716856,-2.249602128662225,0.01464786128795633,0.0021686605774269515,-0.0030727174512252464,-0.012812916536718733,0.0040911903153409345,0.002334143670987872,0.10002672796078473,0.24787126222274003,0.7286762956906058,0.5248013224849701,-36.763422307092206,0.697508589873786,0.47732559707260136,-39.660011992980685,-0.06497833040531967,-0.024902294576168063,3.1134937756475924,1.2951516422520877,1.2820111702144623,-0.14254105412222118
39.14000000000157,houtaitui_play,houtaitui,0.0,0.0,0.0,0.9757643046804585,-1.023655625113947,-0.23091782010451037,-2.2485232845941154,0.015968662981971523,0.004340273118806421,-0.002229595039294318,-0.010735599695703013,0.0048708144162080405,0.0009173073894453154,0.09966174539825506,0.24380032986421235,0.7293674833817348,0.5252209689865113,-36.79833575459428,0.697809551233172,0.47864268090820317,-39.47298891260721,-0.06328804912514284,-0.023005145788192752,3.126938282186001,1.2896302015004866,1.2763448844612122,-0.14226641864497658
39.16000000000158,houtaitui_play,houtaitui,0.0,0.0,0.0,0.9757180656752863,-1.0343287327606283,-0.22370926283367437,-2.2481558818315985,0.017232152743124587,0.006253385892408091,-0.0014548514755960825,-0.009124371539535103,0.006450309211932917,0.00038560570002640427,0.09925520125010283,0.23942328868769608,0.7299154881569834,0.5254033293972016,-36.853085021714136,0.6980771921317616,0.47993967797851567,-39.28564520878705,-0.06151082418548794,-0.021065871417522433,3.1352222707129656,1.2839633149552627,1.2705141792953492,-0.14122534062389244
39.18000000000159,houtaitui_play,houtaitui,0.0,0.0,0.0,0.9756847417597433,-1.044261982387812,-0.21557250523486265,-2.248192332854562,0.018435055141651658,0.007894135447200074,-0.0006865748772673895,-0.008580391997802476,0.007135690902473116,7.877521260843962e-05,0.09874872389965467,0.23450371032199585,0.7303322144950141,0.5255359348306656,-36.89449276345905,0.6982732018396681,0.4813647058258057,-39.05878887980461,-0.059622508699933977,-0.01897842735052109,3.1450235924075365,1.2780860200059352,1.2643777321041108,-0.14018723613648207
39.2000000000016,houtaitui_play,houtaitui,0.0,0.0,0.0,0.9756678698579732,-1.053749541380238,-0.20766617364849965,-2.24829451102344,0.019512024697299374,0.00947028206923295,0.00016159975323980452,-0.008241274913675746,0.006799165044645756,3.335999301540919e-05,0.09821247728694815,0.22932784314139132,0.7305982805035542,0.5253579106578827,-36.96283601609073,0.6983650680382477,0.48282677795982365,-38.80359256266833,-0.05761412491591271,-0.016742523014545443,3.156704142918691,1.2719672721873578,1.257987041300583,-0.1385986360498548
39.22000000000161,houtaitui_play,houtaitui,0.0,0.0,0.0,0.9756645333090922,-1.0628842785579813,-0.20030503984940942,-2.2484379432785273,0.020542450794617247,0.010927392879993685,0.0007664268505659464,-0.007919000844239025,0.006321166323193915,-1.1036736006324294e-05,0.09762042837801627,0.22948319846587528,0.730738977233104,0.5250206824789048,-37.03918632983222,0.6983759360941638,0.4844106223831177,-38.51422730981631,-0.05546348219362386,-0.014394196867942813,3.1646446968560666,1.2656359546198257,1.2514148841560364,-0.13748507000880933
39.24000000000162,houtaitui_play,houtaitui,0.0,0.0,0.0,0.9756687892163576,-1.0710067265708125,-0.19321247804808808,-2.2486202187340947,0.02155362534853943,0.012360471791454677,0.001116442723984058,-0.006943956120211178,0.00612510286683809,-4.7767075618217544e-05,0.09699390334117913,0.23143264859211393,0.7307857895491022,0.5244896199951172,-37.1362344082634,0.6983602102493535,0.48595286276435856,-38.23189445160782,-0.053160092776998874,-0.011835060268640521,3.176761712604675,1.2590399007025486,1.2444971094787598,-0.13603434916298252
39.26000000000163,houtaitui_play,houtaitui,0.0,0.0,0.0,0.9756776480217879,-1.0782593332372117,-0.1865675806253856,-2.2491285825607594,0.022517207249045483,0.013655435728548031,0.0013053904809695602,-0.006246896362009489,0.005684539503779963,-0.00039952782686861004,0.09634870145725558,0.23364106231106152,0.7307661865542154,0.5236252036342621,-37.28336387940879,0.6983341754083002,0.48755679395294194,-37.93768230958641,-0.050681220650304046,-0.008797466009855273,3.2117639850326034,1.2520400647559466,1.236965973204422,-0.13486764068604368
39.28000000000164,houtaitui_play,houtaitui,0.0,0.0,0.0,0.9756936011564984,-1.0844035571578703,-0.18084936555368838,-2.2508966201749634,0.02342092425532665,0.014906544367883997,0.0016222382431990425,-0.005222938670018527,0.004828277630520409,-0.0016092769495313474,0.09569765016739673,0.2359421260132324,0.7306540210443956,0.5224652823457718,-37.46467243837499,0.6982827417270258,0.4891823616275788,-37.63351899682053,-0.0479946541744902,-0.005473538488149646,3.251339497351443,1.2445131844826756,1.2288023422420502,-0.1322508936270806
39.30000000000165,houtaitui_play,houtaitui,0.0,0.0,0.0,0.9757227527590284,-1.0890226673549583,-0.1761374922217294,-2.2544526325534373,0.024274757767123286,0.01607540912312443,0.0022556412197207256,-0.003878219732619581,0.003983587573719375,-0.0032259897854864904,0.09506806635690412,0.2382925965715993,0.730397131225127,0.5210608181009293,-37.660265173325556,0.6981644601282416,0.4907423641929627,-37.32642404797288,-0.04507053713324876,-0.0019591294229030637,3.2854224813698796,1.2363800617354572,1.2199790666759491,-0.12845700195475268
39.32000000000166,houtaitui_play,houtaitui,0.0,0.0,0.0,0.975771907797584,-1.0921441730340655,-0.17227558390707343,-2.2600360453092527,0.02503562908171223,0.01712163954993637,0.003232697109625541,-0.002540277431658932,0.0033346445675146046,-0.005025381533207768,0.09444360656573429,0.24061861397226658,0.7299485057375854,0.5195775416145325,-37.83196117453208,0.6979241424005829,0.4922246721038819,-37.0073023204588,-0.04188116937120873,0.0017994649708270999,3.316123119327147,1.2275761899915678,1.2104272435367585,-0.12395396650831675
39.34000000000167,houtaitui_play,houtaitui,0.0,0.0,0.0,0.9758464052555712,-1.0940505227288517,-0.16886788519457732,-2.2678167925630586,0.025650865099661878,0.01802413903409116,0.004509462092744028,-0.001491386797687147,0.0030431647849036452,-0.006977060319785756,0.0938443737214888,0.24295758190841504,0.7292757453864382,0.5179868575582505,-37.980164262407975,0.6975125933394352,0.4935289260396958,-36.685400005625915,-0.03840559866935502,0.005816520005464551,3.3434840202607714,1.2180678691789006,1.2001556645095826,-0.11874543689384048
39.36000000000168,houtaitui_play,houtaitui,0.0,0.0,0.0,0.9759501980561712,-1.0951625312619395,-0.16524997298995958,-2.2779622560713606,0.026113159231653964,0.018770409453433466,0.006047313026117487,-0.0008971860615559558,0.003296236862300482,-0.009062385714661517,0.09327915135622242,0.24530602938231733,0.7283583991933558,0.5162702586898804,-38.10545497433315,0.6968880303452202,0.4946226116666794,-36.35953908665795,-0.034634336653446694,0.010093332082033155,3.367661534454516,1.2078432489103959,1.1891571174324036,-0.1133807303211038
39.380000000001694,houtaitui_play,houtaitui,0.0,0.0,0.0,0.9760859892720867,-1.095968589948725,-0.16068320234124525,-2.290735878676968,0.026457840109222305,0.019371572151646477,0.007781891628561243,-0.0007105962557797927,0.004221426257290722,-0.011345821907154217,0.092747422365915,0.24761965574900358,0.7271863108047081,0.5144301738986969,-38.20634102328366,0.6960168091962647,0.4954841670045853,-36.028744183214044,-0.03056582586828866,0.014646944403648374,3.390074972569807,1.1968937067062748,1.1774222443759919,-0.10806221827678653
39.400000000001704,houtaitui_play,houtaitui,0.0,0.0,0.0,0.9762534285190683,-1.096874621942627,-0.15465629082068216,-2.3067070897151116,0.026744392311118297,0.019884532645124308,0.009520520028072786,-0.0008455246539920052,0.005582987718643498,-0.01421031400735184,0.09224245329147632,0.24985652270098568,0.7257707934074935,0.5125151958713532,-38.27775150533762,0.6948917710273389,0.4961013283977509,-35.69582434092248,-0.026201116257776595,0.01950213015079498,3.412935605604868,1.1852120265149653,1.164949644631195,-0.10267588152315471
39.420000000001714,houtaitui_play,houtaitui,0.0,0.0,0.0,0.9764508603154097,-1.098182561525179,-0.14684333084411474,-2.3263708483815506,0.027000959503548614,0.020298362102942946,0.011207084071522249,-0.0012358651847534342,0.00722841782993102,-0.017429051030838128,0.09176260075511511,0.25202085323569073,0.724130446280734,0.510541611577034,-38.32065381303788,0.6935170812457596,0.4964486595640183,-35.366872818787506,-0.02154273142315989,0.02469561696052551,3.439509204872702,1.172785754550832,1.1517175923049927,-0.09721536689840693
39.440000000001724,houtaitui_play,houtaitui,0.0,0.0,0.0,0.9766775194171643,-1.1003278949883903,-0.13691408446451153,-2.3495428756762125,0.027226018793649796,0.02054215017497235,0.012897141211380017,-0.0020346808683255413,0.009166426030242347,-0.02041956202993512,0.09131986928807276,0.2541109616709437,0.7222797731418337,0.5085201945552826,-38.33541628297923,0.6918859981673223,0.4964760627994538,-35.04886034150703,-0.016594262630508585,0.030249458551406858,3.471920569040738,1.1595992882259096,1.1377093980968476,-0.0916135451624136
39.460000000001735,houtaitui_play,houtaitui,0.0,0.0,0.0,0.9769345147337146,-1.1037780635319927,-0.12435877548926297,-2.375503244316172,0.02738281631946295,0.020576392461540107,0.014708140125139222,-0.003220226974482981,0.011564836688775266,-0.02270556494328814,0.09091777773114802,0.2561068480127506,0.7202193982428724,0.5064842936048508,-38.31508166229336,0.6899763843975238,0.49618256952857975,-34.736816274055926,-0.01136102116233815,0.03615915477275848,3.5103484196979076,1.1456366812492231,1.122910786694336,-0.08582349330048022
39.480000000001745,houtaitui_play,houtaitui,0.0,0.0,0.0,0.9772230519729009,-1.1087981184844442,-0.10870844038269595,-2.40330439410534,0.027462106022919826,0.020416144160927376,0.016615358326986015,-0.004609922371721533,0.014333947967900818,-0.024154741416377922,0.09053409614251572,0.257972183294814,0.7179449823665867,0.5045403477201462,-38.23938205014558,0.6877710823351545,0.4956398692378998,-34.41511181773453,-0.005844930989716865,0.04246696531772613,3.5581039810923114,1.1308794264524895,1.1072898994148255,-0.08007884341484373
39.500000000001755,houtaitui_play,houtaitui,0.0,0.0,0.0,0.9775432951398658,-1.1155805623989226,-0.08950555783693079,-2.4321432018120617,0.027466080948706673,0.020089302956952593,0.018570328498549445,-0.006168134220631952,0.017503073242292392,-0.02492074734736355,0.09019144140245151,0.25974201817409187,0.7154586737652753,0.5026358154067994,-38.11861583933712,0.6852621747490072,0.494748645688057,-34.10089710574276,-4.4086477889049985e-05,0.04916099905967712,3.6138927197083914,1.1153171830465138,1.0908651540935517,-0.07399687701113478
39.520000000001765,houtaitui_play,houtaitui,0.0,0.0,0.0,0.9778942326970886,-1.1242806256258442,-0.06636657749462768,-2.4613922974428983,0.027399179877553973,0.019620876422390493,0.020502879605886256,-0.007850830541525584,0.020979141172066756,-0.02514652836598494,0.08987177746286801,0.2613625593102459,0.7127707363214064,0.5008351292858124,-37.94364265332124,0.6824507676988769,0.493560382390976,-33.78578041555541,0.006048836861795774,0.056248214840888974,3.6773651445870725,1.098931596242854,1.0735976288974762,-0.06772821810276686
39.540000000001776,houtaitui_play,houtaitui,0.0,0.0,0.0,0.9782736188469402,-1.1350418670815376,-0.03909633445041347,-2.490694578645576,0.027266147240393505,0.019043809229795542,0.02233251039863081,-0.009658593019323383,0.024600940035958786,-0.025097850980098733,0.08956227586502077,0.2628084694120212,0.7099006443376019,0.49916189279651646,-37.714419275651956,0.6793474388037649,0.49209857847785954,-33.468147363828386,0.012446657478736174,0.06367438733577728,3.7428380704306803,1.081702199172889,1.0554705749214173,-0.061153863637752326
39.560000000001786,houtaitui_play,houtaitui,0.0,0.0,0.0,0.9786781917077073,-1.148060868952301,-0.007530229142560361,-2.520111522947585,0.027071314747097196,0.018395338341739845,0.024011541450485806,-0.011644044944782928,0.02837828831095917,-0.025110579205941966,0.08927328017782957,0.2640834200307789,0.7068768065125856,0.4975411530981064,-37.45022935637967,0.6759690233788547,0.49033577110862736,-33.15643908273592,0.019161233223588932,0.07135438621044159,3.8026360382300606,1.0636253066786827,1.0365170131385804,-0.053976435809873546
39.580000000001796,houtaitui_play,houtaitui,0.0,0.0,0.0,0.9791035849013878,-1.1629599270211595,0.0282931268896771,-2.5495698113408563,0.026821968872360647,0.017767289134183784,0.025458343864002943,-0.01315841399165357,0.032086177108998803,-0.025000087941906217,0.08896456384359976,0.2650967452160107,0.7037234281730864,0.49607644345855717,-37.13631059740239,0.6723550845661034,0.4884271707782746,-32.83175529088458,0.026196524180115532,0.07931182980537414,3.858822515785434,1.0447125423527188,1.0167408476531983,-0.04693021516971074
39.600000000001806,houtaitui_play,houtaitui,0.0,0.0,0.0,0.9795448901293208,-1.1789824452257955,0.06808110250254666,-2.5779802941620544,0.026521817956616785,0.01710424279536192,0.026627018970394982,-0.014065131475211929,0.035490922931347896,-0.023816314120658794,0.08864715473124059,0.26592449074008817,0.7004604735169263,0.49473417666053776,-36.78249187813708,0.6685589414017952,0.4863206532249451,-32.513576186231205,0.03354375037734585,0.08753901422023773,3.9120549715702597,1.0250130107567488,0.9962481151283265,-0.040004509634182894
39.620000000001816,houtaitui_play,houtaitui,0.0,0.0,0.0,0.9799974319134309,-1.1962097872491677,0.11136667214198694,-2.603296753061418,0.026169459440604267,0.016218010155517926,0.027511625759103413,-0.015187892960128667,0.038432500397849574,-0.020785603926945714,0.08832830175284635,0.2666182632541265,0.697124840092162,0.4934823152074814,-36.40190628422772,0.6646147399585061,0.48402736451721196,-32.20518108503365,0.04119495225709709,0.09604778587818145,3.9639447021811507,1.0045877257331541,0.9750842343032837,-0.03381919068407879
39.64000000000183,houtaitui_play,houtaitui,0.0,0.0,0.0,0.9804567220897067,-1.21496494738125,0.15750305347796154,-2.623475266222791,0.025759757726715758,0.015136403215268776,0.028100670452910644,-0.01650094097387572,0.04075547842200035,-0.01603593637703197,0.08797274465478608,0.266968613302575,0.6937578802095041,0.49242525663471226,-35.983588198445844,0.6605501896847679,0.48162398603057865,-31.897224004247057,0.049144152346967944,0.10486460924148559,4.017005765521631,0.9834727061179627,0.9532428274810791,-0.02845810999253151
39.66000000000184,houtaitui_play,houtaitui,0.0,0.0,0.0,0.9809192161283858,-1.2349634363785105,0.20596765104078615,-2.6370252286098714,0.025277736849977535,0.013990010193136556,0.028470997456246025,-0.017549021956646822,0.04262585457849315,-0.010054711950639474,0.08761296822902875,0.26704869751542903,0.6903799499731654,0.4913695838699341,-35.5649854730561,0.6563989540152558,0.479028173948288,-31.61047548446498,0.05737217181137702,0.1139350801706314,4.069065855859335,0.9617275546325448,0.9308617006004334,-0.023035000755749824
39.68000000000185,houtaitui_play,houtaitui,0.0,0.0,0.0,0.9813827471170214,-1.2564271150222794,0.2563785392071977,-2.642989491817451,0.02470903129680598,0.012727741205524222,0.02869964099696719,-0.018945627940115856,0.04414625236307056,-0.0033007454324138364,0.08725148573900503,0.2669233456867643,0.6870123021251089,0.49029506113624577,-35.15302632340197,0.6521727899905204,0.47633982565498356,-31.328019602238353,0.06585839725893618,0.12325544357299804,4.121626692994482,0.9394375752593842,0.9080316315353394,-0.018218382557084634
39.70000000000186,houtaitui_play,houtaitui,0.0,0.0,0.0,0.9818459892314798,-1.2800825733901042,0.30855529750700716,-2.6436579007169465,0.024043439808984803,0.011642771431348238,0.028853756764655097,-0.020951158927792524,0.04559430406542334,0.0009040232185530625,0.08689352191933582,0.2664582160182704,0.6836825143934692,0.48919401433563237,-34.75477399910976,0.6478641289092861,0.4734923329601288,-31.058791242193365,0.07458735707447148,0.13278437852859498,4.172321206077783,0.9166822364426059,0.8848377953231812,-0.01353310419696574
39.72000000000187,houtaitui_play,houtaitui,0.0,0.0,0.0,0.982307585796428,-1.3061007319848839,0.3623661206858943,-2.639309585418869,0.02327798686327948,0.010511471421605016,0.0289201210056179,-0.023035358937405374,0.04690376950656119,0.005563971749093656,0.086511210368994,0.2655615708188865,0.6804061403055227,0.48812160756683354,-34.36215944778902,0.643479693145738,0.47072530653572087,-30.761952904405405,0.0835396434009855,0.14258017838001252,4.22756721285941,0.8935127663607491,0.8612189779937744,-0.010784664607898509
39.74000000000188,houtaitui_play,houtaitui,0.0,0.0,0.0,0.9827666668602759,-1.334316881874301,0.41755404807789503,-2.628331672629521,0.02241355995065656,0.009286890246627627,0.028917406774663437,-0.02497971379449469,0.04793873638924428,0.011560906032804678,0.086126435725128,0.2643289942242238,0.6771867586282947,0.4870620754013062,-33.977763719662924,0.6390297121898547,0.4678921189556122,-30.4659984082197,0.0926892828258153,0.15264054834842683,4.289661477575487,0.8699755947504415,0.8372698913276673,-0.008697038587104355
39.76000000000189,houtaitui_play,houtaitui,0.0,0.0,0.0,0.9832235964803091,-1.36453017662869,0.4736711454625899,-2.611531082229118,0.02145875241283959,0.008222826710581754,0.0288946236760221,-0.02675388875537458,0.0485759391680352,0.016448843403419934,0.08574546539005544,0.26282402484080186,0.6740170881671121,0.486018696094513,-33.59885212228861,0.6345140273776769,0.46493480470275883,-30.180523372519197,0.10201342932844182,0.16293222904205323,4.357540263370191,0.8461335116650022,0.8131016979873658,-0.006681963845394323
39.7800000000019,houtaitui_play,houtaitui,0.0,0.0,0.0,0.9836795933239663,-1.3964318391869626,0.5302923430942761,-2.588878924931204,0.02042740196176456,0.007184024699403027,0.02889349411987507,-0.02825175721752008,0.04884494544463721,0.02173926801056003,0.08537356792333665,0.26109222453921344,0.6708808491683519,0.4849139836082459,-33.23577300899805,0.6299285220347366,0.46190942194557194,-29.89443584079664,0.11148713272311055,0.17342416644096376,4.430878875489302,0.8220842210948586,0.7888201962173462,-0.005815153494006187
39.80000000000191,houtaitui_play,houtaitui,0.0,0.0,0.0,0.9841361563225475,-1.429673951283627,0.587119403181047,-2.5586535482849664,0.01932851497799939,0.00606479413843572,0.028934022008203802,-0.02947537193816916,0.048818493950924934,0.028556013030914523,0.08501434821716895,0.25922259242065265,0.6677580868903056,0.48376608755683903,-32.88136979377802,0.6252682282793955,0.4587918308029175,-29.61111357624852,0.12108299568744615,0.18405708372592927,4.507308030240362,0.7979559704087481,0.7645936499298096,-0.006129824351906565
39.82000000000192,houtaitui_play,houtaitui,0.0,0.0,0.0,0.9845947888916847,-1.4639792738828163,0.6438822952853593,-2.519872876343304,0.018164876371971242,0.004939018759689021,0.02901868583501008,-0.03048687234011904,0.04853071396097766,0.036113087235307,0.08466993387175765,0.2573139026645166,0.6646296403717876,0.4825806107769013,-32.53122555975729,0.6205261543033235,0.4555666830787659,-29.331885736615536,0.1307766626610008,0.19478714168071748,4.5852386216637955,0.7738783222321406,0.7405524144828797,-0.007624716816142074
39.84000000000193,houtaitui_play,houtaitui,0.0,0.0,0.0,0.9850566419366151,-1.4990616832496921,0.7003550764091135,-2.4719415223938266,0.016942530610697736,0.003830596377937686,0.029132268413840125,-0.031260942193438224,0.048029618592516615,0.04415941131033427,0.08434216125106336,0.25543932631803795,0.6614785700332801,0.4813148763427735,-32.190146405039506,0.6156983965455387,0.4522725429782868,-29.049343399708007,0.14054746654911388,0.20560081005096437,4.664886021225154,0.7499609797145332,0.7167752276123047,-0.01023631839852679
39.86000000000194,houtaitui_play,houtaitui,0.0,0.0,0.0,0.985522248108548,-1.5345233624471557,0.756351112829875,-2.414605161993602,0.015672742675351518,0.0027736415967816166,0.029247868941756804,-0.0316900931824093,0.047355465345308115,0.05244145877108181,0.08403193664143306,0.2536450181471921,0.6582900894047101,0.47992468741035466,-31.86360424378699,0.6107889090633755,0.448937305475235,-28.75975780090986,0.1503806251311383,0.21649391651153566,4.746748785836463,0.7262784117403368,0.6932922492683411,-0.01379972605219526
39.88000000000195,houtaitui_play,houtaitui,0.0,0.0,0.0,0.9859915741176482,-1.569802555502019,0.8116863857960639,-2.348362673754917,0.014370112522209327,0.0018687345909695922,0.029340652299140336,-0.03161728640673098,0.04652735880674897,0.06012809848622114,0.08373942359372762,0.25195619852837625,0.6550499568898868,0.47836554911232,-31.557061987457036,0.6058104371379783,0.4455748882541657,-28.463594135607824,0.16026429505987844,0.22746373414993287,4.831359098051669,0.7028701094500039,0.6700878630340577,-0.01852117578214163
39.90000000000196,houtaitui_play,houtaitui,0.0,0.0,0.0,0.9864644112499563,-1.6043226216337587,0.8661610782828885,-2.274519301580688,0.013053230019381691,0.001173539989486272,0.02940521766349001,-0.03104283442692541,0.04554876757240939,0.06661537977563114,0.08346696255212567,0.2504228042294002,0.6517451416570074,0.4766272094497681,-31.270142465764277,0.6007772939468085,0.44216237332916264,-28.167679101171334,0.17019172628144774,0.2385095477104187,4.918833153527221,0.6797372619712208,0.647128213471222,-0.02388642222686388
39.92000000000197,houtaitui_play,houtaitui,0.0,0.0,0.0,0.9869405903749017,-1.6376189058401027,0.9195691454603816,-2.19472294860971,0.011746397130750205,0.0006943155991946023,0.029443788693045807,-0.03006683555063347,0.044424422033773996,0.07162601489189854,0.08321753229432077,0.2491159125529588,0.6483649626974023,0.4746881809482575,-31.004976722151635,0.5957009399715898,0.4387117412338257,-27.871723206899645,0.18016391859234612,0.24963448643684388,5.0089039749023705,0.6568601066668297,0.6243879090011597,-0.029401988370876042
39.94000000000198,houtaitui_play,houtaitui,0.0,0.0,0.0,0.9874197570920438,-1.669341311632933,0.9715349392613074,-2.1107036798752943,0.010468933325955694,0.0004155601875555796,0.029421037820793524,-0.028779337580385304,0.042969387244314636,0.0751150151557616,0.08298297902049233,0.24801085473503812,0.6449033144524191,0.47263441350555424,-30.745379105602762,0.590592519945747,0.43530608084297184,-27.562789537425854,0.1901897161062576,0.26084206700325013,5.100525435930811,0.6341998261429339,0.6018091927230835,-0.034697215783675905
39.96000000000199,houtaitui_play,houtaitui,0.0,0.0,0.0,0.9879018479113763,-1.6992300579727675,1.0218119708713937,-2.0240572542574062,0.00923210227325626,0.000306114247236987,0.029381449488083522,-0.02725466129045478,0.041376140144449035,0.07722371135096505,0.08278301235836881,0.247148373256031,0.6413533393240283,0.47029490139579777,-30.52079726431159,0.585458130089972,0.43181810643768315,-27.264460336449822,0.20027474300848885,0.27208603620529176,5.189912277847335,0.611725811386602,0.5794012437522889,-0.03927461764481055
39.980000000002,houtaitui_play,houtaitui,0.0,0.0,0.0,0.9883869184596066,-1.727091648076406,1.0703300889655947,-1.9361777240408249,0.00803844462429344,0.00033647757630524524,0.029340560343572086,-0.02554630339959007,0.039766618158246045,0.07813080282199177,0.08260766854708572,0.2465258578781389,0.6377087146609292,0.4677286830196381,-30.319510232951835,0.5803016135150871,0.42831460502243046,-26.96524125125855,0.21042227228864188,0.2833956599235535,5.279381656612842,0.5894045323839096,0.5571004639328003,-0.043841387848609026
40.00000000000201,houtaitui_play,houtaitui,0.0,0.0,0.0,0.9888748177196179,-1.752759457017121,1.1170711108403366,-1.848279272321664,0.0068898054358288744,0.0004823447976494518,0.02929148030336618,-0.023672440097393877,0.03817873415223296,0.07799252478778185,0.08245060486831295,0.2461143634055813,0.633965502345331,0.46496407058334355,-30.13588409151496,0.575128303286865,0.42480874922370915,-26.66381941527861,0.22063486384700462,0.2947715938091278,5.368826548317442,0.5671989535711236,0.5348692427337647,-0.04833277998703689
40.02000000000202,houtaitui_play,houtaitui,0.0,0.0,0.0,0.9893650507492293,-1.7760772269015748,1.1620177925131585,-1.7614397366549137,0.005782954929797762,0.0007254271016695041,0.029217721625145673,-0.02164159198916872,0.03661571011459541,0.07692138886770436,0.08230728825677648,0.24590082238041627,0.6301229120764992,0.4620182302246094,-29.96691671036187,0.5699465956118006,0.4213064100990296,-26.36087108341943,0.23091355359988752,0.3061997413635254,5.457133448217312,0.5450828442945087,0.512701202458191,-0.05269704546390652
40.04000000000203,houtaitui_play,houtaitui,0.0,0.0,0.0,0.9898570078898211,-1.796909883665012,1.2053703153423245,-1.6765891921474605,0.004712762865184391,0.001043265413486337,0.029138001485199114,-0.01947549639212683,0.03528784727048288,0.07505938537858224,0.08218281266699576,0.2459134221636907,0.6261813887674026,0.45881427195167546,-29.826651625207813,0.564765146444374,0.4177348997840882,-26.071091469772593,0.24125514886684432,0.31765828728675843,5.543024832937401,0.5230469361628095,0.49061064822082523,-0.05688784567421434
40.06000000000204,houtaitui_play,houtaitui,0.0,0.0,0.0,0.990349392344186,-1.8151578038744907,1.2472719823137515,-1.5944788307731497,0.0036818601030761157,0.0014107560189849078,0.028998433403494128,-0.01720827504876895,0.034079256130653796,0.07256145412365653,0.0820582394119824,0.24609926113863156,0.6221488063365439,0.4555555370101929,-29.680459158587755,0.5595990941662184,0.41423920657730107,-25.771588863636314,0.2516571026949907,0.32918764352798463,5.629891188824517,0.5010780064037432,0.4685454855621338,-0.06167020162496495
40.08000000000205,houtaitui_play,houtaitui,0.0,0.0,0.0,0.9908401437835953,-1.830793196718789,1.2877107197340143,-1.515619793229429,0.002690703582624032,0.0017943090215174835,0.028752262623132577,-0.014911970086307754,0.03288145346192072,0.06964360500210298,0.0819430013001411,0.24646995306234987,0.6180417014237718,0.45222059753036503,-29.53578388659423,0.5544693373428295,0.4107819285640717,-25.473243655316185,0.2621187984572212,0.34077889919281007,5.716996805267403,0.4791649018818241,0.44651870829467777,-0.06657625216705543
40.10000000000206,houtaitui_play,houtaitui,0.0,0.0,0.0,0.9913270805505348,-1.8439166169734647,1.326401437082815,-1.4403050684435095,0.001731017026278371,0.0021727277422686647,0.028363367437329066,-0.012593318726222937,0.03142963581586076,0.06649559137714847,0.08183509328290257,0.24692177174613206,0.6138814086019322,0.448891409898758,-29.38147924370976,0.5493954591334594,0.40741399791336064,-25.171190693815007,0.27264042146701967,0.3524355709552765,5.804859645938619,0.4572849515209693,0.4244798908889771,-0.07187007681609392
40.12000000000207,houtaitui_play,houtaitui,0.0,0.0,0.0,0.9918088635948449,-1.855233734348722,1.3630220946814202,-1.3688152304984023,0.0007798286702401538,0.002392186548495278,0.027876615678735735,-0.011202664256507951,0.029715998470062264,0.06306037129418823,0.08174570182418654,0.24737852766681637,0.6096977652814237,0.4454401817569733,-29.248371980966812,0.5443722977709022,0.40396765735244755,-24.89078983278489,0.2832258650667503,0.3641252040863037,5.889657541835468,0.4354217198593794,0.40244965655212406,-0.07691557971663998
40.14000000000208,houtaitui_play,houtaitui,0.0,0.0,0.0,0.9922852029232987,-1.865194661175213,1.3976050071553574,-1.301498660246725,-0.00018281014413466795,0.00259133486152241,0.027388295212231347,-0.009887460709334064,0.028057377375573678,0.05934229182414363,0.08167472063138932,0.2478666293924914,0.60550438366351,0.44172952439880375,-29.16039642111406,0.5393919456238393,0.40048674609756474,-24.62440634164876,0.2938708650493536,0.3758613884449005,5.973706997167373,0.4135787475307229,0.3804582844436646,-0.08133532560945123
40.16000000000209,houtaitui_play,houtaitui,0.0,0.0,0.0,0.9927558218888006,-1.873860426549462,1.4303098110821024,-1.238741291908962,-0.0011191548796832202,0.0027309522714161726,0.026894421096765334,-0.008825507502006186,0.026537202318828244,0.05526114799535166,0.08159627627214644,0.2483277676017015,0.6013063444331773,0.4380229797611237,-29.071852628265358,0.5344567031440844,0.39707479741668705,-24.353185643137802,0.30456480399229513,0.3876449286937714,6.0579110264223415,0.391763248987459,0.35847597224121097,-0.08642849650866757
40.1800000000021,houtaitui_play,houtaitui,0.0,0.0,0.0,0.9932200945541817,-1.881119633655822,1.4612448318381097,-1.1808304810254067,-0.0020970615369764406,0.0028879756506723572,0.026377027003938586,-0.007447867303095308,0.02511488910251006,0.05096150049823324,0.08151644039596176,0.2487806609462369,0.597107695007047,0.4342889871845246,-28.988235367256053,0.5295768606647673,0.3937058832893372,-24.085029644403207,0.3152925456905436,0.39945228099823,6.142186266715193,0.36998785988879784,0.336536217755127,-0.09182094907798466
40.20000000000211,houtaitui_play,houtaitui,0.0,0.0,0.0,0.9936773983142374,-1.8861403001320796,1.4906307071732248,-1.1274690735716015,-0.003073869588992037,0.003080670660108002,0.025852880077739507,-0.005326854576721706,0.02392124801643193,0.04690929983692895,0.08144727901424757,0.24936024156424474,0.5928932077425618,0.43051145341491703,-28.908391131429635,0.5247827371832575,0.3903833415756226,-23.826524048568228,0.3260268612135105,0.4112692892551422,6.228369672843008,0.3482635379856952,0.314649272984314,-0.0976311514896816
40.22000000000212,houtaitui_play,houtaitui,0.0,0.0,0.0,0.9941274562779927,-1.8884336403275435,1.5187552077620525,-1.0768202537920735,-0.004036162708960298,0.003078280703622793,0.02534073788690312,-0.0028599750498541797,0.022936195850817513,0.04481506438264939,0.08138846081959841,0.25007546149954707,0.5886530288171374,0.4267270651111603,-28.824392559951086,0.5200923546817072,0.3870986488113404,-23.581362298837163,0.33674586334592915,0.42307902574539186,6.316537701130193,0.32659186059013295,0.29280703169708255,-0.10374333408604508
40.240000000002134,houtaitui_play,houtaitui,0.0,0.0,0.0,0.9945703091636703,-1.8880525133247015,1.5458645258093995,-1.0271478906707754,-0.004973053971797323,0.0028789923035974128,0.024849359371113097,-0.0005133222086748657,0.02210040632359494,0.04406932574188877,0.08133559894803843,0.25086539168966765,0.584387911390868,0.422977605129242,-28.72920505446105,0.5155061434556285,0.3838313308010102,-23.352362140894837,0.34743686251061023,0.4348701357841492,6.406298665886242,0.30496798372325895,0.27101187807922367,-0.10971153961381586
40.260000000002144,houtaitui_play,houtaitui,0.0,0.0,0.0,0.9950058866096092,-1.8861268778839577,1.5718849970434394,-0.9778977667639386,-0.00589279433231915,0.0024733180718427526,0.024331345941810884,0.0006557742190523449,0.021142302629731612,0.043708111031355766,0.08127309560737582,0.25156877871633965,0.5801283009568121,0.41939500835037236,-28.60815603656646,0.510996063619737,0.3806456115493775,-23.119255480882934,0.3581075583855069,0.4466537356376648,6.496371991204437,0.2833763036051363,0.24923377138977054,-0.11551407268066416
40.280000000002154,houtaitui_play,houtaitui,0.0,0.0,0.0,0.9954342898244766,-1.882547952261934,1.5968104023221785,-0.9292836738207623,-0.006805959779234309,0.002085783992602802,0.023825805209935793,0.002145621991619969,0.020224991421497307,0.04309565731514579,0.08122500439296884,0.25227590422770363,0.575870086022793,0.4156768110046387,-28.511029778054635,0.5065670565077638,0.3774940755615235,-22.895449715046556,0.36875045410604895,0.45842249393463136,6.588096351560271,0.26182576949335223,0.22754030329589847,-0.12066256083507332
40.300000000002164,houtaitui_play,houtaitui,0.0,0.0,0.0,0.9958560167274624,-1.8770178095955197,1.6207084218627559,-0.8827248195588259,-0.007720556177279535,0.001821200708995396,0.023356448505168128,0.003916701165717878,0.01940764962514932,0.04109647685236771,0.08118134750120695,0.25302535518492963,0.571601289571814,0.41192305948829655,-28.417502403634852,0.5022245067616318,0.3743853655109406,-22.67989647278872,0.37935834741455293,0.4701571583747864,6.6803007398115035,0.24032695427773673,0.20590167147521976,-0.1260719492757446
40.320000000002175,houtaitui_play,houtaitui,0.0,0.0,0.0,0.9962718006698916,-1.8693625845897068,1.643798928170914,-0.8395233493624947,-0.00863699128107409,0.0016310055506383121,0.02295234700008323,0.005861047088138653,0.01884643508863402,0.03801661046591525,0.08114325654089725,0.25383415282341026,0.567310899866317,0.4080334093818665,-28.3437132515673,0.4979668959530359,0.37127918865776066,-22.47907802447994,0.38992586848884947,0.48183776140213014,6.77172831740914,0.21888462197245265,0.184322763508606,-0.13155793992865417
40.340000000002185,houtaitui_play,houtaitui,0.0,0.0,0.0,0.9966820091318149,-1.8594937938897502,1.6661693332734528,-0.8004857775338924,-0.009544877471028761,0.0014604494967392682,0.022566515939571125,0.007896645841132477,0.018343105339060903,0.034289931574567556,0.08108677906737814,0.25460256266995823,0.5629939589908306,0.40419656899070744,-28.255256825273793,0.4937939633849977,0.3683017578372956,-22.270295937255252,0.4004512239429009,0.49348868131637574,6.864231987292607,0.19748645766766879,0.1627501736343384,-0.13749623622707186
40.360000000002195,houtaitui_play,houtaitui,0.0,0.0,0.0,0.9970867200136514,-1.847411665926443,1.6877061637196598,-0.765932883789903,-0.010434781555692512,0.0012576651631572156,0.022170551438994462,0.009931109967379101,0.017736903620262263,0.03032989410328986,0.08101921021241483,0.25531324335311295,0.5586505009877036,0.4003686096916199,-28.16042417622947,0.4897055592549527,0.36537913348770146,-22.066845927161697,0.41093479489785384,0.5050947785377502,6.956453368023697,0.1761188922635829,0.141193200177002,-0.14334865640261385
40.380000000002205,houtaitui_play,houtaitui,0.0,0.0,0.0,0.9974861156322271,-1.8332034386839493,1.7082538972373005,-0.7358187163063338,-0.01130207203216246,0.0009832569956117604,0.02176703594338014,0.011881675097772815,0.016990834840968864,0.026439495439498424,0.08094337327478149,0.2559520753012165,0.5542817166280832,0.3965348389396668,-28.062162860814826,0.4856980011587769,0.36248213913536076,-21.873054339803584,0.4213773750459811,0.5166471123695373,7.047596651000138,0.15477630487816746,0.11965947253112796,-0.14907611007655408
40.400000000002215,houtaitui_play,houtaitui,0.0,0.0,0.0,0.9978804930248614,-1.8170232820791565,1.7276803181374911,-0.7098724544019097,-0.012146177855733324,0.0006132128529332191,0.021363389721968832,0.013686255444506664,0.01612412756178359,0.022801250594651122,0.08086027142540385,0.2565081625872339,0.5498894716521554,0.3926973428974152,-27.96048532336713,0.4817646318329235,0.35959676768875126,-21.690017956220593,0.4317797209864641,0.5281463384628295,7.137656009208357,0.13346027453829237,0.09815650088195804,-0.15476867512339676
40.420000000002226,houtaitui_play,houtaitui,0.0,0.0,0.0,0.9982698126874696,-1.799073645608441,1.7457218542919297,-0.6876935429689107,-0.012967411567135255,0.00013584911659155223,0.020921815920507198,0.01530109636606273,0.0149886401175082,0.019516382341704344,0.08075911564635108,0.2569315526446421,0.5454807900161708,0.38897819187736515,-27.83507100867413,0.47790163394289886,0.35678968694305424,-21.50525760441909,0.4421437373615693,0.539606761932373,7.227555216685088,0.11217423400853516,0.07667856318359378,-0.16069841323078604
40.440000000002236,houtaitui_play,houtaitui,0.0,0.0,0.0,0.9986541091330717,-1.7795976095404458,1.7622451561809762,-0.6688209432096106,-0.013772248659809033,-0.0004553435196102333,0.020472901923798224,0.01668879060147923,0.013760907225978253,0.01663564390924467,0.08066269588819192,0.2572817319549079,0.5410624964282511,0.38520295288658146,-27.718536503273324,0.47410219857274644,0.3539165642509461,-21.343309035160157,0.45247062332307,0.5510048389434814,7.315384231968794,0.09093671580538683,0.055287409848022495,-0.1663768199742064
40.460000000002246,houtaitui_play,houtaitui,0.0,0.0,0.0,0.9990334929804503,-1.7588499249340188,1.7773074536084377,-0.652816108911758,-0.014566286999091637,-0.001154181647536146,0.02003268763778445,0.017844664890834052,0.012579890346941075,0.014134602672789093,0.08056419151965243,0.25754673348081547,0.5366409640232819,0.3814297702560425,-27.601531889997936,0.47035846333875897,0.35102618601417546,-21.19389904434316,0.4627616086430159,0.5623552918434143,7.4022045268719205,0.0697663868186218,0.03397874934082035,-0.17229414025057987
40.480000000002256,houtaitui_play,houtaitui,0.0,0.0,0.0,0.999408085828945,-1.7370692571983075,1.7911791706378928,-0.6393062828995411,-0.015352485611146783,-0.001949490491260998,0.01962742329077215,0.018773497852030675,0.011654450774973138,0.01195340107309861,0.08047348079632738,0.25776562585280993,0.5322215638888799,0.3775797274360657,-27.49926853377437,0.4666623179781886,0.3480556991348267,-21.06676791727935,0.4730178111365132,0.5736523389816284,7.487353747343177,0.04868261440597409,0.012785245007324253,-0.17807052657197708
40.50000000000227,houtaitui_play,houtaitui,0.0,0.0,0.0,0.9997774770244048,-1.7143685681600997,1.8040360274850207,-0.6279433287502251,-0.016125828778644616,-0.002721567358070001,0.01921072177684983,0.019634449672998832,0.010835597448991943,0.010090707905237733,0.08036804141923434,0.2578857303022929,0.5278110981368851,0.3738451984176636,-27.37812880757389,0.4630165965190902,0.34514603879547123,-20.93817923254197,0.48323711523730545,0.5849196434020996,7.573307073438727,0.027698481003009527,-0.008314918452453579,-0.18440604550733708
40.52000000000228,houtaitui_play,houtaitui,0.0,0.0,0.0,1.0001408518154389,-1.6910027419662854,1.8158817720570049,-0.6184767252357346,-0.016877250060126185,-0.0035745228607137144,0.018750553703615867,0.020231709911660463,0.010004188849061698,0.00842984471153225,0.08025726186886004,0.25791629944054706,0.5234257393064244,0.3701872911701203,-27.249044979780596,0.45942351382442015,0.3422379877815247,-20.81884686372573,0.49342258548023454,0.5961411118507385,7.6580502478669645,0.0068258015628636,-0.02929146187896725,-0.1908347390005679
40.54000000000229,houtaitui_play,houtaitui,0.0,0.0,0.0,1.0004974768217842,-1.6672369021123468,1.8266891174383726,-0.6106591192043183,-0.017602287017309447,-0.004499216461450828,0.01825132900268617,0.020597127390933244,0.009140994563351856,0.0069878554334222645,0.08014544062281156,0.25784321134878496,0.5190816992776334,0.36658651497459416,-27.118351977468368,0.4558839085345989,0.33932343986129765,-20.710377755478977,0.5035772696843089,0.6073080420494079,7.74072148750955,-0.013923051219832651,-0.05012864964599606,-0.19728758954557946
40.5600000000023,houtaitui_play,houtaitui,0.0,0.0,0.0,1.0008465517094232,-1.6432685280565886,1.8362702892740403,-0.6042041295233133,-0.01829821318815127,-0.0054826967399710155,0.01768852183399913,0.02079054104769725,0.008077417960930307,0.005795972737943543,0.0800206009752336,0.25762433115332406,0.5147948400292625,0.3631517675170899,-26.969274436994528,0.452402333669574,0.3364735629806519,-20.60105707199907,0.5137024276137403,0.6184315800666809,7.82221387761096,-0.03453984365954674,-0.0708325614273071,-0.2039758218106218
40.58000000000231,houtaitui_play,houtaitui,0.0,0.0,0.0,1.0011878673525465,-1.6192370822643904,1.8445296583936623,-0.59878895557317,-0.01896585564455998,-0.006516247841833726,0.017116507108608514,0.020858264527002637,0.006953519764239287,0.004888420675927164,0.07990767444619803,0.25732685154575846,0.5105727133814603,0.35970170166587834,-26.835189078022985,0.44897737565840046,0.33355195191001896,-20.514736487474106,0.5237960249730129,0.6294779896736145,7.900162903997307,-0.05499081361453328,-0.09129888909454342,-0.21010505783968414
40.60000000000232,houtaitui_play,houtaitui,0.0,0.0,0.0,1.0015218075955357,-1.5952433116946754,1.8515032324753433,-0.5940988148015928,-0.019606746797707634,-0.007587615462583234,0.016570398169543383,0.02083316083879684,0.005854982560592443,0.00425450923821081,0.07979850871005179,0.2569523976693092,0.50641557904944,0.3562988426933289,-26.70433237189945,0.44560251073116297,0.33061383035278324,-20.43988284956271,0.5338526416706323,0.6404448866844177,7.97500166740274,-0.07522418047542744,-0.11148042576904293,-0.21632863287215298
40.62000000000233,houtaitui_play,houtaitui,0.0,0.0,0.0,1.001848817805085,-1.5713690413893553,1.8572168701837006,-0.5898572283887918,-0.02022058324138789,-0.0086838272947078,0.01604963622730618,0.02072972858777231,0.00476753374352507,0.0038580572530436427,0.07969119991785217,0.25650141482076205,0.5023225415165924,0.3529736783752442,-26.570958526121835,0.4422715404239813,0.3276695099124909,-20.373608232418185,0.5438650613078463,0.6513384103775024,8.047895588622051,-0.09519228311442307,-0.13135189908142086,-0.2229920841596219
40.64000000000234,houtaitui_play,houtaitui,0.0,0.0,0.0,1.0021692488108418,-1.5476881874837334,1.861663541941425,-0.5858413162447463,-0.02080579373268295,-0.009792377800740862,0.015546381167452899,0.02055668657844625,0.003664325624772439,0.0036505924974183485,0.07958611538835493,0.25596892000462784,0.49829328552963625,0.3497295465717316,-26.434444757552427,0.4389790173390508,0.32471589114761357,-20.315504393478196,0.5538257070485345,0.6621608257293701,8.119654572849663,-0.11485969788918649,-0.15089399712676999,-0.2300798174370613
40.66000000000235,houtaitui_play,houtaitui,0.0,0.0,0.0,1.0024833705113558,-1.5242696527739834,1.864811158532952,-0.5818861471257741,-0.021360572606110333,-0.010904843295512692,0.01505497701251659,0.020318717684976617,0.0025269685824630995,0.003580389685817616,0.07948426286614203,0.2553507244385007,0.4943282165955191,0.3465632286319733,-26.295514171792487,0.4357198760569695,0.3217481460819245,-20.265553375395925,0.5637272978150445,0.67291100025177,8.190754053429698,-0.1342024503161588,-0.17009396451110836,-0.23749632700987489
40.68000000000236,houtaitui_play,houtaitui,0.0,0.0,0.0,1.0027914388039383,-1.501182343354512,1.8666049108646094,-0.5778789563629978,-0.02188448454269055,-0.01201559086694744,0.014573013476290239,0.020017752072690624,0.001336430234267504,0.0036029083200829573,0.07938694824054653,0.2546420806167467,0.49042775224108004,0.3434703734169007,-26.155014991188224,0.43248904972639796,0.3187592711696625,-20.224110106328656,0.573563379952117,0.6835880994796752,8.261599070980973,-0.15320546074225597,-0.18894417183990475,-0.2451382737166945
40.70000000000237,houtaitui_play,houtaitui,0.0,0.0,0.0,1.0030940564930684,-1.4785000941202513,1.8671418135622948,-0.5737543582715383,-0.02237913192442522,-0.013117322142359762,0.01414017388005578,0.019649380382390686,0.00025691526929357553,0.0036809429038579143,0.07931418194514923,0.2538750480269156,0.48658785583270264,0.340345689321518,-26.030842266871115,0.4292763892090859,0.31566456821060185,-20.204210788796075,0.5833281448293112,0.6941859245300293,8.33212248576464,-0.171856870107314,-0.20742721455688473,-0.25277429612304536
40.72000000000238,houtaitui_play,houtaitui,0.0,0.0,0.0,1.003391228960818,-1.4562139780879177,1.8672401206587537,-0.5694957690619744,-0.02282740584834268,-0.014198925762713704,0.013795971698054731,0.01924551686800706,-1.4289332669291377e-05,0.0037842927836023057,0.07923538661419534,0.25299626172835726,0.48280747357810255,0.3373623874435425,-25.89235973628888,0.42608130781324344,0.3126078632125855,-20.18017253343618,0.5930234117220011,0.7047112107276916,8.402050163538554,-0.19016589248690136,-0.22557706730957028,-0.2602838388597971
40.74000000000239,houtaitui_play,houtaitui,0.0,0.0,0.0,1.0036831234387364,-1.4336518722913467,1.866981993459744,-0.5650316580381134,-0.023223850121812595,-0.015100619216486663,0.01346410506071806,0.019649640891919982,-0.0003531865168071651,0.0039715524350400645,0.07915694215261342,0.2520730264477883,0.4790629327868843,0.33447957899665837,-25.739649735155936,0.42292522768255475,0.3095957722911835,-20.157492230811954,0.6026306529483073,0.7151499509811401,8.473491746343473,-0.2081324923367753,-0.24339837926025387,-0.2680798750565706
40.7600000000024,houtaitui_play,houtaitui,0.0,0.0,0.0,1.003970104608238,-1.4105574937836909,1.8659249483825335,-0.5603350013049624,-0.0235680715463993,-0.015943369431941926,0.013105059210916927,0.02007111674938774,-0.0011368653051353783,0.004151662786410884,0.07908185391006153,0.2511167053365477,0.4753424449888927,0.33169520762062077,-25.57279158772403,0.41981376531636,0.3065709855804444,-20.145367588330274,0.612138996691345,0.7254799723625183,8.54457936666587,-0.22576049704834825,-0.2608946074783325,-0.27607178329737136
40.78000000000241,houtaitui_play,houtaitui,0.0,0.0,0.0,1.0042524044959371,-1.3875627627957918,1.8634983305598787,-0.5553951301981145,-0.023864454288383505,-0.016829251889704577,0.01270282490744668,0.019901283531469163,-0.00239468577943652,0.004337461488357039,0.07900722212102383,0.2500249735998109,0.47166495949147363,0.3289912131080628,-25.400765823419476,0.4167242590994389,0.30350212123489384,-20.14325751982882,0.6215546893204849,0.7356906056404113,8.613136991533214,-0.24305396331062862,-0.27805812256927487,-0.28399944895078366
40.80000000000242,houtaitui_play,houtaitui,0.0,0.0,0.0,1.0045301154551665,-1.3651637496329532,1.8593391314014993,-0.5501089797468152,-0.02412139125534997,-0.017731658939428133,0.012273403950631374,0.01932321251412129,-0.003947585643884528,0.004616749447615502,0.07893990123478328,0.24880243698488436,0.46804593477508427,0.3263082590351105,-25.236646486732454,0.4136407786690728,0.30039803054428105,-20.147351099866007,0.630882396112853,0.7457945466041564,8.679951101096844,-0.2600088059563691,-0.294861864024353,-0.2915991760233295
40.82000000000243,houtaitui_play,houtaitui,0.0,0.0,0.0,1.0048032993157265,-1.343622072738586,1.8532646477912544,-0.5443354068215763,-0.024351124502389618,-0.01861787215126667,0.011834065520396165,0.01853861911602943,-0.005641229857832398,0.005018140728374431,0.0788850725218554,0.24748999996667273,0.46449331254785564,0.32363910343742375,-25.08259971866452,0.4105553928716234,0.2972638395080567,-20.15590570464509,0.6401280190227411,0.7557947754859924,8.744793411107596,-0.27661943147121687,-0.31129665272827145,-0.29905198614055295
40.84000000000244,houtaitui_play,houtaitui,0.0,0.0,0.0,1.0050720087656746,-1.3229390227039206,1.8452440323587291,-0.537956221614395,-0.02456316294193865,-0.019452553916578935,0.011398579941186943,0.01773862230165955,-0.007353296550651268,0.0055159254784966525,0.07884518026935892,0.24611845709975896,0.46100650204866683,0.3209902730236054,-24.93710383468818,0.40746847725277147,0.29410410788154606,-20.168376350276713,0.6492885842199249,0.7656846761703491,8.807687211102321,-0.29287237494638985,-0.3273626078903198,-0.3067115380131167
40.86000000000245,houtaitui_play,houtaitui,0.0,0.0,0.0,1.0053362800560062,-1.3023349200708827,1.8354124234268365,-0.5308853363267692,-0.024765655163866,-0.02006851768032806,0.010988160650284238,0.017823482489145146,-0.008919564356460092,0.0060977662324810215,0.07882415843869137,0.24475948780058474,0.45755798144624443,0.31834674742317204,-24.794777179571728,0.4044076472552994,0.2909420218715668,-20.188825800275293,0.658345859110207,0.7754665732383728,8.871501522387131,-0.3087612591163204,-0.3430578221618652,-0.31436848122989913
40.88000000000246,houtaitui_play,houtaitui,0.0,0.0,0.0,1.0055959990970622,-1.281518185697159,1.8237399809022137,-0.5231666408738209,-0.024960010263755047,-0.02059298926766368,0.010565071923542405,0.01795553158288601,-0.010561713915332144,0.006616193422961669,0.07879524700571702,0.2433963799964392,0.45413923281379776,0.31584958102798466,-24.631030946989565,0.40138595627188683,0.2878357556114197,-20.20706773880733,0.6672880979398126,0.7851170420646667,8.934094382628366,-0.32428236322010195,-0.3584161509811401,-0.3224175527121178
40.90000000000247,houtaitui_play,houtaitui,0.0,0.0,0.0,1.005851260860679,-1.260984769212691,1.8102087633401078,-0.5148497881705886,-0.0251446747919606,-0.021120168980613828,0.010152487251139729,0.017634732137233843,-0.012189872322342782,0.007105609755071878,0.0787884401119312,0.24199260133595799,0.45076522305019634,0.31333268549537663,-24.48011549615403,0.39838514040029877,0.28466472890472416,-20.239228188976536,0.6761178699329202,0.7946130156517028,8.993147725285647,-0.3394505840569115,-0.3734194745361328,-0.32979653273096565
40.92000000000248,houtaitui_play,houtaitui,0.0,0.0,0.0,1.0061026803253685,-1.2411017628611776,1.7951037804331602,-0.5059182203802808,-0.025323397629385937,-0.021630352359365057,0.009809754348928128,0.017018332368484806,-0.013527683717295732,0.0076189422118605795,0.07882959359764997,0.24058078698219287,0.4474393400515497,0.31071195867156987,-24.35677751926686,0.39538438924651553,0.2814152028808594,-20.283943300569327,0.6848356424161192,0.8039833426475524,9.051467095061051,-0.3542691727296044,-0.388062547618103,-0.33751400551827204
40.94000000000249,houtaitui_play,houtaitui,0.0,0.0,0.0,1.0063504424041292,-1.22205225946173,1.7786528581357315,-0.49636864406515974,-0.02550066380182803,-0.022093174980620644,0.009491647491304048,0.016262958204022203,-0.014693868268616869,0.00813565480523977,0.07888043801566307,0.23911922719053438,0.4441648648250866,0.3081636812934876,-24.229894963498595,0.3923762152520766,0.27823305990791325,-20.314615215417696,0.6934409614180695,0.8132388710975647,9.109757007653936,-0.3687515991507143,-0.4023880471527099,-0.3453977147160191
40.9600000000025,houtaitui_play,houtaitui,0.0,0.0,0.0,1.0065943563099162,-1.2038775355912217,1.7609430785944873,-0.4862177932773825,-0.025671845355658154,-0.022487791595043046,0.00917393590992124,0.015485452357852203,-0.015790637754011877,0.008638285642369289,0.07894693821652506,0.23761774578755257,0.4409449459493184,0.30564046766853337,-24.1085661917973,0.38936192975985773,0.2750608709106446,-20.342486588428226,0.7019341194912396,0.8223771572113037,9.167610975831053,-0.38290972046351973,-0.4163882245361328,-0.352844044852647
40.98000000000251,houtaitui_play,houtaitui,0.0,0.0,0.0,1.0068343814407401,-1.1865300110749613,1.7420339787898649,-0.4754864259810724,-0.025831743551780178,-0.022803070789611544,0.008863991899639856,0.014758686680816707,-0.01683633821891125,0.009124130404056185,0.07903203911887241,0.23609001885651648,0.437777887252192,0.30312640335655217,-23.994973565665696,0.3863437264747644,0.2718879070529938,-20.369957851591238,0.7103122238125967,0.8313886642456054,9.224732425496182,-0.39674543606461204,-0.4300660600006103,-0.36021167458775116
41.00000000000252,houtaitui_play,houtaitui,0.0,0.0,0.0,1.007070651706009,-1.169918329142945,1.721977614885041,-0.4641874876912184,-0.02597800879372423,-0.023034815781962325,0.00856948398519569,0.014116076757469257,-0.017836898498223855,0.009601030479593667,0.0791378969868905,0.23454823842752812,0.43465839201007334,0.300617643857956,-23.88858290068909,0.3833234089363333,0.26871452596282963,-20.397261116133336,0.7185724919932859,0.8402716636657714,9.281169221597748,-0.41026455995576155,-0.4434275140106201,-0.36734406053941837
41.02000000000253,houtaitui_play,houtaitui,0.0,0.0,0.0,1.0073030635756908,-1.1539265035743838,1.7006875224100177,-0.45233692692886485,-0.026109264029276234,-0.0231779547565984,0.008258138096345635,0.01357867360927766,-0.018936582233845506,0.010061399642503398,0.07923748992924207,0.23296554623297766,0.4315837391888384,0.2981974866638184,-23.77410857964151,0.3803081892445458,0.26561305787658696,-20.41308080209862,0.7267136874696889,0.8490214467048645,9.336521894752595,-0.42347894649134016,-0.4564923753082275,-0.3742392036919929
41.04000000000254,houtaitui_play,houtaitui,0.0,0.0,0.0,1.0075318396345903,-1.1384397103459427,1.678169886768904,-0.4399029113873855,-0.026224618197961413,-0.023241980640861533,0.00796965926368204,0.013139485367315533,-0.020001038831990156,0.010553412688679892,0.07937086269702122,0.23140167586736693,0.42854630796066934,0.2957124498138428,-23.677426062330895,0.3772995982314971,0.26245523359870915,-20.44035837979815,0.734734725366728,0.8576311588287353,9.390350236295655,-0.43639034791307074,-0.46923727887268063,-0.38074994038528487
41.06000000000255,houtaitui_play,houtaitui,0.0,0.0,0.0,1.007757438624662,-1.1233641620488528,1.6545676703807783,-0.42674161819811846,-0.026328963457030136,-0.023241671706624424,0.007719986919454119,0.01277461723895652,-0.02094147756945443,0.011167983883445637,0.07953336968303591,0.22986058434945233,0.42553602410729097,0.2932079222450257,-23.588374617129226,0.3742957837140794,0.2592950847396851,-20.468794560967396,0.7426326191340076,0.866094958782196,9.442434088173705,-0.4490023489260877,-0.481687020236206,-0.38695620423648813
41.08000000000256,houtaitui_play,houtaitui,0.0,0.0,0.0,1.0079801794729006,-1.1086342920276,1.6300313749500954,-0.41269909678848504,-0.0264243578234424,-0.023182714863199165,0.007502226415125903,0.01246136105780624,-0.021753860909301835,0.011928949844049842,0.07972191737484738,0.2283302975394801,0.42254539432229987,0.2906938281307221,-23.504009869793855,0.3712957424045209,0.25613734986877446,-20.49741878729132,0.7504080543519441,0.8744112968444824,9.492463133786536,-0.4613264272798734,-0.4938475598632812,-0.39273918112553946
41.100000000002574,houtaitui_play,houtaitui,0.0,0.0,0.0,1.0082002821512759,-1.0941965242960883,1.604701068257457,-0.39757119782059497,-0.026509761277680666,-0.02307307591474532,0.0073104856626357954,0.012190484382825882,-0.022448618146345602,0.012900227699806761,0.07993439061015772,0.22680322328755204,0.419568319099827,0.28816870715713505,-23.42360750917013,0.3682991994103577,0.25298214819526677,-20.52616643982859,0.7580614075394821,0.8825758218765258,9.540085196445608,-0.47336875876091244,-0.5057212819396972,-0.3981883606131847
41.120000000002584,houtaitui_play,houtaitui,0.0,0.0,0.0,1.0084178760675204,-1.0800067776574298,1.5787054715395499,-0.3812083570685448,-0.026583592136164753,-0.022903381822462415,0.007139028718980364,0.011954525017742629,-0.023033937813957028,0.013983103560235612,0.08016947324048648,0.22528033019205493,0.41660005592581467,0.28563282754516606,-23.346366288965513,0.3653067424761665,0.24983251955604557,-20.554688614664794,0.7655912775048259,0.890586507320404,9.585367512846037,-0.48513217878209974,-0.5173129548370361,-0.40347653562623526
41.140000000002594,houtaitui_play,houtaitui,0.0,0.0,0.0,1.0086329787079489,-1.0660439571234095,1.5521710720953492,-0.3635617183368936,-0.026644880850271332,-0.0226688681074041,0.006982108746681164,0.011734263415573893,-0.02350882773388718,0.015102605432422828,0.08042687997303255,0.22377167426954186,0.4136381831777041,0.2830855336437226,-23.27214742130441,0.36231954495158597,0.24669087793922428,-20.58281122220857,0.7729960786397895,0.8984399557113647,9.628158044621134,-0.4966204232402125,-0.5286235322296142,-0.40847841765299553
41.160000000002604,houtaitui_play,houtaitui,0.0,0.0,0.0,1.008845521727839,-1.052306300818785,1.5252283072364932,-0.3446321910554593,-0.02669329773250097,-0.022368962591517664,0.006836007587500923,0.01151510272202226,-0.02386869005118882,0.016219957534426864,0.08070687142264275,0.22228409779561992,0.4106821445917598,0.28052235510444645,-23.201789251043763,0.35933931185703055,0.24356214072799687,-20.610000135585377,0.7802739555547668,0.9061361074447631,9.668621220279327,-0.5078361297726327,-0.5396542062103271,-0.41319511760858624
41.180000000002615,houtaitui_play,houtaitui,0.0,0.0,0.0,1.0090554248531949,-1.038801603337919,1.4980024109875492,-0.3244206924959688,-0.026729916628728423,-0.022008030108276327,0.006699633812158172,0.011289616370227564,-0.02412146235146604,0.017346162239575334,0.08100915476898109,0.22082252837918895,0.40773229247036213,0.27793995406723027,-23.136044611595537,0.35636776277876037,0.24045208957290654,-20.635519709860574,0.7874217495454543,0.9136754393577575,9.707149349513202,-0.5187813116281816,-0.5504085530578613,-0.4176500045532788
41.200000000002625,houtaitui_play,houtaitui,0.0,0.0,0.0,1.0092626472380397,-1.0255468004352304,1.470576871438941,-0.3027980277238819,-0.026763947466775555,-0.02160347037983538,0.00656945087612623,0.01104560783012634,-0.02431464109330187,0.018624093751390937,0.08133262524350658,0.21938926837608191,0.40478860560789215,0.2753390457878113,-23.074701427746817,0.3534067611034883,0.23736564185714726,-20.658863360012433,0.7944323538357093,0.9210565209388732,9.744495133061545,-0.5294539599794255,-0.5608891953765869,-0.42222888965468647
41.220000000002635,houtaitui_play,houtaitui,0.0,0.0,0.0,1.009467435913548,-1.0125876779190002,1.4431733397372553,-0.2797057724020555,-0.026789083812900752,-0.021147726821551745,0.006481074357953676,0.0107578733174817,-0.024284180694190683,0.019924554161770094,0.08170801460992475,0.2180168934250821,0.4018474464842153,0.27264160778617863,-23.030936643660038,0.35045118445737694,0.2342379477272034,-20.690200685202633,0.801301450799664,0.9282838821411132,9.781006915401102,-0.5398521507170357,-0.5710792054473877,-0.4264130497509696
41.240000000002645,houtaitui_play,houtaitui,0.0,0.0,0.0,1.0096696957977875,-0.9999683758355178,1.4159731730698386,-0.25527982570630997,-0.02680207250555688,-0.02062445771791501,0.0063996514669238756,0.010439662911200609,-0.02411313279941044,0.021104871323818445,0.08209466304867927,0.21666634196038037,0.3989106120158709,0.26997397210693364,-22.982736506003782,0.347501644108044,0.23119608428573613,-20.707218139825773,0.8080273850127959,0.9353513240814209,9.816237488851677,-0.5499844949618854,-0.5810129155456543,-0.43047434569504256
41.260000000002655,houtaitui_play,houtaitui,0.0,0.0,0.0,1.0098690937236494,-0.987691050822002,1.3890643431428407,-0.22986869757007422,-0.026792613116729518,-0.020007914809875252,0.006312095664115847,0.010133339806533788,-0.02386225997209837,0.021934429638837565,0.08249534852642401,0.21534576451421533,0.39598180025780005,0.2672885742435456,-22.939474732466184,0.34456331641433946,0.22820583846664433,-20.717344060337208,0.8146073679555392,0.9422548532485961,9.850185654448516,-0.5598553373031447,-0.5906800736724853,-0.4342890125300718
41.280000000002666,houtaitui_play,houtaitui,0.0,0.0,0.0,1.010065490076302,-0.9757217364162373,1.3625082223177671,-0.20392547295081728,-0.026754107378530984,-0.01928862737720392,0.006227249172495597,0.00986960749376212,-0.023548005981629413,0.022312597472703595,0.08291037624833152,0.21406601172881612,0.39306166216745253,0.2645697679767609,-22.90384532811066,0.3416400577788845,0.22527030971145634,-20.720641942648946,0.8210369184643423,0.9489912509918212,9.883046645685074,-0.5694654809435195,-0.6000806798278808,-0.43793379677082694
41.300000000002676,houtaitui_play,houtaitui,0.0,0.0,0.0,1.010258914879132,-0.9640135414472368,1.3363413353539213,-0.17792310350190993,-0.026687361369494917,-0.01848054257516593,0.0061493400398477185,0.009658035766065689,-0.023201300925147054,0.022330824656251625,0.08333793486035067,0.2128401575650865,0.39014837712463485,0.26181898381805424,-22.87505234599265,0.3387339471375828,0.22239587571716313,-20.71619116060758,0.8273107973619035,0.9555563449859619,9.914952695675494,-0.578813840096825,-0.6092121114074707,-0.44143559836914625
41.320000000002686,houtaitui_play,houtaitui,0.0,0.0,0.0,1.0104494161148416,-0.9525230312479674,1.310585747376898,-0.1520723777463858,-0.02659407534152852,-0.017611798757832673,0.006076789685112223,0.009486614030064669,-0.022833298847643603,0.02219461580942015,0.08377854036578777,0.21167054796291387,0.38723933371137376,0.25903657939529423,-22.852513117774212,0.33584704668529203,0.21958360936737065,-20.704166322940708,0.8334242918943268,0.9619467973709106,9.945972680501828,-0.5878994925564683,-0.6180731763183593,-0.4447666723784785
41.340000000002696,houtaitui_play,houtaitui,0.0,0.0,0.0,1.0106366690812725,-0.9412110079793521,1.28517253207853,-0.12640417838729817,-0.026474408048262243,-0.016700436242246323,0.005976232813317562,0.009349889050934148,-0.022541124396613016,0.02204423421423963,0.08420306767218835,0.21053096555607595,0.38433761713148856,0.25629068281745915,-22.824960455483925,0.3329882247921746,0.21689269807434086,-20.676037649723014,0.8393742512833504,0.9681525945663452,9.975470051575524,-0.5967243344723006,-0.6266719807922363,-0.4479814114270032
41.36000000000271,houtaitui_play,houtaitui,0.0,0.0,0.0,1.010820883865876,-0.9300768584479064,1.26018589013383,-0.10080888186241936,-0.02633041427108353,-0.015773156864132748,0.0059062601779676874,0.009203585702954485,-0.022141253999278274,0.022007690975867723,0.08467833545434224,0.209482809269093,0.3814394680213878,0.253408798242569,-22.82223256989984,0.3301543167805184,0.21415809657669072,-20.660008282349853,0.8451565042382193,0.9741808891296386,10.004426657785956,-0.6052781031072718,-0.6349770535766601,-0.45102614332673807
41.38000000000272,houtaitui_play,houtaitui,0.0,0.0,0.0,1.011002103756358,-0.9191518515182551,1.235751452853314,-0.07513561400325434,-0.02616700784605686,-0.01483494892505002,0.005843505971430761,0.009026389950851586,-0.02164816711605743,0.02210215718151402,0.08516365702732144,0.2084922650332407,0.37854538685871686,0.25054077174758915,-22.817793088934305,0.3273453785487564,0.21152833964920048,-20.629620407401962,0.850769737854501,0.980022382736206,10.032015710578934,-0.6135636493023157,-0.643019389086914,-0.4540461530283978
41.40000000000273,houtaitui_play,houtaitui,0.0,0.0,0.0,1.0111799187225268,-0.9084500471002517,1.2119354417627282,-0.04927771725694942,-0.02598194000215829,-0.013882369471912544,0.005765120338962452,0.008837736942118509,-0.021100599249570674,0.022284477912854952,0.08565808270930257,0.20756573075441698,0.3756614291533563,0.24766091373062138,-22.817771434226348,0.3245692736777786,0.2089788701782227,-20.591303788421506,0.8562132675123625,0.9856810092926025,10.058585837838232,-0.6215836156259856,-0.6507908810913086,-0.4568778152290631
41.42000000000274,houtaitui_play,houtaitui,0.0,0.0,0.0,1.0113538740734522,-0.8979527122315707,1.1888871400111747,-0.0232194871526615,-0.025752887496071603,-0.012912483447299663,0.00568100281142207,0.008671521088943542,-0.020410421548684627,0.02246794040602724,0.08615740543243217,0.20671947613787997,0.37279315757841924,0.24476353194808964,-22.824178366372408,0.32183570083106267,0.20651439693069462,-20.546119943972926,0.8614954560431757,0.9911548614501953,10.082658225336866,-0.6293476148656019,-0.6582891454040527,-0.45889230805525316
41.44000000000275,houtaitui_play,houtaitui,0.0,0.0,0.0,1.0115236625008484,-0.8879607035694929,1.1666685528020995,0.002947995558806469,-0.025480001592843433,-0.011992739002400384,0.005585961244273205,0.008179655188893511,-0.019677765396850355,0.022563253392939124,0.08665682883624053,0.20594973499816221,0.3699578232308529,0.24186328914260868,-22.83830714307042,0.3191381848443939,0.2041452315101624,-20.489797706050588,0.866625109331379,0.9964433431625366,10.103671730793964,-0.6368494806616991,-0.6655251492797851,-0.46115530021758067
41.46000000000276,houtaitui_play,houtaitui,0.0,0.0,0.0,1.011689017719564,-0.8788375166239782,1.1452250686947345,0.029133651667542344,-0.02517456913796972,-0.01113461915959083,0.005469051735787694,0.0074065368807597525,-0.019007398909344626,0.022585335973593575,0.08715340972499253,0.2052231018077857,0.3671757933230034,0.2389553573379517,-22.86503448313542,0.3164662491564604,0.2018796589622498,-20.41855537443181,0.8716026157190433,1.0015494346618652,10.12232918349194,-0.6440789632257808,-0.672492216998291,-0.46394247144730993
41.48000000000277,houtaitui_play,houtaitui,0.0,0.0,0.0,1.0118497822050894,-0.8703408345013031,1.124513986680579,0.05537964090796828,-0.024850383085032915,-0.0102546004940312,0.005341737645895186,0.0069156592674383425,-0.018367932076745606,0.022659998084260242,0.08764656929072187,0.2045707700714784,0.3644414521224104,0.23603085544204716,-22.902873535072917,0.3138341548728732,0.19970981147384648,-20.338398483247005,0.8764148859291256,1.0065035343170166,10.142802140599079,-0.651037336148752,-0.6791822423278808,-0.4664725273260081
41.50000000000278,houtaitui_play,houtaitui,0.0,0.0,0.0,1.0120059767907004,-0.8620299962178711,1.1045308636234932,0.08173414418372035,-0.024516761992842157,-0.00933375268834621,0.0052163844052385226,0.00681125087581843,-0.017729870071386405,0.022769341723308786,0.0881346679425449,0.20403921867846497,0.36173814480321087,0.23310236003494267,-22.94575833393185,0.3112626235950834,0.19763634469604496,-20.2533758080101,0.8810483448315364,1.0112952709197998,10.165344076523683,-0.6577230796528686,-0.6855933179199218,-0.4689209250103793
41.52000000000279,houtaitui_play,houtaitui,0.0,0.0,0.0,1.012157704716408,-0.853615187395961,1.0852827888887844,0.10817374192281957,-0.024177634915113117,-0.008395676656891114,0.005096738286581567,0.0069336587438636795,-0.017085105774723428,0.022850247297219937,0.08861549267538757,0.20362433076581463,0.359053996290292,0.23018191125488285,-22.98973472213706,0.30876452878653815,0.19566378858184819,-20.16439572948643,0.8854947577120661,1.015908670425415,10.189025542588256,-0.664133852967335,-0.6917314042388916,-0.4714962262981505
41.5400000000028,houtaitui_play,houtaitui,0.0,0.0,0.0,1.0123049357541423,-0.8454866839672777,1.0668919499665028,0.134601048113253,-0.02384034455753814,-0.007566478800017418,0.004986266067954454,0.00660229128239799,-0.016309671737934458,0.022838508546665134,0.08908791019116001,0.20329195458433624,0.35640658670688385,0.22727046277618412,-23.04018748927881,0.306323170760776,0.19379530217742924,-20.065497848696786,0.8897627387628627,1.0203320503234863,10.211187534908166,-0.6702709973274218,-0.6976048459350586,-0.47424206271268204
41.56000000000281,houtaitui_play,houtaitui,0.0,0.0,0.0,1.0124474039553535,-0.83791647530367,1.049393313022611,0.1609675081539139,-0.023504067336827195,-0.006808566473217665,0.004859330892345867,0.0061147692328953115,-0.015531713487492353,0.022796520993220135,0.08953046753943908,0.20297942021704074,0.3538134007975869,0.22440830733871464,-23.092686046014776,0.30393132169215786,0.19208560254669194,-19.94657234727619,0.8938570863805548,1.024562907218933,10.23167388033034,-0.676142713976432,-0.703221033984375,-0.4768883572022411
41.58000000000282,houtaitui_play,houtaitui,0.0,0.0,0.0,1.0125852496015042,-0.8305895464123837,1.0327149209836046,0.18729708265224376,-0.02316426684889936,-0.006040205976764138,0.0047358843057586225,0.00598225469344719,-0.014824606018772992,0.022782435680655886,0.08997004680111029,0.2027451059088545,0.35126155645447815,0.2215172436485291,-23.156811248851852,0.3016017016003487,0.1904556539306641,-19.825482496936086,0.8977685230805215,1.0286161422729492,10.253168263149481,-0.6817497542496802,-0.7085601796447754,-0.4792329587444663
41.60000000000283,houtaitui_play,houtaitui,0.0,0.0,0.0,1.012719026028855,-0.823139999566463,1.0168492896743146,0.21356300911609677,-0.022824867482766537,-0.005267432740787168,0.004641899205282452,0.006131538218040969,-0.014107337428307663,0.02273234406309526,0.09042239256575979,0.20264549024428305,0.34872928992441077,0.2185904171714783,-23.229318946924614,0.2993433209735918,0.18888888623809819,-19.706422896984986,0.9014887140193832,1.0324908018112182,10.276092515243493,-0.6870853853129354,-0.7136175145446777,-0.48156867875469017
41.62000000000284,houtaitui_play,houtaitui,0.0,0.0,0.0,1.0128488217504519,-0.8154212483237644,1.0017768732992052,0.2396232319796846,-0.022489184248306072,-0.004508603989073526,0.004543202468517493,0.006386188844056091,-0.013414846448746793,0.022543527982523206,0.0908569839170963,0.2026866679886537,0.34621147406195807,0.21571920182800297,-23.29402858584696,0.29716406040455706,0.18746004369354252,-19.577459593946678,0.9050170395141484,1.0361698389053344,10.2987281197757,-0.6921498896823409,-0.7184128274261474,-0.48409184582346126
41.64000000000285,houtaitui_play,houtaitui,0.0,0.0,0.0,1.012974164166461,-0.8073727749478504,0.9874272840341952,0.26525906183730774,-0.0221496521209475,-0.003758765604276317,0.00440946922536108,0.006698376076600192,-0.012781616580140098,0.02214901087663034,0.09127543626002954,0.20439069301063104,0.3437147091186654,0.21287600066757206,-23.35800568022029,0.29505963216110925,0.18613932397460942,-19.441754073426246,0.9083561544900766,1.0396531343460083,10.320703409164837,-0.6969458444541445,-0.7229444493591308,-0.4866470952479385
41.66000000000286,houtaitui_play,houtaitui,0.0,0.0,0.0,1.0130949197126253,-0.7990664767733745,0.9737501698729394,0.2900944486809194,-0.02181805097821624,-0.003051780927795083,0.004280834037404451,0.006873353651678076,-0.012173012600946439,0.021391303733372672,0.09168129267426761,0.20594255667980016,0.3412462372763389,0.21003917720413212,-23.426379497154702,0.2930398322957198,0.18491289880371098,-19.30848321292878,0.9115109109804259,1.0429446220397949,10.341701121956467,-0.7014728028136653,-0.7272045125305175,-0.4891710112229818
41.68000000000287,houtaitui_play,houtaitui,0.0,0.0,0.0,1.0132112515938023,-0.7906233268454669,0.960726756910497,0.3137406981116408,-0.021483775495991394,-0.0024108949105023565,0.004140120522098913,0.007020134655959478,-0.01158851771940107,0.020324880269938936,0.09209745982098949,0.2074356974988693,0.3388111896911197,0.20715961721038822,-23.508959982632717,0.2911038477757945,0.18380127217864994,-19.165805730200677,0.9144868157520097,1.0460537195205688,10.362224398837537,-0.7057218397169006,-0.7311715592681884,-0.49165052466969705
41.70000000000288,houtaitui_play,houtaitui,0.0,0.0,0.0,1.0133232147591826,-0.782250788739373,0.9482489360654218,0.33593944599730785,-0.021156869285747126,-0.0018838747935308003,0.003990972522431657,0.006967097449485605,-0.011110919621238818,0.01905634133268785,0.0924701017524331,0.20937851898336945,0.3364232090583746,0.20437810685729985,-23.583414637058357,0.28924473235954723,0.18281445767974858,-19.014708652484984,0.9172927341736098,1.048972201347351,10.380572229138254,-0.7097078691876203,-0.7349040021240234,-0.49423663861388656
41.72000000000289,houtaitui_play,houtaitui,0.0,0.0,0.0,1.0134308846116167,-0.7739890036103241,0.9362447541401218,0.35668329174655417,-0.02083318737386816,-0.0014133916667982188,0.0038459293476840717,0.006872540050064532,-0.010670033247595963,0.017773460187803035,0.0928398927178219,0.21316564728615475,0.33408526189565513,0.20157001283264164,-23.671864990286178,0.2874414983241095,0.18188259866333012,-18.8626530638216,0.9199315734773681,1.0517183065414428,10.398336694036995,-0.7134358556155342,-0.7383746613800048,-0.49661615560151673
41.7400000000029,houtaitui_play,houtaitui,0.0,0.0,0.0,1.0135347335766454,-0.7659487761025261,0.9247000177818849,0.375983477638441,-0.02052003888644034,-0.0010150379870621515,0.003705033835072515,0.0067399536718764285,-0.010270461127238893,0.016572155021777297,0.09318930515648308,0.2168298836060391,0.3317971489817673,0.19880304601287846,-23.761916215375837,0.285700630432329,0.18106112744903569,-18.699917021371608,0.9224067878171702,1.0542916774749755,10.415241633838269,-0.7169071575806009,-0.7415890206634521,-0.4989664736098606
41.76000000000291,houtaitui_play,houtaitui,0.0,0.0,0.0,1.0136344619577,-0.7580368399578713,0.9135748140828782,0.39390203127420975,-0.02022443436557992,-0.0006599569064913429,0.0035502124733496707,0.006667614830445299,-0.009886928616639234,0.015365158381517252,0.09353538647919525,0.22042805496965429,0.3295615166303356,0.19606427219009404,-23.856530902589856,0.28401109832398586,0.1803238179931641,-18.532161088580487,0.9247192520699883,1.0567014932632446,10.43200334586822,-0.7201179124418066,-0.7445334901153564,-0.5012319115651173
41.78000000000292,houtaitui_play,houtaitui,0.0,0.0,0.0,1.013730184391021,-0.7502760719918795,0.9028642716703799,0.41036295968303493,-0.01995262891029799,-0.00036829845654935987,0.00340354053825887,0.006553781181599812,-0.009507642098666712,0.014093651928029884,0.09387076939327399,0.22393821004114095,0.3273801452349572,0.19336513545608525,-23.953904329002533,0.2823889299793403,0.17964670922851567,-18.367313173171226,0.9268722987578785,1.058950138092041,10.448416385103066,-0.7230682602911712,-0.7472235669433593,-0.5036205426519565
41.80000000000293,houtaitui_play,houtaitui,0.0,0.0,0.0,1.0138220357717023,-0.7427118509800807,0.8925391399769638,0.4254162274431472,-0.019700788329251578,-0.00014915408749749777,0.0032581871619723406,0.0063985415885002015,-0.009157435084225321,0.012879122460840355,0.09419146887802643,0.2273496017252922,0.3252554813672329,0.19072226550674443,-24.051548069139645,0.2808270936532071,0.17904321220016484,-18.19946586365483,0.9288700449990545,1.0610397577285766,10.464301112307822,-0.7257649764082713,-0.7496740330993652,-0.5061057871796387
41.82000000000294,houtaitui_play,houtaitui,0.0,0.0,0.0,1.0139100465834348,-0.7353491860761501,0.8825762494885235,0.43917171277829636,-0.019470392720196843,1.0262567780646044e-06,0.0031100898908080366,0.006243898145557339,-0.008827004679469294,0.01176338934925143,0.09450638963672986,0.23068875931771993,0.32318937081225846,0.18812535073852543,-24.15160380660242,0.27932176987763296,0.17850361135101322,-18.030000761136463,0.9307158498398187,1.062974762916565,10.479789980543812,-0.7282125023286755,-0.7518786897003173,-0.5085389578558549
41.84000000000295,houtaitui_play,houtaitui,0.0,0.0,0.0,1.0139941954341627,-0.7281598859839598,0.8729719148297233,0.45173675100209176,-0.01926267683797142,8.764622564816496e-05,0.002959312030146863,0.006113586019152951,-0.008498651321700334,0.010739317968385226,0.09482102461840171,0.23397597516377613,0.3211829018149189,0.18557635810470585,-24.253859507053107,0.27787260038989886,0.1780146744499207,-17.861500989345377,0.9324124783481298,1.0647620677947998,10.495252234363127,-0.7304149596092215,-0.7538465966522216,-0.5110394717010309
41.86000000000296,houtaitui_play,houtaitui,0.0,0.0,0.0,1.0140744901243184,-0.7211176461689837,0.8637307144732618,0.4631973057943863,-0.019078725361494433,0.00011274323496248946,0.002808497292268749,0.006003108650250455,-0.008166453027416263,0.009788061302270262,0.09513832425715829,0.2372234823413035,0.31923680639046564,0.1830776717910767,-24.35798917406569,0.2764791465372081,0.17756799724197392,-17.6953920527086,0.933963354470836,1.0664065599441528,10.510764340076882,-0.7323786685578599,-0.7555858601867675,-0.513578377495725
41.88000000000297,houtaitui_play,houtaitui,0.0,0.0,0.0,1.0141509875965469,-0.7142147123275872,0.8548629336226301,0.47361645367453153,-0.018918457173222568,7.679755897614595e-05,0.002660664509839519,0.005896011768032518,-0.007825318343017262,0.00888940149843237,0.09546009009269829,0.2404406222000139,0.31735186018003597,0.1806319144020081,-24.463658577902198,0.2751395511231921,0.17715815570449833,-17.532210822445798,0.9353727179403233,1.0679133653640747,10.52634042273689,-0.7341116869002311,-0.7571072091400146,-0.5161535301747165
41.90000000000298,houtaitui_play,houtaitui,0.0,0.0,0.0,1.0142238110512456,-0.7074571741522885,0.8463805770220001,0.4830445099358185,-0.01878163386100371,-1.9953529851467813e-05,0.002519371407572811,0.005781437362065675,-0.0074752160461082915,0.008033977271574712,0.095788556321609,0.2436376605298624,0.31552823215164627,0.17823527124023442,-24.571540548036122,0.27385033067419545,0.1767813351402283,-17.371884537422467,0.9366456780549794,1.0692895174026489,10.542088889500263,-0.7356240858172838,-0.7584223260223388,-0.518731819838979
41.92000000000299,houtaitui_play,houtaitui,0.0,0.0,0.0,1.0142931459413655,-0.7008471162058235,0.8382910477229654,0.4915180949637435,-0.018668075703102124,-0.00017481297142525208,0.002387180833743072,0.005665207003041493,-0.007120138579215842,0.007208631484735512,0.0961248791284264,0.24682619930711722,0.3137647211685145,0.17588219907379155,-24.682310263750946,0.27260731468863336,0.1764384296188355,-17.213448372540668,0.9377876790477919,1.0705368041992187,10.55770559921506,-0.7369260706934452,-0.7595402707397461,-0.5212721026579747
41.940000000003,houtaitui_play,houtaitui,0.0,0.0,0.0,1.0143591898846842,-0.6943802673206545,0.8306017566301568,0.4990534153622686,-0.018577203321374965,-0.00038539110055280665,0.0022646132286540644,0.00555215388706188,-0.0067575681233118705,0.00639507847684423,0.09647004474919081,0.25001845958711827,0.31205967662755696,0.17357114818191532,-24.795917076678663,0.2714063245680117,0.17612747218704228,-17.056503614519887,0.9388039073420357,1.0716624975204467,10.573349920224773,-0.7380228366785255,-0.7604729642211914,-0.5242164341608604
41.960000000003014,houtaitui_play,houtaitui,0.0,0.0,0.0,1.0144221808442282,-0.6880064012323663,0.8233179125607152,0.5056662141091415,-0.018509279064205766,-0.0006105438654916949,0.0021541906380763477,0.005496214003843208,-0.006392253644273419,0.0055993122360621745,0.09682664154343094,0.2532386514932546,0.3104079110666831,0.171290376449585,-24.913285723456738,0.2702448675648411,0.17584506538009648,-16.90131787318695,0.9396974387945481,1.0726859092712402,10.590490218871748,-0.7389225586386602,-0.7612206448852539,-0.5271026654882589
41.980000000003024,houtaitui_play,houtaitui,0.0,0.0,0.0,1.0144823071342106,-0.6816596863961725,0.8164503928597081,0.5113716579426639,-0.018463181148521763,-0.0008304306038102982,0.0020535545996869264,0.005479183653761483,-0.006015042402463063,0.004808243245177935,0.09719404561639503,0.2564858472664261,0.30880333704196106,0.16903988387680058,-25.033182775464237,0.2691229495305534,0.17559687163925175,-16.74714372264226,0.9404741523136733,1.0736017942428588,10.60803646185655,-0.7396470078267543,-0.76180548565979,-0.5295196719216853
42.000000000003034,houtaitui_play,houtaitui,0.0,0.0,0.0,1.0145396890693894,-0.6754145194287716,0.8100238647425207,0.5161368683668598,-0.018437088685801042,-0.0011136133019296849,0.0019600818076212145,0.0053920571824385725,-0.00561603389561146,0.003989013783574699,0.09757217307653265,0.25975688219146886,0.30724905602998875,0.166821279788971,-25.156662180642574,0.2680334320206682,0.17537907626724247,-16.59275259089945,0.9411455778894258,1.07440025806427,10.623962081134747,-0.7402157949409427,-0.7622496594726562,-0.5316566474220606
42.020000000003044,houtaitui_play,houtaitui,0.0,0.0,0.0,1.0145943872840866,-0.6693252430763768,0.8040360421383184,0.5199504680900948,-0.01843023555563745,-0.001457476093647437,0.0018673446861252776,0.005261720503963583,-0.005223668643204747,0.0031623189901739037,0.09795591956204576,0.2630343277237728,0.3057484207476294,0.1646389749298096,-25.283524643724366,0.26697145766838104,0.17520377900695805,-16.435297261574256,0.9417217723319486,1.0750884532928466,10.638133637550347,-0.7406447309647556,-0.7625691403686523,-0.5336472763411811
42.040000000003054,houtaitui_play,houtaitui,0.0,0.0,0.0,1.0146465833784153,-0.6633884129960239,0.7984892509891389,0.5228344573404976,-0.01844286669969214,-0.0018616732021224907,0.0017851823061020113,0.005111300399993824,-0.00481787474300914,0.0023568255298691836,0.0983568233234512,0.26636445864811753,0.30429966326909663,0.16245887544250492,-25.419561430219836,0.2659324173109853,0.1750452306518555,-16.278254717725527,0.9422097526515314,1.0756812810897827,10.651251117481836,-0.7409472248860977,-0.7627663125335693,-0.5353390502434938
42.060000000003065,houtaitui_play,houtaitui,0.0,0.0,0.0,1.0146965198856948,-0.6572811089935526,0.7932978695973729,0.5248147610388877,-0.01847021148372325,-0.00224632563187969,0.0017036097612539809,0.005345388771412322,-0.004521809939002331,0.0015752309112612877,0.09876697827744403,0.26973642583069324,0.3028849412966607,0.16029641893005375,-25.556733442048618,0.26492829063765994,0.17493365075683598,-16.12032593749628,0.9426067729967595,1.0761897087097168,10.665253932309021,-0.7411655805197777,-0.7628476132690429,-0.53506620624786
42.080000000003075,houtaitui_play,houtaitui,0.0,0.0,0.0,1.0147439169614774,-0.6506230503823112,0.7883747501112636,0.5258280666633728,-0.018522258329529126,-0.0026224177712727927,0.0015950119864343055,0.005867671018228467,-0.00426923460663641,0.0007167024991866669,0.09918436739197942,0.2731399866117262,0.3014923349496572,0.1581612613449097,-25.692253562507645,0.2639823188078465,0.17484674718475346,-15.970601952363607,0.9429127051242734,1.0766186237335205,10.680108287254308,-0.7413471034526355,-0.7628185262023925,-0.5307063154966917
42.100000000003085,houtaitui_play,houtaitui,0.0,0.0,0.0,1.014789216448469,-0.6434754933875746,0.783619956948078,0.5260698054525721,-0.018590253542516175,-0.003070643767023991,0.0015026794339052536,0.006321971098769322,-0.0041040772053695055,0.00010961622449006349,0.09960480032140474,0.2765769581854637,0.30011800765066354,0.15603349473571781,-25.829164480151267,0.2630825297622392,0.17477367189025883,-15.82653723598726,0.9431350290746147,1.0769644498825073,10.694674266236044,-0.7415095391842507,-0.762666891986084,-0.5234513798571284
42.120000000003095,houtaitui_play,houtaitui,0.0,0.0,0.0,1.01483297706852,-0.6362345171468271,0.778985407527143,0.5261778230436405,-0.01867443172041154,-0.003681155511735775,0.0014318723927741971,0.0063528150307542875,-0.003975578173125839,4.397042784429238e-05,0.10003179391819263,0.2800395558946762,0.2987710683316766,0.153923490310669,-25.968667219501377,0.26219939937102904,0.1747098353157044,-15.680748991761707,0.9432892346348566,1.0772319555282592,10.707450676907975,-0.741653217429839,-0.7624177445709228,-0.5142711960373637
42.140000000003106,houtaitui_play,houtaitui,0.0,0.0,0.0,1.01487534801937,-0.6292871237575027,0.7745898171875014,0.5262627957342777,-0.018783302817416345,-0.004394383734343727,0.0013807691116761035,0.00606785594867491,-0.003744058000144345,2.943111305069188e-05,0.1004732830566537,0.2835568381483914,0.29746688933763277,0.1518024590263367,-26.119013118858412,0.2613098238331686,0.17464409139251713,-15.532139435290935,0.943391522031375,1.0774396181106567,10.71873460513469,-0.7417755738273981,-0.7620892037689209,-0.5037327572678982
42.160000000003116,houtaitui_play,houtaitui,0.0,0.0,0.0,1.014916624569112,-0.622908201669037,0.7705999508242902,0.5263301134692401,-0.01891185778783414,-0.005194180636357313,0.001362528199243737,0.005540963288787103,-0.0033741572358610755,1.8688690117881655e-05,0.1009298334790358,0.28713986427698046,0.2962134038049849,0.14966682460403447,-26.28166049547453,0.26039293948161024,0.1746008184204102,-15.372679263872456,0.9434539555092342,1.0776047229766845,10.729135440794302,-0.7418747249545947,-0.7616996278106689,-0.4923095775744169
42.180000000003126,houtaitui_play,houtaitui,0.0,0.0,0.0,1.014956791267314,-0.6172267134313222,0.7672325134779431,0.5263806502006949,-0.019057709901138475,-0.006058628772120599,0.0013617439673580338,0.004932031279875526,-0.0028057045984798594,1.054877717132067e-05,0.10141010395854656,0.2908142150799693,0.29501756170346327,0.14751396443939213,-26.45842782772614,0.259439493968512,0.174594500328064,-15.199516016917679,0.9434926455631155,1.0777402639389038,10.738189027456013,-0.7419493883640343,-0.7612704743682861,-0.4805479423998841
42.200000000003136,houtaitui_play,houtaitui,0.0,0.0,0.0,1.0149957893475454,-0.6120490262186122,0.7646053658640213,0.5264163452789872,-0.019216871746787226,-0.006943402680557877,0.0013664369365550895,0.0044988311672522485,-0.002144922181930338,5.155861343244634e-06,0.10191294845617269,0.29458505112724653,0.29387215148770685,0.1453492429504395,-26.646853451359394,0.2584557151305387,0.17464766767120365,-15.010539634983653,0.9435170752549971,1.0778425455093383,10.744977324889629,-0.7419996872876676,-0.7608253468811035,-0.46899071128536196
42.22000000000315,houtaitui_play,houtaitui,0.0,0.0,0.0,1.015034000018658,-0.6066647138717822,0.7626576996593749,0.5264376960151161,-0.019379870709133735,-0.007732941482595881,0.001392355735870072,0.004756679525281801,-0.001597201663826705,5.3175585805255194e-08,0.10243533945394244,0.29846165561697835,0.29273602095623763,0.14315686490631108,-26.837037454926538,0.2574681610156595,0.1747873213539124,-14.807542384877982,0.9435314164808346,1.077916693687439,10.750219491081792,-0.74202574808326,-0.760368775302124,-0.45775343133074503
42.24000000000316,houtaitui_play,houtaitui,0.0,0.0,0.0,1.0150715240693464,-0.6012942170872244,0.7611614149049221,0.5264474672915288,-0.01954976982296202,-0.00862706736959155,0.0013870630060635787,0.0046801677609240025,-0.0012205686265813506,-5.284179802448699e-06,0.10297738950422967,0.3024086501950989,0.29162121423138154,0.1409690168151856,-27.032235044626983,0.2564654696284902,0.17495647933578495,-14.59527777349295,0.9435429193526503,1.0779274225234985,10.750232367579704,-0.742029411479584,-0.7599219788848877,-0.44724172071627766
42.26000000000317,houtaitui_play,houtaitui,0.0,0.0,0.0,1.0151082101092637,-0.5959976420336641,0.7599427596033115,0.5264462461282954,-0.019725159513767982,-0.009582057509116585,0.0013586650843468674,0.004605694102163944,-0.0010051463780179442,-1.2411506172014236e-05,0.10354459958221976,0.3064344351415206,0.29053414826870444,0.13871059682464604,-27.245921102040466,0.25544881074193443,0.17516861226654057,-14.372657738419578,0.9435534080168149,1.077945065498352,10.750790482075887,-0.7420135357690527,-0.7594832886993408,-0.43732550003298226
42.28000000000318,houtaitui_play,houtaitui,0.0,0.0,0.0,1.0151444367942644,-0.5904485075386732,0.758783167535038,0.5264321544997193,-0.019892008216734657,-0.010556059429510087,0.0013337290480949847,0.004857322672904407,-0.000986945246348159,-2.3207245097843967e-05,0.1041390011486214,0.3105581235535285,0.28945404806935515,0.1363799956092835,-27.471422596858762,0.25442986213685476,0.1754361775169373,-14.14035054326592,0.9435627000472813,1.0779982328414917,10.754356602405368,-0.7419791832225351,-0.7590548505126953,-0.42809751377538663
42.30000000000319,houtaitui_play,houtaitui,0.0,0.0,0.0,1.0151802472683147,-0.5844361678616183,0.7575793522554494,0.5264043068196813,-0.020070780948864813,-0.011576264822392707,0.0012981191937741277,0.005263215720412467,-0.0010350548507256868,-3.541695297640886e-05,0.10476395821723504,0.3147871847301078,0.2883732751518286,0.1339775707969666,-27.70930976429253,0.25341686818401976,0.1757495787391663,-13.901511645400843,0.94357192260168,1.0780757188796997,10.759808446887332,-0.7419278000107683,-0.7586440553009033,-0.41968170121830445
42.3200000000032,houtaitui_play,houtaitui,0.0,0.0,0.0,1.0152200886240512,-0.5775516321272152,0.7581342014560998,0.5227252221975119,-0.01953917801520251,-0.011854196814186044,0.0017392777048771254,0.006192241532425913,0.0008248651928502666,-0.003924802256924201,0.1046469428768976,0.3147073300593611,0.2872512791389959,0.13316539790725712,-27.649697090909026,0.25227680969117805,0.1740311768302918,-13.996664088069119,0.9436886638774522,1.0776344060897827,10.709007130824748,-0.7407165311078483,-0.7522477616607666,-0.3333305462689144
42.34000000000321,houtaitui_play,houtaitui,0.0,0.0,0.0,1.0152746141134898,-0.5724839332211406,0.7605867247018601,0.5175107035730685,-0.019023997095130363,-0.012090678739543757,0.002762844377930034,0.004157947605815392,0.002302354436152567,-0.004454122019706657,0.10473298656502296,0.3123439382422059,0.28601671097016806,0.1348172810325623,-27.120359607769036,0.25058764022055713,0.16778270270919804,-14.770829137588594,0.9437971652953459,1.0749549388885498,10.487856925823014,-0.7373305368785494,-0.7453696240722656,-0.32361860139405785
42.36000000000322,houtaitui_play,houtaitui,0.0,0.0,0.0,1.0153351942580002,-0.5696834028418395,0.7641935522448907,0.5223217641284285,-0.019095233693725944,-0.012890177368239029,0.0030398201967295384,0.0020389312672091085,0.0032111981878921946,0.005974564893354314,0.10552723955725564,0.31261709442560415,0.28470016778006907,0.13778118159866337,-26.345702559984808,0.24868580671789936,0.16157523658370976,-15.5316381037198,0.9435386233695034,1.072322678565979,10.318743939768488,-0.7345910760203627,-0.746889304095459,-0.3955623489274731
42.38000000000323,houtaitui_play,houtaitui,0.0,0.0,0.0,1.0154008339248266,-0.5692065065279966,0.7699739227617334,0.5437671498634308,-0.019292942159384045,-0.013982077773212814,0.003589025512948658,-0.00012971585429842034,0.005220357853793782,0.02072058853791688,0.10708792784578944,0.3129244180879434,0.2832749089429118,0.1387935068855286,-25.896308725086417,0.24659025824742592,0.15490792062377934,-16.338216359997226,0.9432418110033022,1.075682234764099,10.610948161724716,-0.734049742819305,-0.7497758378326416,-0.4052326447913854
42.40000000000324,houtaitui_play,houtaitui,0.0,0.0,0.0,1.0154843592092326,-0.5733051009482819,0.7793139423258335,0.5743246954167044,-0.019609960153648007,-0.01464699336592219,0.0049395076013148635,-0.004659767237198681,0.008261070630859067,0.027341140903938747,0.10871212203128976,0.3147480963835993,0.2816531183637113,0.13874105479812626,-25.598933369249387,0.2438221629657595,0.14818934466934208,-16.99597754434371,0.9431554057499792,1.0803154230117797,10.975895154255513,-0.7339360249914272,-0.7510392178833007,-0.4309740460284665
42.42000000000325,houtaitui_play,houtaitui,0.0,0.0,0.0,1.0155854536248767,-0.581040786378814,0.7914826440796672,0.6102356690230237,-0.020005288016667823,-0.014962541179558001,0.0060019659743367594,-0.007641461866871411,0.010661631409432902,0.03212327205268998,0.10963086596397538,0.31877302381524497,0.27975688700453943,0.13808760907745365,-25.355755695226474,0.24050575897291826,0.14437005784606938,-17.045694984270714,0.9432108052716336,1.0810387849807739,11.022762474114538,-0.7338622255867233,-0.7508728017150879,-0.42768892236379885
42.44000000000326,houtaitui_play,houtaitui,0.0,0.0,0.0,1.0157027928776108,-0.5889165794087968,0.8058138585438849,0.6477971200321422,-0.020289678768373894,-0.014593828443198703,0.007042157732769478,-0.007326420700344653,0.01238844114100312,0.03301307913694398,0.11017883020286781,0.3240596142241627,0.27747950514462694,0.13586590554809574,-25.31222600474449,0.236852071394097,0.14134476449584965,-16.90531564587249,0.9433171495505206,1.080183219909668,10.943819712682842,-0.7337434407745195,-0.7490155209838867,-0.38597258148045405
42.46000000000327,houtaitui_play,houtaitui,0.0,0.0,0.0,1.0158263958278262,-0.5954031998854237,0.8237497200557478,0.6819084607864692,-0.020704321492125664,-0.013940892885197486,0.007662910014433249,-0.005965078510048936,0.015796275909622074,0.029280210967187494,0.11088831993935183,0.3323573766161969,0.2749363969793552,0.13180367019271855,-25.56542824311606,0.2330875511461562,0.14021120336151127,-16.42474813167004,0.943453537185113,1.0803207874298095,10.942485517662545,-0.7335491270665223,-0.7478303422271728,-0.36337487863073226
42.48000000000328,houtaitui_play,houtaitui,0.0,0.0,0.0,1.0159412959816634,-0.6013989770646003,0.8456414043824071,0.7018103302071296,-0.021474063430776822,-0.012819797315922896,0.007507709155656102,-0.0055091394568598535,0.019249870290619243,0.015438266935255492,0.11218505975725225,0.3436115406408509,0.27254025554603434,0.1250577357063294,-26.361955425541456,0.22939804451906373,0.1421487715492249,-15.417186647212144,0.9437474875144217,1.0804994821548461,10.92372620461316,-0.7334768448222702,-0.7504004945098877,-0.4250966584973944
42.50000000000329,houtaitui_play,houtaitui,0.0,0.0,0.0,1.016041826780708,-0.6081113749115724,0.8713030743138387,0.6983544601946726,-0.02225828784707272,-0.01178552253616346,0.007140890257519148,-0.00608714289433787,0.022885210842164164,-0.0057081199867799574,0.11386741711918905,0.35705846173880595,0.27050932066761013,0.11427936818695072,-27.96367000202317,0.2258486915737154,0.14842359092330937,-13.663718401377727,0.9442252679340069,1.080305528640747,10.859508437430073,-0.7335550698075042,-0.7536875714599609,-0.500120833348151
42.5200000000033,houtaitui_play,houtaitui,0.0,0.0,0.0,1.0161292443837042,-0.610418898993343,0.8991516283633931,0.6672092040769594,-0.022970178089837694,-0.010684526485096909,0.006695538764946245,-0.0008975221373423535,0.024653996676908027,-0.03022898237372388,0.11564912751537676,0.3735539122302005,0.2684331022247324,0.09806970622634892,-30.503047677039646,0.22285021110862382,0.1622702267417908,-10.676909699020612,0.9446642903024363,1.0838406801223754,11.111704050841933,-0.7335517068067335,-0.7516955842315673,-0.45401745105869695
42.54000000000331,houtaitui_play,houtaitui,0.0,0.0,0.0,1.016185055131668,-0.5955340058514553,0.9268373008665705,0.6036742749556469,-0.02408413491186682,-0.00887408802315649,0.004766543664227841,0.01680635644645738,0.024677720395488958,-0.05915179434458291,0.11822044003968027,0.3915372368939118,0.26596735800513455,0.07747773196792607,-33.737745432264155,0.22193460630952638,0.1851070907363892,-6.574635534422914,0.9448067839450709,1.0851122856140136,11.220577811283405,-0.7320333916072335,-0.74534721272583,-0.39031374793440554
42.56000000000332,houtaitui_play,houtaitui,0.0,0.0,0.0,1.0161501301097546,-0.541651638349172,0.9588802218500179,0.49903256565384974,-0.025790822767572316,-0.005343986766273101,0.0002863576969075427,0.054264081884015075,0.02964196157111045,-0.0960755674559257,0.12352915600219319,0.41229245924468116,0.2631844700954792,0.052857556606292766,-37.64670049783355,0.22616682430957002,0.21778712537384037,-1.8590751911583943,0.9446720444385652,1.081176471710205,10.930501401304303,-0.7298379776790347,-0.7408568372070312,-0.3529723405479527
42.58000000000333,houtaitui_play,houtaitui,0.0,0.0,0.0,1.0159594594682662,-0.4151525024954157,0.9951233621175701,0.33903867386137265,-0.028247586611811412,0.002514181065683704,-0.007484882639414213,0.12289475067212384,0.03317279200793001,-0.14626581415706774,0.13155144110507908,0.4348730651589435,0.25956930089491353,0.02596918609237675,-41.76832864455673,0.24191831686106124,0.26554916169738774,2.9260540048117663,0.943523055678798,1.0774183988571167,10.781177828072801,-0.726615869291322,-0.736154269152832,-0.35189798583825593
42.60000000000334,houtaitui_play,houtaitui,0.0,0.0,0.0,1.0155707260560944,-0.17599672707373862,1.0228337192257995,0.0919599434326187,-0.03094520682811321,0.018013279052719478,-0.018663094166976466,0.2277187225860112,0.023777393030792685,-0.226832295155237,0.14067264633379603,0.454402475882587,0.25395778459604956,0.0017030623207092699,-44.97334010252319,0.2808732961932466,0.34117172029113774,7.577639890596481,0.9403901900925172,1.0731297254562377,10.802258020892479,-0.7229791938894801,-0.7320770730316162,-0.3518560652981635
42.62000000000335,houtaitui_play,houtaitui,0.0,0.0,0.0,1.0147982738935806,0.20637687192142487,1.0084895307965032,-0.24733046555167087,-0.029037405996382194,0.04019199890251554,-0.045250528263529016,0.358812781126492,-0.019107929952798353,-0.3048265902210394,0.1473759054979775,0.46571554019431255,0.249154863271809,0.0,-44.46215725670775,0.3509158043971867,0.43105108406639103,8.502227428479301,0.9349878955475839,1.06346697807312,10.583100842549623,-0.7182635435039002,-0.7247602452575683,-0.32750051921636436
42.64000000000336,houtaitui_play,houtaitui,0.0,0.0,0.0,1.0133163505563219,0.7516943180448813,0.9132773872307354,-0.5761166106319581,-0.018890646511062446,0.05581617875772302,-0.09055851676039288,0.49760956999032785,-0.09480118057031411,-0.2834458616339621,0.14404680616818866,0.4643411534216538,0.2512028856032317,0.01889387633895878,-41.98101528600607,0.41797089262195153,0.4678473558673859,3.543140217926261,0.9271950003870084,1.046571683883667,9.988474428183501,-0.7137109918220881,-0.7213956822692871,-0.34256726356698985
42.66000000000337,houtaitui_play,houtaitui,0.0,0.0,0.0,1.010893223695622,1.3750082929587994,0.7929605420311098,-0.8300160474693876,-0.012477524157953203,0.051933699945760754,-0.14605547277863923,0.5728509638972354,-0.10742767001774506,-0.19095208390029272,0.1290014511888011,0.43296751022436125,0.2688959010337854,0.06870130565261845,-37.47259370780073,0.43309903177856585,0.4277913954505921,-1.4039845752947127,0.9201413343263312,1.0365687131881713,9.726362228834494,-0.7146458631964441,-0.7351557721435547,-0.4563169887101493
42.68000000000338,houtaitui_play,houtaitui,0.0,0.0,0.0,1.0090362705896376,1.7342396468789247,0.7112639709935531,-1.147574742816666,-0.018152797910353968,-0.009118553281806007,-0.09457364190086012,0.2826913748486333,-0.07590801092605566,-0.2773638070856634,0.12897250428215257,0.41625929375286447,0.28846752187880237,0.08618376519775395,-37.95270211751982,0.4443599169225838,0.3077913954505921,-25.152847835738573,0.9177213746154165,1.0378989696502685,9.727451760281625,-0.7180287967760132,-0.7380640019714355,-0.37421041057327664
42.70000000000339,houtaitui_play,houtaitui,0.0,0.0,0.0,1.0085100972665375,1.7473115080994899,0.6509468806291046,-1.3295253646920688,-0.018849405286742782,-0.07192391170599795,-0.021378189418893256,-0.02653472242979732,-0.05501522445298804,-0.13157804671644152,0.13185545513730773,0.38290812529942,0.3009408895652298,0.12537322309112553,-32.569239155087864,0.45326624051979914,0.21671054627990727,-43.3310636675715,0.9179361804146711,1.041334581375122,9.854993929193828,-0.7192715154812636,-0.744215678149414,-0.5905039186620771
42.7200000000034,houtaitui_play,houtaitui,0.0,0.0,0.0,1.0088983210157858,1.492992016987857,0.6125704529508067,-1.255081604953353,-0.017183937627948374,-0.12192024880085307,0.02366595714768469,-0.24818111790531672,-0.028186705868735763,0.0951544623579766,0.12576198541936076,0.3570067920436196,0.31172431954613244,0.18669388558959965,-23.40004199340258,0.4437185067842916,0.18803248670196537,-45.303810352836045,0.9210636400966983,1.0505939245223999,10.179452713413562,-0.7264476329375222,-0.758760880404663,-0.5402078016243897
42.74000000000341,houtaitui_play,houtaitui,0.0,0.0,0.0,1.0096994264629533,1.1062674642078232,0.5876734886460652,-0.9857871806150027,-0.014017635156977695,-0.14403312543345534,0.04262018417542642,-0.34986172353797645,-0.015480793655989613,0.2537233632560094,0.12617521893124067,0.40346333671457907,0.3179168390751648,0.2265337493667603,-16.917689607496595,0.4231615198581611,0.16307769086456303,-45.25009439385016,0.9260818866437504,1.060580325126648,10.474104143414086,-0.7349115055263297,-0.7624258508026123,-0.4024072880885531
42.76000000000342,houtaitui_play,houtaitui,0.0,0.0,0.0,1.0106325303987433,0.7028138725665051,0.56338938327143,-0.6199329519127749,-0.010665466570565992,-0.14197001341194398,0.046671916497613694,-0.35441332554327043,-0.017006883333494614,0.3269923517607701,0.13339363411947,0.4570408100732928,0.31988109827868044,0.25881851580238346,-11.131937008082634,0.3982674188715942,0.12946478393173222,-46.478249837572825,0.9309785097238612,1.065986943244934,10.528669756987089,-0.7374203955275407,-0.755786370211792,-0.40487622520822925
42.78000000000343,houtaitui_play,houtaitui,0.0,0.0,0.0,1.0115055099043277,0.34162464467121717,0.5335400503342347,-0.235132386822056,-0.007837659371730999,-0.12587113922146084,0.0409149781499853,-0.31317156320911854,-0.024292743245160446,0.3363999862371806,0.14276465339464564,0.5050836907549572,0.3219564410379087,0.2930559900054932,-5.37552666661032,0.37360999979249804,0.09055171277618412,-49.054445481985965,0.9343041422699326,1.061739158630371,10.014432748176926,-0.7354767136989758,-0.7444827069580078,-0.30640539526130217
42.80000000000344,houtaitui_play,houtaitui,0.0,0.0,0.0,1.0121411617294889,0.014460063064937323,0.49722707066690336,0.11766499576402135,-0.005282289551447668,-0.10628440163489465,0.026334029489946092,-0.28676303741835696,-0.03207560018103464,0.3034100867508396,0.15142180455546522,0.5365300584800814,0.3303116577036673,0.3397238936672211,0.9922884166912893,0.3516488930784394,0.05018458631134037,-52.57027386796573,0.9359661759084184,1.053913426399231,9.345783688904563,-0.7291137682041925,-0.7323822488128662,-0.3158774500967828
42.82000000000345,houtaitui_play,houtaitui,0.0,0.0,0.0,1.012431867511265,-0.33469612958710127,0.45381559904432645,0.42220819263578657,-0.002450443140943898,-0.09224014095932186,0.007561046607082925,-0.3129755316666027,-0.03983855959207136,0.2609830141828098,0.15989058248202437,0.5524284245745779,0.3567621347535224,0.4099870410213471,7.345249127525283,0.33188405923298475,0.00892976787185673,-56.61274907080473,0.9372631540143206,1.049874973297119,8.932774785656386,-0.719780470291109,-0.720653723651123,-0.3507263822899661
42.840000000003464,houtaitui_play,houtaitui,0.0,0.0,0.0,1.0121063713278184,-0.746931032737494,0.3948729352552921,0.6572604622969666,0.002617164887059782,-0.08302325013238826,-0.028796553656021042,-0.37199825215018745,-0.05629486573145282,0.194727336543443,0.16613846965826337,0.5477877008030354,0.4148652259983707,0.49945085611438755,10.293558886026773,0.3190430222222041,0.0,-56.439302600918744,0.9394277456078912,1.0472200632095336,8.496018613495195,-0.7089332739183706,-0.7102255334197998,-0.40663828859101697
42.860000000003474,houtaitui_play,houtaitui,0.0,0.0,0.0,1.010928693491168,-1.289495595135604,0.3157685207377194,0.7621065702743152,0.012454945256154079,-0.0804370348500314,-0.07394617294045482,-0.4905623782106307,-0.07168032563893276,0.07707023018033024,0.1632481440184931,0.5124240332657977,0.4882590486941236,0.553672173286438,5.747445999445807,0.313787437387298,0.0,-56.08336517591537,0.9441504834582846,1.0481909036636352,8.049052882329658,-0.6981288390450615,-0.7002400864898681,-0.42388258260254197
42.880000000003484,houtaitui_play,houtaitui,0.0,0.0,0.0,1.0090231653580266,-1.9733574354562988,0.2643785029030619,0.7501490622248917,0.01825822469246534,-0.08106645698192029,-0.10703453031016454,-0.6137281447671257,-0.03821450362242713,-0.02289095774674776,0.1496505900286368,0.4554747123917412,0.5228351911587318,0.5276971396455765,-1.7486586528262116,0.314166678516416,0.02487895753479008,-52.090410259715796,0.9514074555965942,1.057370376586914,8.07006569840824,-0.6857095535369043,-0.6821858395874023,-0.3493489081533223
42.900000000003494,houtaitui_play,houtaitui,0.0,0.0,0.0,1.0065398654906816,-2.7013283276812645,0.3272128725061186,0.7035213326126141,0.01153222548505074,-0.0657212325380756,-0.12049745412239074,-0.6247804327201487,0.07628603474761773,-0.02393237795371246,0.12699888068855425,0.37364089749624274,0.505975084472639,0.4381220426807404,-9.711418481172396,0.32273262447911355,0.08959327008819584,-42.67843193992705,0.9603890408808826,1.0879913091659545,9.683296411115316,-0.6770003234468803,-0.680372904711914,-0.3655069260349124
42.920000000003505,houtaitui_play,houtaitui,0.0,0.0,0.0,1.0051244884263826,-3.0718059044361348,0.4799881189314182,0.7892551022088057,0.0012338925349231885,-0.005779744999539941,-0.0466344099523645,-0.27772277833209824,0.13220549107574758,0.08746827456694808,0.12096665525230729,0.33699298047257825,0.527125792139334,0.3181220426807404,-39.53602274514586,0.3307600441481233,0.13377682235336308,-36.08926144698462,0.9592411967934444,1.1228242635726928,13.187333204781854,-0.6757501247784674,-0.6973273267089843,-0.5630870744855178
42.940000000003515,houtaitui_play,houtaitui,0.0,0.0,0.0,1.0051653554411921,-3.069127872772005,0.5825589545057053,0.7901495415570521,0.008733439405582731,0.0505719706165845,0.023725426452611487,0.04274615035220783,0.0806338839777729,-0.009201727086929975,0.10774722539362754,0.26790934274966105,0.5324965152826964,0.2645871725330353,-48.655014648429386,0.33169689912648637,0.18553743627166752,-26.373982911748527,0.9494300748896086,1.127244782447815,14.78977211007719,-0.6827965166318669,-0.7183677663146972,-0.6167512685219689
42.960000000003525,houtaitui_play,houtaitui,0.0,0.0,0.0,1.0062472305502033,-2.7920796080092645,0.6165433092778266,0.6762529624328004,0.017967645539859765,0.09089970566566007,0.0670369419969057,0.26841271911126013,0.028251666380393194,-0.10960787392045578,0.09487326916181277,0.2391639941494602,0.517954715113892,0.2787907209644318,-41.95178433046891,0.3275131289821439,0.21274081733322148,-20.325234835271456,0.9349485151020079,1.1244040250778198,15.97119821683877,-0.6926975562949145,-0.7338847626983642,-0.6857381855966949
42.980000000003535,houtaitui_play,houtaitui,0.0,0.0,0.0,1.0077390333293401,-2.3608928065325885,0.6144020767332825,0.49515973841294664,0.024360079892216377,0.11272123193690364,0.08108638852510539,0.39164863662499927,0.0025113305318015446,-0.16363141553178215,0.08719595856926285,0.2041462473797644,0.49266045286034,0.2885142054805756,-34.8239071483675,0.32307706732229463,0.22262374427413945,-17.726227291441816,0.9203328767338512,1.1081076383590698,15.837198988428725,-0.7010830058963977,-0.739992331439209,-0.6910789434018589
43.000000000003546,houtaitui_play,houtaitui,0.0,0.0,0.0,1.0092174762959851,-1.8758643528395,0.6067324654094157,0.2933878753347539,0.027438813152854357,0.11848402435722029,0.07735625341354395,0.42861867660655906,-0.0003710171518512915,-0.17722915598613023,0.08221496477083785,0.1809973537610659,0.46324905844912717,0.2879302289733887,-29.311317500178177,0.321004307863687,0.22307745483016972,-17.455112382845282,0.9086647879963222,1.0863710165023803,14.862559931086663,-0.7076930169729521,-0.7435292710601806,-0.6737002835930839
43.020000000003556,houtaitui_play,houtaitui,0.0,0.0,0.0,1.0104951528407529,-1.4181986409451515,0.6104425263997847,0.09362884894685111,0.0289436498970677,0.11215344463549566,0.06667218137733964,0.3965339075721694,0.009407078037134947,-0.17369629872873119,0.07827573967677393,0.17489321156229515,0.4341821628372239,0.2828789141426087,-25.006644669894452,0.32066106122401195,0.2197803642997742,-18.12503060797684,0.9013391128084662,1.0660566806793212,13.580850210090594,-0.7130100259856246,-0.7470030297576904,-0.6693924326466814
43.040000000003566,houtaitui_play,houtaitui,0.0,0.0,0.0,1.0115238261102542,-1.0388148107876858,0.6293721459622827,-0.09709983515575245,0.02970253943591614,0.09955000212366331,0.05451607539527507,0.32373998687300487,0.02122482601196707,-0.16525598612195347,0.0748731555509465,0.17046045299390172,0.40838812427097787,0.27511156466102604,-22.0077076434952,0.32074783787778277,0.2169928934822083,-18.673516133406732,0.8986227943658015,1.0477237224578857,12.071266751052795,-0.7188595710126017,-0.7511283864318847,-0.6026551065008872
43.060000000003576,houtaitui_play,houtaitui,0.0,0.0,0.0,1.0123097907227703,-0.7491242140936005,0.6598580702754372,-0.2762321916707092,0.029341745822648552,0.08633746936491832,0.04278629020872598,0.2456122812411386,0.02965384646018183,-0.154789752299554,0.07197847244650885,0.1652934051229351,0.3871786986303601,0.265418657327652,-20.28269055497251,0.32082860971532484,0.2151874687919617,-19.01442562748482,0.8991387760336638,1.0329886198043823,10.6785396270732,-0.7259016635155607,-0.7568764199554443,-0.5277978080907718
43.08000000000359,houtaitui_play,houtaitui,0.0,0.0,0.0,1.012880334382624,-0.5398276414819423,0.6951409620163708,-0.43871235021001237,0.027843163181721194,0.0743957251107123,0.032074562402114065,0.17655321927155798,0.03235629867297987,-0.13959296872087654,0.06909392383689565,0.15540735341473158,0.3707915935400871,0.2563276078948975,-19.33912628690565,0.3209054208206276,0.21522710588073735,-19.022849980211486,0.9014482458921892,1.0243881464004516,9.707831123971651,-0.7341254495585318,-0.7631184567749023,-0.44044263379217125
43.1000000000036,houtaitui_play,houtaitui,0.0,0.0,0.0,1.0132749867414699,-0.3958522297929803,0.7338651657307542,-0.5791905730366136,0.026515723822915498,0.06440329566497684,0.023578889943164108,0.12106815706638191,0.035003106147236965,-0.11991396616279232,0.0663999570886646,0.14234228912384217,0.3588203126074693,0.2484572317848206,-18.941639647728973,0.32100620721618245,0.21619574096298222,-18.86990445650853,0.9046601189823333,1.0224108219146728,9.24237175044878,-0.7421921486053747,-0.7681021203338623,-0.3746261974482452
43.12000000000361,houtaitui_play,houtaitui,0.0,0.0,0.0,1.0135546774122894,-0.3019284076458547,0.7739837232807601,-0.6988593359813359,0.02568224771312225,0.05664922424751709,0.01818013183649819,0.07866915139830391,0.035565580050543624,-0.10227693159851123,0.0645983205411007,0.13551278819011137,0.3502378360069755,0.24161289002990727,-18.890036734873306,0.32078562443664493,0.21588061120605473,-18.86282103524319,0.908154188353949,1.0277080059051513,9.37171549480689,-0.7478599442528439,-0.7707061280548095,-0.3879890981622043
43.14000000000362,houtaitui_play,houtaitui,0.0,0.0,0.0,1.0137752310678603,-0.24575707491748214,0.8133181557372711,-0.8004496412317803,0.025333812708915333,0.0505973435650531,0.015321982854030783,0.04674288887141918,0.03458548343066041,-0.08673882639509946,0.06284115592001453,0.1338517268868652,0.343964141963882,0.23696366813278202,-18.775390818541698,0.3198870532090653,0.21645329263305668,-18.54629261622246,0.91160275854362,1.0349778652191162,9.680447941834787,-0.7504839558472155,-0.7714683522521972,-0.4455217335205508
43.16000000000363,houtaitui_play,houtaitui,0.0,0.0,0.0,1.013961621951732,-0.21648777470812108,0.8516871352806388,-0.8844863925503493,0.024901058212167912,0.04571953960906106,0.013577566398504428,0.024092758000567652,0.03356739112967334,-0.07149781957365066,0.061040274454612714,0.13193278547983922,0.3392953971977278,0.23383555677032475,-18.62174331430556,0.3183944512886884,0.21708981063461308,-18.118085998999906,0.9148345788644072,1.0386259078979492,9.725900037851007,-0.7516216860257109,-0.772322367602539,-0.4830362239859694
43.18000000000364,houtaitui_play,houtaitui,0.0,0.0,0.0,1.014123324227468,-0.20255448655728409,0.8884631893253802,-0.9525815554991595,0.023943567301169463,0.04229525379528248,0.012170908425369768,0.011918464373627296,0.032041858088002376,-0.05759116282953457,0.05950044634084505,0.13141919855588002,0.33562667345121855,0.2309280421981812,-18.56176675358225,0.31666701091330973,0.2179527070770264,-17.634135465602856,0.9174962020280212,1.0405114412307739,9.69615118210329,-0.7519832069752114,-0.7715188969909668,-0.4790216663089719
43.20000000000365,houtaitui_play,houtaitui,0.0,0.0,0.0,1.01425724490469,-0.19354108788816382,0.92510967721097,-1.0064002612709513,0.022715104262611988,0.040082967235833905,0.010729176937684675,0.008467586041080288,0.03216327321350228,-0.04544589978210885,0.058629693321066066,0.13187554835578041,0.3325997269191691,0.22872368362045292,-18.46384953525628,0.31518215885824763,0.2188951161155701,-17.21622851798183,0.9195488152755271,1.0443315029144287,9.870235952465299,-0.752139492920926,-0.7707643021881103,-0.46074967282864243
43.22000000000366,houtaitui_play,houtaitui,0.0,0.0,0.0,1.0143700595054648,-0.18665488075356146,0.9641841651201782,-1.0530266432403528,0.021853836108309932,0.038557132986168446,0.01002526437846359,0.006458790670912554,0.0345664689054296,-0.04019299571570833,0.05847090101963373,0.13149508199071291,0.33001862660328235,0.226885178352356,-18.3648497546223,0.3138808500993686,0.2185790326843262,-17.05323051643912,0.9212461878650451,1.0496675491333007,10.179721100213195,-0.7522535843626347,-0.7711569775878906,-0.4689250474770143
43.24000000000367,houtaitui_play,houtaitui,0.0,0.0,0.0,1.0144729397649752,-0.18411862381822902,1.003996556331651,-1.0985865418813932,0.020863817660128087,0.037137274543195285,0.009602470034160296,0.002331603197507637,0.034810347259738,-0.03971836669314917,0.05835450325632346,0.13114156614683115,0.327804404366239,0.22555998828506474,-18.232872024769566,0.31248819115192106,0.21839854981994633,-16.82790528021359,0.9227034341201976,1.0538450002670288,10.411236872373305,-0.752294156550182,-0.7706329335510254,-0.45740112941996636
43.26000000000368,houtaitui_play,houtaitui,0.0,0.0,0.0,1.0145614931179308,-0.1845317407153315,1.0424660155240613,-1.1415717873240119,0.019879592802876603,0.03561845170693189,0.008643876167890634,0.0001653044527136139,0.033437679821208655,-0.03694967525825886,0.05771034694762378,0.1326894798340924,0.32594247334621884,0.22450784709548954,-18.11442379771964,0.3112134998758349,0.22012040879821781,-16.29807766116547,0.9239177188811175,1.05660719871521,10.54932974937374,-0.7522346240008779,-0.7689601888000488,-0.420505344283459
43.28000000000369,houtaitui_play,houtaitui,0.0,0.0,0.0,1.0146299443181779,-0.18415400299811405,1.0763741670344624,-1.1767135703202,0.018731447226440528,0.033866746550748235,0.007092352711428747,0.0011117105206511794,0.02901053481887011,-0.029495088900348177,0.05672769169671823,0.13315455165587997,0.32435545346416156,0.2234870579490662,-18.033725069039804,0.31035020426114684,0.22262106206512455,-15.726239099086348,0.9248920992306556,1.0580466508865356,10.599743145289661,-0.7520814782086422,-0.7665571679412841,-0.3673979332104926
43.3000000000037,houtaitui_play,houtaitui,0.0,0.0,0.0,1.0146885628826354,-0.18390068333025603,1.1068780425499454,-1.2048924181469067,0.017856146848445137,0.031994244238367865,0.00640268111951678,0.0006020551916664926,0.02654034068979116,-0.023969109308072736,0.056335266410241384,0.13239734278810056,0.32296374065365524,0.22224680450057988,-18.021721038871643,0.30960021492640627,0.22198770310974125,-15.711886395403122,0.9257722128759619,1.0581695556640625,10.5431747340626,-0.751929841218361,-0.7661981095611572,-0.36183377331001204
43.32000000000371,houtaitui_play,houtaitui,0.0,0.0,0.0,1.0147421299804003,-0.18482356681343223,1.1359508054214171,-1.2315168227123834,0.016786124312303672,0.03052760965009816,0.005992063885168254,-0.0004778741553731528,0.025299473580594076,-0.023205498425030044,0.05641310074113013,0.131883982077588,0.3217409538929937,0.2209691193351746,-18.045046446943466,0.3088355994274668,0.22167823579406742,-15.628994875457728,0.9266181675043211,1.0585021495819091,10.503568998171955,-0.7518484457801933,-0.7676264752685547,-0.3970168187839287
43.34000000000372,houtaitui_play,houtaitui,0.0,0.0,0.0,1.014789738026608,-0.1855386571846192,1.1634137079362068,-1.2576607961321473,0.015504697532151166,0.02921313565957925,0.005487856804808651,-8.199134409089961e-05,0.023805926680758736,-0.022635042627401094,0.05666795008544766,0.13375360160322858,0.32059973697695054,0.2195047524223328,-18.109651006642288,0.3081752588656403,0.2223278668174744,-15.402654108150509,0.927214511342328,1.0609681129455566,10.668695076900342,-0.75172257561085,-0.7672743310272216,-0.3932353624274735
43.36000000000373,houtaitui_play,houtaitui,0.0,0.0,0.0,1.0148363978586705,-0.1851883003822461,1.1888025559675746,-1.2838660732769653,0.014220344724228215,0.02803937221689233,0.005258542866098803,0.0009533734754903287,0.022035965892460613,-0.02292503691406521,0.05666737115320837,0.13431246453939394,0.3194280634709956,0.21806309487915043,-18.15509045062425,0.30756273194869876,0.22249219682312016,-15.266527546226854,0.9277094585257916,1.0620219230651855,10.717979913298233,-0.7515520307870419,-0.7655002583801269,-0.35464828027438067
43.38000000000374,houtaitui_play,houtaitui,0.0,0.0,0.0,1.0148787883587391,-0.18437339421810237,1.2128425210710685,-1.310762652440322,0.012925401676537497,0.026680261096354647,0.0048349338290877225,0.0012643805021244161,0.020930697883003235,-0.02348575804916141,0.05649004619433827,0.13596214970380327,0.3183285105221063,0.2170071389923096,-18.153219812538644,0.30703240073689575,0.2232673552284241,-15.03694030777316,0.9281426981437422,1.0616677522659301,10.65841133315553,-0.7513050203231618,-0.7648851384460449,-0.3482167970134271
43.40000000000375,houtaitui_play,houtaitui,0.0,0.0,0.0,1.0149096233778367,-0.18342864618766289,1.2376215894740878,-1.3361396148293556,0.011703831713106138,0.024863751928442698,0.004301981152835115,0.0013108691014505059,0.02186488657938683,-0.02178365081692187,0.05640495140147503,0.13840018153277028,0.31742815519178025,0.21581707265472416,-18.22092386972218,0.30668925137214825,0.22395006682968144,-14.867095232540581,0.9284386756539238,1.0616329431533813,10.640066890880549,-0.7511002481730789,-0.7652806748687744,-0.3611240725889897
43.42000000000376,houtaitui_play,houtaitui,0.0,0.0,0.0,1.014937865568234,-0.18419025997692323,1.2636571330162343,-1.3584564441994993,0.010932441149475045,0.022601364938014176,0.004375618305606538,-0.0005025459722441045,0.022895305536229416,-0.019093544604375717,0.05642761337534454,0.13952285185836866,0.3166809840251808,0.21495918300247197,-18.252674048161108,0.30624045175268094,0.22346464660263066,-14.864855878346233,0.9287854294892858,1.0624956607818603,10.677210989728819,-0.7509601334763781,-0.7659713734924316,-0.37987109320341017
43.44000000000377,houtaitui_play,houtaitui,0.0,0.0,0.0,1.0149686053909281,-0.18671779801307173,1.2882554693503048,-1.3795143165094126,0.010306973245899614,0.02068172441671448,0.004286926054930984,-0.001949134435981402,0.021196785463471184,-0.01828635202667041,0.05628886206030813,0.1395389705294802,0.3159989639006667,0.2144858625183106,-18.219839427931465,0.3056510705459315,0.22418103482818608,-14.619310103591543,0.929153655858315,1.0632241487503051,10.705419401483212,-0.7508084794739422,-0.7656619061767578,-0.3765389672791121
43.46000000000378,houtaitui_play,houtaitui,0.0,0.0,0.0,1.0149998925051449,-0.18856455975573683,1.3088095584249928,-1.3989637310806455,0.009578092574649477,0.019021503646290613,0.00385383063197276,-0.001020394558113553,0.01748424393828974,-0.016636547530905398,0.05601430123911617,0.13972722124722708,0.31527923246692985,0.2137022998580933,-18.228068761745757,0.30511811168059255,0.22510121133422856,-14.36216152864854,0.9294252986455611,1.0632322549819946,10.690036375040807,-0.750248223037879,-0.7635461797058105,-0.3534481227486999
43.48000000000379,houtaitui_play,houtaitui,0.0,0.0,0.0,1.0150299014329007,-0.18864348826173488,1.3257768607009266,-1.4172208204739634,0.008795845425912224,0.017474053160731237,0.003421847641014132,0.0005128545623539882,0.014508113780294263,-0.015867824091556865,0.05583948071559545,0.1409709269903715,0.3145176811271995,0.2128376748809815,-18.243258598921365,0.30469578134893816,0.22513005998229985,-14.289284678660636,0.9295105161472267,1.0620611429214477,10.60047863752589,-0.7495010090808152,-0.762580107623291,-0.3526048060296057
43.5000000000038,houtaitui_play,houtaitui,0.0,0.0,0.0,1.015054858606201,-0.187963903651112,1.3408002748989576,-1.4352475657464328,0.007807167149454259,0.01588129253170566,0.0029352920512143686,0.0009991810180794043,0.013015697223690892,-0.015705884748504952,0.05598064177631011,0.14246652559194695,0.3138485994594467,0.21186892058944706,-18.304940033479912,0.3043634215094826,0.2246287849197388,-14.326639925725537,0.929511686025244,1.0609001636505127,10.511211427415148,-0.7492116496893173,-0.7632028569519043,-0.35792665386266836
43.52000000000381,houtaitui_play,houtaitui,0.0,0.0,0.0,1.015068485902061,-0.18671887612132937,1.3556482849509295,-1.4518431103226435,0.006688240406226264,0.0141660229998631,0.0022907983332660013,0.001540883340631011,0.01305033416123311,-0.014227232100735863,0.056103429669814964,0.14356735904299406,0.3133718856371763,0.21106354262924198,-18.379469725876437,0.30423766905525534,0.22490570809936528,-14.271562455148096,0.92944662996421,1.0601304292678833,10.458563845444024,-0.7490443558390882,-0.7635950555145263,-0.3692375318617794
43.54000000000382,houtaitui_play,houtaitui,0.0,0.0,0.0,1.0150740811292656,-0.18574140074769957,1.3701180639331574,-1.4655262175396504,0.00570960551335641,0.012057106097203079,0.0018595906315377574,0.0010576849381336963,0.012551726946688919,-0.011527284680625008,0.056002007786136086,0.1452009139307432,0.31304747000198463,0.2106072094688416,-18.415137140817393,0.30423523128132995,0.22608266141510014,-14.067761376065024,0.9292424399369316,1.0599896430969238,10.471615595293311,-0.7488833685488894,-0.7635530938446045,-0.37217244255274967
43.56000000000383,houtaitui_play,houtaitui,0.0,0.0,0.0,1.0150803931412156,-0.18441348929021434,1.3821803108424762,-1.476656515955237,0.004846868272776171,0.00995937554486075,0.0016561466960911982,0.0014811945038232179,0.010240953319528104,-0.009409664394821944,0.05606845743300963,0.14636389151903487,0.31269450532468035,0.20941565301513676,-18.562614979857322,0.30425064210486513,0.22735641267395024,-13.84221717580047,0.9289731088256324,1.061801028251648,10.641452626560625,-0.7482502698312233,-0.7616638650238037,-0.3592006149200961
43.58000000000384,houtaitui_play,houtaitui,0.0,0.0,0.0,1.0150925300109523,-0.1808011916020356,1.3935120005397261,-1.4893414350320096,0.0044211697144709815,0.00842064279607115,0.0019292482207435035,0.0037993374066713683,0.009916484606826292,-0.011445816234802703,0.05635853244812434,0.14772393914191898,0.31216854975662733,0.20802984502410893,-18.704338419334064,0.3042494431120299,0.2272390511283875,-13.861662187294032,0.9288333274528233,1.062403392791748,10.69280990691822,-0.7474671930911093,-0.7608403672515869,-0.3617035265358295
43.60000000000385,houtaitui_play,houtaitui,0.0,0.0,0.0,1.0151044834603054,-0.17691477078005546,1.4042664414902495,-1.5037359389257972,0.0039330718993950044,0.006416893598445281,0.0017577379149763784,0.00357472080045081,0.00933959195621554,-0.012659806691145374,0.05634733204956936,0.14949049335847786,0.31171209206258516,0.20835522677993779,-18.569807221750143,0.3042211315123097,0.2268817808876038,-13.91880286358876,0.9287823582714644,1.0609715700149536,10.577764327614759,-0.7471674581628699,-0.7622441758453369,-0.3849309037768398
43.62000000000386,houtaitui_play,houtaitui,0.0,0.0,0.0,1.0151099026009662,-0.17518430585144498,1.412960268647275,-1.5169772289366106,0.0033160732930859168,0.003794239138880615,0.0011531397027764658,0.0014865235019319582,0.0073392585507765324,-0.011343559143821024,0.05600762266683902,0.1506528799313764,0.31149553362722354,0.2085869696388245,-18.507767917948247,0.30421852112923353,0.22842935588455204,-13.642185330084976,0.9287160602013067,1.0598976135253906,10.498361997370159,-0.7470283873423044,-0.762706946307373,-0.3964241662089633
43.64000000000387,houtaitui_play,houtaitui,0.0,0.0,0.0,1.015115037679349,-0.17410023182599071,1.418534292670438,-1.5295256714690326,0.002655199594713833,0.0014443642042434959,0.000861241481893382,0.001206887631444056,0.004547759034987641,-0.010903454182450555,0.05630438144775622,0.15097063567692248,0.3113144910868209,0.20765671994781498,-18.644662801764145,0.3042030530544964,0.2287181999931336,-13.585881324693943,0.9286548659494779,1.0621021509170532,10.67920117466075,-0.7468944596988902,-0.7625269402801513,-0.3953740003139977
43.66000000000388,houtaitui_play,houtaitui,0.0,0.0,0.0,1.0151305381162488,-0.1717124439802728,1.4213618507347183,-1.5432052841491397,0.0020888225382644215,-0.00032988570297761983,0.0011688301094502816,0.0026296769046410496,0.0021991619872916927,-0.012169308633491258,0.05669341028997173,0.1509847194991199,0.3109441143214943,0.20683411624526982,-18.710909281381056,0.3040218419184243,0.22755006816482548,-13.750308307042914,0.9286678563715272,1.064881157875061,10.89647129235442,-0.7467589751135572,-0.7621795644104004,-0.3900899839961544
43.68000000000389,houtaitui_play,houtaitui,0.0,0.0,0.0,1.0151550301587657,-0.16765883813588056,1.4218021304017219,-1.5574762961443536,0.001514666194748562,-0.002082666838713565,0.001323195074576835,0.003972896968893164,0.0002073248690578151,-0.012470367289027263,0.05657897783661238,0.15011021689870246,0.31039798665228097,0.20727274682617192,-18.520703776359394,0.3037439213242202,0.22707305219268803,-13.778646992554298,0.9288079699434483,1.065647554397583,10.939177661662926,-0.7465975954372276,-0.7612668980895996,-0.37230042290846926
43.700000000003904,houtaitui_play,houtaitui,0.0,0.0,0.0,1.0151864285610712,-0.16206381940092898,1.421347784446512,-1.5720778906131592,0.0007414875963239337,-0.0036637165150338854,0.001580861405864003,0.005383946720774202,-0.00043146428473847726,-0.012804240700980964,0.05618067090410898,0.1477504557055475,0.3096970989602061,0.20801041390991215,-18.249758204799317,0.3033997714271348,0.22539935376739506,-14.01246224243641,0.929048895801485,1.0646026849746704,10.830822911953273,-0.7459217010862674,-0.7588266839324951,-0.34793940608664176
43.720000000003914,houtaitui_play,houtaitui,0.0,0.0,0.0,1.0152159463078387,-0.15461648707251424,1.4211622531597217,-1.5861538220295552,-0.0001321932203459119,-0.00512141804575404,0.0014070403410835581,0.007033930658875203,-7.109870129932137e-05,-0.01219756957338916,0.05564306315287253,0.14552707017992295,0.30898319653082423,0.20909384753799443,-17.925974953402463,0.3031532785591554,0.2244750049362183,-14.143649955297505,0.9292395912138518,1.0622132539749145,10.627503460701528,-0.7451447733455652,-0.7581660260498047,-0.3516300142923787
43.740000000003924,houtaitui_play,houtaitui,0.0,0.0,0.0,1.0152330127996738,-0.1476448349521104,1.4210911347725625,-1.5963270397930698,-0.0009855777187390948,-0.007012529060968605,0.0006963776543345324,0.006080684655323814,-3.6338540010008555e-05,-0.008265923741218328,0.055272280661534945,0.14324744516963975,0.30855339652474617,0.21035877730941777,-17.642790734473557,0.30306529821056105,0.22394172217941288,-14.236368452744955,0.9292784015753199,1.0602828979492187,10.478927045600853,-0.7448773151258486,-0.7599050511657715,-0.38275465509708345
43.760000000003934,houtaitui_play,houtaitui,0.0,0.0,0.0,1.0152413874854553,-0.14387227142468942,1.421155718765858,-1.6016136955270048,-0.0015704959673158098,-0.008939190510548508,0.0003322986655342218,0.00302069250386909,5.8948011076729546e-05,-0.004122343850944497,0.055468388858866784,0.14132867543569394,0.30842855243478345,0.21051696803665165,-17.615854404702098,0.30295600514963794,0.22262738015747074,-14.450592474245784,0.929299455430791,1.061225128173828,10.552896168994268,-0.7448037557324039,-0.7615394105255127,-0.42049162937295265
43.780000000003945,houtaitui_play,houtaitui,0.0,0.0,0.0,1.0152485262549367,-0.14164513033530432,1.4207246532878761,-1.6061602490162081,-0.002182318065450636,-0.009976260794495841,0.0002238637479097064,0.001945859716990125,-0.00044698229527419746,-0.004077208467802662,0.055756986705799864,0.1397738153016547,0.30837507187878366,0.2103773143539429,-17.63561715110867,0.3028205564493441,0.22194633748626713,-14.54710229929108,0.9293127998160595,1.0627585172653198,10.674922148391927,-0.7447667860087347,-0.7622155656158447,-0.4373922451889221
43.800000000003955,houtaitui_play,houtaitui,0.0,0.0,0.0,1.0152533237694115,-0.13932328517387005,1.4186059629433874,-1.6101311338845212,-0.0030737216482883277,-0.010796362655757742,-0.00012054872955707992,0.0021754676666320997,-0.0020576493388591638,-0.003249850078577904,0.05567795484767202,0.13849724650442324,0.30835241038319117,0.21070740487670903,-17.57458341561557,0.30275960924443845,0.22192917134857182,-14.545402395854858,0.9293046167389513,1.062830638885498,10.682659186560981,-0.7447066691650805,-0.7619726170837402,-0.4338057203367684
43.820000000003965,houtaitui_play,houtaitui,0.0,0.0,0.0,1.0152579501330863,-0.1371345468448697,1.4156109486709565,-1.6112278096410118,-0.0037756263184191936,-0.011916125622216075,-0.00019130098813009943,0.0018770313982629202,-0.0026574807510456443,-0.0005533310436270714,0.05558523084188511,0.1377053085060686,0.3083506659659199,0.21114347245788578,-17.497285447163005,0.3026916337938882,0.22102282312011723,-14.695060934621061,0.9292985953086179,1.0628089427947998,10.68111333118062,-0.7446593137635902,-0.7622720708190918,-0.44181211550671456
43.840000000003975,houtaitui_play,houtaitui,0.0,0.0,0.0,1.0152648334333119,-0.13557057756375004,1.4129201383477563,-1.6113090224285158,-0.004411303130637971,-0.012827172422685584,-3.47266416604759e-05,0.0012711285238959577,-0.002249959051856593,-4.918055864704998e-05,0.055751879020543856,0.1365324378851657,0.30835559096913695,0.21113894250488285,-17.499391064020156,0.30253366612748966,0.21985647943115239,-14.869447802169383,0.9293096704464835,1.0638551235198974,10.76294833153598,-0.7446606490911055,-0.7632748593627929,-0.4651653366426906
43.860000000003986,houtaitui_play,houtaitui,0.0,0.0,0.0,1.0152724583959538,-0.13357994625818448,1.410005258458654,-1.6113169934054647,-0.005045896025776855,-0.013414180978131185,-7.528340157576817e-05,0.0018409886814915112,-0.002628003823986941,-6.359540085695396e-06,0.05608880293665994,0.13629262234007433,0.30833263117313486,0.2106047656784058,-17.58915109986315,0.3023794566977815,0.21962324645614628,-14.884523606860126,0.9294363520022718,1.0657289743423461,10.89569621569416,-0.7446658185183702,-0.7631034364044189,-0.4608500518143458
43.880000000003996,houtaitui_play,houtaitui,0.0,0.0,0.0,1.015279799567533,-0.13073090131380333,1.4058106183768215,-1.61128956589681,-0.005591939936665304,-0.0139979157480252,-0.0002435250907381572,0.0025870940268824917,-0.0038359136761965595,1.667343242848114e-05,0.05627289266001542,0.13795547817220666,0.30827449382082384,0.2107322004089356,-17.552887892025566,0.302275747209352,0.2193538930664063,-14.917878676913244,0.9296837058259012,1.0676391839981079,11.022668603677387,-0.7446006991419044,-0.7619726170837402,-0.43671035904522254
43.900000000004006,houtaitui_play,houtaitui,0.0,0.0,0.0,1.0152857639446748,-0.12778935537042263,1.4003051506183575,-1.611249663532562,-0.006134189673583995,-0.01471773727310875,-0.0004605905700344908,0.0025312148097723967,-0.004933286898842876,2.414069173328079e-05,0.05595216048200273,0.13643065080503303,0.3082546299198519,0.21162483956909184,-17.3921998479729,0.30219368895721893,0.21886179711914067,-14.993350244750955,0.9300743760122887,1.0665050268173217,10.892613886667995,-0.7445599813617252,-0.7625581731140136,-0.45118922276620105
43.920000000004016,houtaitui_play,houtaitui,0.0,0.0,0.0,1.0152899333861636,-0.12445068659239275,1.3937782507615324,-1.610148976520056,-0.006684631540652661,-0.015397266418640301,-0.0006647823092429343,0.002948088091215509,-0.005795776165958626,0.001130339116222866,0.05569845905645352,0.13359099815491848,0.3082702189783375,0.21194211509323124,-17.340470922884315,0.30214575791235043,0.21846530702209477,-15.058996475500374,0.9304716687380868,1.0640626668930053,10.665299742071912,-0.7446116167419534,-0.7641884793579101,-0.48735678175518427
43.94000000000403,houtaitui_play,houtaitui,0.0,0.0,0.0,1.0152936472395797,-0.12082871338466673,1.3865243136476397,-1.6088678194850528,-0.007200261540193333,-0.015909069081215484,-0.0007587967234011457,0.0031674800132745124,-0.006409982531041427,0.0010493533603187493,0.05606870341987999,0.13508228545565426,0.30828101095466104,0.2115466978797913,-17.413017905568253,0.30210558204035765,0.21781692769622807,-15.168848380470953,0.9308948826275366,1.0659771680831909,10.782604967469577,-0.7447052384095177,-0.7650107850372314,-0.5044335051275632
43.96000000000404,houtaitui_play,houtaitui,0.0,0.0,0.0,1.015297455168454,-0.11806852808849695,1.3794666735159857,-1.6075517082439688,-0.0077796969711015065,-0.016548705470785286,-0.0007279185824116911,0.0022170778466521052,-0.006070328884674318,0.0011829087407015805,0.05631505224856802,0.13547238641413872,0.30834050291006215,0.21196285750961308,-17.35310886893689,0.30200174126337903,0.2164900686988831,-15.383971314319444,0.9313807315286713,1.06685311794281,10.810414641297182,-0.7448277377480338,-0.7661170472442627,-0.5280201088953811
43.98000000000405,houtaitui_play,houtaitui,0.0,0.0,0.0,1.0152980775710547,-0.1166260509452254,1.3727651733217188,-1.602827392712566,-0.008314546694641628,-0.017483223467477754,-0.0009001923014323528,0.0009758914316681517,-0.005816775254539981,0.004662719291325419,0.056299742232311774,0.13419438911687365,0.30852702159521883,0.21230349805450444,-17.335211685447742,0.3018900007980248,0.21625111367797856,-15.406687817476689,0.9319141476034022,1.0661085367202758,10.705446949955968,-0.7450923921382215,-0.7673792352020263,-0.5488346608330925
44.00000000000406,houtaitui_play,houtaitui,0.0,0.0,0.0,1.0152995653528316,-0.11467785049953447,1.3655395738296852,-1.5961141821732907,-0.00862674455134143,-0.017901614587421382,-0.000879937199025232,0.0017450525147134862,-0.006421806932908868,0.0059437248396107065,0.056509401461637014,0.13654521734889613,0.30864188564489065,0.21185652282333378,-17.429511724063698,0.3018068445638301,0.21630773809051518,-15.383371585175391,0.932406937764324,1.0689521551132202,10.896907077755662,-0.7452365456469705,-0.7669403065979004,-0.5380523320928986
44.02000000000407,houtaitui_play,houtaitui,0.0,0.0,0.0,1.0153039134385364,-0.11143966953870087,1.3569510654956685,-1.591222748695548,-0.009162516991294183,-0.017949681921677292,-0.0008962673072430079,0.0028487337247931283,-0.007634192066478914,0.003910158735146444,0.05671577468443402,0.13844123685012477,0.3086474964330008,0.2115445521125794,-17.47867242069615,0.30173319867232945,0.21538648870086674,-15.536612206908025,0.9330460230146823,1.071487259864807,11.039535502668725,-0.7452873126025586,-0.764807890826416,-0.48666306857896985
44.04000000000408,houtaitui_play,houtaitui,0.0,0.0,0.0,1.0153102780619303,-0.10714120297869029,1.347625122269062,-1.5888932764319308,-0.009632607535551596,-0.017964002955372236,-0.0008679404965369222,0.00384543767478241,-0.00819998369186056,0.0017482315904365506,0.0567222438037807,0.13702934532359778,0.3085905213280986,0.21156666543579106,-17.459682323167698,0.3016506894250488,0.21421072747802739,-15.732835860066869,0.9338418409328109,1.0708711862564086,10.918250634682982,-0.7452590817011936,-0.7629794587432861,-0.4442266679489916
44.06000000000409,houtaitui_play,houtaitui,0.0,0.0,0.0,1.0153169379779499,-0.10217505946584811,1.3374935605216898,-1.5869866597641304,-0.010243176130871261,-0.018173522935364332,-0.0009707296286230211,0.004345212222273934,-0.00894910024619937,0.0016941051630553075,0.05674692007162682,0.1351175301169959,0.3085151939805463,0.21228096749877934,-17.316569945513358,0.301575221102636,0.21302984025573735,-15.932413541249241,0.9346731431389245,1.0697906732559204,10.76354862823514,-0.7452192510476042,-0.7626633157073974,-0.4374452568069175
44.0800000000041,houtaitui_play,houtaitui,0.0,0.0,0.0,1.0153205974932364,-0.09693184923518942,1.3266052529692596,-1.5836186939375585,-0.010910155701460169,-0.01845826508468828,-0.0012259922006862267,0.004520743267001186,-0.009583444593311433,0.0031469662192049044,0.05674579959775822,0.13367523474144405,0.30848734806861317,0.21321968104934697,-17.146495126211345,0.3015485338731045,0.21249840524291996,-16.027225514225773,0.935403520637279,1.069078755378723,10.654109435759285,-0.7452194741667396,-0.7636138905822754,-0.45969074318497266
44.10000000000411,houtaitui_play,houtaitui,0.0,0.0,0.0,1.0153221786947157,-0.09152339458348094,1.3155522773639987,-1.5791724304758306,-0.011638454994829867,-0.018514046946333802,-0.0013349862760582286,0.004649332346114941,-0.00963102107625576,0.003948893512972782,0.0569519634718916,0.13401317990788753,0.3084833750526927,0.21342346932983403,-17.110663906820577,0.30154786710720705,0.2116515424499512,-16.1813080540797,0.9360370119713849,1.0700501918792724,10.686154213656883,-0.745230303496069,-0.7635304440795898,-0.4571757776865199
44.12000000000412,houtaitui_play,houtaitui,0.0,0.0,0.0,1.0153236484288128,-0.08586147182648828,1.3048823567516779,-1.5757852801632375,-0.012284514597215811,-0.018233309593218686,-0.0012972368314472908,0.004912623685724338,-0.009266837717572285,0.002730582798888269,0.057241543216643404,0.1347221226336729,0.308456386471688,0.21313778426742558,-17.155237612605802,0.3015540885578924,0.21089939143753056,-16.318275042795303,0.9366372256634462,1.071359348297119,10.744491857159673,-0.7452028401407049,-0.7626330365478515,-0.4368330649685349
44.14000000000413,houtaitui_play,houtaitui,0.0,0.0,0.0,1.0153258395820723,-0.08040512471822,1.2937503616111745,-1.5748072210091948,-0.012926362044562453,-0.017814631243645455,-0.0013320676065983494,0.004710464302113067,-0.0098236891457561,0.0004973167092941867,0.057585135659056264,0.13401193265334366,0.3084186978519391,0.21278492477035527,-17.211305991529336,0.301540888139818,0.2100121166954041,-16.473969001533575,0.9372290408192515,1.0712409734725952,10.687948817415663,-0.7451886024901626,-0.7630540837585449,-0.4470795641487466
44.16000000000414,houtaitui_play,houtaitui,0.0,0.0,0.0,1.0153279736542775,-0.07481232710532873,1.2830393055745866,-1.5746924376714895,-0.013524562784429301,-0.017442720475445445,-0.001282051380987369,0.004913438728059796,-0.009221009757007266,6.284141009214593e-05,0.05794234328488754,0.1338215756384713,0.30836522009917094,0.21268198754882817,-17.21928733602233,0.30152918088654684,0.20872835185623173,-16.70329313077073,0.9376903605492728,1.071511936187744,10.680612548746183,-0.7451494388128788,-0.7625295628845215,-0.4359006937394542
44.18000000000415,houtaitui_play,houtaitui,0.0,0.0,0.0,1.0153310363018748,-0.0667072885514384,1.2742462621980477,-1.5739385347487374,-0.01427932732080394,-0.01679499450059006,-0.0010305314671037098,0.007478796256914936,-0.007434764454984424,0.0007503586056982084,0.05823156542551813,0.13340501075441957,0.3081470568364266,0.2125779774436951,-17.185899215112546,0.30161885301931884,0.2081207421073914,-16.836659947338404,0.9379350256377923,1.0713400363922119,10.65965613932477,-0.7451040162189542,-0.7621776570617675,-0.42839988474218876
44.20000000000416,houtaitui_play,houtaitui,0.0,0.0,0.0,1.0153338195199553,-0.05617805771916624,1.2678554123921737,-1.5723728357899878,-0.015050136307140496,-0.01616170547677568,-0.000828094310241046,0.009370763501348285,-0.00530751700341792,0.0013455891334340523,0.0586997760051629,0.13330619276179323,0.30782027731279155,0.21314624812698368,-17.016915842518415,0.3017976987408015,0.20694331195449833,-17.08744457048805,0.9380989319025134,1.0714051246643066,10.654850932618537,-0.745164460957329,-0.7645885457336425,-0.48321210058718717
44.22000000000417,houtaitui_play,houtaitui,0.0,0.0,0.0,1.015343859295587,-0.04895803553011795,1.2633148234530271,-1.5687577573522045,-0.015175175814841579,-0.016429919398048765,-0.00021149218194842207,0.00552752810841833,-0.0038399134348758393,0.003553434550631926,0.05903409649450429,0.13413750847281602,0.30754133965133074,0.21431587007141117,-16.759508909270984,0.3016340054256252,0.20424274470901493,-17.51738628681617,0.9381774214893421,1.0723149299621582,10.72688280174515,-0.7452503730714848,-0.7660722245513916,-0.5175133987827811
44.24000000000418,houtaitui_play,houtaitui,0.0,0.0,0.0,1.015367735067751,-0.04788459924018983,1.259446020647194,-1.5621242570039693,-0.015306619522169725,-0.01682400088933174,0.0005623408653503581,0.0001675803380517516,-0.0033323387507462722,0.006042951963357289,0.05933720301721578,0.13453916426453305,0.3072858296035,0.21449003484344487,-16.68353473338852,0.30095006149759834,0.20257411267852787,-17.654593465739627,0.9382716763421564,1.0728108406066894,10.757790827424948,-0.7453972889621916,-0.7675795068084716,-0.5493653689630396
44.26000000000419,houtaitui_play,houtaitui,0.0,0.0,0.0,1.0153899485888522,-0.0499290871412889,1.2562725637510352,-1.5532718426148902,-0.015608797205203084,-0.016764617673125277,0.00037723213872285614,-0.0021956435289320203,-0.002686937426436566,0.007924692216680174,0.05924606973430675,0.13432240994871203,0.30717940721359077,0.21508250501251225,-16.570706120348365,0.30019457746870754,0.20278445746994023,-17.477215255754107,0.9383354851394837,1.0726578950881958,10.742251180578952,-0.7464368943095524,-0.7710704316436767,-0.5760591038029605
44.2800000000042,houtaitui_play,houtaitui,0.0,0.0,0.0,1.0154049594821049,-0.05373325790615284,1.253038528515519,-1.54049369807833,-0.015770640990147584,-0.01691287877456802,2.4133481192171904e-05,-0.0038076153220971795,-0.002838609285754516,0.011656838790459456,0.05850592857463162,0.1316314334701446,0.3072399275626098,0.2155059960136414,-16.51668864301504,0.299506333086112,0.20298800733184819,-17.32122128609319,0.9383216028381439,1.0699530363082885,10.531556002179922,-0.7480656013016922,-0.7725684155761718,-0.5555766084935896
44.30000000000421,houtaitui_play,houtaitui,0.0,0.0,0.0,1.0154161585255457,-0.05882020613435314,1.2482691733530553,-1.523412990205983,-0.01612342267995863,-0.016850841694045497,-0.00032645977249293743,-0.004905930282541747,-0.004389102419259163,0.015448847684854461,0.0582911234499806,0.12975882133282746,0.3074177386823709,0.21486399438476567,-16.673532763472533,0.29882826123498873,0.20247731473541264,-17.290938889541007,0.9381475106831637,1.0679063320159912,10.39078159573559,-0.7494301731261795,-0.7722770680725097,-0.5262625631890132
44.32000000000422,houtaitui_play,houtaitui,0.0,0.0,0.0,1.0154243149963178,-0.06277433605913402,1.2428939481035828,-1.5068362556340185,-0.016305176731685765,-0.0158975581596051,-0.0005138140150291802,-0.0035661177121285776,-0.004708091344047577,0.014072089407007876,0.05872059505596,0.13004292281063123,0.3075969602623732,0.2140927102813721,-16.84514955731666,0.29823892003869423,0.20172492530441288,-17.327922281900108,0.9378659126004405,1.0679088354110717,10.41855124672149,-0.7503574375812253,-0.772420834475708,-0.5214687927053149
44.34000000000423,houtaitui_play,houtaitui,0.0,0.0,0.0,1.0154271913871693,-0.0648595445589346,1.2369941525707335,-1.491176722269973,-0.0165387131154796,-0.014991008918286213,-0.0008815805523783873,-0.0018974094256348935,-0.005192480173218545,0.013627202756868009,0.05925873281280608,0.13051361569196473,0.3077772514273682,0.2136565234909058,-16.95632893255485,0.29782669712958926,0.20119247701263432,-17.36262743679749,0.9374742554780792,1.067987871170044,10.462487114366299,-0.7509766335380231,-0.7732758035003662,-0.5371704423967237
44.36000000000424,houtaitui_play,houtaitui,0.0,0.0,0.0,1.0154206826579018,-0.06549214651880478,1.230299068688979,-1.4729757943590447,-0.01672766095772294,-0.014549653787031913,-0.0014556692590472846,-0.0008038255313887986,-0.0059507377033415285,0.016366381510464986,0.05969443986766115,0.13316720052146136,0.3080352584153484,0.21372030046081547,-16.997218131689717,0.29766533932005257,0.20101074245071415,-17.386155299677025,0.9369744248828965,1.0701416254043579,10.681181089174176,-0.7511704740495078,-0.7726816644012451,-0.5322405354525663
44.38000000000425,houtaitui_play,houtaitui,0.0,0.0,0.0,1.0154163964590515,-0.06430410863813107,1.221171433486561,-1.4540957804923098,-0.016961910446412296,-0.013894144810038207,-0.001499525516156844,0.0009091702045859649,-0.00832061344196918,0.016393824905338444,0.059911912491416336,0.1358185713379404,0.30811921093739003,0.21279052760696415,-17.1641556447482,0.29758361645076453,0.20069787767028813,-17.43303038912449,0.9365284259231069,1.0723469972610473,10.89023535616684,-0.7511877026552892,-0.7699481953918457,-0.4689387762896747
44.40000000000426,houtaitui_play,houtaitui,0.0,0.0,0.0,1.0154171215563101,-0.06294505544157264,1.210331784315437,-1.4375477302569197,-0.017168139298071386,-0.013395372641230065,-0.0014087513395757067,0.0007958819928709821,-0.009577354336808319,0.014154675369129276,0.05993782260829156,0.13483028433413624,0.3081326914850852,0.21280286576843266,-17.16035377067298,0.29740321421811533,0.19975296523666386,-17.562789298063564,0.9362794397106635,1.0711097240447998,10.799656605524692,-0.751144624970459,-0.7687296380340576,-0.4412229666231795
44.42000000000427,houtaitui_play,houtaitui,0.0,0.0,0.0,1.015414510143233,-0.06067854994909102,1.1999590000513787,-1.4248934816380165,-0.01739249454130606,-0.012501612396265445,-0.0015847627390887093,0.0019581696290535792,-0.008930958074778277,0.01054481859693547,0.060243251466770086,0.13241281362546242,0.3081899813928497,0.21296320226287846,-17.146084747700797,0.2973041233811216,0.19933454063034062,-17.62806024009082,0.9361483350180312,1.0685611486434936,10.599972832559738,-0.7511721952703867,-0.7704550732910156,-0.48084023476302923
44.44000000000428,houtaitui_play,houtaitui,0.0,0.0,0.0,1.015409163816548,-0.05712420250181278,1.1902326733334034,-1.4173198445813444,-0.017759907081437074,-0.011516446299929923,-0.0016246137782029188,0.003095485660270797,-0.008414584844706202,0.006075747657618283,0.06093820061505688,0.13356012218200575,0.30821391735983383,0.21176753308868412,-17.36201850748903,0.29730273883012476,0.1993607666740418,-17.6297770853134,0.9360658038357554,1.0696259260177612,10.689213197849748,-0.7512110797451628,-0.7705223073303222,-0.48148072752027793
44.46000000000429,houtaitui_play,houtaitui,0.0,0.0,0.0,1.0154048385323986,-0.05278659100513613,1.1806827946958318,-1.4126899197710903,-0.018290383054909844,-0.010933815968814035,-0.0015486346633131701,0.0038061528437189867,-0.008344993146412977,0.003802985784556742,0.06151174966313568,0.13516851961113785,0.3081545595705589,0.21068868901824955,-17.539641414574643,0.2973220418902221,0.19891706969833378,-17.714421829909373,0.9360500425150218,1.0712185621261596,10.814100114012115,-0.7511784169440286,-0.768716525012207,-0.4398366943194155
44.4800000000043,houtaitui_play,houtaitui,0.0,0.0,0.0,1.0153976712224884,-0.046914484391791425,1.1721112082400509,-1.4089105316603199,-0.018927358492387098,-0.010602823387178655,-0.0016336463626684455,0.0052552187844377195,-0.007300859059865595,0.0032807121424991382,0.06148362337581233,0.13284930380587512,0.308059855193251,0.2102557804832459,-17.59797981321643,0.2974704574786031,0.1994694855461121,-17.652131562013835,0.936026438152743,1.0688757419586181,10.629372973876562,-0.751137013494442,-0.7685718049346923,-0.43724896015065196
44.50000000000431,houtaitui_play,houtaitui,0.0,0.0,0.0,1.0153776077730907,-0.03747625424780816,1.1661452546504176,-1.407112572502994,-0.019234575852298794,-0.010071518749579617,-0.0020649783787033797,0.00868612416001226,-0.004853228934420973,0.001244935242031607,0.061314619682048724,0.1301623247050976,0.3080167897741575,0.20981697108840947,-17.673277537122637,0.29801496977514697,0.2012472536811829,-17.461418624137984,0.9359143831348682,1.0660767078399658,10.419324265815062,-0.7511257633659086,-0.7687243928253173,-0.4402424542816999
44.52000000000432,houtaitui_play,houtaitui,0.0,0.0,0.0,1.0153442132174206,-0.02274289186587511,1.1596442385836256,-1.4069160838146284,-0.019671275065922526,-0.009581807460128709,-0.0028436845606520577,0.013541633339811702,-0.0059002481509067535,9.71209497786045e-05,0.06134002967560648,0.12836109016643082,0.30794923688040243,0.20824817683792118,-17.94210673494536,0.2990441195856328,0.20396176841354374,-17.19521609270038,0.935595838086743,1.0639569282531738,10.286431257841986,-0.7510880317792987,-0.7670382966339111,-0.40024116004216104
44.54000000000433,houtaitui_play,houtaitui,0.0,0.0,0.0,1.0152960430679918,7.954378105090651e-05,1.1496287076780316,-1.406875965404102,-0.02057492968517867,-0.009107754848086841,-0.003997464635316349,0.021055574471386868,-0.009162475634251682,3.0161190826163205e-05,0.06146981497724387,0.12481885689301166,0.30774860475525856,0.20512817170715336,-18.457290431065218,0.30073916770922904,0.20752678182220463,-16.910114347071058,0.934749267239309,1.0587725162506103,9.96933390409901,-0.7510312528607205,-0.7658171166717529,-0.3716972537639463
44.560000000004344,houtaitui_play,houtaitui,0.0,0.0,0.0,1.01522673672916,0.03372739579994391,1.1359391268387131,-1.4049197767818538,-0.021956399839779754,-0.009173640450802233,-0.005490937776751835,0.03073797254712805,-0.012329503045576359,0.002181411594330022,0.06152334095877992,0.13371176730802772,0.30736645713986355,0.20045564439392094,-19.215313637240875,0.3033573065424084,0.2132038858184815,-16.431325857765064,0.9327146448412722,1.053515863418579,9.780315618670492,-0.7507909826971865,-0.7634798993408203,-0.3266420559336232
44.580000000004354,houtaitui_play,houtaitui,0.0,0.0,0.0,1.015137127154523,0.07772013374044123,1.1216614589840082,-1.4003743973516003,-0.02334841017597598,-0.010174048684395798,-0.006495821905285491,0.03955571526036791,-0.01235351610793532,0.004225860601049957,0.061293512865381976,0.14181392469698345,0.3068407620513011,0.195959725643158,-19.919419084597585,0.30676940113028445,0.2191310312995911,-16.039412802471706,0.9294412283629082,1.0481377363204956,9.679495826577417,-0.7495405811460283,-0.7591957558929443,-0.28965208661758146
44.600000000004364,houtaitui_play,houtaitui,0.0,0.0,0.0,1.0150420243920009,0.12963971860047777,1.1112422335929824,-1.398652100024815,-0.02513393575314305,-0.011449887590547941,-0.006215414135049292,0.04632870526781054,-0.008463360554380614,0.0008237755930894168,0.062036932472729386,0.1489174788939102,0.3060609595826551,0.19135103490448002,-20.589174131596025,0.3104822308834458,0.2226400759468079,-16.098327849013504,0.9252103057160787,1.042209219932556,9.59556712524682,-0.7481100355522373,-0.7571422566711425,-0.27659341540974064
44.620000000004374,houtaitui_play,houtaitui,0.0,0.0,0.0,1.0149418987515741,0.18685703541458515,1.1078898245580315,-1.3986109482328306,-0.027551964628401038,-0.013702909727824326,-0.00581667393104125,0.050653218775858086,-0.0020095057318692947,-1.7701529858363523e-06,0.06305824108039473,0.15593859364254345,0.30514416327181004,0.1872551825294495,-21.15149203011866,0.3143592260125645,0.2275909569511414,-15.918001837773227,0.9197936214802,1.0356118202209472,9.568207553992503,-0.7463161311722533,-0.7554065694152832,-0.2917472274927615
44.640000000004385,houtaitui_play,houtaitui,0.0,0.0,0.0,1.0148095131205925,0.24826392627487537,1.1125392555400644,-1.3985810561078036,-0.03069981266267094,-0.0163770109716266,-0.006899423070679141,0.05426913731710333,0.005095174979428366,1.6845486497598858e-05,0.06369874236248488,0.16059809462711858,0.30462378265035334,0.1838597443351746,-21.701020659440665,0.3188185375425985,0.23454884555435185,-15.51447455184398,0.9130581571404315,1.025684666633606,9.385026830902255,-0.7449585858468235,-0.754049252444458,-0.27218078144974034
44.660000000004395,houtaitui_play,houtaitui,0.0,0.0,0.0,1.0146194126801913,0.31941354280410794,1.1284048314118547,-1.3998456680833626,-0.03595113041104458,-0.01767129915550455,-0.008821702838591699,0.06382229026035038,0.0155159174028755,-0.0013920221593328548,0.06569261433853338,0.16300943444133642,0.3046440248993396,0.17955521609878544,-22.523151673812446,0.32444366434476546,0.24000052478408818,-15.636184028492979,0.9049427310585813,1.0129616975784301,9.090714259259569,-0.7447553297406153,-0.7580844868957519,-0.33598851527361034
44.680000000004405,houtaitui_play,houtaitui,0.0,0.0,0.0,1.0143654585529505,0.4019032098143209,1.1644590243604296,-1.4102729912433716,-0.04192650677322661,-0.017753418628629156,-0.009988127521046051,0.07364910401936568,0.034102884447732455,-0.010873546481017812,0.0685426798548914,0.1653897944420185,0.3052336632430337,0.17659524943923954,-23.207510519580058,0.33119683109142306,0.24385694530105595,-16.244553930064228,0.8953253388775647,1.002321195602417,9.093416675851088,-0.7458597065741929,-0.7625183572113037,-0.38595610398785546
44.700000000004415,houtaitui_play,houtaitui,0.0,0.0,0.0,1.0140908788459186,0.485121832713825,1.224692396929073,-1.4294974651081465,-0.04594213306125495,-0.0197999242454799,-0.00826739728358251,0.07273823581333515,0.05509654492488898,-0.017953881385694554,0.0702565369634285,0.17025156690696097,0.30606168649869586,0.17575357225036625,-23.52556052603835,0.33784853451955893,0.2476099815616608,-16.75788722676655,0.8842101568398693,0.9936643362045288,9.373793114070532,-0.7465323082603933,-0.7642056454956054,-0.4261324176069041
44.720000000004426,houtaitui_play,houtaitui,0.0,0.0,0.0,1.013837184523607,0.5575107673583627,1.307348003640354,-1.4419645951590678,-0.048370621676626244,-0.025062675967904947,-0.004857896534604967,0.06217965582514971,0.07451271906943029,-0.009966968639450914,0.07071983053345497,0.17613039028181787,0.3068988520447863,0.17559353377914433,-23.705043235589606,0.3434234909296001,0.25227353837585453,-16.83977242034277,0.8716159859946534,0.9794301509857177,9.325550543122919,-0.7466110520276917,-0.7628135194122314,-0.403660807838457
44.740000000004436,houtaitui_play,houtaitui,0.0,0.0,0.0,1.0136054370758711,0.6188600164041995,1.4107037903840907,-1.442274780448486,-0.050143598889651975,-0.030419171065828872,-0.0018199746374213386,0.052740467337320435,0.09249164937585974,-0.00028829814281906233,0.07151417581519376,0.17910897508262688,0.3077255171135613,0.17529479529953007,-23.906321463604645,0.34801217592336114,0.25748599436378483,-16.651168996674517,0.857831682643477,0.9644687891006469,9.295186909460112,-0.7462723227077983,-0.7570456971466064,-0.2825164672974093
44.760000000004446,houtaitui_play,houtaitui,0.0,0.0,0.0,1.0133733644925522,0.6791366233714536,1.533168262576809,-1.4399607610933192,-0.052059454511627676,-0.03354016882119373,-0.00019747663295141993,0.053175215761782364,0.10896501160888482,0.0006309643638889033,0.07359698161079191,0.18171838151934128,0.30844931375244083,0.17369464900588993,-24.317391434132638,0.35235326120043325,0.26281664636230473,-16.453653723227735,0.8432369213558966,0.9517446279525756,9.487288578017036,-0.745303357246511,-0.753636073046875,-0.24424222202295354
44.780000000004456,houtaitui_play,houtaitui,0.0,0.0,0.0,1.0131264944280247,0.7443929898600041,1.6753556401089662,-1.4377990792201325,-0.05395840025452724,-0.036141762488100325,0.0009089355605118145,0.05767661903572596,0.12647663472080714,0.00014663014250785813,0.07584364940050811,0.18669319910660734,0.3090451279460739,0.1716529515037537,-24.78306115442173,0.35682107104598476,0.2668011870632172,-16.550212538841773,0.8278054219781446,0.9373466491699218,9.616842768984926,-0.7434808125216943,-0.7512318600952148,-0.2601738437493419
44.80000000000447,houtaitui_play,houtaitui,0.0,0.0,0.0,1.0128662074950632,0.8139866602102129,1.8381346066297881,-1.4332870234915405,-0.05542895465272913,-0.03940023644017792,0.0022131863361810732,0.061170462919478835,0.14445189644822243,0.002172981260652572,0.0773437549669451,0.18930804376417804,0.30950716166947845,0.17121259238815312,-24.935683170112814,0.361323742414877,0.27045280602073674,-16.70572831721291,0.8115131465978315,0.9226250767707824,9.790038495717162,-0.7404794079272313,-0.748107861453247,-0.29679966643326183
44.82000000000448,houtaitui_play,houtaitui,0.0,0.0,0.0,1.0125825535259056,0.8935602145906184,2.018123787262787,-1.4229005463666833,-0.05716185132957686,-0.04186698319328497,0.002482272593511965,0.07097433561326029,0.15894657734200293,0.007250186593328453,0.07914670135212065,0.1895653722718797,0.3097540391328322,0.17272774245834355,-24.684705756778612,0.3662329123332184,0.2741516318569184,-16.953856386394808,0.7943548005712219,0.9047329545021057,9.779703246103152,-0.7385258122554459,-0.7497241010009765,-0.3395722530380063
44.84000000000449,houtaitui_play,houtaitui,0.0,0.0,0.0,1.0122667168108124,0.9816145596199252,2.2100202123652357,-1.4032635674842857,-0.05906595854681537,-0.044690188575391136,0.0017838084062369894,0.07710997297697197,0.16893550077493005,0.015377642191318923,0.08081370133741439,0.19232057419932452,0.3100272733524802,0.1767810967216492,-24.012131658178596,0.37155755170236276,0.2754025247344971,-17.720498643624047,0.7758177447452741,0.8817732453346252,9.504523781252056,-0.7381613363970057,-0.7564148415863037,-0.4623658911540343
44.8600000000045,houtaitui_play,houtaitui,0.0,0.0,0.0,1.0119157858085024,1.067472181255875,2.4152567111246857,-1.363134028636939,-0.0607987599455544,-0.050000582943872725,0.0012639760743952092,0.07285459704133046,0.1816158897572807,0.034408724186335324,0.08110026181654095,0.19642893737347383,0.31071650602105344,0.17855177190399174,-23.851443913838548,0.37699532646437894,0.2792066123733521,-18.024962789152514,0.7560030652533365,0.8617897748947143,9.56125516189948,-0.7400156780537879,-0.7624983300506591,-0.49438164102931675
44.88000000000451,houtaitui_play,houtaitui,0.0,0.0,0.0,1.0115138011086324,1.1492089806519812,2.6373330755382747,-1.2852508837851033,-0.06286896235697051,-0.057579919863401455,0.00013744325280804132,0.06814377270364164,0.1974281816070837,0.06873371130579374,0.08050574817754406,0.1974877890248164,0.3120214263290149,0.17787931230163578,-24.256864596128587,0.3827902557643384,0.28844118979072575,-17.436443108575038,0.736250942296299,0.8471836566925048,9.96192832703352,-0.7428752903839067,-0.7618386258422851,-0.3784999089503386
44.90000000000452,houtaitui_play,houtaitui,0.0,0.0,0.0,1.011061677350419,1.233284720332379,2.878342747363598,-1.162616209801383,-0.06580460326105116,-0.06524002981114256,-0.0005748823328635797,0.06885202830214998,0.2151090806791998,0.10722262681704836,0.0809742454597662,0.19234243631702058,0.3136609701629458,0.1796102907905579,-24.268233041733364,0.38899040752930475,0.2912755992660523,-18.071790180005298,0.7176810513249151,0.8299958229064941,9.999511562559995,-0.744234423733224,-0.7575230111419677,-0.29998651184632896
44.92000000000453,houtaitui_play,houtaitui,0.0,0.0,0.0,1.0106094402903767,1.320278685555594,3.142045377580947,-1.0057523805960464,-0.06823713360681656,-0.07156527930279319,0.0020102233931575102,0.06876757359845656,0.23610247197926398,0.13446438377513947,0.08339454382715086,0.18808677616385777,0.31474895893861876,0.18474469449615483,-23.49591846490695,0.3947032843701895,0.2847423341522217,-20.23416220472128,0.699336672517773,0.8098629236221313,9.849428505757357,-0.7437408242968258,-0.7576870431243896,-0.3637593481458218
44.94000000000454,houtaitui_play,houtaitui,0.0,0.0,0.0,1.0101944149628252,1.404989099381843,3.4244103617905735,-0.8273849336757518,-0.07006135943849738,-0.07701793450335977,0.005489631630970767,0.06438642716527358,0.2519574520598447,0.15139314917390842,0.08555801213186566,0.1915986360027478,0.3148066088553402,0.19058243301010136,-22.373133278615754,0.399370341564707,0.281697132850647,-21.544976114873464,0.6793641940069327,0.785598349571228,9.60662852780495,-0.7431593592334456,-0.7609281052886963,-0.4601629485960059
44.96000000000455,houtaitui_play,houtaitui,0.0,0.0,0.0,1.0097600047618793,1.4900979274600812,3.7201637551478353,-0.6268937930857028,-0.0727115362019198,-0.08204094457374728,0.004927462836850888,0.06377968021544937,0.26404663538985207,0.17066584808613558,0.08590868058485761,0.1942824967104665,0.3145926994280658,0.1933896925697327,-21.810799302383465,0.40404568577394406,0.2884611275444031,-21.1723762978977,0.6576032321510837,0.7602609515190124,9.419853516861021,-0.7430503177806812,-0.7608873357116699,-0.44800307020949787
44.98000000000456,houtaitui_play,houtaitui,0.0,0.0,0.0,1.0092622458079594,1.5861332083986799,4.0267561855906955,-0.39605378351287385,-0.07576776199003686,-0.08746557249788288,0.0023146187931733166,0.07169676517314894,0.2742973371347453,0.1972773467722026,0.0853411935836165,0.1921527285267498,0.31429854497542664,0.19359759357070927,-21.715444145882802,0.4096182470192319,0.2970278349170685,-20.701018332773305,0.6352490409810861,0.7402923822402954,9.63617622466954,-0.7428314583617538,-0.7540449609100341,-0.28329462683487305
45.00000000000457,houtaitui_play,houtaitui,0.0,0.0,0.0,1.008736309423584,1.700296429439782,4.3341063406822125,-0.13607582356388156,-0.07914515558221114,-0.09285784502096855,0.0008271484625855851,0.08523803041800551,0.2744390480318573,0.2213835394030613,0.08537509490351011,0.18992496064409306,0.313084391872429,0.1946026470909119,-21.24380195082511,0.4157806777047628,0.3011536386260987,-21.1111695673368,0.612783972500723,0.7177553296089172,9.635469470703903,-0.7391050450044628,-0.74249715703125,-0.226857350734961
45.02000000000458,houtaitui_play,houtaitui,0.0,0.0,0.0,1.0081873573610132,1.8340885253466674,4.640570637409708,0.14270525767204276,-0.08366130134201223,-0.09699469777795432,-0.001000783178494159,0.09988235388003865,0.2753297131349094,0.23578207828756106,0.08677416284673746,0.19079291294610234,0.3109122863041257,0.19652346637344364,-20.43448439960734,0.42240611092960767,0.301960417295456,-22.193880639909136,0.589477210853948,0.6860482811927795,9.012604223252522,-0.7334410371161093,-0.7384740819274902,-0.3184971528291205
45.04000000000459,houtaitui_play,houtaitui,0.0,0.0,0.0,1.0075962152516482,1.9911145770729546,4.959623164295291,0.4411434835943411,-0.08980150407418026,-0.10031589309834374,-0.002398078135740816,0.11801751513152631,0.28952805549810023,0.2525635581777327,0.08865189104941139,0.20188635273568506,0.30765507565406364,0.1945416119346619,-20.121971981760836,0.42968051816238884,0.3014672484645844,-23.642107398142066,0.5645748510619095,0.652480673789978,8.408334474702956,-0.7297750491110374,-0.7363581170379638,-0.27763735335461903
45.0600000000046,houtaitui_play,houtaitui,0.0,0.0,0.0,1.007024146114714,2.178188400415747,5.305088397376259,0.773728645552251,-0.09742172726419358,-0.10428122731619961,0.001186240911798352,0.14080108315379108,0.31562805791100423,0.2822480725168038,0.09104506393560544,0.21611540630067883,0.30142773976602855,0.18991545703506474,-19.603201733156173,0.43685685297724364,0.29551483061409,-25.99408149180937,0.5385263145726703,0.6266379475593566,8.48430229797616,-0.7265879460652389,-0.7276315202056884,-0.1358913116577962
45.08000000000461,houtaitui_play,houtaitui,0.0,0.0,0.0,1.0065746987344304,2.3945417172394348,5.682571039887838,1.149987637807512,-0.10608657270170911,-0.10950321571212522,0.010324209106534036,0.16025973711479027,0.346214767655091,0.31833894621170944,0.09500373432939402,0.23134757650363472,0.29007666799844156,0.19107029702758793,-16.955311668077325,0.4424627359526944,0.2784611370811463,-29.95158609370254,0.5119832463357993,0.6050495624542236,8.908780602974307,-0.7195958748318431,-0.7148925771057129,-0.13560213033332447
45.10000000000462,houtaitui_play,houtaitui,0.0,0.0,0.0,1.00625773730302,2.633003446380266,6.092211238270302,1.5742757351879526,-0.11474368178647357,-0.11483612804666803,0.0188989777078791,0.1720872734709349,0.3771991577136823,0.3578532389374607,0.10111360213179571,0.25715022596669757,0.27328093804748854,0.2002472069511414,-11.855964435688522,0.44613873866911313,0.2556335118064881,-34.57315749929712,0.4847201691322791,0.5765663504600524,8.854254541778474,-0.7076643990301729,-0.7009038438140869,-0.25159370294653205
45.12000000000463,houtaitui_play,houtaitui,0.0,0.0,0.0,1.005895777181636,2.8865896012555936,6.533441258971404,2.0581952230211438,-0.12093205651260497,-0.1202782829713701,0.017275748739165642,0.1758396634293748,0.40883225590163125,0.40802519243701557,0.1094465464371117,0.28950079019307834,0.2545164740418869,0.21591053273773197,-5.502922086940034,0.4499453927282114,0.23783985641098027,-38.47381343566098,0.4558587217415002,0.5419660329818725,8.48901614191073,-0.6927729425735156,-0.6878125180541992,-0.3901342209633759
45.14000000000464,houtaitui_play,houtaitui,0.0,0.0,0.0,1.0053066161382567,3.1475157706326624,6.9958589284101524,2.6091456478620536,-0.12400070503473139,-0.12705067456607816,0.006201676448819457,0.17101213781592028,0.4305415557505367,0.463251717947278,0.1204235768598293,0.3216383841253778,0.24005774257115203,0.23741743829345707,0.6201648895292,0.4560377906321946,0.22261170413589482,-42.49028472459084,0.42635428403778713,0.5157494664192199,8.779260552747154,-0.6781067176189771,-0.6751725186645507,-0.4239328216363557
45.16000000000465,houtaitui_play,houtaitui,0.0,0.0,0.0,1.0044782189096617,3.394839325219036,7.449672542214655,3.2197044684951055,-0.1277479911758085,-0.13517761212954868,-0.0075503193879941114,0.14502503624285792,0.42397514441011336,0.5110184223545041,0.13637794552007337,0.37356063316984434,0.23921537237772905,0.2823147561798096,7.728795740734809,0.46376875078899893,0.18789789941406254,-50.25226183163667,0.39807325803330773,0.48744840621948243,8.697161764570982,-0.667021900009422,-0.6681320180236816,-0.3891009999996829
45.18000000000466,houtaitui_play,houtaitui,0.0,0.0,0.0,1.0035216771821722,3.574474120951214,7.878953920236347,3.885932574528623,-0.13577511028988065,-0.14707303021837198,-0.017078543291229133,0.06570652687756841,0.40652735850372756,0.5559747281673311,0.16238991851275833,0.460381820899602,0.28698546099974703,0.39094997313117985,14.500677943754791,0.4698249308499003,0.11988321807479863,-63.452622331519095,0.3703851050869584,0.44578821659088136,7.548929490675598,-0.6635945723904263,-0.6767842282592773,-0.40931052471649915
45.20000000000467,houtaitui_play,houtaitui,0.0,0.0,0.0,1.0025526533062987,3.6157729947688853,8.270826618912864,4.524957915480681,-0.13536207602014177,-0.14510467357291706,-0.020442071831817513,-0.05772097144121879,0.37208980710214934,0.5269871328911593,0.1871957903310625,0.5483822609335154,0.39713674060125786,0.5109499731311798,11.18706147966294,0.47166733904673164,0.06409487989044194,-73.52149660786895,0.34214082479224345,0.4073386013507843,6.762621955237281,-0.6679672637062738,-0.6946534623443603,-0.48693024416858427
45.22000000000468,houtaitui_play,houtaitui,0.0,0.0,0.0,1.0016616417557924,3.551505590445635,8.600681437744282,5.112491141905203,-0.1249626293376366,-0.13431353129787602,-0.02388258477944655,-0.1413267904051447,0.31096240478516673,0.4823347511068171,0.1908302416748544,0.5565066607315463,0.5049631189184385,0.5935963031301499,7.231077045665447,0.4709933000083945,0.07287285592651371,-71.63277098677769,0.3134219671184963,0.4004639804363251,8.536205171054263,-0.6742445673658974,-0.6984831799804687,-0.38753061348158585
45.24000000000469,houtaitui_play,houtaitui,0.0,0.0,0.0,1.000598115336912,3.4306820143817713,8.88336032783609,5.659946374104591,-0.1119753210315614,-0.12631751511789172,-0.038087675878161004,-0.18256656296766144,0.27113175800667805,0.4521846327200938,0.16987778871773296,0.5084254164617943,0.5633318042532466,0.6069566842565537,3.3256923174381914,0.47168605490805426,0.12158946063613896,-63.0730925326649,0.2865669832777441,0.3870969831943512,9.51197177546748,-0.6777863474528012,-0.6920988072692871,-0.27121151187536774
45.2600000000047,houtaitui_play,houtaitui,0.0,0.0,0.0,0.9990241446086721,3.2812853669689837,9.18054071059867,6.2279563009195185,-0.10662635639619507,-0.12790244547575677,-0.06372388982033336,-0.21175057375269712,0.2913264359158186,0.47692841529538116,0.14329382042096575,0.45393101519086887,0.5744407688546136,0.5920876201639176,2.4549017618342086,0.47672363949117946,0.17182282474136357,-55.26112308600022,0.2630762379846211,0.3618380844593048,9.184298463532938,-0.673127256923096,-0.6690008153259277,-0.08826291006387457
45.28000000000471,houtaitui_play,houtaitui,0.0,0.0,0.0,0.9966547935420004,3.15575287637822,9.547898422673173,6.848746763094439,-0.10872246949915328,-0.12170310744913021,-0.10009687015010776,-0.19325391451853424,0.35871816140855106,0.5200171124122395,0.12151525104497962,0.41855184324582,0.5480635390985729,0.5395940628299714,0.8008180477757945,0.4897086116887569,0.2322051909217835,-47.332948526364966,0.24190207687142723,0.33340285420417787,8.48384707934185,-0.6563400894261255,-0.6428524960815429,-0.27479217389076815
45.30000000000472,houtaitui_play,houtaitui,0.0,0.0,0.0,0.9934222672620832,3.137247954152372,10.031397439809684,7.548585737523734,-0.11835398863755,-0.09900368241426169,-0.13500417792979097,-0.1026268864327865,0.46873452142263494,0.5897344464540724,0.1068176076215063,0.3955624858765485,0.49745059421496163,0.4785784569034577,0.8413183204998864,0.512057674416707,0.2877524879226685,-42.06539094302194,0.22116007365610166,0.31497846245765687,8.660671591155536,-0.6360309956927751,-0.6299700249969482,-0.5429891407615871
45.32000000000473,houtaitui_play,houtaitui,0.0,0.0,0.0,0.9894272422423593,3.245254462507504,10.639562401534727,8.299877423737898,-0.13073019599269256,-0.06769370310372759,-0.16398118206626966,0.001690783349752617,0.5806094577871717,0.6307857972891316,0.09919383255066039,0.37076484737642523,0.43830166124362024,0.42324022319412236,2.029444690218579,0.5413267815391322,0.33559201028442387,-39.24176549183257,0.20255840093145813,0.31069881916046144,9.68841871100408,-0.6219216036188558,-0.6281418313323974,-0.6064612278087481
45.34000000000474,houtaitui_play,houtaitui,0.0,0.0,0.0,0.9851188790536355,3.516898777666572,11.321362852657725,9.104000174326114,-0.14350734757171776,-0.03502361120887087,-0.1863322645717187,0.10433219025577951,0.6387494761343311,0.6425638881678578,0.09651589990069755,0.35171913782784703,0.3977693917255366,0.3860277917633057,3.1463592522470636,0.5734318075961528,0.3819622483501435,-37.08009525552934,0.18646175558052164,0.2996018946170807,9.853061350141772,-0.6161561970283317,-0.6294044961273193,-0.5033069942236714
45.36000000000475,houtaitui_play,houtaitui,0.0,0.0,0.0,0.98229287997825,4.282217830714331,11.977407470233388,10.086962152854797,-0.16108166282710845,0.008925644339352598,-0.10857357741381227,0.5417421559449741,0.6200557397389935,0.8005714014518255,0.09082172556423146,0.30419496136949425,0.41538633337326997,0.33545864489173893,-16.02699866924993,0.6012970426185574,0.43935064342117314,-31.28548517070202,0.1672508809396993,0.27061225175857545,9.328765584793546,-0.6175076646434039,-0.6375462521850586,-0.4263876617877673
45.38000000000476,houtaitui_play,houtaitui,0.0,0.0,0.0,0.9805721620389304,5.3568219495688565,12.587312940821914,10.958329755187092,-0.1543547016026679,0.03243024961046126,-0.06057477462472506,0.809999499209708,0.5916976745085033,0.6825326313143598,0.08669553725904625,0.24133159836935075,0.4146590052168463,0.2748517778167725,-25.126791789284955,0.624367258666822,0.4586693730602265,-31.6041135568641,0.14938640134002315,0.2571335554122925,9.581502578559187,-0.62411821670129,-0.6517893781005859,-0.4325446669840325
45.40000000000477,houtaitui_play,houtaitui,0.0,0.0,0.0,0.9796328073716072,6.599740982104793,13.212205988180584,11.709394604087601,-0.14398177020262534,0.03611131787200653,-0.0225524767961974,0.9546609354598742,0.6127378058893885,0.5658709250325705,0.08553589187249623,0.19981073421847995,0.3922839745885883,0.25911624100303654,-22.280728299414747,0.6418708104056331,0.4827716436634064,-29.98708157402755,0.13230855835632974,0.23909066319465638,9.480115117929174,-0.6332006204858024,-0.6660267819702148,-0.49408872847073043
45.420000000004784,houtaitui_play,houtaitui,0.0,0.0,0.0,0.9789288515430423,7.860585135358183,13.858887424877697,12.370558398831129,-0.1314979230925094,0.021087007404265543,-0.010206184176686336,0.9649976352888984,0.6325624094977889,0.4758473567143796,0.0880667877691559,0.23807880670680107,0.35939690639919053,0.2676450100193024,-14.008346066566165,0.655446547234407,0.4948858853826523,-29.94339626308915,0.11779778411808937,0.219161194562912,8.897323228873738,-0.6407910286278907,-0.6650652398406982,-0.34978869888347613
45.440000000004794,houtaitui_play,houtaitui,0.0,0.0,0.0,0.9779738480150119,9.055641540028434,14.490777681652286,12.984983724082944,-0.11776183342199824,-0.0060198251097485014,-0.02294956691858293,0.9045123611645123,0.6192657500336006,0.4295001670731099,0.09444397822917149,0.2512146244753908,0.3256722635946556,0.2806743767509461,-5.5058572682046,0.6682966862926975,0.49614889290428166,-31.97138607068595,0.1072418906991362,0.19529673159122468,7.607573622280228,-0.6429062779878473,-0.6558329572021484,-0.27473828713459136
45.460000000004804,houtaitui_play,houtaitui,0.0,0.0,0.0,0.976491661059002,10.164068493999876,15.067061559952919,13.595924048030264,-0.10409684912848984,-0.036956952149395386,-0.05041995560779871,0.8224179890778547,0.5761036726372014,0.42622273602355487,0.1054746176167667,0.2542676292350579,0.2983784634133818,0.29363257553672795,1.2542193784797817,0.6831445039841048,0.48693723347282414,-36.45337284131088,0.099292015275285,0.17143493592739106,6.19792198993247,-0.6410737704872955,-0.6442067136108398,-0.14724508015722143
45.480000000004814,houtaitui_play,houtaitui,0.0,0.0,0.0,0.9744657081632397,11.180591985964556,15.571568613585375,14.232066534510233,-0.09278864204002077,-0.06548577638082527,-0.07811212029267989,0.7296895403092987,0.5258811371870269,0.4481351735787925,0.12005013454297006,0.2927303760794472,0.28171384256377735,0.3109805073986054,6.550016802547079,0.7003068922754297,0.4612366643199921,-44.343396624433424,0.09209804092243634,0.15256882905960084,5.227883026152015,-0.6360920468930248,-0.6356436719238281,-0.16340740021016834
45.500000000004825,houtaitui_play,houtaitui,0.0,0.0,0.0,0.9719577820493794,12.07583824491382,16.003636138249934,14.891411350514497,-0.0853970127181481,-0.08842658092406999,-0.10289123950658156,0.6119850861927513,0.47570222057841854,0.4719423139127748,0.1385687633915365,0.34673873929317245,0.28107373327189766,0.35154277947044377,12.552561487961114,0.7187658487524432,0.42085210349655156,-55.022432631577104,0.08499978921241544,0.13762564659118653,4.598982170092497,-0.6310096502365214,-0.6296934594451904,-0.1340865965337891
45.520000000004835,houtaitui_play,houtaitui,0.0,0.0,0.0,0.9688717023225724,12.735549843159152,16.352396712011096,15.501261986691489,-0.07867844529800261,-0.11442781248635549,-0.13749145393408754,0.3934094495546183,0.3947279992732484,0.41905314088103984,0.16109878894675436,0.40990860886587643,0.3244446738921929,0.4399073508033753,16.904020555227113,0.7376199945395593,0.3689183082828522,-67.79398353659033,0.07860964911546547,0.12222079634666443,3.8235824119356563,-0.6272963422622663,-0.6226531972229004,-0.0036436248043758
45.540000000004845,houtaitui_play,houtaitui,0.0,0.0,0.0,0.965289567123399,13.088301995520407,16.590555135457294,16.008307065093796,-0.07301420765288257,-0.1280294191226926,-0.1681758079234841,0.1461307761746541,0.2802013636531584,0.3504072015214963,0.17554998811286063,0.46437850901769717,0.42795948951806617,0.5574224975357056,13.916037850117805,0.7563404239758362,0.33168748881912236,-77.88844240726674,0.07222355149395349,0.10437284111976623,2.8900518652040277,-0.6258194308079079,-0.6184889783203125,0.14269180382296215
45.560000000004855,houtaitui_play,houtaitui,0.0,0.0,0.0,0.9617047045531535,13.208871891037255,16.708665375165605,16.442426583802693,-0.07137738482924029,-0.1199714003224467,-0.17668814989410642,-0.027307647315092567,0.16822746321196577,0.321469375462385,0.16449853632404757,0.45213634786516954,0.5263211269089936,0.6092238065252304,7.0218314493046154,0.773867396641722,0.36057917144393925,-75.7201652419773,0.06314788160755493,0.09089000225067138,2.710863828230216,-0.6219730599290421,-0.6053518761932373,0.26634008966343437
45.580000000004866,houtaitui_play,houtaitui,0.0,0.0,0.0,0.9583884853559133,13.246403874463955,16.728187389277494,16.878433346059115,-0.07355580547977693,-0.09774047652299074,-0.17292623740323107,-0.07519801643052626,0.09368954678041873,0.3664741484784879,0.16457051020300478,0.4660522937788356,0.581461359278698,0.6302755188593865,4.680959059616596,0.7904539098424812,0.3678266790161133,-77.31981200491141,0.05160780833283149,0.12632582783699037,6.6182516569992895,-0.6196631696908735,-0.6224462498962402,-0.12574603008976543
45.600000000004876,houtaitui_play,houtaitui,0.0,0.0,0.0,0.9553525168381797,13.303335890670004,16.707095594414263,17.412118067372212,-0.08093314065642973,-0.07294204795756609,-0.1734223248615993,-0.0888067261863997,0.08338415676093341,0.44208052761061095,0.15981421398242024,0.4469330690599159,0.6082637642044145,0.6581303488860131,6.9569406717925215,0.805976065626443,0.39011336233711247,-76.03009357816153,0.038899116358592785,0.13322767317295076,8.243532126041403,-0.6230138800977159,-0.644606303149414,-0.4059187599532539
45.620000000004886,houtaitui_play,houtaitui,0.0,0.0,0.0,0.9524745385763559,13.419192897641468,16.663721565835505,18.079585496572385,-0.09144256142204894,-0.049335539740613,-0.1792173392518343,-0.07467165784557761,0.08877010333535951,0.5481278586147568,0.1569954579650812,0.4246563849228777,0.6312689264571523,0.6825479504117966,7.359769215138664,0.8210651990057849,0.41192058589553837,-74.82405591010142,0.02509814194154023,0.13569457530975343,9.593097681966286,-0.6321710279294415,-0.6654645909606933,-0.4975356961248572
45.640000000004896,houtaitui_play,houtaitui,0.0,0.0,0.0,0.9497624534985589,13.617987631580279,16.64304789495063,18.846104254938407,-0.10312279923237004,-0.013472362296040461,-0.17465119214530872,-0.00920185331038148,0.13990004719700827,0.6359468726195705,0.15138752807019648,0.4042860885961901,0.6448483437520695,0.6738299590001107,4.225792251050019,0.8348871575945269,0.43060106899833683,-73.8092923615833,0.012994877014829683,0.11814020276069641,9.07055865666423,-0.6421228265707728,-0.6677443494140625,-0.3067104078517062
45.660000000004906,houtaitui_play,houtaitui,0.0,0.0,0.0,0.9471701868720817,13.952769990637082,16.63016024801855,19.71461507657843,-0.11263503735169149,0.023533527452188736,-0.18232407391324867,0.08838889316859513,0.16359174518971803,0.7189083891644897,0.15176610124220963,0.40052446151879584,0.6583737398477207,0.7046690445790291,7.2900020854291725,0.8486021488070802,0.44807768728828434,-73.12710129127653,0.001509863954248583,0.12284898459911346,10.346126546686882,-0.6484407317728865,-0.6750480641662597,-0.45605507533623013
45.68000000000492,houtaitui_play,houtaitui,0.0,0.0,0.0,0.9445372426881028,14.389452696342762,16.59496697188629,20.616770551509973,-0.11723364660767494,0.06162057118381307,-0.19978585655187878,0.1650549914259879,0.1524085756249836,0.7397038307400632,0.15264966018438902,0.4062048296425538,0.6761261594317061,0.731201150680542,8.519487836307533,0.8632086701138215,0.45700384047126774,-74.2164837365838,-0.007963692411002261,0.1160529226064682,10.441583672268276,-0.6541602268527932,-0.6798839082061767,-0.4449390422422255
45.70000000000493,houtaitui_play,houtaitui,0.0,0.0,0.0,0.9418135884247781,14.863642102944905,16.530905533887704,21.47041152356996,-0.11871632668458477,0.10024770113327472,-0.21913941808239012,0.20588762927596058,0.12205552278372696,0.6987601006457413,0.15349004699225408,0.414644186841735,0.6942791626445629,0.7494668292278648,8.515270263016602,0.8782974320771781,0.46365324523544316,-75.77142530563736,-0.014499684971870826,0.1042755663394928,9.8571862838209,-0.6575136448405348,-0.6765644063293457,-0.3703368883641155
45.72000000000494,houtaitui_play,houtaitui,0.0,0.0,0.0,0.9390794831790289,15.344342416791866,16.441520237863305,22.248185863897323,-0.12166926591026776,0.13861615064079286,-0.23173987410542154,0.2365010376911384,0.09220231040634418,0.6516071613588135,0.15490148238036552,0.41779281556154,0.7095893880822909,0.7573381031329036,7.129620024198153,0.8930094214880537,0.4752166059265137,-76.30340868278489,-0.018712615845601382,0.09392441511154175,9.248835925709503,-0.6580506278109691,-0.6720911969482422,-0.33954610307853456
45.74000000000495,houtaitui_play,houtaitui,0.0,0.0,0.0,0.9362838283507764,15.77216667647847,16.36368695419473,22.89229122500284,-0.12236991306322902,0.1754894954989352,-0.24610945719030727,0.2170851467526132,0.08053491640491257,0.5298257037426877,0.15572510713514176,0.4310718952686882,0.7180235718135067,0.747949639561236,4.595994425507042,0.9062167313532492,0.49041769769287114,-75.84685234762915,-0.020440837264980465,0.08513138890266418,8.53437232478358,-0.6573201058236053,-0.6638712395965576,-0.1919104419478037
45.76000000000496,houtaitui_play,houtaitui,0.0,0.0,0.0,0.9334970591467754,16.089257472548994,16.364146038286247,23.347878396547145,-0.12291351437911051,0.20804142824553923,-0.25135524818858135,0.1453767370790791,0.10847592932093297,0.3255264900985908,0.15241374902539767,0.4565557617977178,0.7114896811625595,0.6967899959931374,-1.1137941664893973,0.9155242512160289,0.5274234053144455,-70.57565268292366,-0.019966444624939166,0.07813079357147217,7.798288502945956,-0.6512018980845575,-0.6468471993743896,-0.12886178319138747
45.78000000000497,houtaitui_play,houtaitui,0.0,0.0,0.0,0.9305941127869665,16.28085655494168,16.471561417097657,23.611823318865905,-0.12360920454048405,0.22645899191422023,-0.25088581039341085,0.09643536939196408,0.1582144546053302,0.16571960261729518,0.15239341079326038,0.4698397798039094,0.697008518164764,0.6406693991670609,-9.05270939504679,0.9213061061125433,0.5862098720321656,-60.764446054419174,-0.017562803825885404,0.07738078832626342,7.457742682777759,-0.640509043460324,-0.6325866689025879,-0.18006064779626663
45.80000000000498,houtaitui_play,houtaitui,0.0,0.0,0.0,0.9275607383940508,16.28573530905559,16.699611876137183,23.65134110191235,-0.11830981876592725,0.22448031546271624,-0.2436689614626532,-0.022118680555079002,0.20641112461558658,-0.055104802967180316,0.14809748851961016,0.4295302867573144,0.6582006850651496,0.533398279214859,-19.414900816270446,0.9233964142789903,0.6755895030150414,-44.764929776321466,-0.013389248437980063,0.06576737463474273,6.0998903724226725,-0.6291787909846395,-0.6219894398986816,-0.2110088546070366
45.82000000000499,houtaitui_play,houtaitui,0.0,0.0,0.0,0.9242551391335109,16.044169182306238,17.061805107745744,23.42097324247264,-0.10940358262483149,0.2145834421539942,-0.23953579066174827,-0.17068353545615247,0.25575645418657145,-0.30787069557252555,0.1450412141181561,0.47435938677716855,0.5787566701316167,0.42054698731994633,-22.214087089542048,0.9234058100680894,0.7697275590548516,-27.659767935214003,-0.007701329197405987,0.05514460504055023,4.714249305497991,-0.6195201579024351,-0.6125683297454834,-0.15314132099964978
45.840000000005,houtaitui_play,houtaitui,0.0,0.0,0.0,0.9204171106655087,15.58582519435035,17.548287144305085,23.020678375714997,-0.10470985642770679,0.2035205121077697,-0.2522413589964547,-0.312268885026203,0.3261643342366588,-0.45428538515788397,0.14141049473241493,0.5377204976719556,0.48285085869637195,0.3743998792419434,-11.977152009912233,0.9233342676295219,0.8042798985192776,-21.41998015002654,-0.0012200873461318377,0.0486921489238739,3.6389783639220044,-0.6173428782101119,-0.6210929860412597,-0.1372581289156296
45.86000000000501,houtaitui_play,houtaitui,0.0,0.0,0.0,0.9166528795222322,15.12363789146338,18.114700682156187,22.774448206887108,-0.11817987787249862,0.15616167121257482,-0.21180379344006134,-0.3040333573761979,0.45454429648820505,-0.25418050068923437,0.13511468022388465,0.5766612812968099,0.4445679192954423,0.3373954084167481,-17.00423437221372,0.9212591420644431,0.8269332137355805,-16.820693208912324,0.004451960245860916,0.03859869837760925,2.4235605096869626,-0.6227692484709301,-0.6332249154388427,-0.053189993522448575
45.88000000000502,houtaitui_play,houtaitui,0.0,0.0,0.0,0.9154257962162141,15.153831693214457,18.590267685091376,23.005374974387685,-0.11578708212558622,0.10851730168264657,-0.07526069027083516,-0.002384720053847156,0.44148158443337,0.11443847211429808,0.1350482780242326,0.5619185468339131,0.484429293966791,0.24193815257644657,-46.9714597291829,0.9134710831024402,0.8820209887275696,-5.075735843339008,0.004907290172597033,0.04777078032493591,3.4104079240810394,-0.6264192195839797,-0.6277126778900146,0.07535226652182823
45.90000000000503,houtaitui_play,houtaitui,0.0,0.0,0.0,0.9159875178583954,15.484964095100574,18.900159090596148,23.490577361049535,-0.08686813798282815,0.0524322976167763,0.023922846289760213,0.17200022436926116,0.35708889313158265,0.3433250512606198,0.1276346265129362,0.4522393947744634,0.4929054917346741,0.2118208792457581,-51.25356601531979,0.9042296922688668,0.9188414451131821,3.351051570843077,0.004565086927550101,0.0695458322763443,5.211168522736326,-0.620063768349006,-0.6092602719604492,0.021797853833934067
45.92000000000504,houtaitui_play,houtaitui,0.0,0.0,0.0,0.9176352190583991,15.99225788415753,19.074946997221456,24.18864934765685,-0.054346884196403385,-0.015714233899655178,0.09541958415381652,0.2543636289281359,0.2973761816434448,0.538526620030206,0.12155129092883833,0.36436751222797353,0.47424366928574135,0.20540092256164555,-46.977978194661915,0.8988555709849985,0.9461544242153168,9.02686857626853,0.004965273003319252,0.08253788650035858,6.186171532926129,-0.6058183642369834,-0.5940954198181152,-0.21163401513940883
45.94000000000505,houtaitui_play,houtaitui,0.0,0.0,0.0,0.9196653742175183,16.585014149196606,19.161852009405724,25.062471037221304,-0.02089406652217582,-0.09444930845182091,0.13856884493007937,0.27000651527045216,0.27261862117851643,0.6916861484756021,0.11451627934411193,0.31999845591420906,0.43950234714388464,0.19824359681701664,-40.79132934066139,0.8978602313203127,0.9515264865407944,9.953886554885104,0.0073076040089860945,0.09194446802139282,6.641873726426376,-0.5920503925709895,-0.584993552142334,-0.28206041869936427
45.96000000000506,houtaitui_play,houtaitui,0.0,0.0,0.0,0.9214868483209011,17.187070590480555,19.211433251871373,26.038894228479126,0.011106599553384784,-0.17479415943017879,0.15816052065703964,0.24219198286100901,0.2763271639929963,0.7654874183768008,0.10737441188820901,0.30213914339046677,0.39667370392441464,0.19660482671356205,-32.75118516271974,0.9009384483393115,0.939618909026146,6.667472242504653,0.013212668072147755,0.09671917259693145,6.347633345119815,-0.5846476430217883,-0.5857626904785156,-0.2526549742300467
45.98000000000507,houtaitui_play,houtaitui,0.0,0.0,0.0,0.9227304604938624,17.729093018961652,19.259838799486616,27.00262603845086,0.03980686060708986,-0.24310331520661976,0.15897563925015462,0.18933423032713612,0.27797136117560317,0.7387083222523122,0.1015100281256092,0.26712094513432866,0.3515223165071643,0.19907090928649906,-23.985650701838914,0.9064053801618555,0.9116856541881562,0.466619325965293,0.023114214008754325,0.09756599068641662,5.398214600569243,-0.5836272415397843,-0.5912694444000244,-0.20935205479987978
46.00000000000508,houtaitui_play,houtaitui,0.0,0.0,0.0,0.9232904753611125,18.156772586688025,19.335053386349138,27.82840872511313,0.061364926120905335,-0.2849852893289112,0.14864351733957548,0.12967978588368767,0.27186924219066927,0.6089037010072419,0.09785365352836536,0.25971458648108275,0.30831190213620924,0.20494649674987797,-15.27111829698298,0.9135316015277027,0.8680351760635376,-8.64660416734253,0.03520478052646994,0.09755453169345855,4.317858895333429,-0.5858024968064469,-0.5979177464782715,-0.21793910345783002
46.02000000000509,houtaitui_play,houtaitui,0.0,0.0,0.0,0.9231940528592951,18.450081610916946,19.45868861393226,28.45102570960866,0.07487938708060073,-0.3043595128711506,0.1313604555821314,0.06920184148892641,0.2622063808162458,0.42983419390873556,0.09954081558432644,0.2596624744838143,0.27122016562047707,0.2132726695785523,-7.556607672875821,0.9213339788946241,0.8143249240169526,-19.841073871968895,0.047097534429812,0.09727652072906494,3.360826654691961,-0.5912100482481338,-0.605891179019165,-0.169080372775618
46.0400000000051,houtaitui_play,houtaitui,0.0,0.0,0.0,0.9224808840215598,18.621882543718883,19.639580131364077,28.892418642476503,0.08010182571411527,-0.3069071063095613,0.10754790577081064,0.01494235171099434,0.26605657571492347,0.27646949694079775,0.10947245857472128,0.27487311270705145,0.24651760890796465,0.23104105260467533,-0.8695875735921397,0.9293090096967522,0.7625961911330223,-30.602382619143,0.057266157723838806,0.098228719830513,2.718543955623554,-0.601110593417038,-0.619356583529663,-0.10056295701534657
46.06000000000511,houtaitui_play,houtaitui,0.0,0.0,0.0,0.9213813131004214,18.74388959831656,19.860556226705775,29.273705980115526,0.07513672055374679,-0.3005714442564894,0.08921491942137291,-0.007086897181484975,0.28648293347650294,0.2340788959132861,0.1263215770006911,0.3388509340757795,0.2437090913444616,0.2589216318378449,2.8681490898942266,0.9369094923943457,0.7102491457412243,-41.36570854094257,0.06435645897292411,0.10397894382476806,2.7832192487208385,-0.6129856287212044,-0.6290816773712158,0.007325904339410272
46.08000000000512,houtaitui_play,houtaitui,0.0,0.0,0.0,0.9202607464423332,18.893913914741248,20.078479375614194,29.730057017486352,0.061219175241979215,-0.28972204495262927,0.08127117818666645,-0.0039062291398725135,0.3032703034285711,0.3061930532789268,0.14555586146638252,0.4034479405845173,0.2663825531768794,0.30388043191528324,4.8236837043203815,0.9435246086142113,0.6634172585258484,-50.915029042186084,0.06766550682066123,0.11198362410068512,3.3663650602677837,-0.6226841628726205,-0.6325478066741943,0.07304257407058423
46.10000000000513,houtaitui_play,houtaitui,0.0,0.0,0.0,0.9194694317420745,19.121145259640677,20.2346268683747,30.360759601639035,0.040344533334193855,-0.28085671854042865,0.08474273926613243,0.010731033960939579,0.2963160752250691,0.46811554000412664,0.1623018428176784,0.46037693889129383,0.31314547552510325,0.37201918032264714,6.739387835869939,0.948906043549252,0.6250955399522782,-58.68925821476025,0.06729880093697728,0.1186708778142929,4.130292697471782,-0.6279756594419708,-0.633502434664917,0.02650265833475432
46.12000000000514,houtaitui_play,houtaitui,0.0,0.0,0.0,0.9192403480585647,19.43434365812012,20.27737324729701,31.1812396521867,0.016176118219158216,-0.27315103156898923,0.09463834440665646,0.027244742854089704,0.25130676608586777,0.6458161127978793,0.17347352039053618,0.48359903154390604,0.3782321771248695,0.4534960773239136,8.25239332524579,0.9531411005563969,0.5913156208047867,-65.44800745865788,0.06341116551528533,0.1234309047460556,5.017796617579926,-0.6298876042373878,-0.6369120587646484,-0.12790602669972256
46.14000000000515,houtaitui_play,houtaitui,0.0,0.0,0.0,0.9196359213295044,19.80475253940352,20.185820914359425,32.106834639949255,-0.006688424843468887,-0.2567311626228415,0.10291566985039906,0.045881319514939234,0.16893191708544086,0.753824347059985,0.17980485031049892,0.45562467985907623,0.4540538215205838,0.541372814441681,9.608864054977134,0.956376281961829,0.5558403667459488,-72.34229951925022,0.05609397086243203,0.12382921278476715,5.825406588342322,-0.6308516598088179,-0.6413931359588623,-0.2382466127823542
46.16000000000516,houtaitui_play,houtaitui,0.0,0.0,0.0,0.9205889405445377,20.18536624701237,19.971153398649395,33.00782102678214,-0.024152489232854332,-0.22761227206031523,0.10590943821399731,0.06393161913151393,0.06367205333445827,0.7576195597301426,0.18316228824755765,0.43948143152318364,0.529990044906974,0.6243645187864304,10.933072508326616,0.9586699485224284,0.5191885169992447,-79.2823404773441,0.045579289306748656,0.1209938645362854,6.619927242986529,-0.6324434071926278,-0.6496359814941406,-0.37061825647111657
46.18000000000517,houtaitui_play,houtaitui,0.0,0.0,0.0,0.9219119602777753,20.531325148991364,19.660730222555404,33.77707264030716,-0.035217695329376505,-0.1899673462585414,0.09944393820858083,0.07469159770884484,-0.04749609598092197,0.6757870218460267,0.1861029030466892,0.47133030454000957,0.6011490594270551,0.7082933422574997,13.627472603564385,0.9603472632783366,0.48901695873832707,-84.96839645277993,0.03327398144576794,0.11884800791740417,7.528320164321459,-0.6360726626538143,-0.6573538293182373,-0.398391212036005
46.20000000000518,houtaitui_play,houtaitui,0.0,0.0,0.0,0.9233187997888636,20.788050335920524,19.277139606649445,34.30842945700359,-0.037659266156464866,-0.14506247356622246,0.07822587193057015,0.06676401979762486,-0.17519173989977543,0.5035116525330017,0.1898706334902914,0.4943277588382532,0.6775078492357316,0.7944923166582585,14.845465541627966,0.9623808699394037,0.46805311110115055,-89.14181602052572,0.020803766675716887,0.11193069517612457,7.974320568639756,-0.6436618088419358,-0.6679965962707519,-0.33545647856557825
46.22000000000519,houtaitui_play,houtaitui,0.0,0.0,0.0,0.924682240895088,20.92606409868082,18.838121344629037,34.53095932216656,-0.033345144403425744,-0.09420305605206876,0.05243583323457726,0.05061888229349463,-0.3111960987644727,0.27222262707672445,0.1894986152710833,0.500434774130207,0.7549449896705385,0.8580951925764084,12.444956413122263,0.9654132154354471,0.46670622494316105,-89.99948927863252,0.008568694172399643,0.10078093111515045,8.051837884626915,-0.6549802283731894,-0.6815995683013916,-0.2681535568213409
46.2400000000052,houtaitui_play,houtaitui,0.0,0.0,0.0,0.9258965445491618,20.932392858871307,18.365740285946966,34.45359938243403,-0.02594214185013901,-0.05070737169974579,0.027633558893234992,0.020292133233277627,-0.4221735961060486,0.05875322212990211,0.17579065552758072,0.474508201361062,0.8204751892624951,0.889809840584755,7.372024179178757,0.9695404459489603,0.4950322445878983,-85.7246847294542,-0.003264657269344839,0.09281901717185974,8.34595790518669,-0.6633118649159158,-0.6833855618774414,-0.23459108311046112
46.26000000000521,houtaitui_play,houtaitui,0.0,0.0,0.0,0.9267989102562945,20.84438775916347,17.93587098866827,34.152158380637005,-0.018569746394688266,-0.01309543234637007,0.003894074591876567,0.0032688607870774156,-0.43907592029717524,-0.12012639514927975,0.16385017700911927,0.44718466912425403,0.8566511826679677,0.8778081175336838,1.0618342943960926,0.9741534549118365,0.5269687857875824,-80.84767675441601,-0.013538843293451402,0.08479752838611603,8.439695739059378,-0.6672090763702503,-0.6846878041564941,-0.3174556852753081
46.280000000005224,houtaitui_play,houtaitui,0.0,0.0,0.0,0.9272593756664982,20.713403637471508,17.628546118046717,33.740307941508334,-0.016142764052133343,0.014976138904181471,-0.0179620082716618,-0.005925093350013885,-0.36039090779971256,-0.2382803491211938,0.15246338633869969,0.4130341532015096,0.8577311420382949,0.8407990273485184,-2.9828115582421475,0.9780385850700628,0.5650044318685532,-74.64376286552303,-0.021912212636729694,0.07161101400852203,7.950260109791299,-0.667947133196929,-0.679321240359497,-0.2688362616810877
46.300000000005234,houtaitui_play,houtaitui,0.0,0.0,0.0,0.927233481535211,20.585056446316383,17.48319381873627,33.3164972154672,-0.0195737090999793,0.03844558361487259,-0.03690218788025093,0.0051788095323120065,-0.22402959041466258,-0.2831648983636044,0.14413864760245623,0.38156954597769255,0.8345043632116633,0.7892081935355664,-6.16792527287812,0.980391239303689,0.5988216933259964,-68.87030324355587,-0.02929947819039963,0.057067659497261045,7.329056465252513,-0.6679255025310894,-0.6747469415008545,-0.1718887524067323
46.320000000005244,houtaitui_play,houtaitui,0.0,0.0,0.0,0.927097542433966,20.539358180709694,17.499254841083165,33.01510557838297,-0.02911047735029338,0.04362632374654191,-0.029928902835094178,0.04350190946233372,-0.053382835300270236,-0.23365485948403195,0.14360596839212478,0.3560899832766493,0.8280368381095712,0.7243501779088974,-18.186218696835883,0.9795509463761081,0.6446497228393555,-60.22240053349859,-0.03568825789063294,0.051202636957168576,7.302780266502438,-0.6666376596965401,-0.6677889336883545,-0.07498963140833903
46.340000000005254,houtaitui_play,houtaitui,0.0,0.0,0.0,0.9272803276597982,20.610271367334764,17.646942713782636,32.838300571296124,-0.03668941053347904,0.04042339985739336,0.002553597848258444,0.11943058163857039,0.08563003651587958,-0.17503822076026174,0.14159544163407242,0.33624695390847126,0.8250681260315629,0.6378078695783616,-33.4766712600201,0.9746717147722008,0.6906740453491211,-50.757340089237395,-0.0413439322354171,0.04640663862228393,7.33344398602767,-0.6609073650876663,-0.6522433270751953,0.0007268884909299445
46.360000000005265,houtaitui_play,houtaitui,0.0,0.0,0.0,0.9280799562304111,20.826041489796587,17.89109615931088,32.76911658838669,-0.04128442555778104,0.03601887542557151,0.047021543491627654,0.21963119540406736,0.19170162558556242,-0.12322693958894979,0.1338498996026502,0.31153174953191676,0.8174504844560176,0.5914195564041138,-40.113129706296085,0.9656250414070204,0.7186788443872929,-43.77234896902161,-0.046638654026993666,0.04861935675144195,7.916176753957831,-0.6487989819023128,-0.6378457059204101,-0.1588842112478227
46.380000000005275,houtaitui_play,houtaitui,0.0,0.0,0.0,0.9295226139290725,21.154900983430398,18.21213250715447,32.77772514534657,-0.044633555909870025,0.02805853322642416,0.09179242281084628,0.29284561638569756,0.27405108552618224,-0.09055901330126809,0.12807387953853874,0.30332981372149503,0.8029657985024617,0.5774654683122635,-39.5017679628494,0.9524607412249,0.7247436616966725,-40.000567567262365,-0.05008123907501845,0.05268360376358032,8.40708900565258,-0.6332004950389898,-0.6233245839416504,-0.29371248072287803
46.400000000005285,houtaitui_play,houtaitui,0.0,0.0,0.0,0.9314417801201123,21.542387768235443,18.57720084689101,32.864865185647076,-0.04569633583630001,0.010218217621070398,0.1273070836617631,0.31547008305051644,0.3294362376327524,-0.0419650694381967,0.12330365051065525,0.3083060117054475,0.7829490084673879,0.5805824038038254,-34.91742466909364,0.9362854048458591,0.730747835936606,-35.7777197243462,-0.05036608420069173,0.042759758234024045,7.453854235362584,-0.6176029130080299,-0.6082219590484619,-0.29625541149941814
46.420000000005295,houtaitui_play,houtaitui,0.0,0.0,0.0,0.9336014793149439,21.936184186510587,18.930192081833255,33.03291071236524,-0.04476129776422608,-0.015625666996055172,0.14803006679694866,0.29246383534492687,0.33730833112843883,0.02343413715985381,0.11961321696219478,0.3062940193522181,0.7595910322253925,0.5831981685409546,-29.983588030032664,0.9193753684115709,0.7419558011392355,-30.657915358279755,-0.04849325349526233,0.031168577075004575,6.261607444989241,-0.605291804300546,-0.6000110616027832,-0.27510561975639886
46.440000000005305,houtaitui_play,houtaitui,0.0,0.0,0.0,0.935814157493201,22.284875441027502,19.225630134486185,33.26202577348569,-0.041786946406195055,-0.04465872659400955,0.15711491226839425,0.2306370826791895,0.30508561960708447,0.08555374526865522,0.11560573143347731,0.3092641846958111,0.7346596307202196,0.5785729226121903,-26.20165908283364,0.9035769450807575,0.7467707015970946,-27.029414256830083,-0.04574544340736035,0.02788637280464172,5.736160859888148,-0.5986134296708201,-0.5995094289123535,-0.22984111053894984
46.460000000005316,houtaitui_play,houtaitui,0.0,0.0,0.0,0.9379625978371353,22.55713962765379,19.447745293254822,33.5186808108958,-0.03690967153869375,-0.07206698146479833,0.15924176909981405,0.15401775762280634,0.2528254691799495,0.12575605739773962,0.11047271688164502,0.3184221945271395,0.7091038590974139,0.5693968024501801,-23.1999757548524,0.8896546024208939,0.7431126527885199,-25.321430952220965,-0.04284258967262241,0.02815352082252502,5.521117224029525,-0.5974932187157045,-0.6061028947174072,-0.236767856118188
46.480000000005326,houtaitui_play,houtaitui,0.0,0.0,0.0,0.9399839013607323,22.758057566953212,19.597691717226148,33.77978030153336,-0.03095938948229978,-0.09473766780076884,0.15679006278041543,0.09235443578025954,0.19628097631157626,0.15086017146640765,0.10458399341682509,0.3121815700719741,0.6833109668662715,0.5591278609285355,-20.383908754094087,0.8777895900331453,0.7303474929580689,-25.636777183183888,-0.04039001143544004,0.027856495976448056,5.329590676440575,-0.6002743771666627,-0.618877600604248,-0.35380267937343823
46.500000000005336,houtaitui_play,houtaitui,0.0,0.0,0.0,0.9418509018437129,22.917979011222773,19.686175170596428,34.03616535644164,-0.025201818118273718,-0.11052633998767242,0.15113459101996424,0.061667192577231564,0.14674467470090263,0.16628095350558453,0.09896988863533743,0.2947385349616751,0.6573628906981834,0.5481618579874039,-17.671075847351265,0.86803864475976,0.7111596756080389,-27.49524453380779,-0.03921301466183303,0.02745559513568878,5.280495741366838,-0.6080249869261939,-0.6327943314849853,-0.3331491448370959
46.520000000005346,houtaitui_play,houtaitui,0.0,0.0,0.0,0.9435240402407378,23.056065577866473,19.734252126192217,34.285077542348624,-0.020422551974857817,-0.1225446915824756,0.14314761540025894,0.04569940989960034,0.1148256584083024,0.17304484559435956,0.09622187461581581,0.2816956782259894,0.631896992878323,0.5360149827251435,-15.307150350356006,0.8602500169745566,0.6932211306343079,-29.473832552967217,-0.03930174259500252,0.02533130049705505,5.1844194284944,-0.6206950201996584,-0.6486856450378418,-0.24778114691804942
46.54000000000536,houtaitui_play,houtaitui,0.0,0.0,0.0,0.9449547419865121,23.182167141430842,19.76978209445461,34.522584684000336,-0.01591267778153939,-0.13024997863422297,0.1334098373924236,0.03984807098241618,0.10436208701779093,0.1666785231083494,0.09604479251127591,0.27218526929384246,0.6080241663943956,0.523542636300087,-13.374381478903354,0.8540244069841773,0.6772660252103806,-31.34372407703897,-0.03987247485080418,0.022990521788597104,5.066343970402499,-0.6359859478863221,-0.6630873193084716,-0.14565445650772468
46.56000000000537,houtaitui_play,houtaitui,0.0,0.0,0.0,0.946072974145327,23.30893953450128,19.81202433425394,34.74526847259549,-0.010547153308999833,-0.13422356504520688,0.1198120414490045,0.04637118575569091,0.10649352451786007,0.1518345353491529,0.09870404926666257,0.2653683502253821,0.5868592052978774,0.515100487733841,-11.29083552299105,0.8494219032071236,0.6649100568542481,-32.86162996171689,-0.0394971356359928,0.02218314707279205,4.911404053288658,-0.651162198414695,-0.6719443311035156,-0.00350808432254468
46.58000000000538,houtaitui_play,houtaitui,0.0,0.0,0.0,0.9467785405968643,23.436926441166946,19.86020026626226,34.95519020820848,-0.004037800614681007,-0.13820552632429525,0.10027329735440396,0.05020259965551627,0.10701931065292725,0.14066533608275122,0.10348619608638321,0.2630131358989576,0.5698771794544948,0.5139870282659531,-8.757704972919957,0.8470003002554278,0.6552042600164414,-34.33755089680477,-0.03681549082511391,0.02309603691101074,4.629665128890825,-0.6638151963223001,-0.6755258549987793,0.12964744303741216
46.60000000000539,houtaitui_play,houtaitui,0.0,0.0,0.0,0.9470663982594083,23.54425906278405,19.90715787267997,35.14350885734685,0.0012509513813068005,-0.1409866044008779,0.07996191993829078,0.03574011319949615,0.09783963874866404,0.12364605644359769,0.1085125269956398,0.26631093456065313,0.557571287331883,0.5149692979106903,-6.724959748168489,0.8466869515659482,0.6402156737098694,-37.139761881409086,-0.03240006205560305,0.02625472545623779,4.434887716675263,-0.6716899294067127,-0.6791469563781738,0.06717327474112367
46.6200000000054,houtaitui_play,houtaitui,0.0,0.0,0.0,0.9470234471628273,23.60808825448861,19.95503045524384,35.28063796209788,0.0052868788408242245,-0.13820256961290053,0.06255792667477851,0.01202625059546978,0.08106057978676465,0.08103595394264423,0.11293951420194447,0.26451762782211463,0.5487908312662769,0.5128093149909974,-5.8019297013512565,0.8478721991110988,0.6263821658143998,-39.95706592171861,-0.028072457480206425,0.02800433039665222,4.240556198858302,-0.676379607467875,-0.6855196465789795,-0.07560512405498518
46.64000000000541,houtaitui_play,houtaitui,0.0,0.0,0.0,0.9466996990065347,23.63456617811094,20.018464881387196,35.33713362369587,0.010697309249325484,-0.12818494180719558,0.0463152359394422,0.006641614150078768,0.06785738437484382,0.011699172449704646,0.11660368348542412,0.26947364692506826,0.5423354105876351,0.508665659690857,-5.56183484655132,0.8502884953437427,0.6186268564710617,-41.88162083025715,-0.02571838646487543,0.02725650072097778,4.110086814230798,-0.6806569029292555,-0.6946124543487548,-0.19973884015983415
46.66000000000542,houtaitui_play,houtaitui,0.0,0.0,0.0,0.9461192790208823,23.644488242125107,20.103110471102454,35.30793077732518,0.016712778925765188,-0.11394687763666289,0.03009512343514687,0.019905992101433255,0.056786559174305556,-0.059974013226584896,0.12186573322607212,0.29470377040490536,0.53828190382139,0.5054935004959107,-5.5885278749121,0.8540013472334295,0.6140785154352189,-43.466971250909836,-0.026376732075164912,0.02392393052577972,4.069859172457496,-0.6873947014114486,-0.7050079812347412,-0.20087793925241004
46.68000000000543,houtaitui_play,houtaitui,0.0,0.0,0.0,0.9453057083088826,23.656425459244677,20.198507364058262,35.20384564288521,0.0233032402000243,-0.0986515710685946,0.01348554709357859,0.04538208834005604,0.039662842549892316,-0.11793372009495237,0.12817552568358015,0.31694061787685085,0.537031472350997,0.5053990420351029,-5.605313433313852,0.8593117869527922,0.61233771708107,-44.85707703841449,-0.029722249165116257,0.019410979747772214,4.120936628666471,-0.6979230644725775,-0.7161385526000976,-0.08240547388037966
46.70000000000544,houtaitui_play,houtaitui,0.0,0.0,0.0,0.9442918558541347,23.66771774742894,20.294420581751112,35.041005973348035,0.028552445618105632,-0.08780179037906968,-0.0004761993192627517,0.06056104490379946,0.020865722999671883,-0.1605017567720931,0.13305856751492195,0.33840627617289204,0.5383762667440151,0.5088722940931321,-5.4148295672341025,0.8657779134644603,0.6074552026042939,-46.98589405478187,-0.03415050273215455,0.01899727880954742,4.493067884938657,-0.7095326339846034,-0.7248055447875976,0.016534740051920294
46.72000000000545,houtaitui_play,houtaitui,0.0,0.0,0.0,0.9431318433259133,23.64711640313898,20.404907547446793,34.83469902490457,0.030441766401532865,-0.0824125782405637,-0.008028298273328113,0.041113773612562805,0.021567558812956786,-0.19765041014848472,0.1372294238117265,0.362048738348264,0.5418954002196339,0.5113023456583023,-5.778458205351296,0.8719865415470035,0.5985780891427994,-49.6829439283812,-0.03892323812781384,0.020835947990417478,5.04155096796001,-0.7172405360945524,-0.7295910825073242,-0.05995237390395003
46.74000000000546,houtaitui_play,houtaitui,0.0,0.0,0.0,0.9418827096977498,23.582988208372257,20.540314643147962,34.61242699637267,0.03006770471941904,-0.07960675506874051,-0.011446074996909444,0.007501743605676507,0.03794293741752054,-0.21483501040170208,0.1421747103251053,0.3794521147210501,0.5471994313088441,0.5153516766080857,-6.142505021478062,0.8772792055814334,0.5963181343326569,-50.9758202248267,-0.04363541931464692,0.017240253090858457,5.126442491982968,-0.7215265131788758,-0.7328943719207763,-0.14659770277618994
46.76000000000547,houtaitui_play,houtaitui,0.0,0.0,0.0,0.9405797770051081,23.485850665329625,20.6911425988305,34.37958930912444,0.029804810220746023,-0.07432222837684854,-0.015304331982007681,-0.01567332838120094,0.04530358004278359,-0.22810188380845361,0.14591331544821387,0.3894190816293112,0.5533483816911696,0.521102615858078,-6.276873359804758,0.8820494846286661,0.5996857371578217,-51.19009004221853,-0.048391210856726555,0.011259690672159192,5.031171034714716,-0.7243110116933479,-0.7344052304565429,-0.1605368288184309
46.78000000000548,houtaitui_play,houtaitui,0.0,0.0,0.0,0.9392436230909563,23.35958535980246,20.85093093908088,34.11546399766131,0.030350700001148184,-0.06453150104881315,-0.02015232868196898,-0.029952952849155973,0.0415405838486491,-0.2569484271312761,0.1483316187549434,0.3957129503970803,0.5600427349263931,0.5293150332221985,-6.044791314344512,0.8865696956907506,0.6028288688907624,-51.4182113514609,-0.05372926934323137,0.0056456930935382815,5.042687254791109,-0.7263073161212733,-0.7349071015655517,-0.14833978871701786
46.80000000000549,houtaitui_play,houtaitui,0.0,0.0,0.0,0.9379182263589999,23.206609576666345,21.012534076354804,33.81747170709064,0.030527720026954995,-0.05366180294058097,-0.023591863662170687,-0.042171750573754566,0.03235750533660012,-0.2812964651243281,0.1501076519217316,0.3979488618532978,0.5677239095237526,0.5377121802816391,-5.9928211586468345,0.8907491909522073,0.6049079981098175,-51.76888936465256,-0.06021918752737198,-0.0016787789762020139,5.041582047319364,-0.7279436324999655,-0.7355799187957763,-0.13785489639171566
46.8200000000055,houtaitui_play,houtaitui,0.0,0.0,0.0,0.9366638437460105,23.050445525099637,21.156354030938953,33.51215485606746,0.030675619544180473,-0.04467550643196863,-0.02507711594740119,-0.03967560617482897,0.015490802820677912,-0.27603519431525414,0.14966309554514423,0.39443500724218344,0.575541559444628,0.5430510279188157,-6.447863077503774,0.894867573768986,0.6110655602464676,-51.3968100263281,-0.06771549317994022,-0.007816313952207568,5.203617293491112,-0.7287976685407552,-0.7350680341064453,-0.13562585540709027
46.84000000000551,houtaitui_play,houtaitui,0.0,0.0,0.0,0.935493390923171,22.92176493291269,21.266001851576515,33.23208773332924,0.0319114211055812,-0.03854565807422479,-0.02629471305396993,-0.0211166158905627,-0.0031230851318454628,-0.24181667386372485,0.1475752823897843,0.3967914597102359,0.5825003731408378,0.5477501687059403,-6.788007356426044,0.8994714797761941,0.6206966277608872,-50.52806405329881,-0.07550532691844848,-0.01454773470759392,5.300122776745173,-0.7287688562738809,-0.7311732281982422,-0.059366688849077885
46.86000000000552,houtaitui_play,houtaitui,0.0,0.0,0.0,0.9343954465642372,22.8320108131672,21.345640613751687,32.98539812082056,0.03292219921623141,-0.0334346471860191,-0.027072978986194016,0.002983430353154237,-0.01521062586797188,-0.20756711740202635,0.14570654421091914,0.4007066543197888,0.5886746967602514,0.5512391861925126,-7.210987629957591,0.9046268756780128,0.6281372990856171,-50.1584239016412,-0.0833587258284604,-0.019549220055341723,5.532215744920662,-0.7270003314149981,-0.723933171206665,0.006076951866714253
46.88000000000553,houtaitui_play,houtaitui,0.0,0.0,0.0,0.9333949829998315,22.777974996980415,21.409094767470894,32.76385676079483,0.03202483027875859,-0.027731486054103853,-0.02555000199236615,0.026225237622651672,-0.018893922226974794,-0.18487686648692464,0.1444642360573117,0.4034718938042048,0.5944882808499137,0.5534292247543335,-7.8364669862295155,0.9098558429150542,0.6314103391418457,-50.516204495235996,-0.09186745874305119,-0.022780033946037295,5.996288198339599,-0.7218804238946495,-0.7184965123474121,-0.10131281712263615
46.90000000000554,houtaitui_play,houtaitui,0.0,0.0,0.0,0.9325508997690194,22.74731041016998,21.46889684067754,32.55095425221512,0.029628944726975685,-0.02074973901952346,-0.020210043197450643,0.04326462557237004,-0.01877714114519402,-0.17965409071434735,0.1432414638825272,0.40236269433924765,0.5991128720410765,0.5532292213687897,-8.613934746895893,0.9144363636267877,0.6325458225259781,-51.08682367078635,-0.10141943580017666,-0.025626576691865924,6.595579929823509,-0.7156807834447704,-0.7165824879943847,-0.23426032879706293
46.92000000000555,houtaitui_play,houtaitui,0.0,0.0,0.0,0.9319099712134709,22.727712123589825,21.527556801028485,32.3347062896362,0.026103272620767365,-0.01461980666777274,-0.012336766715238751,0.05316203627022718,-0.02108851628196707,-0.18225379925771099,0.14208672700950864,0.4010239372363166,0.6013601270513608,0.5516664173851014,-9.115715154781286,0.9179622250087945,0.6359787520418168,-51.02350619620789,-0.11130952589701366,-0.029589663445949557,7.088221301094711,-0.7111712999868799,-0.7152883519470215,-0.24916742892845142
46.94000000000556,houtaitui_play,houtaitui,0.0,0.0,0.0,0.9314634794113108,22.72051106119609,21.578148069649192,32.13617917602007,0.02260241154876535,-0.013206370557403,-0.004354827555719625,0.05785187262739459,-0.021553140205764633,-0.16278148799035871,0.14150152348000253,0.4008524268056728,0.6012037666580616,0.5511545624980927,-8.995594460133866,0.9205754231605624,0.6402458038578034,-50.65696930420368,-0.11975779583523039,-0.03602685704827309,7.161257860229477,-0.7091021428158449,-0.7137419690429687,-0.17850150901541503
46.96000000000557,houtaitui_play,houtaitui,0.0,0.0,0.0,0.9311768237777457,22.72520739074515,21.616751212254673,31.97758149381343,0.01871922738524487,-0.015579330701436384,0.002757083246525238,0.05448494059771881,-0.018153963589282437,-0.12718790033353988,0.14105639760695937,0.39677260077959353,0.5994485372975735,0.5503862735280991,-8.695262335285646,0.9224576945737496,0.6431997951517106,-50.40903637309788,-0.12600679236441276,-0.04456298165023327,6.855619461242739,-0.70772913775809,-0.7114591111480713,-0.1388574583639905
46.98000000000558,houtaitui_play,houtaitui,0.0,0.0,0.0,0.9310306671795067,22.730338706088983,21.64670561400174,31.862741869164722,0.013583118972779978,-0.019392651491421362,0.009476808066899874,0.03905370566392941,-0.010824222063157075,-0.09175237151173245,0.14062791456257084,0.39197905403577926,0.597181051440269,0.5500498351106644,-8.309894479854927,0.9234579177921277,0.6433315959224701,-50.49795272538721,-0.13011874861895756,-0.051517906785011294,6.509700533492568,-0.7057784569639313,-0.7073993195831298,-0.11041079524530178
47.00000000000559,houtaitui_play,houtaitui,0.0,0.0,0.0,0.9310288975377463,22.723587402640916,21.675253304716495,31.77341169887336,0.0080507597666704,-0.02057405313286747,0.016101108857652056,0.02071372384196298,-0.0043772238929678554,-0.07523252177910897,0.13949738020448355,0.38514918719850666,0.5948959232057811,0.5481634524116517,-8.237078921739549,0.9233821639342114,0.6425111528882981,-50.55152875121161,-0.13317962014502532,-0.05958054419606924,6.057589385826903,-0.7037452497879662,-0.706927727633667,-0.14801082108539293
47.0200000000056,houtaitui_play,houtaitui,0.0,0.0,0.0,0.9311713394957516,22.716468208323704,21.698908448318917,31.70458617150179,0.002840308912426794,-0.019536198962115815,0.021186940672651252,0.015929607593412283,-0.002346034686453325,-0.05702052264206961,0.13918551545931687,0.3837480766781425,0.592399341788532,0.5457543816814423,-8.205290871417487,0.9225035297656695,0.6410970475921631,-50.58677089087373,-0.13625415268827767,-0.06411150395870209,5.947358314213862,-0.7033420303553057,-0.711458395892334,-0.21094690840809152
47.04000000000561,houtaitui_play,houtaitui,0.0,0.0,0.0,0.9313877945782317,22.732218745693793,21.711471120400528,31.672506239380905,6.703253417235291e-05,-0.019264908312050247,0.02206175413929946,0.02579144925788492,0.00039533153460278095,-0.023506677013776293,0.13968175182077197,0.38654566486800823,0.5894996799667949,0.5458011862287522,-7.645166215543418,0.9215146906835038,0.6410233911523819,-50.41296796169813,-0.13853119962220178,-0.0627450479194522,6.189708789251218,-0.7038153819692038,-0.7166544904052734,-0.30200245842265055
47.06000000000562,houtaitui_play,houtaitui,0.0,0.0,0.0,0.931582772482834,22.77371297934305,21.712426554710458,31.677855814121784,-0.0010446009015523043,-0.019769274394617824,0.01857831240224738,0.03563966331887905,0.002735754570623933,0.007182663440833084,0.14002848120428568,0.38475152043357796,0.586473076054216,0.5472735550651551,-6.825134671321486,0.9209548258109306,0.6406070825109482,-50.41942353062192,-0.13912595039554715,-0.06292280107736588,6.125866609175239,-0.7053368906001919,-0.7194640149414062,-0.29719638348719324
47.08000000000563,houtaitui_play,houtaitui,0.0,0.0,0.0,0.9317075682519746,22.82140274380361,21.70554873139957,31.706193079025553,-0.0019541724484661805,-0.020459482626027682,0.013394147680571275,0.03160445130469963,0.003441460673374668,0.025570974272557105,0.14012310174089992,0.3800077588870595,0.5837296167904691,0.5479624506483078,-6.228686677981896,0.920825868008149,0.63854501512146,-50.80162252131967,-0.13804716194511668,-0.06413412019610405,5.850270395584293,-0.7067148531796626,-0.7186877240478515,-0.2556507501226174
47.10000000000564,houtaitui_play,houtaitui,0.0,0.0,0.0,0.9317686221750294,22.85650768788246,21.691236007924388,31.738270588464886,-0.0032079938313465924,-0.01928832594823518,0.008096771184326513,0.01858108925914916,-0.0023872205366604867,0.028818714293603505,0.14058822115576203,0.3767803456382227,0.5810411247564566,0.5469480988035202,-5.9288885532069795,0.9209858241664558,0.6373979684362412,-51.05741498216436,-0.135744535023934,-0.06513321045786143,5.519932371719343,-0.7073084352475189,-0.7173733224212646,-0.23487300945888076
47.12000000000565,houtaitui_play,houtaitui,0.0,0.0,0.0,0.9317878742037025,22.87431350300266,21.67015255196081,31.770522823087184,-0.005148182824701233,-0.01694330900057569,0.003461895949908288,0.003174540654651772,-0.0074397441731063624,0.03155157903611119,0.14227447274492525,0.37638169474416483,0.5789814252985086,0.5471233215579987,-5.57612878651482,0.9212739684919672,0.6339548614273072,-51.73827967259471,-0.1331313610770468,-0.06611528918147087,5.219358783512792,-0.7075068381323768,-0.7166406621276855,-0.2221719614728046
47.140000000005664,houtaitui_play,houtaitui,0.0,0.0,0.0,0.9317876982666297,22.875886621727698,21.64698977134878,31.811659678168613,-0.008055981683016179,-0.016115547721762928,0.0008263139762857573,-0.014489061020036257,-0.005252262280468463,0.03966507791031891,0.14372013826053084,0.37255613862492876,0.5783092739202975,0.5480353471288681,-5.403451069349662,0.9213561789021554,0.6285773452768326,-52.705123194526934,-0.13006032395100683,-0.06406600140035153,5.109851840903485,-0.707605916307222,-0.7145270814239502,-0.17001469938750302
47.160000000005674,houtaitui_play,houtaitui,0.0,0.0,0.0,0.9318029038427276,22.86621304811713,21.627063565606893,31.861409828779323,-0.011124342601635239,-0.015101987544922632,0.0007594258797057009,-0.025807802220456835,0.0004280567783108008,0.04429941412995686,0.14459957958686584,0.3647191815252082,0.5782842565163843,0.5473297771463395,-5.57055431051492,0.9209836541326097,0.6238371666917801,-53.45801360905285,-0.12657960276303062,-0.062386075221002105,4.944232433221913,-0.7075512623040827,-0.7116326798736572,-0.10432111170642086
47.180000000005684,houtaitui_play,houtaitui,0.0,0.0,0.0,0.9318763136289798,22.8480273464414,21.614413607716802,31.904664519607657,-0.014812654000100345,-0.011174046924023212,0.0020728822453815058,-0.030264570647165617,0.003878132342014279,0.03504499776644985,0.14551881271866937,0.3581794639973731,0.5783329697521407,0.5463624235639573,-5.759029445802065,0.91995925557634,0.6199276980409623,-53.92882586393659,-0.12367159150896394,-0.06309741567820311,4.692990090887486,-0.7072223575340213,-0.7108292092620849,-0.09812858490806041
47.200000000005694,houtaitui_play,houtaitui,0.0,0.0,0.0,0.9320219239960029,22.823365696826098,21.61276089874669,31.930246539723555,-0.01864479326227385,-0.004795573944895328,0.003166960333002995,-0.029688461548153577,0.00716927646852778,0.017553367034390973,0.1470332106725762,0.3607216423731798,0.5788041602471636,0.5466345932731629,-5.829156256152671,0.918195938704098,0.6161735441932679,-54.23105969891012,-0.12176255735073682,-0.06230556052178145,4.6606307280174475,-0.7072123251132163,-0.7128712643920898,-0.1409534341641865
47.220000000005705,houtaitui_play,houtaitui,0.0,0.0,0.0,0.9322099361267397,22.802740907280707,21.616617195614243,31.945655302906243,-0.021120164865637964,0.001810660999263432,0.0018804389381120706,-0.02189212901063254,0.007936374253015388,0.00950180766484732,0.1486803936413056,0.3629706339389054,0.5799287011573515,0.5494379636297226,-5.578333118295852,0.9160838136341383,0.6147038873682023,-54.088859894805005,-0.12010600680107969,-0.05817087851464749,4.867433960896523,-0.7077272506692985,-0.7159814347564697,-0.18549163919605874
47.240000000005715,houtaitui_play,houtaitui,0.0,0.0,0.0,0.9323781901473055,22.796701778922728,21.615791560882787,31.964107611748616,-0.021283402500577264,0.006898374369901367,-0.0027165742374338523,-0.009502460290319412,0.0046344125952089196,0.015047988907661897,0.1495264789175909,0.36435467745829,0.5816348981873584,0.5547448929796219,-4.9740048313725955,0.9142636985066548,0.6154228832969666,-53.65450675250513,-0.11744067813417942,-0.05228170864284039,5.060360109709018,-0.7089426822316122,-0.7172581662475586,-0.16549969435078876
47.260000000005725,houtaitui_play,houtaitui,0.0,0.0,0.0,0.932487553054443,22.803108560081014,21.60452007961535,31.993706028589596,-0.020713332948581104,0.009480528301719162,-0.008355229887611062,-0.0035746606929954582,-0.00030804215080692046,0.02768952495480869,0.14912392722498202,0.363081454742199,0.5836867598486447,0.5585158851394654,-4.690235528630086,0.9129797842236181,0.6159108963260651,-53.374742143195775,-0.11348760690227155,-0.0491008248180151,4.926800601641269,-0.7092408948022892,-0.7149552811920166,-0.135729863032017
47.280000000005735,houtaitui_play,houtaitui,0.0,0.0,0.0,0.9325634863793109,22.81485162280972,21.58705324579404,32.02890825692926,-0.02106404509243181,0.011748014900783602,-0.011603965569741147,-0.0006787339361789251,-0.0032027832330326217,0.03249953083470017,0.14803479461384664,0.3569997938342385,0.5855775381435194,0.5578203585395813,-5.140430417631989,0.9119200215814198,0.614355647231102,-53.48186937815742,-0.10910247478586524,-0.04799344874918461,4.645076362414722,-0.7092056432098657,-0.7118424882232666,-0.06776986993389539
47.300000000005745,houtaitui_play,houtaitui,0.0,0.0,0.0,0.9326573233980107,22.823524666848513,21.57478961295415,32.051738982477275,-0.022543396645796347,0.01698555744910018,-0.012273859144816969,0.00029612333438687986,-0.0024890159662652976,0.018902918763891784,0.14760893257154678,0.35291960263201605,0.5869641242384871,0.5556863185415268,-5.736944132254808,0.9105663878757159,0.6108766582260132,-53.84238105368909,-0.10559544785059585,-0.04913871102035046,4.326961256050387,-0.7091026740344715,-0.7110394944488525,-0.052031257843093724
47.320000000005756,houtaitui_play,houtaitui,0.0,0.0,0.0,0.9327872437175782,22.831990423241887,21.5697501520039,32.05854639382052,-0.023902761944728925,0.02391252819185699,-0.012968839482897756,0.0060162675676869795,-0.0018700456255689628,0.005113524880296904,0.1484205210530984,0.35567731399477276,0.5879499386999838,0.5562329229364396,-5.786087764602443,0.9088915377272039,0.6096229788312912,-53.742178310238074,-0.10386652839966953,-0.05003915093839169,4.219071335291115,-0.7090590275351021,-0.7130112160980224,-0.09995338589045037
47.340000000005766,houtaitui_play,houtaitui,0.0,0.0,0.0,0.9329293054249588,22.849879364374345,21.561122014087328,32.06278524079844,-0.024051005562475265,0.02934379516295598,-0.015509291384109995,0.015445664999815782,-0.006405494957863886,0.006608478052520634,0.1487665262889463,0.3584516902587962,0.5887412216372214,0.557362490559578,-5.709538474697688,0.9073790443415368,0.6131304439554215,-52.850519552780334,-0.10334934472083936,-0.04760646559298039,4.435543348259351,-0.7091853608022374,-0.7160043229400634,-0.16566228145581197
47.360000000005776,houtaitui_play,houtaitui,0.0,0.0,0.0,0.9330594364829692,22.884125130318733,21.540770383309987,32.07714346108444,-0.023376116372404214,0.03269678443189871,-0.01884237976965155,0.026730712598685688,-0.012671001541783133,0.019355075246444014,0.1481437545490259,0.35586538628870357,0.5893477775932436,0.5577568795928955,-5.731545626430029,0.9063727627076006,0.6158955630311966,-52.20970126493017,-0.10321459506155134,-0.04370766244828701,4.753536278738877,-0.7096046263429502,-0.718062113696289,-0.19572802880258874
47.380000000005786,houtaitui_play,houtaitui,0.0,0.0,0.0,0.9331715185466373,22.931078222337174,21.51188080526229,32.099269225429225,-0.022819251065725528,0.03520642755862992,-0.02160345603805606,0.03478262768768952,-0.01662340167235433,0.02680365465556175,0.14702057864841833,0.3549898736556042,0.5896628913428468,0.5568347808370591,-5.932070570571929,0.9057159237514417,0.6163283225545884,-52.039799842492016,-0.10312339364535163,-0.042839358747005465,4.818143549118478,-0.709829405446703,-0.7170044888793945,-0.17299561778062023
47.4000000000058,houtaitui_play,houtaitui,0.0,0.0,0.0,0.933266257317959,22.979572549926313,21.48238987096017,32.12149958760088,-0.022725116028270872,0.03705398403967123,-0.02332605604875633,0.03499162617581369,-0.016599557782523342,0.026190092324318612,0.14608304963489147,0.35653345040735185,0.5897122951075794,0.5555037495145798,-6.160037392278411,0.9050922135538357,0.615814262295723,-52.02291616705609,-0.10300535462479672,-0.04447194486856461,4.675817322694763,-0.709889455887214,-0.7142173756896972,-0.10660710347872487
47.42000000000581,houtaitui_play,houtaitui,0.0,0.0,0.0,0.9333505121892806,23.020825369442303,21.454804708839422,32.14133368293488,-0.023253963945046217,0.03831038438541309,-0.024413532924457297,0.028704826199205474,-0.015812482912471837,0.023761141424856747,0.14615982198610228,0.36026347903151923,0.5897179481807009,0.5555059399852753,-6.1582432176246495,0.9043696318505315,0.6158453759202958,-51.880466530824854,-0.10312967528424802,-0.04675300158560276,4.518024961468652,-0.709852052088098,-0.7127527703582763,-0.07404874327751072
47.44000000000582,houtaitui_play,houtaitui,0.0,0.0,0.0,0.9334354623870333,23.049900925934466,21.42892933311249,32.16537654334475,-0.024533674283127183,0.03821982781171184,-0.02454523555927366,0.015905025298892303,-0.012796560516027487,0.02716359290790803,0.1471877102722785,0.3673666644700284,0.5900103615093342,0.555574947262764,-6.220301635715988,0.9034143070408923,0.6149164077291489,-51.85854399779275,-0.10370022052735044,-0.048950166627764705,4.413418251064874,-0.7097995780385071,-0.7126960267364502,-0.07412466269202601
47.46000000000583,houtaitui_play,houtaitui,0.0,0.0,0.0,0.933539709283994,23.065814856179873,21.403083974178998,32.199461107165945,-0.026273301135811188,0.037668724591618456,-0.023746756368568944,0.0011110233814942538,-0.00946540294764594,0.03567348449066725,0.14866779766900992,0.37631044680191705,0.5907491739515072,0.5558777686605454,-6.333661460571517,0.9021340749929565,0.6137946036109925,-51.80546693932674,-0.1046021136699666,-0.04812529981136322,4.569042093808849,-0.7097420474206019,-0.7125820626556396,-0.07294122434783007
47.48000000000584,houtaitui_play,houtaitui,0.0,0.0,0.0,0.9336579926557077,23.073872177011015,21.377205361648326,32.237309582705045,-0.027045446286093466,0.03862487277442704,-0.02373320487275109,-0.00569346397386274,-0.008753364638748711,0.03681319679664676,0.14980550162058617,0.3846611383588171,0.5918309616215569,0.5584564891109467,-6.089835995226415,0.9006816652349644,0.6143343683729172,-51.43384619436457,-0.1057307136851888,-0.04703239649534226,4.759502448474676,-0.7096468107260467,-0.7123116959869384,-0.06992028129035166
47.50000000000585,houtaitui_play,houtaitui,0.0,0.0,0.0,0.9337642820056664,23.079648744218442,21.350114147824872,32.26951445008608,-0.026694187193001435,0.040364250404982656,-0.025390596740303098,-0.004963126907954949,-0.012036848543573925,0.03266164476761943,0.15037544226368785,0.39073956011186994,0.5931683802224847,0.5613864001283646,-5.82282189279451,0.8993461642516251,0.6156340178499222,-50.968148376553295,-0.10699957150425309,-0.048548086732625964,4.747060162107133,-0.709580504441653,-0.7131967057525634,-0.09242061292927613
47.52000000000586,houtaitui_play,houtaitui,0.0,0.0,0.0,0.9338307095033848,23.090064155602143,21.31445065952404,32.303016837333224,-0.025267718136920782,0.04072491137704364,-0.02851626154075305,-0.0008968797303263876,-0.018959475689628615,0.03823703258628204,0.15000191500054477,0.3936573109785064,0.5947087533640503,0.5632873114595414,-5.7720658874275355,0.8985474226790443,0.618694448138237,-50.314480205026555,-0.10833598184200721,-0.052160931006073954,4.567796764122846,-0.709562665150151,-0.7137512673675537,-0.10515047333576827
47.54000000000587,houtaitui_play,houtaitui,0.0,0.0,0.0,0.9338443363899629,23.105389863810355,21.26559423805011,32.340741710021874,-0.023296362808771703,0.04091197216442003,-0.03227077774695177,0.0017014692126795395,-0.028445162147808296,0.045864500766218216,0.14948782094053786,0.3948011327296157,0.596491961262766,0.5651925739297867,-5.768640154147656,0.8984659459706156,0.6199806269655228,-50.12217734576162,-0.10986323203619884,-0.05610648561269045,4.3847019269930465,-0.7095339063056835,-0.712848137789917,-0.08394271143299656
47.56000000000588,houtaitui_play,houtaitui,0.0,0.0,0.0,0.9338204487676562,23.116047483349615,21.208105938293315,32.37281553719968,-0.021960786524033212,0.041287561732384834,-0.034655759278578085,-0.0013511478958032862,-0.03686997368579697,0.04305916637990817,0.14870965650906545,0.3948743934266121,0.5983625235499989,0.5651407029876709,-6.119592836717281,0.8987826412229842,0.6195816632757187,-50.28121654219702,-0.1115844769616191,-0.0586006885394454,4.332323729819625,-0.7094039418625665,-0.709751795703125,-0.013454110950459147
47.58000000000589,houtaitui_play,houtaitui,0.0,0.0,0.0,0.9337944953650615,23.108211849065107,21.151772054998535,32.38352190305315,-0.021574369475189235,0.04197460976129819,-0.034112997310411626,-0.011805441657746416,-0.04245313587024627,0.024266712086286047,0.1475370585845421,0.3949384289321628,0.5998117157501711,0.5620231416473389,-6.90868386655303,0.8989540685029875,0.6193638977060318,-50.33880530761613,-0.11338812344267504,-0.06107264216989279,4.283944662702016,-0.7081533744128633,-0.7051553239166259,0.026768960978901135
47.6000000000059,houtaitui_play,houtaitui,0.0,0.0,0.0,0.9338152678790763,23.07952382614395,21.09967985300692,32.36852909563471,-0.021372947086519427,0.0426368093653967,-0.03067163172130745,-0.021485253444750087,-0.04728789939087574,0.0039470829946940105,0.14632704988005296,0.39456776021507045,0.59996520258776,0.5560284641036988,-7.916068057502158,0.8987402481579406,0.6211453315267563,-49.95182709691244,-0.1152218161352122,-0.06295811869204045,4.281455121180989,-0.7056907846615591,-0.7017144669830322,0.010681587452141358
47.62000000000591,houtaitui_play,houtaitui,0.0,0.0,0.0,0.9338807320360789,23.038265506560375,21.054154043911648,32.34729221544212,-0.021705995859073728,0.04068087830958741,-0.026701981662118835,-0.03049782305491429,-0.042356841671864355,-0.00043197459598201104,0.14545378690890273,0.39247600859954396,0.5994390277062169,0.5520686593303681,-8.482964643144383,0.8980656517436586,0.624563121462822,-49.18105388591096,-0.11716587144556205,-0.062312507256865504,4.493449955070724,-0.7021613663453952,-0.6979135979949951,-0.018148771857846552
47.64000000000592,houtaitui_play,houtaitui,0.0,0.0,0.0,0.9339500031290786,22.99151415962419,21.02539025409099,32.33472307527715,-0.022421331147034235,0.037386285091132905,-0.02374456428538219,-0.037782285377345806,-0.024467050706583338,0.0005374932389204034,0.14487021260896332,0.3880919654697814,0.6000756918597568,0.5530064639101029,-8.523537459890578,0.8968418823688755,0.6275336381444931,-48.38337791111023,-0.11916251005726601,-0.0629956416785717,4.602056531282767,-0.69857807467908,-0.6945309151947021,-0.02139982607999033
47.66000000000593,houtaitui_play,houtaitui,0.0,0.0,0.0,0.9340036934347642,22.95111490976986,21.009348650073925,32.32724068908818,-0.022241262587874,0.035403300905443816,-0.022600112837774557,-0.03174626531769021,-0.014244015560627592,7.247134003207124e-06,0.14402868940467528,0.38326869050153195,0.602326927951588,0.5539903130779267,-8.876411748388495,0.8954725388487277,0.6331265952835083,-47.1186732639762,-0.1214335090354717,-0.06598822139203549,4.561275949484204,-0.6962752797929345,-0.6943747510253906,-0.025939792974200127
47.68000000000594,houtaitui_play,houtaitui,0.0,0.0,0.0,0.9340326401249994,22.930408941011954,20.99021113287662,32.3184093740038,-0.0202696504978751,0.03454896257605695,-0.02360776288991464,-0.012449926150430975,-0.01920512817016781,-2.00405009403732e-05,0.14201748939536116,0.37290040539369756,0.6053341683755188,0.5548364308128357,-9.320879758482802,0.8946714693610468,0.6399664070854187,-45.786479254948695,-0.1243189610580461,-0.07064195647835732,4.454527712592613,-0.6957041094525674,-0.6988262643157959,-0.09053721012095424
47.70000000000595,houtaitui_play,houtaitui,0.0,0.0,0.0,0.9340468898927582,22.934401634975497,20.962514738542403,32.305280790322215,-0.01761761048878557,0.033776461450652974,-0.02386393772047026,0.01052987563540144,-0.027401814190240795,-0.0006316418648665383,0.13864593439190875,0.35695884345937356,0.6079000141722081,0.5528114673147202,-10.11208238292741,0.894561678445491,0.6439511266002655,-45.10171766965751,-0.12794661023369472,-0.07459147572517395,4.4715591968914925,-0.6956816934340343,-0.7019133080780029,-0.1557002496128938
47.72000000000596,houtaitui_play,houtaitui,0.0,0.0,0.0,0.9340976151180904,22.952903522705363,20.934072556648072,32.28175738760126,-0.01611652486327072,0.031994849562489464,-0.019917942626980597,0.02498163680926557,-0.030534487223798736,-0.009393062438313794,0.1362828753494272,0.3452865313026696,0.608538216811803,0.5472079154500962,-11.083759392772885,0.8945043802454998,0.6427685555467606,-45.3081913732277,-0.13179958311449516,-0.07504467777907849,4.754251771300731,-0.6956848024727167,-0.7011823167144775,-0.13732276033007662
47.74000000000597,houtaitui_play,houtaitui,0.0,0.0,0.0,0.9342393256293618,22.965046400812728,20.9090875528785,32.24788017619781,-0.017151864765742583,0.027880144875861473,-0.012449094295913546,0.01992989406998069,-0.030879541295534316,-0.018016621299588188,0.13687319375752577,0.345769477450741,0.607288850181107,0.5447521593818665,-11.1582725647213,0.8938519274304516,0.6401221838245392,-45.6236707171074,-0.13516919682300219,-0.0735322043299675,5.116507672986987,-0.6955795664841862,-0.6978353967010498,-0.0602989416395328
47.76000000000598,houtaitui_play,houtaitui,0.0,0.0,0.0,0.9344712519081727,22.952622417476103,20.891396536439547,32.20808057157609,-0.019051259201689878,0.021535352445828014,-0.004565732816298676,-0.0014666379152171796,-0.026090437391791045,-0.024344428178125984,0.13970731134899875,0.3583292995081714,0.6051479443313346,0.5455531414995194,-10.562134772806203,0.8922136133340641,0.6369611259946824,-45.82297214086164,-0.1368717812077041,-0.0719971314072609,5.276713078227128,-0.6953367663838634,-0.6950675954162597,-0.0006632678221795123
47.78000000000599,houtaitui_play,houtaitui,0.0,0.0,0.0,0.9347417132086507,22.917416964466042,20.882514009923295,32.17335998907852,-0.02039384165330021,0.0149243401187894,0.000498491257380591,-0.02246582986345663,-0.0169048585885119,-0.022444465415138497,0.14265922659719646,0.3731751648602117,0.6033238617087081,0.5491849121103287,-9.60683158351037,0.8898430181649932,0.6340383526334763,-45.8667436225563,-0.13716858238930163,-0.07167612873017788,5.250074542284177,-0.6950418147777847,-0.6960837354003906,-0.034732203199051445
47.800000000006,houtaitui_play,houtaitui,0.0,0.0,0.0,0.9349891706518635,22.869039285535376,20.88336633939645,32.14601696969045,-0.02071083958800638,0.010074154324407164,0.0017448425208735976,-0.035048219918161386,-0.006668072619371931,-0.0205407524213787,0.14472772544190535,0.3842724621192941,0.6026852121274733,0.5551558819065094,-8.509996045822481,0.8871691122660688,0.629186653758049,-46.23586304736067,-0.13688719809382804,-0.07394859306514263,5.017415273732164,-0.694876007109562,-0.6981913556396484,-0.08767645125329339
47.82000000000601,houtaitui_play,houtaitui,0.0,0.0,0.0,0.9352001170429004,22.823767617517472,20.891478808312016,32.12608998888255,-0.02051785909633093,0.006994938953192134,0.0017549275492726255,-0.0325862479174813,0.0012042522817666042,-0.017026690447467886,0.14624243796676953,0.39429843869422215,0.6026866863052344,0.5584990021238327,-7.954515785775817,0.8845240937462624,0.622351401711464,-46.99210399457514,-0.13636859543456106,-0.07613973990082741,4.788584470404807,-0.6948634925326539,-0.7010931481658935,-0.15568757240574416
47.84000000000602,houtaitui_play,houtaitui,0.0,0.0,0.0,0.9353813648277215,22.79573342364291,20.901402572397757,32.118650570925006,-0.020393358488832378,0.00491580686254012,0.0009828390480963213,-0.02043611356338716,0.006301415489815714,-0.007243526067571209,0.1484227294328169,0.40497964988330104,0.6026082891107968,0.560459294582367,-7.581023781017512,0.8821451444129534,0.6157700356492997,-47.76900608278602,-0.13587591048665154,-0.07280638180673123,5.0208146162179,-0.6949381675550051,-0.7042953481018066,-0.23118831049894215
47.86000000000603,houtaitui_play,houtaitui,0.0,0.0,0.0,0.9355097060035874,22.783321952437557,20.907108634837577,32.11822575649445,-0.01963660070535225,0.00426522235798934,-0.002380339825622385,-0.009394424410880968,0.003947101531847944,-0.001414526951909498,0.14997029464399508,0.41149577233491735,0.60280867785473,0.5671005484113694,-6.443518754580529,0.8803047645749823,0.6137035724172593,-47.85017620579496,-0.1346835784148619,-0.07206120826303959,4.940756343888397,-0.6958692133471759,-0.7055315484344482,-0.20533044303068665
47.88000000000604,houtaitui_play,houtaitui,0.0,0.0,0.0,0.9355375361717817,22.774081278521045,20.90187092622012,32.112468167921605,-0.017868326355667482,0.004624173637338416,-0.009286379525169005,-0.005964696940242834,-0.007757099174064618,-0.002549326419367439,0.14967048905813657,0.41091286157040824,0.6043595232983119,0.5738433387527466,-5.612449090310502,0.8793394965070952,0.6155250605592728,-47.41497832280664,-0.1331379934995034,-0.07612188458442688,4.474264504151302,-0.698052888016567,-0.7083239068328857,-0.17795882650045225
47.90000000000605,houtaitui_play,houtaitui,0.0,0.0,0.0,0.9354695637366581,22.760345971796724,20.885030558189385,32.09282652496478,-0.01616125562068652,0.005609686204088846,-0.015405959595725244,-0.0058420815200812765,-0.021430970835903434,-0.009951352508855284,0.1488807425798641,0.40684179345150334,0.6067855234482529,0.5735717948923111,-6.163535460917011,0.8791397739285017,0.6145598229417801,-47.61013043506476,-0.13170545856804547,-0.07554003149271012,4.413160295028756,-0.7006398101249988,-0.7109212388336181,-0.16764504454525903
47.92000000000606,houtaitui_play,houtaitui,0.0,0.0,0.0,0.935360861614449,22.738657516361616,20.865408443475644,32.04933014422751,-0.015623864497702507,0.00805856148082189,-0.01820074624825057,-0.0054487015887500715,-0.030522921254079648,-0.028681641927007624,0.14900576791081338,0.4052323649144517,0.6089772512113855,0.5723244186887742,-6.762487795266095,0.8791380808340132,0.6105738368282319,-48.34162370304375,-0.13049225624587973,-0.07297420799732209,4.533938322209446,-0.7022591645704158,-0.7108344544708252,-0.1633383893375724
47.94000000000607,houtaitui_play,houtaitui,0.0,0.0,0.0,0.935264883140197,22.709130450700428,20.850962391698904,31.98318116554664,-0.01617826539065753,0.010637965596005093,-0.017729507425592164,-0.005327470406265411,-0.03247803742340566,-0.04707587767215887,0.15086069394417623,0.41059616602082505,0.6105378687170494,0.5726841029176712,-6.930995351459985,0.8788346155135135,0.6062571194419861,-49.041729143009796,-0.1295397110880165,-0.07119764126837254,4.6149375551701555,-0.7026043197334704,-0.7091257085144043,-0.15473889147476405
47.96000000000608,houtaitui_play,houtaitui,0.0,0.0,0.0,0.9352052143441995,22.67845461777757,20.83700159947204,31.920295090310344,-0.017406356704180236,0.011241629400466108,-0.016375521579416713,-0.007781706132597351,-0.03075774193710238,-0.04077938558549363,0.15348757198191912,0.4193226215841078,0.6119097649428893,0.5748557832489014,-6.775595105998,0.8782307539505416,0.6053337987909317,-49.07639815916335,-0.12881564758425765,-0.07106109447777272,4.581000003920472,-0.7027511548526102,-0.709857415133667,-0.17280752406177094
47.98000000000609,houtaitui_play,houtaitui,0.0,0.0,0.0,0.9351771346830267,22.65368944199122,20.81499218656913,31.879456618839388,-0.01855662837722955,0.010846224554650919,-0.015925063858018774,-0.009241134687426072,-0.03057564415738433,-0.020132704788321822,0.15549200483566925,0.4278011651259492,0.6133867115349272,0.5771553006420136,-6.635236082963963,0.8776041597858346,0.6053592052707673,-48.958011534593034,-0.12817952260964968,-0.06960292831063271,4.650578146842774,-0.7031885369683515,-0.7122311105072021,-0.2096823400094321
48.000000000006104,houtaitui_play,houtaitui,0.0,0.0,0.0,0.9351492966954371,22.62919571754512,20.79204708953085,31.83853705498218,-0.018961852801879262,0.012904463187376683,-0.017100853707780535,-0.008594782977201749,-0.03142412607268282,-0.024359541560112816,0.15663731102927647,0.4368312671577229,0.6150519531223846,0.5809113618383408,-6.272701512877534,0.8769313917710819,0.6028152492294312,-49.29078335219115,-0.12761314189181827,-0.06771284826099873,4.76070690523068,-0.7035029539220964,-0.7122928609191894,-0.20995216625989002
48.020000000006114,houtaitui_play,houtaitui,0.0,0.0,0.0,0.935090346408694,22.601053275774913,20.776428311872465,31.777681862426668,-0.018989779802397647,0.01677663008721961,-0.019866170196760482,-0.005379873384438138,-0.031681290477438145,-0.04303887135391065,0.15743690218351183,0.4436009190090312,0.6173365263668743,0.5870971318731308,-5.619178236745848,0.8761712364794975,0.5990609165678025,-49.82251797199004,-0.12720804328391136,-0.06840146072208882,4.682792247706362,-0.703719517326621,-0.7122568597137451,-0.2065560698823919
48.040000000006124,houtaitui_play,houtaitui,0.0,0.0,0.0,0.934999439694375,22.570593994049872,20.762418401003647,31.703295912240307,-0.019235885904156806,0.019892773301120565,-0.02296318960386587,-0.003409130833426883,-0.03512741429920246,-0.052125925887793856,0.15836224607196553,0.4481975557850624,0.6202710065134917,0.5918234672794342,-5.345836275884165,0.875477447901603,0.597056635881424,-50.06346349138535,-0.12700485860155128,-0.06969857886433602,4.573837239620701,-0.7045071443076907,-0.7138151635467529,-0.20346320175323757
48.060000000006134,houtaitui_play,houtaitui,0.0,0.0,0.0,0.9348913056135064,22.53992339614048,20.740696728517918,31.628965724798913,-0.019522756254859934,0.021047835162082036,-0.025323273311305988,-0.003869757801031104,-0.04165474716585522,-0.04780317837248061,0.15864818765519434,0.4513210800184288,0.6233735480101629,0.5927293386707306,-5.751916897286376,0.875006925146112,0.5985286172876358,-49.73158138755433,-0.12693551136518338,-0.07101834304630757,4.470342983582755,-0.7059638336986361,-0.7152330388366699,-0.18001370864745744
48.080000000006144,houtaitui_play,houtaitui,0.0,0.0,0.0,0.9348005976556887,22.50974654072819,20.708839884304965,31.561599462800707,-0.020394774200345793,0.021358063137519406,-0.025490285014521243,-0.005811153153313542,-0.04752769039963778,-0.03884667669276859,0.15935544435899598,0.4556524830644578,0.626069620930239,0.5920441236743927,-6.328533835511016,0.874597241764501,0.5984554823884964,-49.67623118851019,-0.1269139557603554,-0.07101544849574566,4.470961932505271,-0.7068132998721647,-0.7145459164916992,-0.16739167152206672
48.100000000006155,houtaitui_play,houtaitui,0.0,0.0,0.0,0.9347491729374665,22.478048624982666,20.67392659398105,31.496595743588358,-0.021767016557324083,0.022164671375607427,-0.024180539655685968,-0.007944547764239966,-0.04841344939526689,-0.037420279619233617,0.16070242460464046,0.4638590647235112,0.6282984528055946,0.5931762691984177,-6.491927329862524,0.8739341337905701,0.5965190466890335,-49.88547437789029,-0.12689111364237257,-0.07007235586643219,4.544183033098437,-0.7069691348509919,-0.7123896588623047,-0.13158886324887095
48.120000000006165,houtaitui_play,houtaitui,0.0,0.0,0.0,0.9347267084238894,22.44121249994119,20.64297330055827,31.4269296957932,-0.023315379613627712,0.023380640371863957,-0.023230758252091227,-0.011284289490006663,-0.04633363589037645,-0.04325873501459061,0.162285637882846,0.473195099779241,0.6304653659041708,0.5973135617027283,-6.133566247512521,0.8728328432827315,0.5933809068450928,-50.21886280070482,-0.1268499788076133,-0.06911310106515885,4.616455038966555,-0.7069351791776908,-0.7096166123687744,-0.06871036331325402
48.140000000006175,houtaitui_play,houtaitui,0.0,0.0,0.0,0.9347148344966354,22.39630018298125,20.61669923381885,31.352562853287232,-0.024918219816573866,0.02439664608893806,-0.0232790410263314,-0.017300299284322133,-0.04407201224997165,-0.04790585428162452,0.16359827122949863,0.48042459817104666,0.6331026491063235,0.6019560631761551,-5.809358034684263,0.8713388237275881,0.5916490640888215,-50.231865599559235,-0.12679067463571128,-0.06920932345092297,4.60285877384451,-0.7068740252159307,-0.7094134797393798,-0.06560440596840024
48.160000000006185,houtaitui_play,houtaitui,0.0,0.0,0.0,0.9347008037646705,22.347122507060615,20.589763299356495,31.278049845138526,-0.02598017332969306,0.025211103792588202,-0.024356424318017388,-0.02045178258074928,-0.0451475203291308,-0.04705754595751841,0.16381553683031036,0.4832256998361256,0.6361610233502195,0.604564809466362,-5.921843900458509,0.8697579693299348,0.5928538825759888,-49.723737235073976,-0.12674623445325064,-0.0694209348410368,4.58388084984326,-0.7068828041155275,-0.7114293088256836,-0.11312332656219025
48.180000000006196,houtaitui_play,houtaitui,0.0,0.0,0.0,0.9346740151527615,22.3020835403424,20.55748197953449,31.204903256553813,-0.026177509157919745,0.02570636891577793,-0.026139225370857964,-0.016433639380850077,-0.04967860043223697,-0.044006546347671496,0.16345415173285996,0.48352733924225455,0.639230611171783,0.6061529007205964,-6.189278003697442,0.8682669982794835,0.5939489838132859,-49.25520412987807,-0.12673753782892364,-0.06913400925695896,4.607790535361125,-0.7069367190402548,-0.7126764764129638,-0.1415610876652632
48.200000000006206,houtaitui_play,houtaitui,0.0,0.0,0.0,0.9346310493358413,22.27118704729489,20.52094113341105,31.134189329742515,-0.026233251223340356,0.026743695877507877,-0.027953134910075204,-0.0035447995039975394,-0.05201885956250829,-0.04075543791997098,0.16323154165672324,0.48394757735898214,0.6420566323026896,0.6081206437597275,-6.324167954848887,0.8670437969816027,0.5930505481014252,-49.218186340365925,-0.1267438361752429,-0.06879320479929447,4.636489244926405,-0.7069698642648438,-0.7126433362304687,-0.14086811591546333
48.220000000006216,houtaitui_play,houtaitui,0.0,0.0,0.0,0.9345686470571396,22.25314518499403,20.480615496653776,31.064250541936463,-0.026573448411795632,0.027949425025656505,-0.029978422736508498,0.006864998709238413,-0.054275321170851515,-0.03964663662181394,0.16317924503943382,0.48397855018796415,0.6448213161073325,0.6111352082738877,-6.274741717282243,0.8660540457595851,0.5923010047922135,-49.206319200969666,-0.1267491471785527,-0.07026909589767456,4.518739437405812,-0.7070257082566973,-0.7127701749145507,-0.14161550155813618
48.240000000006226,houtaitui_play,houtaitui,0.0,0.0,0.0,0.9344924029706788,22.24334962057017,20.435983754066378,30.99695809818751,-0.027396549068928522,0.028281627944200603,-0.0318217142672115,0.012418222089430058,-0.057569865526821626,-0.03545453746763748,0.16325885471820129,0.4844404465305159,0.6477576028660419,0.6129425552139283,-6.491247791981338,0.8652880333811371,0.5922952082405091,-49.07412370444377,-0.1268104278442099,-0.0731758076697588,4.2942099179687006,-0.7071249871489684,-0.7134191502868652,-0.1538569604253465
48.26000000000624,houtaitui_play,houtaitui,0.0,0.0,0.0,0.9344221335530603,22.23515340495199,20.388279199337273,30.931928918349733,-0.028958868814844437,0.02856866374695192,-0.03216360355295801,0.01238524615371717,-0.058655730896806396,-0.03318101163061167,0.16368812221163206,0.48577143847055104,0.6506991852527552,0.6133632745990754,-6.944948155452225,0.8644734469886091,0.5911771145114899,-49.13244901744018,-0.12703660617335374,-0.07509510517120362,4.168176597333185,-0.707232369380415,-0.7129697312652588,-0.13980445280066278
48.28000000000625,houtaitui_play,houtaitui,0.0,0.0,0.0,0.9343659868182255,22.225748105515247,20.341002155768006,30.868839220565192,-0.030540580785426583,0.028131612532858164,-0.03172966424711265,0.01057764459324667,-0.05753838108557978,-0.03205631687641315,0.16487389642429132,0.49054900035304705,0.6534287157475731,0.6159328010330201,-6.957812288567678,0.8632977459408354,0.5886664625654221,-49.34416113665961,-0.12733281263790047,-0.07446648105978966,4.245330960062172,-0.7072516880215058,-0.7104904164611816,-0.08070308567613739
48.30000000000626,houtaitui_play,houtaitui,0.0,0.0,0.0,0.9343138789472301,22.2154458353676,20.297348080381774,30.804879051385115,-0.03179356648078236,0.02836358372942294,-0.03171331974579073,0.010271943842976005,-0.0546578643190328,-0.03441816956548914,0.16686182905438307,0.4993110091258107,0.6559955700365249,0.6209961783537865,-6.496379102172135,0.8617774653024212,0.5851568069705964,-49.67752841346261,-0.1274072836484593,-0.07315263263881207,4.3428781690217235,-0.707157910183456,-0.7079336156188965,-0.022950789669601637
48.32000000000627,houtaitui_play,houtaitui,0.0,0.0,0.0,0.9342602439193163,22.20278009679885,20.254409246468143,30.737338489899315,-0.03303085447450676,0.029371528630944863,-0.03269706268031879,0.008967982643162902,-0.05588159868005179,-0.03738945503678234,0.168110122167847,0.5057315997911508,0.658650848292796,0.6261418771395684,-6.054708297604959,0.860135132714074,0.5835782077560425,-49.6568612455629,-0.1274380042040706,-0.07376407943665982,4.294410025695079,-0.7070303828149385,-0.7076682557403564,-0.02027688835141108
48.34000000000628,houtaitui_play,houtaitui,0.0,0.0,0.0,0.9342005976464647,22.19089877755758,20.203990938423456,30.666816246222005,-0.03399650425534306,0.031114640394066785,-0.03501633192797103,0.011350807453911621,-0.06371640287297568,-0.03673555094251678,0.16749844972891248,0.5049954603707749,0.6615667285783274,0.6286689352641106,-6.143679752901995,0.8587699519030105,0.5859024163732529,-49.01356478928889,-0.1277051967077093,-0.07481579035520554,4.246150395196933,-0.7070162725639347,-0.7110561837493896,-0.10103350894500074
48.36000000000629,houtaitui_play,houtaitui,0.0,0.0,0.0,0.9341421237205616,22.190556960285367,20.141672631496853,30.603600655130528,-0.034627531121779805,0.031987912208048835,-0.03673360773300166,0.019976115476863877,-0.07081975939437331,-0.025815062272732853,0.16617888276637027,0.4996947482088242,0.6642167507781971,0.6256948646554947,-7.131577975453771,0.8578319130126547,0.5887547519454956,-48.36341169886459,-0.1283114603344836,-0.07395531535148621,4.383137202008144,-0.7071282406438345,-0.7151097764312744,-0.19516748531343403
48.3800000000063,houtaitui_play,houtaitui,0.0,0.0,0.0,0.9340954073365108,22.20640143321738,20.0739128694526,30.55045635110216,-0.03588866463224774,0.031934332202658726,-0.036923847288476024,0.031216087383099042,-0.07101135194215845,-0.01708936146245013,0.16592674170807997,0.49827291087626774,0.6661285473506705,0.6235209342489243,-7.8135437070473195,0.8569552043711516,0.5870458271751404,-48.51776780274634,-0.1288876245179156,-0.07285169810056687,4.51416679662381,-0.7072553952968581,-0.7144348134338379,-0.17525378063827643
48.40000000000631,houtaitui_play,houtaitui,0.0,0.0,0.0,0.9340530540783563,22.22762799428641,20.01069508563777,30.497318922516378,-0.037570414123242385,0.03173438746328294,-0.03678284313202127,0.03449413674039867,-0.06697129249673688,-0.020267932996306318,0.16672437495928394,0.5033931486389315,0.6676526287532591,0.6266903888831139,-7.488943152285108,0.8557688724344408,0.5842228617916108,-48.78890841354124,-0.1293675515211886,-0.0738009225577116,4.472176855663523,-0.7072559770088559,-0.7111536969482422,-0.09788524555460876
48.42000000000632,houtaitui_play,houtaitui,0.0,0.0,0.0,0.933999098323298,22.238386178607065,19.95481281015027,30.436569262088625,-0.03937982822093298,0.03130240433073,-0.03724147626833926,0.025938252682343822,-0.06360325379694126,-0.028887162920159408,0.16768604759635253,0.5096310208978055,0.6695505391871142,0.6311625775346756,-7.056449147718194,0.8542079940789266,0.5830022182712555,-48.69926193729142,-0.1295074393277507,-0.07574226446449757,4.306705851601152,-0.7071757219795773,-0.708117913180542,-0.026636959387499066
48.44000000000633,houtaitui_play,houtaitui,0.0,0.0,0.0,0.9339351067234183,22.23195493779718,19.901210604009695,30.366819239778376,-0.040971178670280335,0.030953460914641778,-0.03794485327995238,0.013394194802009233,-0.06527213528037266,-0.0362819506347684,0.16771493516282068,0.5113755785185042,0.6719851405764854,0.6343408834586144,-6.961328901644462,0.8524059733977731,0.5835012730607987,-48.26712313653313,-0.12954435072898118,-0.07844052761793137,4.088766279065743,-0.7067879529601209,-0.7047683705627441,0.03537471150228255
48.46000000000634,houtaitui_play,houtaitui,0.0,0.0,0.0,0.933858878650001,22.21619085594997,19.84394146542711,30.293136309145947,-0.04194043312370655,0.029866123542763315,-0.03897247591728601,0.0075521595140485304,-0.0697686548595623,-0.036920072250431084,0.16729079243654266,0.5095414271085651,0.6744795922122331,0.634266787434578,-7.425628025200354,0.8506266602328537,0.5863603737602234,-47.434200541840035,-0.12942255747284873,-0.07827363088726998,4.083408146358087,-0.7055023295519242,-0.7011696805297851,0.0606562794582522
48.48000000000635,houtaitui_play,houtaitui,0.0,0.0,0.0,0.9337676293342998,22.20521883086997,19.781930643712467,30.231640099832287,-0.04284637635427177,0.027041569857069327,-0.03948955911423021,0.008896921302595711,-0.06885254786782405,-0.024268538525940048,0.16739522858327208,0.5094982026278901,0.6767676346602773,0.6336016443023682,-7.943411950879066,0.8489296248789917,0.5864289042005539,-47.12254204095575,-0.12923019850698086,-0.07591115050017834,4.252614977680964,-0.7031954861260882,-0.6997265328704834,0.005198708277835543
48.50000000000636,houtaitui_play,houtaitui,0.0,0.0,0.0,0.933660275963761,22.205058292319478,19.716522824538938,30.18879374403926,-0.044261379475364876,0.02461231810797558,-0.04027521345631294,0.013042567942091327,-0.06548314390632076,-0.009173322998717724,0.168186641960177,0.5133333865998293,0.6791912739164182,0.6370931055793763,-7.762045533280364,0.8472529920017161,0.5838700320968628,-47.29337033610073,-0.1292592293718765,-0.07447017282247544,4.384322534673812,-0.7009289407971214,-0.7001995553314209,-0.05740112850556983
48.52000000000637,houtaitui_play,houtaitui,0.0,0.0,0.0,0.933526194028613,22.20928740777698,19.650445729529853,30.152266315273994,-0.045784892604806296,0.024083785111952145,-0.042248122322852244,0.014547884778058703,-0.06441355324542823,-0.0060376065493520994,0.16893905327670947,0.5174147733752765,0.6822536380208314,0.6440677132854462,-7.107954929449849,0.8455701974710773,0.5797364499816895,-47.72583173388279,-0.12934899373435396,-0.07281051874160767,4.5274253899550665,-0.699742239620009,-0.7005571832000732,-0.05698284287234899
48.54000000000638,houtaitui_play,houtaitui,0.0,0.0,0.0,0.9333633249825494,22.209567686981078,19.588261503507443,30.104178374261778,-0.0475967095821705,0.025589246107327414,-0.04472054946132058,0.014200371731906412,-0.0652856477523978,-0.01804456989017788,0.16997460800157138,0.5222687984553722,0.6859998298488772,0.6514051866183281,-6.514091623581099,0.8438542322538667,0.5735402789363861,-48.52414697396637,-0.1293608613790101,-0.07256298623979092,4.543931548519442,-0.6993999919969078,-0.6999053468048095,-0.02204972540597923
48.56000000000639,houtaitui_play,houtaitui,0.0,0.0,0.0,0.9331756839136426,22.206910338298957,19.525737253393686,30.04321121103214,-0.049760057381916134,0.027604860695379166,-0.0477324158028888,0.01576170828240063,-0.06991060047417422,-0.026701120714807194,0.17176827621515692,0.5295023336869819,0.6903248432682322,0.6584017586359978,-6.077018550613105,0.8420554066926168,0.5699198928127289,-48.856204008357935,-0.12945786687973385,-0.07451335266232491,4.40172901049934,-0.6992620931428036,-0.7011808862030029,-0.05228445978175725
48.5800000000064,houtaitui_play,houtaitui,0.0,0.0,0.0,0.9329756988041986,22.20078068481945,19.453460460928675,29.976277451013218,-0.05227170061227595,0.02896662673671869,-0.050961207243625226,0.01355924150649511,-0.0806741001435628,-0.02708324518780187,0.17376605679375684,0.5378529635525409,0.695148500190818,0.6633668478975296,-6.089497835268129,0.8403948755512853,0.5688885387430191,-48.74608863144254,-0.12975049555412496,-0.07620297111570835,4.300841544080074,-0.6992914759762151,-0.7046486844360351,-0.13229147290522494
48.60000000000641,houtaitui_play,houtaitui,0.0,0.0,0.0,0.9327910091836304,22.18920169384383,19.367078132085137,29.901795159664903,-0.055059535470516764,0.031050346380692026,-0.05309080208850891,0.011154637434080999,-0.09476535739229111,-0.028424546998662197,0.17580957483832818,0.5464027160288495,0.7001351843847271,0.6668869417557717,-6.364917874553026,0.8388245529205762,0.5667424735078812,-48.85696153510149,-0.1302663646882555,-0.07673100493848324,4.312694856805367,-0.6995923597977255,-0.7078482617675781,-0.19493478489943175
48.62000000000642,houtaitui_play,houtaitui,0.0,0.0,0.0,0.9326293725115646,22.171504304457773,19.269361372171616,29.8066987408894,-0.05779368377559843,0.035008092791936334,-0.05542367382752196,0.011927321508211821,-0.11057353280354858,-0.042576503215453684,0.17735019846027966,0.5526809572417342,0.7052230293290511,0.673781597281456,-6.047312645229617,0.8371893299543242,0.5634002175579071,-49.15898946177014,-0.1308271098665016,-0.07792717330157757,4.262594785298918,-0.7008092807900753,-0.7100870122253418,-0.18652639974775395
48.64000000000643,houtaitui_play,houtaitui,0.0,0.0,0.0,0.9324769126924884,22.143279044552784,19.164238111217035,29.681717452916967,-0.060875300449513385,0.03934011788305797,-0.0584147023960892,0.010812959484183537,-0.12568447073831526,-0.06360699486614523,0.17864004000362388,0.5588179686970736,0.7106232064210181,0.6808782603988648,-5.765704684018219,0.8352854505835554,0.5589719202766419,-49.5920145428744,-0.1312237419666792,-0.07909993007779122,4.19026655974368,-0.7029436685246563,-0.7120391835510254,-0.15200119496795705
48.66000000000644,houtaitui_play,houtaitui,0.0,0.0,0.0,0.9323431669406783,22.11034017589746,19.050409608565403,29.53764021702116,-0.06454480778918535,0.043302376876360724,-0.06092495889470409,0.01250669744440612,-0.13830301536732842,-0.07349456369197271,0.1796229674766992,0.5639794056770845,0.7161130780791857,0.6839863110730648,-6.200928227936235,0.833107691188862,0.5569479700574875,-49.54466504837298,-0.1317537970830214,-0.08016030043363571,4.156885623737882,-0.7054810762810022,-0.7152270783721923,-0.15552512657732995
48.68000000000645,houtaitui_play,houtaitui,0.0,0.0,0.0,0.9322536932631744,22.08256312544982,18.924824636836163,29.391886783955407,-0.06855175120915809,0.04701912271687124,-0.06230858712608462,0.01765245484996107,-0.14786611340578112,-0.06908323919295135,0.17998058686839144,0.5664193142735658,0.7210353419277549,0.683132444734335,-7.195289134542493,0.830741515635975,0.5575237956295014,-49.00154433974151,-0.1329337815860371,-0.08169923648238182,4.166919619967906,-0.7084704976753888,-0.7195024003326416,-0.17103527141310837
48.70000000000646,houtaitui_play,houtaitui,0.0,0.0,0.0,0.9322189991609071,22.066876463552877,18.79193629048353,29.25144452954755,-0.07293708724001643,0.05043991982654014,-0.06263629827296988,0.027080565118618352,-0.15131969828844985,-0.06320407031336413,0.18070242300707073,0.5696490807553479,0.7249726126685822,0.6815965634236336,-8.105146386161179,0.8280173870591848,0.5569284644374848,-48.59150549464835,-0.13449538392329793,-0.08019258752465248,4.431914479885266,-0.7112553921513948,-0.7219976891815185,-0.17448424721768635
48.72000000000647,houtaitui_play,houtaitui,0.0,0.0,0.0,0.9322130910767895,22.060264560770527,18.65922309584842,29.10579681715517,-0.07723756723597495,0.05337209449793588,-0.06379337400527546,0.03576424033942637,-0.15274292440551362,-0.06916558693130487,0.18166470001008664,0.5746905586680278,0.7285088366701377,0.6869265932986737,-7.752852364515787,0.8246373712651015,0.5535913493881226,-48.53341918340695,-0.13542227304871823,-0.07979016304016114,4.497668764145327,-0.7131023873785948,-0.720658492022705,-0.13059171201701597
48.74000000000648,houtaitui_play,houtaitui,0.0,0.0,0.0,0.9321896394862379,22.05485851491199,18.526955917544747,28.948892558360388,-0.08131737801012068,0.05587952448525801,-0.0674107739031331,0.03904197129797672,-0.15631571337878283,-0.07842569929604684,0.1820438471867284,0.5774735195206085,0.7328303551126945,0.6961158115813733,-6.938979567007664,0.820714463115503,0.5513433602104187,-48.19054273259132,-0.1356535987218038,-0.08302408382296562,4.217759068894444,-0.7139798087288107,-0.7201156129180908,-0.13060933817808218
48.76000000000649,houtaitui_play,houtaitui,0.0,0.0,0.0,0.9321068393758751,22.056102122458643,18.385569785768322,28.79696334132285,-0.0850472770860155,0.057187849095107546,-0.07388306373391328,0.043516159370162975,-0.16225741604974786,-0.0684137225631754,0.18170691766399852,0.5750452474975389,0.7384098826004369,0.7032011237392426,-6.764079465949199,0.8167660450855022,0.5519714739570618,-47.3645241100517,-0.13608787063463249,-0.08647668659687043,3.991274069699173,-0.7144862643783219,-0.7211136330902099,-0.1526091239030493
48.7800000000065,houtaitui_play,houtaitui,0.0,0.0,0.0,0.9319283606274417,22.08036444685007,18.225516326917525,28.669760857485873,-0.08799925374302064,0.057768582197796035,-0.08280802440758676,0.058037729669080114,-0.1699799497902749,-0.041175680937147324,0.18134385436894598,0.5723042756066731,0.7448787004205043,0.7084982779273987,-7.041306792639653,0.8134412014359071,0.5532738652477265,-46.578844564907286,-0.13730108430617277,-0.08898027539253235,3.9328151434971907,-0.71506202262823,-0.723036478930664,-0.18300295872118671
48.80000000000651,houtaitui_play,houtaitui,0.0,0.0,0.0,0.9317095756048951,22.13414197024111,18.0515794163847,28.546501183928747,-0.09163552042907726,0.06301478081157856,-0.08898151448245332,0.08382642577545862,-0.1803818245496611,-0.03823658456182194,0.18141789120667845,0.5722202876261677,0.7504016691419746,0.7068049285957814,-8.264303551256829,0.8103464801709496,0.5483180221567154,-46.92950549911471,-0.13963263591162106,-0.08689492866396904,4.3518669447534934,-0.7153547129017469,-0.725132655078125,-0.23494455707542267
48.82000000000652,houtaitui_play,houtaitui,0.0,0.0,0.0,0.9315702555399313,22.190539211115667,17.883525194268582,28.365897931754596,-0.0978342970148397,0.07439369564390075,-0.08913271518290612,0.09921135569994119,-0.19426569987703898,-0.09224745922424663,0.18249892505052492,0.5765756308657494,0.7531807456062536,0.7033568520495892,-9.174354451211514,0.805934706156982,0.5377858069190979,-47.9278734047377,-0.14248671099609314,-0.08299903124570847,4.92133389602151,-0.7155175668890787,-0.7234410752593994,-0.19358378725703893
48.84000000000653,houtaitui_play,houtaitui,0.0,0.0,0.0,0.9315525319825116,22.214152351784733,17.7346488668134,28.09796973189523,-0.1060349912478411,0.08653872152295349,-0.08748611518886969,0.09016752779260115,-0.20597414257454752,-0.16726537610101783,0.18514761442570474,0.5849257209161093,0.7535861720939561,0.7086215552339554,-8.119280640201103,0.7995712296033612,0.5280643042573929,-48.38620809202596,-0.14458347188650203,-0.08270146250724793,5.06452325758774,-0.7156125588050374,-0.7208778371154785,-0.1284731717983124
48.86000000000654,houtaitui_play,houtaitui,0.0,0.0,0.0,0.931600883312477,22.19346333029982,17.59585335353518,27.774610850666576,-0.1152640313578909,0.09388899613964187,-0.08910072472071551,0.06370093282657867,-0.21491150124143582,-0.20745637022265223,0.1879217390085122,0.5921429567099885,0.7532220247688859,0.7160081986734868,-6.6659389324894995,0.7918143624434133,0.5241996284971238,-47.58120885585794,-0.1457464206030332,-0.08558728098869324,4.875437992625939,-0.7157463664328451,-0.7225539197265625,-0.16564346282505674
48.880000000006554,houtaitui_play,houtaitui,0.0,0.0,0.0,0.9316724737369578,22.14027547544579,17.450147161107648,27.439319743574725,-0.12489769300702487,0.09809717244746413,-0.0932769804392543,0.03849346409075781,-0.2243696033477149,-0.21049285382995808,0.18967929449076484,0.5954187405728154,0.7526873227965255,0.718599100823164,-6.0877807453682955,0.7831807337603484,0.5215923723230362,-46.43111899128517,-0.1465656920425377,-0.08849517181515694,4.691374921998886,-0.716864187856717,-0.7266964425384521,-0.20378623674684887
48.900000000006564,houtaitui_play,houtaitui,0.0,0.0,0.0,0.9317533699167321,22.068774273504655,17.289856999986487,27.105568751422066,-0.13463578047664493,0.10284833300963747,-0.09890850110457991,0.02271836469372379,-0.23581009918986862,-0.2048163913089921,0.19107733455376563,0.5977236290258079,0.7516358978948816,0.7204097371945382,-5.531282324695323,0.7736149932516414,0.5149636652717591,-45.829818965459125,-0.14697485973604846,-0.08851596266031266,4.69791377722086,-0.7191833170449614,-0.7301287164031982,-0.19053025717144637
48.920000000006574,houtaitui_play,houtaitui,0.0,0.0,0.0,0.9318505443458631,21.98218151203086,17.118859914848837,26.76376908822682,-0.1453580106390591,0.11104890151148415,-0.10502852505785457,0.011097575041725843,-0.24659119575774277,-0.20995541098035062,0.19335437719523796,0.6027096529077997,0.7495653204269624,0.7241768476018906,-4.401786575142451,0.7623853937740369,0.5016520407447815,-46.07425342529151,-0.1469946621609823,-0.08675133734941483,4.818701467972411,-0.722131848667395,-0.7332193364440918,-0.17486472479497414
48.940000000006584,houtaitui_play,houtaitui,0.0,0.0,0.0,0.931995988685223,21.869839897072215,16.94390416187729,26.392837187851203,-0.15844295968059072,0.1248921972155889,-0.11125306775225281,-0.005796215843544117,-0.2589472873992544,-0.23467713688186126,0.1968720364482893,0.6094166079998821,0.7458140974145254,0.731038664693594,-2.3616449821465992,0.7485328091937281,0.48372215893363957,-46.60501871852163,-0.14665501798122318,-0.08429096937179566,4.969061566632696,-0.7253822977522131,-0.7363497723876953,-0.16265420907797568
48.960000000006595,houtaitui_play,houtaitui,0.0,0.0,0.0,0.9322231782142555,21.710549695012972,16.766525352602926,25.96328552476044,-0.17392034633615677,0.14524219356891357,-0.11858482421958466,-0.03461251663606871,-0.2801099669503838,-0.28369441664214,0.20039368508206296,0.6170099094823442,0.7388061389835985,0.7374535880448521,0.3081444958719305,0.7315960230731511,0.4667966749916077,-46.36911687242155,-0.14575559456290554,-0.08207488358020783,5.042210876032404,-0.7289645528019302,-0.7392925729095459,-0.13529975036453723
48.980000000006605,houtaitui_play,houtaitui,0.0,0.0,0.0,0.9325527044418699,21.485051932642154,16.593941818535882,25.446205043834834,-0.19145398941631642,0.171140075278544,-0.1262225013008557,-0.07248049136057019,-0.3021852015723302,-0.3580389762952146,0.2019458247984814,0.6436302572084783,0.7246214599836065,0.7286610996747613,1.8398475777973848,0.7109458997773959,0.4540544536361695,-44.663112086995554,-0.14382680605801304,-0.07729527652263642,5.21098855627897,-0.732142284553695,-0.7419785966217041,-0.13978873241976042
49.000000000006615,houtaitui_play,houtaitui,0.0,0.0,0.0,0.9330411650932122,21.147902962331617,16.484204414042065,24.758237497255102,-0.21322535104505153,0.2061991098268557,-0.12727586709807334,-0.1315473750912444,-0.2972078324611732,-0.5284758296051255,0.1978217019179264,0.651958918202191,0.694503049312918,0.6797342610011101,-0.30083656542098636,0.6830746254057224,0.4432109978446961,-41.045125907350595,-0.1404977032470255,-0.07249962836503983,5.2514233696149875,-0.7334191162159496,-0.7418310155212402,-0.17821061863199253
49.020000000006625,houtaitui_play,houtaitui,0.0,0.0,0.0,0.9338551543121653,20.585779760244815,16.569066932583215,23.716664545744283,-0.2447485129590216,0.2568505107619066,-0.11045812977182533,-0.24821651695197772,-0.22992969950476067,-0.8991356485490224,0.19073429028319183,0.6608077954815292,0.6330067946080741,0.5752522435436249,-5.570996938122741,0.6426786754210118,0.43504039313888554,-34.3562015829494,-0.13548768404132194,-0.0676518689841032,5.149730166397991,-0.7320132468008131,-0.7301451672851562,-0.01003680922793497
49.040000000006636,houtaitui_play,houtaitui,0.0,0.0,0.0,0.9345662041031826,19.531712607018946,17.001445910687924,22.062217396683316,-0.2828999503193079,0.29768502747613473,-0.1061883630704427,-0.5458371601279526,-0.10403163571279583,-1.5186682345994322,0.17515302463079963,0.61688476320205,0.5309801911841374,0.4552522435436249,-4.280062566402583,0.5833465119090291,0.4604059245834351,-17.654532864707775,-0.12772835829678572,-0.061656266637146476,4.8670637771124055,-0.7218399764220771,-0.7088391293823242,-0.055607128716901655
49.060000000006646,houtaitui_play,houtaitui,0.0,0.0,0.0,0.9338128267561042,17.986355129639165,17.76174330161276,19.926148113998405,-0.3050807334464529,0.29444793485126003,-0.16640988392296557,-0.8223542747366422,0.07999574143719723,-1.9512440881147923,0.14756565676651925,0.4883818805407508,0.4311780299692015,0.33525224354362493,-9.03643734658416,0.5261099240575253,0.5513906117925644,8.940541872917716,-0.11776370551148231,-0.06453406363725663,3.7224423939991707,-0.6993546005536555,-0.6741530408203125,-0.17955090255916084
49.080000000006656,houtaitui_play,houtaitui,0.0,0.0,0.0,0.9303620314624702,16.281908404797214,18.756371485161882,17.69845867688425,-0.30181354593778836,0.28920764363720197,-0.2943686054899596,-0.8799192850831193,0.31694285868573746,-2.0277877594128193,0.12028883744567845,0.344268336101167,0.3396543738412072,0.21525224354362493,-14.974297870227167,0.5378896422310832,0.6713906117925644,22.83193625345158,-0.10950595726986857,-0.0763051874935627,2.2350543053096636,-0.6723303287275374,-0.6461755742370605,-0.2801538365462428
49.100000000006666,houtaitui_play,houtaitui,0.0,0.0,0.0,0.9232953234687252,14.621563805986932,19.630576448467274,15.973622157698188,-0.24672294463644617,0.1895229743933449,-0.47815823405976865,-0.982469783297194,0.33671792038532317,-1.493751819532807,0.11755145661315787,0.3065599683930724,0.24959003219342363,0.09525224354362494,-15.101135316315554,0.6526693686074826,0.7913906117925644,15.041719017886525,-0.10363689088125973,-0.07699227072298527,1.8727245999679365,-0.6430997224609875,-0.6146461476623535,-0.2995951772250459
49.12000000000668,houtaitui_play,houtaitui,0.0,0.0,0.0,0.9163411420901549,13.965399103972905,20.16767794140947,15.552805424125427,-0.19461841875834587,0.0245935022101052,-0.3853276583878567,-0.3027420445930204,0.3742417329003392,-0.25953659001492224,0.14766317926761835,0.45543864504550596,0.3051641066484952,0.014158048892974895,-57.61870812390742,0.8240031469352225,0.9113906117925644,1.8631681185515916,-0.09963178502708354,-0.04927003681659699,3.8378140663792193,-0.6284081345135848,-0.6231369485198974,-0.3049750859811839
49.14000000000669,houtaitui_play,houtaitui,0.0,0.0,0.0,0.9120884785674105,14.518213485375304,20.353287242414435,16.127681769397668,-0.12848679925059572,-0.061099565661074454,-0.2419050282289023,0.37853431647873736,0.2538015402329447,0.48984694013274116,0.17489601387051312,0.4774955159251228,0.3749510792461278,0.00034908320999149645,-72.9426424301223,0.982526346380054,1.0313906117925644,-3.7899004293166616,-0.09451326669990463,-0.02580903396010399,5.184211059584936,-0.6308923583624724,-0.6425067891418457,-0.1568049665877655
49.1600000000067,houtaitui_play,houtaitui,0.0,0.0,0.0,0.9088492762052399,15.64024650000843,20.31510153827053,17.21686370274796,-0.06537285253723701,-0.14463780504961307,-0.1722177259277908,0.6832584429686301,0.1947933213733015,0.926446559288481,0.16464616831970216,0.5238958140628072,0.40182487157538366,0.07622174289321904,-60.66936398257053,1.1064637893115672,1.1431030121097565,-3.1566042703529664,-0.08636600599119475,-0.017362869530916217,5.04684500076124,-0.6381188338434246,-0.6588558663665771,-0.2543632864690415
49.18000000000671,houtaitui_play,houtaitui,0.0,0.0,0.0,0.905878427709366,17.023542658248466,20.216644586447465,18.703916056847653,-0.028182144606454837,-0.2225693677297361,-0.12484370411074246,0.7633452301973818,0.2735248718636136,1.231225163312342,0.14003090431511836,0.5025008073573662,0.40564188402315904,0.15569792058563237,-45.22935364652074,1.131593540578092,1.0560245003948212,-15.385576774102788,-0.07605897557481744,-0.0016871608793735532,5.3684333676912726,-0.6393544640495006,-0.6404764165222168,-0.008991517055744407
49.20000000000672,houtaitui_play,houtaitui,0.0,0.0,0.0,0.9032307950550679,18.09168393878128,20.296305284324653,19.97963895657036,-0.03869578075093769,-0.3097988182498146,-0.051130374379304816,0.4976451030171735,0.39901893734565796,0.8983496592892446,0.12457131625233832,0.44819030719504305,0.402389453257098,0.2078315403709412,-34.845966850429534,1.1346811181607301,0.9396322455654145,-35.86516140586712,-0.062370572551224614,0.011280582100152967,5.114618134226969,-0.6214441492360794,-0.5951055993377685,-0.030471585023192915
49.22000000000673,houtaitui_play,houtaitui,0.0,0.0,0.0,0.9017100662719637,18.805868879460245,20.51014525162626,20.821533219615763,-0.05190998889114127,-0.2956844471098294,0.02228836008256585,0.3545571470020007,0.3892042059231783,0.554551040635028,0.13209663108409672,0.4034999680417054,0.38826193743978843,0.2880600776920319,-16.980567257046616,1.1480692412434264,0.8314975735197068,-58.03840074124932,-0.04925919228888429,-0.01028336510062218,2.4029286665643435,-0.6158367102178647,-0.6148523797332763,-0.08698866296570806
49.24000000000674,houtaitui_play,houtaitui,0.0,0.0,0.0,0.9014656216728187,19.23799684276287,20.815595371972716,21.183606286638287,-0.05554233849828681,-0.2354771986239249,0.08555705513533617,0.25405550901343504,0.3427651014046153,0.1344748624847742,0.14133846367239478,0.43748039497332836,0.361215487514634,0.340371825958252,-1.6753200649436422,1.150913108611038,0.7134327136377097,-78.96159680566913,-0.038443002243733565,0.0037313036620616885,2.777446327954466,-0.6166361854466232,-0.6209086884796142,-0.06342700295941994
49.26000000000675,houtaitui_play,houtaitui,0.0,0.0,0.0,0.901962339773221,19.375519711794652,21.175140995036813,21.18810956220339,-0.06306275841734212,-0.18349960503772678,0.10683195160825137,0.0980698934709149,0.29143210595788566,-0.12525391405237746,0.15499701142294106,0.49967702100308053,0.35634085833418355,0.4464802828083039,16.452748258901725,1.1457264397156965,0.646049418712616,-89.5603696937107,-0.030525362538489226,-0.0028656713664531736,1.77882734088376,-0.6222166856462028,-0.631701897555542,-0.029067103599972527
49.28000000000676,houtaitui_play,houtaitui,0.0,0.0,0.0,0.9028033167721968,19.348434918887104,21.482071700351543,21.179130458903085,-0.07344755386206685,-0.16444869853242752,0.10665912035978697,-0.036913624983052416,0.24418769365521406,-0.0828350913360095,0.1735440023174119,0.5291310277851156,0.42628048003246455,0.5664802828083039,19.014336919418312,1.1366312765996984,0.6075002488145829,-94.56650736682987,-0.026275780283352732,-0.005244097858667376,1.4442719370147235,-0.6360200761001962,-0.6548335065185547,0.032055632511930776
49.30000000000677,houtaitui_play,houtaitui,0.0,0.0,0.0,0.9038992573572772,19.294352773376684,21.656860944372433,21.316285264555404,-0.07783238088022151,-0.1552761647463703,0.10075803167928132,-0.10016458680589893,0.1707524661681379,0.07445586223779592,0.18304658610393756,0.5268617281514736,0.5417998478710203,0.6753299769411087,14.395070998003263,1.1271745061723324,0.6003127780208588,-94.13336989396738,-0.026247515059973886,-0.006121448427438739,1.6049263554836473,-0.6566300844237591,-0.681112240725708,0.11189250777928739
49.32000000000678,houtaitui_play,houtaitui,0.0,0.0,0.0,0.9051324956538491,19.252918628918238,21.70001160131811,21.54548647786093,-0.07360002404856118,-0.1389306018769661,0.09521896351859957,-0.10115583025400263,0.09295951103167427,0.1925715699979876,0.1774486025162785,0.5043848524190586,0.6454366531109271,0.7334889492416978,7.587517186655205,1.1187140649902028,0.6143292125711441,-90.13000040441926,-0.029923462655059786,0.0028058893978595706,2.828842289756678,-0.676470254659917,-0.6975469102203369,0.14259219188567895
49.34000000000679,houtaitui_play,houtaitui,0.0,0.0,0.0,0.9064480951093979,19.230380105305954,21.684394736839472,21.803567784316765,-0.06656725194844411,-0.11388516608358483,0.08245003741466264,-0.11010873612425713,0.05033241377715422,0.192251037082909,0.16217373975778682,0.48657056077720107,0.7180950770114249,0.7778981153318882,5.168943933532798,1.1104241932521004,0.6238536324748993,-86.9717416021511,-0.035184180335181184,0.021348860859870908,4.800147981037535,-0.6894445259322699,-0.7031950463592529,0.07317910559835283
49.3600000000068,houtaitui_play,houtaitui,0.0,0.0,0.0,0.9077330550833167,19.22170898710167,21.67279494843378,21.998532707330284,-0.0620387347964378,-0.07503785593711898,0.07150399243949505,-0.06591237707467575,0.041795362951393064,0.14252184941481047,0.15469225459801553,0.45624797386672045,0.7605791196781835,0.8050879251608849,4.672651084412725,1.1024425149882033,0.6461945411214829,-81.5334248206168,-0.04125786694707174,0.028593060374259946,5.920115163681627,-0.6959216123873034,-0.7104346265136718,-0.16015547564505564
49.38000000000681,houtaitui_play,houtaitui,0.0,0.0,0.0,0.9090167345391169,19.243692672197948,21.691243274628878,22.119479952552563,-0.05995641046167798,-0.04136622203293909,0.06451466538344065,-0.014217886207341233,0.04932494793228723,0.0797553235892296,0.149793094284745,0.4262533365510739,0.7863434887520352,0.8115727465996743,2.574571752269954,1.094240825918559,0.6679874893674851,-76.11028733050722,-0.049052205642780504,0.025393274426460263,6.393480829903677,-0.6973068956117192,-0.710399817401123,-0.2972320786795882
49.40000000000682,houtaitui_play,houtaitui,0.0,0.0,0.0,0.9103886459855699,19.3029848231453,21.76014542526175,22.186103095765304,-0.0587465826951203,-0.019990619812422474,0.0688715862798267,0.036475416629221366,0.07976397384708012,0.02555922034597396,0.1465419737254689,0.39624389910770463,0.8049027851770776,0.7941381458590031,-3.3754901400503123,1.0848842637794118,0.6886403646717072,-70.621076405252,-0.05725851701934094,0.01576307117938995,6.295397641108053,-0.6951430426924753,-0.6961791028320312,-0.11157268233401055
49.42000000000683,houtaitui_play,houtaitui,0.0,0.0,0.0,0.9120319331250895,19.42099117857395,21.88849698672273,22.247158762827347,-0.060668904665201695,-0.009651637594764187,0.08711921745997427,0.0894833320006876,0.12922131248060031,0.008700912505581275,0.14300973674361883,0.39604632006818785,0.8152886748307224,0.7696117695817948,-9.028017925725461,1.0734866265613308,0.7089393150458336,-64.7628625350639,-0.06531914630376966,-0.00017396286129951755,5.65854797824256,-0.6859394597992573,-0.6747967709838867,-0.06408214771128967
49.44000000000684,houtaitui_play,houtaitui,0.0,0.0,0.0,0.9141076926939833,19.59424031754205,22.073566541043807,22.33002489098057,-0.06594086853520446,-0.006689867986382304,0.11500836037798201,0.1282173093339882,0.18162854652853577,0.010076425079231064,0.13986346936318453,0.41734230164650954,0.8176568219294967,0.7501141235629321,-12.348092283466327,1.059232660441041,0.7227707088390589,-59.49335517151095,-0.07322630853421375,-0.015346865355968478,5.068564585167893,-0.6712174209522581,-0.6539670934020996,-0.08761790267081604
49.46000000000685,houtaitui_play,houtaitui,0.0,0.0,0.0,0.916627846817339,19.793176922023722,22.299409095034697,22.416620852919277,-0.0702523447545801,-0.005208281930782356,0.1414949382743599,0.1466740555504795,0.21267304418981983,-0.0020509369161013074,0.1303519637620678,0.37209268701875864,0.8119350586750499,0.738755561637342,-12.74531657107292,1.0421040570741926,0.7346748572239876,-54.050011454107704,-0.08092156629142688,-0.026386360824108127,4.787807908722467,-0.6554022156052458,-0.6388694752990722,-0.1272093050693024
49.48000000000686,houtaitui_play,houtaitui,0.0,0.0,0.0,0.9194662422127573,19.99067459726699,22.53711756682492,22.471184419600224,-0.07029548263822319,-0.002553179323153097,0.15856717245576368,0.15498623616122184,0.2086983735835154,-0.033638485758268985,0.12256880523766152,0.3327518883930127,0.7989410922680309,0.7342601458007694,-10.65729560111898,1.0231312470001488,0.7468914959976674,-48.2942158811014,-0.08828260131149739,-0.03155200481414795,4.943379543981192,-0.6411639743195067,-0.6280605305969238,-0.15192235591081882
49.50000000000687,houtaitui_play,houtaitui,0.0,0.0,0.0,0.922430121552449,20.168990756372445,22.7610958542015,22.484078598131934,-0.066005382657559,-0.0034285048750529595,0.16510352767188793,0.1505185560992545,0.18371256057392515,-0.06020164326950528,0.1169047412064551,0.3024346879958195,0.7808653029552133,0.7270696230629683,-8.307568099883168,1.0036226767960867,0.7547398277024031,-43.32616126968985,-0.09484146616680035,-0.034144855290651324,5.212175159509994,-0.6295351546900532,-0.6207804192840576,-0.1676837319535167
49.52000000000688,houtaitui_play,houtaitui,0.0,0.0,0.0,0.9253366983601345,20.320460208946223,22.957428101141158,22.471552565847027,-0.059043565871805946,-0.009061038231243261,0.16316338568659186,0.13441400125054573,0.15348193816996744,-0.07007190790042682,0.11369287170316446,0.28259874833812726,0.7598435254536404,0.7157085251460076,-6.340807203055125,0.9847072022587259,0.7557075035223961,-39.78879762034402,-0.10043644605997995,-0.037565435469150546,5.334631790556222,-0.6203912823088551,-0.6154977788269043,-0.18216060795397648
49.54000000000689,houtaitui_play,houtaitui,0.0,0.0,0.0,0.9280620581278587,20.44032985891706,23.12324473653173,22.45040935381881,-0.051357049985432134,-0.01883000923863557,0.15628081290840723,0.10868764226622935,0.12658453440256798,-0.06594729446011757,0.11205309658093865,0.2864382439920423,0.7372039526003141,0.6997116554925442,-5.017366138202887,0.9670542964031649,0.7501450211206675,-37.70655670456926,-0.10515850394041772,-0.04049549363553524,5.431573900780662,-0.6137744924641836,-0.6122972478210449,-0.18027768184037468
49.5600000000069,houtaitui_play,houtaitui,0.0,0.0,0.0,0.9305387683480915,20.531367439939242,23.25764126524881,22.438341894118537,-0.043503580407704905,-0.031074883048460927,0.14671767047782494,0.0802888094056279,0.10380185369737911,-0.047993500238692866,0.11102278262414604,0.2892739023611356,0.7135874251519337,0.6818889465579987,-3.895978426699137,0.9511115357310448,0.7435522091040612,-36.15205751909366,-0.10878664734857088,-0.0414964996278286,5.582327400199103,-0.6100083167981237,-0.6120471467315673,-0.17011785855692277
49.58000000000691,houtaitui_play,houtaitui,0.0,0.0,0.0,0.932716884148321,20.60385443476709,23.359403010868053,22.450268643980543,-0.035286152658042566,-0.04405667747298324,0.1344863672840534,0.056710047245895776,0.08411438704951665,-0.018272183365790607,0.11009804509011141,0.29231788381958324,0.6896789900499872,0.6647713121423722,-2.6477521217223696,0.9373279397713136,0.737786893958807,-34.87154456044615,-0.1108431869565115,-0.04244928546249867,5.581240139812229,-0.608751777020333,-0.6122683991729736,-0.12325153892989202
49.60000000000692,houtaitui_play,houtaitui,0.0,0.0,0.0,0.9345646618118847,20.668649903958677,23.42595966671659,22.49025842514208,-0.02720676369764806,-0.054335458161466246,0.11921248070500805,0.04141298719541715,0.06287578820883598,0.013217049627410144,0.10967741554854488,0.2910115177377397,0.6668168285325902,0.6489493336925507,-1.4579903720233456,0.9261197363385287,0.7340796964640022,-33.715098775862394,-0.11147288208818526,-0.04815570935606957,5.096075540764899,-0.6085510001201491,-0.6126124371826172,-0.10675143510446046
49.62000000000693,houtaitui_play,houtaitui,0.0,0.0,0.0,0.9360847890158315,20.731135366163855,23.455497491462896,22.557815192599993,-0.020308462148645852,-0.06223451545696819,0.10275855763826866,0.030132202660785784,0.04035618218675794,0.04535488643027635,0.11092685317585138,0.2899608911330913,0.6459193601901527,0.6317107540020943,-0.9475405933500367,0.9175850492059818,0.7292940125266314,-33.24222720125377,-0.11146166667634022,-0.054853534512221816,4.526681270211372,-0.6085474151673037,-0.613600443774414,-0.12600520315237285
49.64000000000694,houtaitui_play,houtaitui,0.0,0.0,0.0,0.9373165048006502,20.786370646441338,23.45917822577827,22.646498282617525,-0.015503535274017113,-0.06942299389513444,0.08900839117433018,0.015616011236401883,0.026811995383557795,0.0674864000227855,0.11282024635322477,0.293933829821299,0.6264200719005734,0.6129119184265137,-0.9270188385773976,0.9111121106487613,0.718350178788066,-34.203319673403136,-0.11101705309659621,-0.05563738681375981,4.403002178030842,-0.6086117271030401,-0.6139609326660156,-0.13141950867525512
49.66000000000695,houtaitui_play,houtaitui,0.0,0.0,0.0,0.9382955378438881,20.830526331941925,23.456380634748587,22.747176926581545,-0.012356360543985187,-0.07467780155214696,0.07763326486137295,0.002169772354317423,0.026732812090729335,0.07697551371666335,0.113812644034907,0.30413653865757484,0.6080053993200986,0.5990623917827607,-0.18781240981784686,0.9059543008896377,0.7052390214452744,-35.73543750686214,-0.1101083364807988,-0.05340630486607552,4.483547371948477,-0.6086819703925979,-0.6143004407226562,-0.13813383224052547
49.68000000000696,houtaitui_play,houtaitui,0.0,0.0,0.0,0.9390321596159039,20.86613258878491,23.46147609309089,22.851987446499383,-0.010398688167388554,-0.07659557040274141,0.0661741201290299,-0.005917871117841696,0.035330574016991564,0.07651859859892944,0.11399723511351588,0.315744867714406,0.5917488710933226,0.590991252327919,1.1187061547616572,0.9017271959043215,0.6916514236876965,-37.49127902062061,-0.1086969600128421,-0.050745473429560664,4.555474520695835,-0.6088371078136036,-0.6166655530273437,-0.19015160513607776
49.70000000000697,houtaitui_play,houtaitui,0.0,0.0,0.0,0.9395497236455695,20.895129804458428,23.4782236842807,22.95314488960055,-0.009432868103556005,-0.07486710789427828,0.054664820249236856,-0.010030300807479645,0.0436335014399907,0.06946774854067125,0.11366247379318503,0.3239395698844928,0.5786245400191062,0.5847943213233948,2.1229841168730843,0.8982498809222693,0.6784857746610642,-39.292208225409304,-0.10708774326735668,-0.049237006530165675,4.537831528330562,-0.6104121182812904,-0.621035050326538,-0.20554307566321262
49.72000000000698,houtaitui_play,houtaitui,0.0,0.0,0.0,0.9398871865956073,20.923993122393362,23.497718882873727,23.048973965716485,-0.008700251405064054,-0.07072330974196957,0.04335380240653638,-0.007462683580670652,0.042954036796966535,0.06526803661034196,0.11332736030935674,0.32922217247047014,0.56867639794282,0.5791997995624543,2.661619620788146,0.8956467466666378,0.6703830149421692,-40.34856421675602,-0.10565366268590896,-0.048972421512007716,4.4552090550882975,-0.6145480737921903,-0.6281468381225586,-0.18928710223048506
49.740000000006994,houtaitui_play,houtaitui,0.0,0.0,0.0,0.9400660781378126,20.959793319934256,23.510705026421746,23.139008179446293,-0.007500176669454065,-0.06526129444453434,0.031869521420660206,0.0012078119163673393,0.03521174953455569,0.0631080596043803,0.11321880566496655,0.333587025708869,0.5614718866327881,0.5745961007127762,2.9179147107000696,0.8941309923570756,0.6653454687843323,-41.06454238304954,-0.10429772092084007,-0.04928834661841393,4.323968445297179,-0.6209435350547315,-0.6357974519073486,-0.1455070948874418
49.760000000007004,houtaitui_play,houtaitui,0.0,0.0,0.0,0.9401151270016745,21.004149935767703,23.513250728438553,23.22053935541096,-0.006547479253672184,-0.058840961728074126,0.02142287857345089,0.011848539502494926,0.023998924061811013,0.05991548612433048,0.11315524390544592,0.3376804670899546,0.556198877560736,0.5700506803045273,2.8997994776567095,0.8936178352160323,0.6589103427181244,-42.20833880465122,-0.10317802033514312,-0.05014325045049191,4.180028156965753,-0.6279107535887758,-0.6415948380767822,-0.10346242438700437
49.780000000007014,houtaitui_play,houtaitui,0.0,0.0,0.0,0.9400824039825002,21.05203946426286,23.50928123417774,23.29176076664167,-0.006796581742638165,-0.05188148200517827,0.013746132522922947,0.017607549016492405,0.016485411400501748,0.053732812895321586,0.11302625118740875,0.34100267218968017,0.5521282725031645,0.5659356650362015,2.7996090649740104,0.8936467859299967,0.6518806752214432,-43.51909759624104,-0.10242270771177826,-0.04950316920876503,4.191564388570704,-0.6344848862312016,-0.6473648061096191,-0.09872929634909311
49.800000000007024,houtaitui_play,houtaitui,0.0,0.0,0.0,0.9399985076166335,21.09541089024753,23.507128726316886,23.352955142080962,-0.007956862660045406,-0.04496770690668059,0.008042830947774292,0.01619621348591689,0.016098471975055102,0.04553018400667159,0.11310807613200709,0.3471113922677649,0.5491302930209437,0.5646058258066178,3.0165039739532724,0.8937194678203627,0.6430885132799149,-45.11869899041,-0.10187969406549977,-0.04851047806441784,4.2382567036431125,-0.6401141360658924,-0.651458691531372,-0.0945982024618296
49.820000000007035,houtaitui_play,houtaitui,0.0,0.0,0.0,0.9398657813378841,21.122044440517534,23.51137965992124,23.39780828760657,-0.00909351843508582,-0.03711890125130994,0.0023395040801513544,0.005987721431720869,0.01653483096200773,0.03022969086003151,0.1138074195130365,0.3549842786698568,0.5480804970764973,0.5677653488168717,3.6157279486114384,0.8936196488439224,0.6339137491235733,-46.73934115005461,-0.10149775389615485,-0.04871197156608105,4.200931129970788,-0.6448923573834427,-0.6549932469665527,-0.09247331974243247
49.840000000007045,houtaitui_play,houtaitui,0.0,0.0,0.0,0.9396801568625146,21.13047231515419,23.516127825094447,23.425787840718225,-0.00969741897356368,-0.028817431609919505,-0.004257818328316701,-0.0036097866055506446,0.011226027764261556,0.018192093693053066,0.11431109705373918,0.3593779017115667,0.549764910484135,0.5723911013851166,3.938011881454061,0.8935711873418687,0.6310474064598084,-47.251065447584885,-0.10151452564066107,-0.049678472056984904,4.1464288597660985,-0.6498917596354482,-0.6612872590362548,-0.11211048654749634
49.860000000007055,houtaitui_play,houtaitui,0.0,0.0,0.0,0.9394364080533206,21.13203143498478,23.513020789837512,23.43983434610139,-0.00905962439520467,-0.020142150003650383,-0.01162985832905505,-0.00320792070549429,8.78300844761354e-05,0.010929276093976972,0.11410911440064465,0.35898987512552216,0.5537881698840159,0.5748585548648835,3.478509465057254,0.8939813570602904,0.6332488295087815,-46.963056082801735,-0.10214578205621269,-0.05058177299797535,4.160341745468692,-0.6555550195882335,-0.6689865102111816,-0.1396886675700668
49.880000000007065,houtaitui_play,houtaitui,0.0,0.0,0.0,0.9391359139012613,21.134986313634503,23.501373955029923,23.441158587457686,-0.007412165228507625,-0.01215070624495762,-0.01806627377564187,0.002917871536663002,-0.010225806226434675,0.003767167215187755,0.11369345606584037,0.3565834045330619,0.5586287191156817,0.5746167537221909,2.503059079484137,0.8949534462852166,0.6346549626836777,-46.92687242298991,-0.10347696013888169,-0.05061612576246262,4.3034233574672385,-0.6609225480079044,-0.6739940156280517,-0.14569767435757786
49.900000000007076,houtaitui_play,houtaitui,0.0,0.0,0.0,0.9387946402291912,21.14185577262673,23.48561518939361,23.433512869798385,-0.005648465051021098,-0.005649877436469908,-0.02238012706955389,0.009363114732618825,-0.015437871377085823,-0.0012975191959025993,0.11313389153015355,0.3517896944449921,0.5628905067202832,0.573372923995018,1.5599928442095345,0.89630270528518,0.6357303943881989,-47.00563986781799,-0.10515750100470497,-0.04964935332536698,4.532941088601957,-0.6649433553704396,-0.6762973775207519,-0.1521926997699531
49.920000000007086,houtaitui_play,houtaitui,0.0,0.0,0.0,0.9384398620194874,21.151950016649106,23.46518061181038,23.424086066907165,-0.004849881296340791,-0.000258645824851478,-0.025172032256160794,0.012221022721457846,-0.019865017587680035,-0.0003016472376472547,0.11242002440809072,0.3452934559506342,0.5668231438150366,0.5733877953538895,0.8786311461721992,0.8979021919320971,0.6405167665729523,-46.45074292369595,-0.10698049186733845,-0.05267222709953785,4.445331642640136,-0.6683400533008516,-0.6790503968536377,-0.15341680257675297
49.940000000007096,houtaitui_play,houtaitui,0.0,0.0,0.0,0.9380989042963498,21.15581194469019,23.440423455792033,23.410947151495073,-0.004795916075609262,0.003828940019575203,-0.026080325330613902,0.006994772493476676,-0.024470930118536925,-0.0023652109088922024,0.11175727324937898,0.3388174460930493,0.5705758675775984,0.5710613217601777,-0.2014107521358534,0.8994903297865268,0.6450982328901291,-45.91131849085336,-0.10895274683323077,-0.05707764364778996,4.2588087307171785,-0.6708888329666304,-0.6792833318054199,-0.1267283972144489
49.960000000007106,houtaitui_play,houtaitui,0.0,0.0,0.0,0.9377882803135638,21.149606350579194,23.41642457646552,23.393681290948688,-0.004832420917532741,0.00573465158706825,-0.024760521265216252,-0.0003377221860496231,-0.024270944212071054,-0.005668109952279037,0.11093704135351805,0.333134493736847,0.5733621027557343,0.5672069576034546,-1.320767137856773,0.9008030382281909,0.6497653957853318,-45.2866843792751,-0.11086650130974439,-0.05831626914441586,4.3077212830219995,-0.6716787796895937,-0.6775571812927246,-0.12850706407313073
49.98000000000712,houtaitui_play,houtaitui,0.0,0.0,0.0,0.9375130784547161,21.137176581142203,23.39633504750963,23.37891509216826,-0.005253129981898324,0.006184479445764999,-0.022592090200034016,-0.006589129990831299,-0.019892383355973996,-0.004277556311471541,0.11008845419813108,0.3270614172721431,0.5751830084750009,0.5654177006731034,-1.8962833257502478,0.9017636427400794,0.6551197257289887,-44.46938409294868,-0.11262818203985625,-0.05905583240091801,4.381306943789939,-0.6717731412868302,-0.6760520448028564,-0.10477622988377375
50.00000000000713,houtaitui_play,houtaitui,0.0,0.0,0.0,0.9372986942090324,21.117739488948487,23.380881158717024,23.371098982609585,-0.006496076143617959,0.005987500486536169,-0.018708228577655528,-0.015535489755222608,-0.014078857179546047,-0.0005016971278471971,0.10944138784742162,0.3187409771248999,0.5761531471645248,0.5628753986606598,-2.4633091736863433,0.9021965755684533,0.6593786415109635,-43.7411732665343,-0.11440286226777259,-0.05866604689508677,4.556960816400348,-0.6717298480497886,-0.675001810961914,-0.08362299768219186
50.02000000000714,houtaitui_play,houtaitui,0.0,0.0,0.0,0.9371472847536302,21.098479160726598,23.367340724132326,23.365809245085227,-0.007225749565836954,0.007447184311564735,-0.015933097334556445,-0.014450268327864443,-0.012463374709821238,0.0003046481863818596,0.1086894989217087,0.3136130267311382,0.5766025487184829,0.561673620010376,-2.721123959192158,0.9023167886801786,0.6675690945634842,-42.26388888423022,-0.11609988611466432,-0.059418981149792674,4.6281807674741655,-0.6716556858884463,-0.6740512360870361,-0.0625819943184307
50.04000000000715,houtaitui_play,houtaitui,0.0,0.0,0.0,0.9370036185377764,21.091494015454348,23.352085274837318,23.361076531348225,-0.006212943582923151,0.008991836178893358,-0.016436028418949887,-0.0027116395721176554,-0.014069764614090895,0.0013079945037675982,0.10743557476683557,0.30998661492064816,0.5771478587982182,0.5616001423845292,-2.8403768459980308,0.9026536633179171,0.6767993729958535,-40.67945410707696,-0.11745646922113868,-0.06329146325588227,4.404600198503735,-0.6715350244341182,-0.671905468875122,-0.013570233484765966
50.06000000000716,houtaitui_play,houtaitui,0.0,0.0,0.0,0.9368449371816715,21.09559244117463,23.33683649389727,23.355219191850992,-0.005182427224009887,0.009136220595670732,-0.016877489692522375,0.006672693812557974,-0.013961111335791167,0.00018749940997485337,0.10650724585001947,0.3044922546983634,0.5772742076940347,0.5589644249925614,-3.303600950771265,0.903181751381532,0.6805368822464943,-40.11564027157282,-0.11885694422276523,-0.06468520797789097,4.411814605374779,-0.6702532927191087,-0.668628167086792,-0.008737764903975855
50.08000000000717,houtaitui_play,houtaitui,0.0,0.0,0.0,0.9367035283423611,21.102648995530473,23.327544078569982,23.350630610043915,-0.0058191946173967056,0.007784841067658978,-0.014536026789080544,0.007643265945025466,-0.007931513823758236,-0.0004107806218164806,0.10676506703712933,0.30057295076272705,0.5762132431919851,0.5561119553098679,-3.5347472614818662,0.9034384717576381,0.6789575454244614,-40.42558141357089,-0.11994093262106253,-0.06459087617695332,4.48662706582048,-0.6678337530786443,-0.6647989262878418,-0.010610438487016177
50.10000000000718,houtaitui_play,houtaitui,0.0,0.0,0.0,0.936623211573051,21.104338344181727,23.324548927898412,23.350976728068627,-0.00802212341633491,0.005453688272186723,-0.01018420333130351,0.00024282130626675848,-0.0015138980520129895,0.0018662534532721486,0.10772381858580826,0.3000633012423587,0.5740713103270951,0.5549396064529419,-3.277383982322938,0.9030992164915342,0.6776600268135071,-40.55397664202791,-0.12067826180171448,-0.06591658405959606,4.421050856663183,-0.6653083103107792,-0.6631876935302734,-0.032601227633198726
50.12000000000719,houtaitui_play,houtaitui,0.0,0.0,0.0,0.9366205630679363,21.096977953655283,23.324484600754023,23.355721884752537,-0.010642884004741403,0.004023423587229531,-0.005975161773731509,-0.009444899380905761,0.0015903498185773264,0.003894330028654287,0.10838669453053465,0.30114430892971855,0.5716257431506904,0.5541153040180207,-2.962880679506718,0.9021340368946409,0.6787905183086396,-40.12941508842414,-0.12130489192934467,-0.06732712611556053,4.35347134707062,-0.6637071701604834,-0.6627301682769775,-0.02680334031218934
50.1400000000072,houtaitui_play,houtaitui,0.0,0.0,0.0,0.9366633423953395,21.087415598577696,23.324789729890078,23.363876345255857,-0.011978119815898391,0.0038661067977893283,-0.004232094768799006,-0.010999579274311309,0.002658412164535846,0.006116454577585576,0.10851832269925002,0.3036652093646589,0.5696297075186546,0.5546228822717667,-2.54807016294127,0.9008789575254834,0.680678283090353,-39.541135148671124,-0.12175039613286151,-0.0685159519314766,4.28273712710086,-0.6626381517066883,-0.6613497247039795,-0.0036127973895203336
50.16000000000721,houtaitui_play,houtaitui,0.0,0.0,0.0,0.9367064913706491,21.084809218248814,23.323296664200928,23.37499195025682,-0.012148886497868746,0.004111967534090368,-0.0049462675022372,-0.005162109791656465,0.0018344918387983844,0.008964986446269044,0.10837421327754011,0.30556805400842213,0.5683817749980637,0.5551962044487,-2.2795764103456477,0.8997152119772849,0.680625510627985,-39.34747235135335,-0.12193459788896578,-0.06937639154493809,4.213590573139972,-0.6618583656667695,-0.6605464925109863,0.006805127713079312
50.18000000000722,houtaitui_play,houtaitui,0.0,0.0,0.0,0.9367362161407471,21.08786298404013,23.320294390788302,23.384533728379566,-0.012238416626871263,0.004764305014695773,-0.0061568909825709395,-0.00011628326507288986,0.00016614094875899753,0.007786138644415316,0.10822182184963285,0.30470630197792004,0.5674844229343476,0.5549239900360108,-2.1925184127566975,0.8986834720622928,0.6782191258320809,-39.60525367547531,-0.12196846277715456,-0.06954073458909989,4.195501817938337,-0.6615295454428802,-0.6607207764923095,0.011029645435623733
50.20000000000723,houtaitui_play,houtaitui,0.0,0.0,0.0,0.9367756041137599,21.091684442423272,23.31765160094395,23.39396799197457,-0.01324071548972019,0.004768599796934943,-0.005751103483841717,1.4940915227473414e-05,0.0006927813380639687,0.007890519239260567,0.10829951812772633,0.30434791287928564,0.5663661791522001,0.5540503945598603,-2.130851454972147,0.897528343480862,0.6737166878232956,-40.198513647289396,-0.12197370069773882,-0.06862349547445774,4.268236093362049,-0.6613240388302417,-0.6607961167633056,0.006602249479460714
50.22000000000724,houtaitui_play,houtaitui,0.0,0.0,0.0,0.93684185625219,21.095888157673468,23.316023154467103,23.40716545321269,-0.014675424567391553,0.004707254516982041,-0.004669371259258306,-0.0010559251552445716,0.0028092718285324106,0.010779216206168677,0.10859908623112066,0.30653698028329746,0.5649692239446351,0.5541388627538681,-1.8425116305881024,0.8961337892249809,0.6692926522741318,-40.72603239362963,-0.12196892191575257,-0.06776061393320561,4.336385110046951,-0.6611680360862119,-0.6613192071258545,-0.008902109724868882
50.24000000000725,houtaitui_play,houtaitui,0.0,0.0,0.0,0.9369202210345823,21.101900624304147,23.312515449059468,23.427080188507357,-0.015589254657724202,0.004954269502367212,-0.004936934137424227,-0.0016828309584652514,0.0028588791037052986,0.016827424955829364,0.10888455220872242,0.3099214348124669,0.5638334405077352,0.5555653211126328,-1.4027985963594334,0.8946857551145594,0.666637749637127,-40.93932981706947,-0.12191153273920352,-0.06743611507117749,4.3545860601589705,-0.6611069534249197,-0.6632251252471923,-0.054706258103794536
50.26000000000726,houtaitui_play,houtaitui,0.0,0.0,0.0,0.9369811754461347,21.112611514482143,23.306399376732035,23.453540256899696,-0.015601695743574652,0.005689794694373022,-0.006786841806635751,0.0004710864592837611,0.002707012873277892,0.022426591797039968,0.10904801871109927,0.3119958908815891,0.5634645680451117,0.5579781320343018,-0.9643090625716674,0.8934022295545536,0.6628229853162766,-41.40768760548287,-0.1217193089012077,-0.06660463586449623,4.397492692681608,-0.661113169565841,-0.6649057378112793,-0.09437483230277542
50.28000000000727,houtaitui_play,houtaitui,0.0,0.0,0.0,0.9370204123891207,21.127068110205254,23.296982163878646,23.482957922363273,-0.01535227373048048,0.007040461154967811,-0.00874363461217125,0.0026972124156126754,0.0005375480748009854,0.025371606807170335,0.1090926091440301,0.31232057913493383,0.5637369013154417,0.560006761218071,-0.6935384930381938,0.8923272941618915,0.6592901435146332,-41.865601110124764,-0.12144017116374738,-0.06705604605376721,4.335100205848886,-0.6612222606752263,-0.6671545018493652,-0.14423801687889518
50.30000000000728,houtaitui_play,houtaitui,0.0,0.0,0.0,0.9370515231112077,21.14402611251915,23.282437466117614,23.516560114295537,-0.015346232122300761,0.008505655070021871,-0.010220876217192344,0.0031824574536965453,-0.002507403972964615,0.030521038146993487,0.1093123642410378,0.31237287758194676,0.564346668479665,0.561789461637497,-0.5081373637793761,0.8914060445354702,0.6549103942165375,-42.499804912292184,-0.1210825124883005,-0.06724335737526417,4.2866965508471315,-0.6616554192988173,-0.6692039479553222,-0.17247451012358506
50.32000000000729,houtaitui_play,houtaitui,0.0,0.0,0.0,0.9370653862749111,21.163938114399095,23.264814002254113,23.552734718767827,-0.01491213239652878,0.010407906021089371,-0.012212469297660341,0.0052213322668392265,-0.003923890417313013,0.03286233902406617,0.10943390285810653,0.3135944816763617,0.5650997714646554,0.564376616145134,-0.18889391605147748,0.8906348676380522,0.6510065284023285,-43.07514504736716,-0.12064443324656776,-0.06645739749073983,4.310128575262886,-0.6618930071773301,-0.668734024935913,-0.16391890767839853
50.3400000000073,houtaitui_play,houtaitui,0.0,0.0,0.0,0.9370301416161009,21.18603357844638,23.24815833063228,23.587545533503956,-0.01344522055148517,0.012186764323605728,-0.015251173492393072,0.007518769699890465,-0.0033290251129841518,0.030992520440821354,0.10956242592896198,0.3141078080062515,0.5660315736261233,0.5664840128669739,0.009929050503329054,0.8901125299763935,0.6488664832363129,-43.3851575923063,-0.12003917250218117,-0.06705208234488964,4.203661517174854,-0.6619895284311915,-0.6666457166015625,-0.11352173076901638
50.36000000000731,houtaitui_play,houtaitui,0.0,0.0,0.0,0.9369252443593185,21.21176126850611,23.229961933630598,23.6235718224797,-0.011514201278892213,0.013115758161866666,-0.019097543618497345,0.010401844108867294,-0.0045246613309020255,0.03296174131930715,0.10966614863291596,0.3116791060853178,0.5674915549656158,0.5678196635494233,-0.05299546595067331,0.890084029292783,0.6504515793571473,-43.132079328448555,-0.119452003424072,-0.06787334866821766,4.09272059009591,-0.6619832820607773,-0.6641485204040527,-0.05469841751881779
50.38000000000732,houtaitui_play,houtaitui,0.0,0.0,0.0,0.936743818893274,21.23713639995998,23.202582704149766,23.658856608833418,-0.009551597994085571,0.012933155232144555,-0.02372214411216874,0.009653359896553864,-0.013357873366850449,0.03551692452888952,0.10914961395313338,0.306231620661357,0.5699508814728746,0.5687767204294205,-0.40056590702054556,0.8907817079829932,0.6562971260795594,-42.26031044142636,-0.11905155354654948,-0.06902431808412075,3.9798463114743763,-0.6619497766663712,-0.663339327746582,-0.03596788365426617
50.40000000000733,houtaitui_play,houtaitui,0.0,0.0,0.0,0.9365108770106582,21.250434229751853,23.164356710741394,23.68360893918428,-0.008017447732144233,0.013214343750603597,-0.026807868023455875,0.00186083327418994,-0.025422636367851227,0.029601277002885465,0.1088535851116351,0.30154566775925595,0.5733568993533837,0.56759794917202,-1.2989953641288183,0.8920363964486187,0.660611146355629,-41.751794896511896,-0.11902988553464162,-0.07032391168177128,3.895007294438397,-0.6619697547134391,-0.6652447690307617,-0.08093920796075087
50.42000000000734,houtaitui_play,houtaitui,0.0,0.0,0.0,0.9362885846031846,21.249110412407138,23.121629944844432,23.68593974918006,-0.007338798679576546,0.015554591171115786,-0.02651366657622947,-0.0022831624232412524,-0.03517448944248873,0.013004376092045798,0.10825023163038167,0.29509443348687614,0.5764649881603048,0.5635908928165436,-2.554730403866657,0.8933634040942089,0.663380556965828,-41.497460598620194,-0.11973939537752785,-0.06965748518705368,4.049408888167005,-0.6619974983162189,-0.6664707173645019,-0.11084049030279729
50.44000000000735,houtaitui_play,houtaitui,0.0,0.0,0.0,0.9360972199957811,21.240629195827317,23.08767143382206,23.662900790370074,-0.006700908441932055,0.018138372953531396,-0.024322043852263303,0.0010241492714197793,-0.03365913333954217,-0.009320211259628609,0.10733528977778761,0.2897070807366029,0.5782042648570472,0.5599137779722214,-3.424325732075469,0.8943592740767634,0.6643324133405686,-41.48048420672299,-0.1206654636215037,-0.06795094460248947,4.268175394757942,-0.6619061364698464,-0.6629816998779297,-0.03047442116365938
50.46000000000736,houtaitui_play,houtaitui,0.0,0.0,0.0,0.9359345900124003,21.22746425668092,23.072580698613386,23.623787585167435,-0.007124820664855919,0.018844741776368724,-0.021014713413224934,0.0018347228732385201,-0.021900621687822357,-0.026809711911201156,0.10703142954590261,0.2859230120540238,0.5788589665968538,0.5585337963352204,-3.7082782382074466,0.8947214536003413,0.6628439810523987,-41.76406261077018,-0.12155830942326627,-0.06909901760518551,4.247598000931538,-0.6603780586998521,-0.6577848901092529,0.006547152171495693
50.48000000000737,houtaitui_play,houtaitui,0.0,0.0,0.0,0.9358134888252639,21.205856834609857,23.07158742667786,23.588514749787734,-0.008750625185016084,0.015765648838334402,-0.016648723507453996,-0.008487491736510968,-0.009477923637736141,-0.025407094948861158,0.10784453765677784,0.28566800582188134,0.5792328044431774,0.5591980155954361,-3.6354273186422095,0.8943804662324906,0.6608177211532593,-42.01643689245287,-0.12217770432163351,-0.07082334272563458,4.142236070623735,-0.6585589793168427,-0.6554674615203857,0.014942103437003848
50.50000000000738,houtaitui_play,houtaitui,0.0,0.0,0.0,0.9357555529929233,21.17286471886874,23.075054628568537,23.56199850591673,-0.010751836305430352,0.012476500079549617,-0.012058854590899493,-0.02148620045993038,-0.004509908907414161,-0.0202329130242289,0.10902661901235408,0.2886931270922022,0.5797666290713291,0.5609358337173462,-3.431160307221607,0.8934416345907992,0.6607968595275879,-41.80602251368112,-0.12243196269218862,-0.07261927537620068,3.99769882528965,-0.6581152149197741,-0.6575602998077392,0.0036580353103464053
50.52000000000739,houtaitui_play,houtaitui,0.0,0.0,0.0,0.9357623703562895,21.131186117967104,23.071518341454283,23.54331769478006,-0.012171588693275958,0.010533588843140512,-0.00910325913867039,-0.031228717437312984,-0.009163043592298907,-0.011687143322714071,0.10962331862813254,0.2905185711993239,0.5809734095813963,0.562624582315445,-3.3975094537420043,0.8922667784143518,0.6637708630809784,-41.040884722985005,-0.12289126689811646,-0.0748959232121706,3.865906806529588,-0.6581830832502523,-0.6631090153991699,-0.11983283117103796
50.5400000000074,houtaitui_play,houtaitui,0.0,0.0,0.0,0.9358051804864095,21.091854409104545,23.05788961576925,23.53273865819596,-0.011820943102833676,0.009422116449218716,-0.00766287849026416,-0.030301701429597983,-0.014796923034105045,-0.002129108095039414,0.10945615689875186,0.2924756918560548,0.5824843603398233,0.5633238938102723,-3.565607291191306,0.8911933692522981,0.6655355032930375,-40.538027314880814,-0.12329439560957628,-0.07341851964592934,4.010077801421007,-0.6595380297532131,-0.66750616925354,-0.14887635518977857
50.56000000000741,houtaitui_play,houtaitui,0.0,0.0,0.0,0.9358480597921508,21.068754326335245,23.043880641101936,23.52750998962032,-0.010113192301449022,0.00947419937205897,-0.007143549923836226,-0.016262319989502748,-0.012326039539438435,0.000726828582404854,0.10900427067169126,0.29531008580068074,0.5835511148795413,0.5647422757396698,-3.4680064150125345,0.8902739404566827,0.6635394927511216,-40.74269939917519,-0.12342633297904526,-0.07143670991063118,4.163223306535541,-0.6607408768281724,-0.6688048352539062,-0.16123197650574456
50.58000000000742,houtaitui_play,houtaitui,0.0,0.0,0.0,0.935893407684675,21.063726103440562,23.033772125576007,23.528484164505247,-0.009254382664923828,0.010111909154887978,-0.006322771098283157,-0.002889729150003184,-0.007247767033612674,0.004450608713165392,0.10869399647283337,0.29411373831890564,0.5838909028307804,0.5664186265716553,-3.167262445417306,0.8893771153287412,0.6602339681634903,-41.17807688009695,-0.12357002099286496,-0.07123422361910343,4.194722997627603,-0.6616000055549662,-0.6701333035766601,-0.1846285987026292
50.600000000007434,houtaitui_play,houtaitui,0.0,0.0,0.0,0.9359694052402078,21.063745992923554,23.02534270539543,23.535596285072046,-0.00974232160117025,0.009556772960467542,-0.0042153135566686765,-0.002706939756545011,-0.004560975223762607,0.008458701139535348,0.10839779712475964,0.2890387105760216,0.5835742903824395,0.5654565330991745,-3.2366004161854978,0.8882944983239134,0.6597191330442429,-41.06181206917129,-0.12379431984019025,-0.07109888382256031,4.227989801624838,-0.6626328247448314,-0.6717898358642578,-0.19243523954275454
50.620000000007444,houtaitui_play,houtaitui,0.0,0.0,0.0,0.9360798587941693,21.066265707771926,23.012087024522696,23.55172321973086,-0.010146797375302772,0.008125946941830772,-0.0025502307214475845,-0.0034572328427890553,-0.00655045877880037,0.0177049962992709,0.10798299652393212,0.2872796160857197,0.5825485229491537,0.5635942902812958,-3.3314385973048424,0.8871858732630832,0.6634000625858307,-40.19811774427861,-0.1239927436139459,-0.0713778167963028,4.219818330141502,-0.6638508137445005,-0.6727332581817627,-0.18004282370272717
50.640000000007454,houtaitui_play,houtaitui,0.0,0.0,0.0,0.9361660803239477,21.076094493479417,22.991748310099485,23.573589031363642,-0.008785380390569716,0.00751967431392391,-0.004508211760350515,0.0021180321914138905,-0.010832004697135016,0.02344936081326955,0.10724353763410467,0.28891222950599726,0.5817705204693695,0.5635075059185028,-3.2269981776116943,0.8865317390962805,0.6693190422306061,-39.0495956209192,-0.1240620387728454,-0.07353055402636528,4.044795054873501,-0.6645866211744057,-0.6716830243408203,-0.15491653584441864
50.660000000007464,houtaitui_play,houtaitui,0.0,0.0,0.0,0.9361832413376029,21.094160879033723,22.967901046951958,23.59417255981191,-0.006851770414314254,0.007153718967334795,-0.007960162314592826,0.00984119031155313,-0.013633242856888182,0.02291207668657374,0.1064439364383248,0.28823417663779016,0.5816657035960169,0.56253402795887,-3.4367306612397686,0.8864779318576977,0.671806217397213,-38.63661040244048,-0.1241981985460745,-0.07603256329894066,3.8604324489944624,-0.6647361315333883,-0.6692304124176025,-0.10842995587009882
50.680000000007475,houtaitui_play,houtaitui,0.0,0.0,0.0,0.9361525777394709,21.11667016919107,22.94634602726228,23.614040959581807,-0.00611832290519563,0.006187380540779928,-0.009477594944812512,0.013096381135849084,-0.011403349648751332,0.021439323406766908,0.10580971170820057,0.2838297097244945,0.5816626847942936,0.560731568599701,-3.767025393623059,0.8866706705423241,0.6708423432359696,-38.86342860752733,-0.12443655180482725,-0.07585764229297638,3.8989600427294038,-0.6647242107229525,-0.6672255505859375,-0.06326269560055076
50.700000000007485,houtaitui_play,houtaitui,0.0,0.0,0.0,0.9361195400088065,21.133755781667617,22.930411152991184,23.628697880552636,-0.007027589161249204,0.005561568167910983,-0.00877331689614978,0.009333622053437976,-0.008296575423571713,0.014910980080695446,0.10545437970164218,0.280220461740757,0.5813210586072339,0.5588001843938828,-4.026860598251835,0.8866674210414418,0.6695819583187104,-39.074578138001954,-0.12479700535994413,-0.07493555657565594,4.0097526951036295,-0.6645948456673869,-0.6647617329895019,-0.008918344792531573
50.720000000007495,houtaitui_play,houtaitui,0.0,0.0,0.0,0.9361220452924334,21.14496068451383,22.922304071749814,23.63639558886013,-0.008588547408130295,0.005902383070646393,-0.006450392234209962,0.006918948526859438,-0.0037341552681640117,0.0072023677007196415,0.10539693879349006,0.2800093669561635,0.5803265129483941,0.5567202654132843,-4.17156260359651,0.8862069511299807,0.6687268477330208,-39.11213684642752,-0.12537612205496718,-0.07402067184448242,4.142424923924658,-0.6635441664136209,-0.6616761197387695,0.007548853788503111
50.740000000007505,houtaitui_play,houtaitui,0.0,0.0,0.0,0.9361554390751288,21.151287411397565,22.921725947216753,23.638281112648514,-0.009923909611825122,0.006257273145368058,-0.004807318073622928,0.00458934481951781,0.000537451005380056,0.0008722223452216167,0.1058088451447577,0.28333498122742873,0.5790808585951264,0.5567757722387314,-3.9201627922382447,0.8853287073418612,0.6674081322202683,-39.159084191440215,-0.1258347435525637,-0.074311862885952,4.1474146669370935,-0.6624446384966506,-0.6602622975646972,0.017064744422114107
50.760000000007516,houtaitui_play,houtaitui,0.0,0.0,0.0,0.9361898562533587,21.15699228720279,22.923654560354443,23.63915317084121,-0.010470173496714084,0.0066764318957609,-0.005224680348967322,0.004773984697775118,0.0019261953838606155,-5.933339810684215e-06,0.10620670286207388,0.28705507039127987,0.5781902449854391,0.5579529192695618,-3.576353713149616,0.8843665669611124,0.6659302648553849,-39.245773203327815,-0.12606847246079825,-0.07558478154242039,4.05113834196443,-0.662067022591816,-0.6610893716156006,0.014715417021663763
50.780000000007526,houtaitui_play,houtaitui,0.0,0.0,0.0,0.9362049132038421,21.163265643677757,22.925394764359424,23.63684641051345,-0.010269816591990997,0.007516913157499725,-0.006724038495641526,0.006534830532826474,0.00047189243367026963,-0.0027340883890212575,0.10649808329158432,0.28878282172767533,0.5777109383767322,0.5590364423046112,-3.3252501638983705,0.883518490078376,0.663861611152649,-39.474148193780856,-0.12616200582714387,-0.07703414857387543,3.9344674513964413,-0.6619258760416067,-0.6616909016906738,0.001386442765568971
50.800000000007536,houtaitui_play,houtaitui,0.0,0.0,0.0,0.93620866065896,21.168848613172155,22.92717616005907,23.636532095853337,-0.010622099376615197,0.006910108813184491,-0.0071316497105231675,0.00457744606928292,0.00161690642155651,-0.00045514813140722804,0.10718471354040282,0.29052070364831173,0.5771916983149611,0.5596155908355713,-3.1232321171214408,0.8826372839805978,0.6583908435354233,-40.29797154220109,-0.1261842360195935,-0.07582805044949055,4.029310428591309,-0.6618347553846938,-0.6627819051086425,-0.02662332852867267
50.820000000007546,houtaitui_play,houtaitui,0.0,0.0,0.0,0.9362217056211115,21.169738145098723,22.933016931901342,23.639011088691532,-0.01164294415449468,0.006331930595789523,-0.006171306882102191,-0.0007563612265500049,0.006195214844981834,9.314922730371692e-05,0.1086173200308951,0.2945593485103438,0.5765546683797019,0.561107852722168,-2.732812719487008,0.8814446160667713,0.6515897598514557,-41.28369281346743,-0.12618398402014427,-0.07411269769072533,4.16559927266391,-0.6617872595889164,-0.6639885415374756,-0.056461427234080055
50.84000000000756,houtaitui_play,houtaitui,0.0,0.0,0.0,0.9362451634630686,21.165929347813396,22.9412498945054,23.642455280428575,-0.012173807568060897,0.006989903026918087,-0.005949395424315899,-0.005113158376885767,0.007776475618915134,-2.907016586602834e-05,0.11027432905954984,0.29820311618912854,0.5762587861175668,0.5642898168811799,-2.1337308112287428,0.8800521682213416,0.6473960813531876,-41.77315778297368,-0.12620810214816838,-0.0749756071716547,4.1003043878217005,-0.6618256769910622,-0.6660329808532715,-0.10356560050845785
50.86000000000757,houtaitui_play,houtaitui,0.0,0.0,0.0,0.9362593148245768,21.16330180866133,22.940815780212734,23.653460520188904,-0.011507405470278455,0.007275487907144331,-0.007571918662615462,-0.006051584869828644,0.0018484605626836051,0.01006811048908036,0.11134422987136273,0.30011936489617397,0.5767024845505103,0.5674064841518403,-1.7083556592357805,0.878980153136435,0.6483771142015458,-41.427956397492736,-0.12623668057578608,-0.07620944939553738,4.002209539926574,-0.6630030592210336,-0.6710409631072998,-0.1556439776531294
50.88000000000758,houtaitui_play,houtaitui,0.0,0.0,0.0,0.9362346518138966,21.17025550475968,22.922254335856305,23.677118527056496,-0.009763786893919258,0.0076082081499868025,-0.011376883200972935,-0.001078775473225416,-0.009879562830343061,0.02575002079442965,0.11134447959716375,0.29932694794003745,0.5782225620870771,0.5697389331111908,-1.6443373907563859,0.8787292221360605,0.651284449959755,-40.92285753441946,-0.126548081780889,-0.07729790844023228,3.957987333256652,-0.6658404618207553,-0.6765686978637695,-0.1649317466111366
50.90000000000759,houtaitui_play,houtaitui,0.0,0.0,0.0,0.9361757264285909,21.182753665150894,22.889677893168933,23.7073076148668,-0.008193418665497674,0.00848320339826183,-0.01418267018636423,0.0008424004607471627,-0.018739684299120526,0.03382593129608695,0.11096292032772377,0.2949166406607473,0.5804450907432874,0.5700088080415726,-2.04989890074536,0.8790888753438776,0.6504228946218491,-41.18712341429366,-0.12732305445361836,-0.07703935280442238,4.067383462914664,-0.6690939746263215,-0.6801175584136963,-0.16375781805711312
50.9200000000076,houtaitui_play,houtaitui,0.0,0.0,0.0,0.936135237451749,21.19472208785838,22.85248070125752,23.732612624603483,-0.008093119989995524,0.011012481874531358,-0.013855382165897785,0.0019266146353626315,-0.023349314387740072,0.029965530110789,0.11098552317197716,0.2893044672141205,0.5822996512234047,0.5681102510938645,-2.6956705942304917,0.8794845126937194,0.646669843460083,-41.93716252214786,-0.12841495331434954,-0.07565922401845455,4.283450334803517,-0.6718439620360405,-0.6822354306518554,-0.1670954778512884
50.94000000000761,houtaitui_play,houtaitui,0.0,0.0,0.0,0.9361470685504304,21.20199433866043,22.820716602565078,23.743193890415753,-0.008882367232950038,0.014648972982245864,-0.011778036674126618,0.002902700763967892,-0.022467190359203387,0.016162953927935167,0.11134456708138088,0.28584031132077503,0.583275474366205,0.5669751998434067,-3.007172030999537,0.8794478999373959,0.642935090924263,-42.570691619657104,-0.12939413361552263,-0.07558218501508236,4.360487247357711,-0.6737099510875875,-0.6823272218048095,-0.15566959503679784
50.96000000000762,houtaitui_play,houtaitui,0.0,0.0,0.0,0.9361875148356729,21.204816712646114,22.799325560900243,23.740256619738098,-0.00929640798869097,0.017263530374850792,-0.01047377853176388,0.0034495137855597977,-0.01757226191510993,0.00278124498890179,0.11211946912503512,0.2869466627101779,0.5837905959004069,0.5675052341470719,-2.9704877909867453,0.8789638095562241,0.6413976636180878,-42.72556488626436,-0.13004328401448115,-0.07784348838031292,4.211724672095578,-0.6743947455794662,-0.6813132275878906,-0.15368688721150783
50.98000000000763,houtaitui_play,houtaitui,0.0,0.0,0.0,0.9362243803743955,21.20390448404544,22.78313564727741,23.735435086570558,-0.009200595994030095,0.017439018560260096,-0.010487205351556374,0.0002942525675471738,-0.01424795773524439,0.0016829691065344638,0.11298680766031408,0.28835214039141077,0.584469471451551,0.568901592160225,-2.8541590386455877,0.87831887470308,0.6416668381938935,-42.54937836108951,-0.13034259288258718,-0.07975755371153355,4.062652184737083,-0.6747226961667031,-0.6814200391113281,-0.15779793723575125
51.00000000000764,houtaitui_play,houtaitui,0.0,0.0,0.0,0.9362328670510816,21.20132621786778,22.76522677957752,23.736679091854366,-0.008354934191621631,0.016661501198997838,-0.011882506459420726,-0.0031326506875358653,-0.01430125545083817,0.007671523731095933,0.11315439562547322,0.28933334870312166,0.5858425950442595,0.5699551489601136,-2.9654353222418997,0.8778620501239766,0.6443021830568314,-42.00672047407024,-0.13047826031362772,-0.07998531237244606,4.046677798133002,-0.675076799218148,-0.6822385300933838,-0.16650198710397524
51.02000000000765,houtaitui_play,houtaitui,0.0,0.0,0.0,0.9362092583287407,21.20074701543956,22.74264240533316,23.742102119838048,-0.006966044968328103,0.016942868823810523,-0.013684018968662073,-0.0020834265209122224,-0.017210556235646553,0.011701040146317572,0.11264896508352935,0.2866729933524408,0.5877835903597162,0.5699247058877945,-3.363805782380112,0.8777648694144993,0.64700169231987,-41.53144232258754,-0.13048671741286874,-0.07901663258671761,4.11764342029076,-0.6758527600485436,-0.6831469048797607,-0.15413327507826788
51.04000000000766,houtaitui_play,houtaitui,0.0,0.0,0.0,0.9361671812290258,21.204753112301514,22.715989388917052,23.741118642688573,-0.005341868668154324,0.019369473896760022,-0.01529363346149593,0.004925864910638016,-0.022763499626050385,0.006828102631959706,0.11121622079412788,0.2804158889971874,0.5899058469346107,0.5689623739967347,-3.932508611362788,0.878060645713656,0.652491086388588,-40.6250178863816,-0.13050065881001166,-0.0784433476626873,4.164978626700644,-0.6765714060135449,-0.6842660416900634,-0.1685397421523184
51.06000000000767,houtaitui_play,houtaitui,0.0,0.0,0.0,0.9361116655219242,21.217214054431448,22.687639926920042,23.7308354515614,-0.003405920011134858,0.021239210348218563,-0.01607085174392546,0.015790866590745828,-0.026460083332321752,0.0006017778280122989,0.10943022764033113,0.27547718461659665,0.5913499093848924,0.5656533774385453,-4.732383330615917,0.8786836419718234,0.6574386593351365,-39.871463127706086,-0.1305204818120226,-0.07694628015160561,4.287009818787654,-0.6767103182968496,-0.6821555604278564,-0.1326755741310236
51.08000000000768,houtaitui_play,houtaitui,0.0,0.0,0.0,0.9360591252368522,21.242615930860666,22.659127801262184,23.72063293110069,-0.002325699416280198,0.02090064111568791,-0.015237599407185522,0.026987804641783807,-0.026064387731900653,0.0014620991859047756,0.10808796802900959,0.27222062025105287,0.5914536535322991,0.5621277776012421,-5.284421164327225,0.8794451915234341,0.6603024389991761,-39.503269124084675,-0.1303567357584627,-0.07457921579480171,4.45260896534054,-0.6766580346185772,-0.6788687218963623,-0.0575399780965979
51.10000000000769,houtaitui_play,houtaitui,0.0,0.0,0.0,0.9360177704594059,21.276769692406614,22.63238589833831,23.70852725830521,-0.002061475257927753,0.02037231123230669,-0.014045650945082241,0.03482760685614992,-0.025245883299171695,-0.0010804213486681272,0.10698916553604622,0.27491664688839856,0.5903948744055961,0.5599321362028122,-5.399172601069647,0.8802255646890298,0.6639731016407013,-38.98461808113352,-0.1302310295240192,-0.07546737901866436,4.3770580723641155,-0.6759101304489484,-0.6754931916534423,-0.017046459500789635
51.1200000000077,houtaitui_play,houtaitui,0.0,0.0,0.0,0.935983869161883,21.30205759935201,22.617040805110612,23.683586943961497,-0.0025254831733375225,0.019144000943029624,-0.012005600763581835,0.029358690254000498,-0.01878316970698868,-0.015973872025810583,0.10668955063194636,0.27653233714865477,0.5887407864382848,0.5567591425428391,-5.627365680943315,0.880617312557807,0.6645550292382241,-38.92097061430762,-0.12984928705247276,-0.07695832401514054,4.209990495485238,-0.6734950483788325,-0.6685664166748047,0.033402155811751655
51.14000000000771,houtaitui_play,houtaitui,0.0,0.0,0.0,0.9359596383612016,21.30697878888118,22.61355906785239,23.654264532804326,-0.0036862157292915213,0.01541095235062082,-0.009218298365162766,0.011461338597197045,-0.010443374943483135,-0.021429785431446784,0.10694546564433843,0.28080117571531304,0.5871289020431083,0.5537729200372696,-5.879361601785928,0.8804684943207403,0.665735253358841,-38.64099481591144,-0.12906432006006693,-0.07733194828033448,4.095084438192197,-0.670011027069536,-0.6642279137908935,0.022416049959814166
51.16000000000772,houtaitui_play,houtaitui,0.0,0.0,0.0,0.9359501206869802,21.29661165563051,22.615317155100062,23.627643484102197,-0.004495957072578276,0.01205702416496798,-0.006861895873726844,-0.0016100420844469754,-0.006026474514758256,-0.020428016518802536,0.10693250494588319,0.2861769074511493,0.5859845658195862,0.5523639258394242,-5.963338530314981,0.8800220914732392,0.6693430852541924,-37.88837417436641,-0.12816180020429596,-0.07770484052598477,3.986240804616149,-0.6672817102323463,-0.6633471955596923,0.009079931828123
51.18000000000773,houtaitui_play,houtaitui,0.0,0.0,0.0,0.9359503399377138,21.280188916724413,22.61800735430577,23.599930047390142,-0.0044440473668489345,0.010314980647410198,-0.005577668035561966,-0.005242612110207006,-0.005990789317224892,-0.022004250819664672,0.10672317292993627,0.28542706297980014,0.5852325170716922,0.5517772969255448,-5.963717730039638,0.8795172853821152,0.671127991045475,-37.471858981830636,-0.12746272294699415,-0.07701447531580925,3.997696385398504,-0.6653835786805455,-0.6623715867340088,0.01227594188189532
51.20000000000774,houtaitui_play,houtaitui,0.0,0.0,0.0,0.9359466838250405,21.266215876893597,22.623038148279694,23.571038967066915,-0.0037354018979416682,0.009010318119659941,-0.004817236984922312,-0.00182442080722384,-0.004008010087652119,-0.023554942318040284,0.10649191705793214,0.28177963255210003,0.5845749996451303,0.5523758765707016,-5.745319437216154,0.8790297867996903,0.670081355834961,-37.57354192444105,-0.12679357847680592,-0.07447575330734253,4.147458422591202,-0.6640413247222419,-0.6618623246490478,0.010455679461654696
51.22000000000775,houtaitui_play,houtaitui,0.0,0.0,0.0,0.9359472638805272,21.258081353946945,22.629276883285492,23.54583985824054,-0.003513622538308224,0.007726315680247811,-0.0037748152674528072,0.0018027438026095664,-0.002072547525309396,-0.020438034666325242,0.10657992905115056,0.281229178560261,0.5837521637585638,0.5538012173423768,-5.328140058484933,0.8785286965523947,0.6672281261930466,-37.9958856483127,-0.12606777518458714,-0.07303103730082512,4.202521077735652,-0.6635157391355097,-0.6627492417633056,0.0049662929242211724
51.24000000000776,houtaitui_play,houtaitui,0.0,0.0,0.0,0.9359693300894767,21.25196132929452,22.634190208395793,23.526417882979647,-0.003858553716698249,0.006221912695508136,-0.0021426959647356915,0.0009103207278536359,-0.0016652724980773508,-0.015578169620957732,0.10701789226582344,0.2826803076335498,0.5825655106486586,0.5546288427362442,-4.9372700180998,0.8779306360668503,0.6643275928149224,-38.40301283543004,-0.12545059730749378,-0.0726917788386345,4.187269359099248,-0.6633540675557432,-0.6638307084381103,-0.016834333122456465
51.26000000000777,houtaitui_play,houtaitui,0.0,0.0,0.0,0.9360207061408155,21.24373841239325,22.6370713053687,23.511729498677127,-0.004418865179166853,0.004532145869905257,-0.00018752237256618003,-0.002694881238785838,-0.002041379617315567,-0.011693664764571567,0.10751979109402139,0.28357264137562765,0.5809877383848485,0.5546285298118592,-4.622664833725824,0.877167441236149,0.6622666132102013,-38.624434071623554,-0.1249186997230684,-0.07192388102412224,4.210405170950306,-0.6632767490130154,-0.6647984494506836,-0.040438388571007663
51.28000000000778,houtaitui_play,houtaitui,0.0,0.0,0.0,0.9360938682096991,21.232317172025937,22.63942502318025,23.499501867694445,-0.004720926403474272,0.0032583661400195593,0.0013187897809221814,-0.006333830481808475,-0.0015496396738683821,-0.009650821433658922,0.10776543906716125,0.28180128159458917,0.5792274389779353,0.5553470489034653,-4.16238035749211,0.8762517183529974,0.6599821385393143,-38.85946002310751,-0.12433995847478715,-0.07200314775109291,4.154328069478331,-0.6632128111200917,-0.6647164334594726,-0.03972410850130435
51.30000000000779,houtaitui_play,houtaitui,0.0,0.0,0.0,0.936166953286244,21.218898224782922,22.642544095429162,23.489807032639693,-0.004599651346449529,0.0024667347682652977,0.0015812834273554119,-0.00870845516573707,-0.00012079355795612131,-0.008054736471232133,0.10795983005343407,0.2783789588934473,0.5776923287864285,0.5567877676734925,-3.645150617206917,0.8752849843485181,0.657198944355011,-39.18247096608768,-0.1235723651635859,-0.07242882177233696,4.0473321431575116,-0.6631342265972767,-0.6637458314239502,-0.017977614606769252
51.3200000000078,houtaitui_play,houtaitui,0.0,0.0,0.0,0.9362135438684539,21.204103715553824,22.64262462729478,23.486463927055397,-0.004116820625724492,0.0013110571706183263,0.00013116458536956144,-0.012337530776326893,-0.0011253873559779193,-0.0013941286681874256,0.10851438536394215,0.2765481583530951,0.5767739352060044,0.5582881357917786,-3.257251599979803,0.8745061698427213,0.6558143433580399,-39.30569769321737,-0.12277251093745249,-0.07266606315970421,3.96340824656326,-0.6631098148214216,-0.6649939526855468,-0.047742632963473364
51.34000000000781,houtaitui_play,houtaitui,0.0,0.0,0.0,0.9362185552693033,21.186611147017764,22.637487046271314,23.488386963353946,-0.0033625773508478684,0.0002572035885185556,-0.002117372250055818,-0.016351672563452,-0.003968831277041712,0.0038838471543967655,0.10928543662351575,0.2768183869970018,0.5766913951674955,0.559296780491829,-3.1252116882543457,0.8740630726703461,0.6550565895090104,-39.387820354572426,-0.12225002504484207,-0.07236269041895867,3.962683841428103,-0.6631826253585962,-0.6676764001190185,-0.10953745224867409
51.36000000000782,houtaitui_play,houtaitui,0.0,0.0,0.0,0.936190261299358,21.166383517953857,22.630423084604942,23.48584507855272,-0.0023145450329209788,0.0007666034828320703,-0.0038165156613309227,-0.01677505995521561,-0.006828499417163757,-0.00025428198476349457,0.10956294979162802,0.27725013582730473,0.5771762564015106,0.5593164053211213,-3.252093915455741,0.8738744934389335,0.6541412260780335,-39.53758388987824,-0.12191395055913408,-0.07116337046027184,4.0405424930154705,-0.6633900941527309,-0.6693589200317382,-0.14260154058655322
51.38000000000783,houtaitui_play,houtaitui,0.0,0.0,0.0,0.9361396634521097,21.147055333351208,22.626772822600568,23.471051902032457,-0.0013205490440406362,0.002657490418023384,-0.004892825574178729,-0.011015850373682235,-0.00717590375694872,-0.011684305465202657,0.10941907598963518,0.2725664925637101,0.577761785122703,0.5590910848627091,-3.4055528493994323,0.8737764794359847,0.6517545219907761,-39.95607827550994,-0.12185396379954755,-0.0699748519808054,4.14826901414694,-0.6635017318663237,-0.6688987721740722,-0.1314088509264439
51.40000000000784,houtaitui_play,houtaitui,0.0,0.0,0.0,0.9360712145931565,21.13651387788792,22.631987787751896,23.44846559866442,-0.00043534286720445345,0.004678265914101914,-0.005379050119248987,-0.00015425773125964017,-0.0013890713877158772,-0.01946475103014693,0.10999775188407718,0.2716615420335575,0.5780454065275604,0.5603074666509629,-3.214135261499853,0.8736286461981057,0.6467613067874909,-40.82478569305398,-0.12185307627515234,-0.06930065825581551,4.204118313268439,-0.6635273030185509,-0.6673480977355957,-0.09486872136271307
51.42000000000785,houtaitui_play,houtaitui,0.0,0.0,0.0,0.9359927673594524,21.133603989994267,22.64433787256455,23.427972962654312,-0.0004398514186496911,0.00479480645623885,-0.005316087138384077,0.004624397535155128,0.004927119557103983,-0.018992473381380756,0.1113765713813282,0.2747207842031657,0.5781137350361911,0.5629390713224411,-2.736026499146181,0.8733597878531135,0.6421139773378373,-41.603820175806135,-0.12188440967359648,-0.06942884363234043,4.198087702962532,-0.663514589712571,-0.6670071591674804,-0.08779348534500403
51.44000000000786,houtaitui_play,houtaitui,0.0,0.0,0.0,0.9359045612581166,21.130077683957587,22.658674808895476,23.41279363516202,-0.0007081325058010018,0.004311702123924984,-0.005712490314552891,0.0011878584291623458,0.007461779953373223,-0.015401316880435069,0.11350500008353036,0.27968724705319703,0.5785962636890142,0.5656726595411301,-2.3653174260780845,0.8730317081377672,0.639299729133606,-42.04691497981567,-0.12190373558901056,-0.07067073434591294,4.099548087445681,-0.6635656081304375,-0.6679734696685791,-0.10819586982025546
51.460000000007874,houtaitui_play,houtaitui,0.0,0.0,0.0,0.9357942243229734,21.119927057751067,22.670308209420835,23.399325781385848,-3.1578636814792943e-05,0.004292834605862055,-0.00712208619527966,-0.005301741068754577,0.0051173244643127995,-0.01343435387209509,0.11508199325534074,0.2825222279100683,0.5801193623912804,0.5677243408212662,-2.3498043075733994,0.8728735305468718,0.6397156652460099,-41.95705324615395,-0.12198620555847364,-0.07252813428640366,3.9610267312709073,-0.6637184609368404,-0.6699549664794922,-0.15041131135301708
51.480000000007884,houtaitui_play,houtaitui,0.0,0.0,0.0,0.9356526343090492,21.105004422164527,22.6793402505496,23.378960388206355,0.0015726985281764951,0.005827585296318112,-0.009053508520064282,-0.006081258646163957,0.0009158773556434416,-0.019037231038779696,0.11526463786535855,0.2825076030630086,0.5825359693544453,0.5684927937040329,-2.715117070587836,0.8729960317921605,0.6413563128957749,-41.7043561538612,-0.1221766734291493,-0.07299925312399864,3.9439809781114765,-0.6643552189151891,-0.6712402810394287,-0.14915364612989077
51.500000000007894,houtaitui_play,houtaitui,0.0,0.0,0.0,0.9354801211050789,21.095884971661253,22.68874159726751,23.353441970893506,0.0036320561492532754,0.007751436401487543,-0.01061289533655521,0.0016948647784796097,0.00027455583620094193,-0.02240962874841415,0.11511808199109648,0.28070929981354054,0.5851856548388417,0.5694053408155442,-3.045453612062641,0.8734074341006219,0.6408616837511063,-41.88911822080553,-0.1226129941789754,-0.0726016640663147,4.024937323628841,-0.664622045402626,-0.6714579572021484,-0.16328734132341027
51.520000000007904,houtaitui_play,houtaitui,0.0,0.0,0.0,0.9352830588665204,21.097312375771732,22.697068204033055,23.330232204315088,0.005017176741528814,0.008493165325421135,-0.011857192191221834,0.009918394720595842,4.22086906045685e-05,-0.01965013852551469,0.11446627678560764,0.27825418055521967,0.587684976037307,0.5709011044750214,-3.2140099356113065,0.8741109510770358,0.6426945265779496,-41.70826510843798,-0.12332391509267793,-0.07269490249454975,4.090935911070777,-0.6647815752767661,-0.6719021310150146,-0.1726542769353289
51.540000000007915,houtaitui_play,houtaitui,0.0,0.0,0.0,0.9350879446966147,21.10268338348698,22.702702725801874,23.313182953182906,0.005482620929787086,0.007660505786673153,-0.011242587190855552,0.010122167797452914,-0.00043681650055764267,-0.013603034565030038,0.11427034400191861,0.27670097514907066,0.5896483330652451,0.5697198745260239,-3.7367965528489298,0.8749137961399908,0.6445621785173417,-41.52453286529489,-0.12397932861032379,-0.07343962341547013,4.0792229054879945,-0.6649525281666127,-0.6717948426544189,-0.1652405685095044
51.560000000007925,houtaitui_play,houtaitui,0.0,0.0,0.0,0.9349319031507893,21.10119619819849,22.70900738113967,23.29191469455677,0.005281623293918775,0.007908095411816772,-0.008712442560223925,0.005076344180023109,-0.0010896040641865693,-0.01883463810344589,0.11415128438104061,0.27813434016440697,0.591029058462149,0.5664914336452485,-4.521932868503707,0.8754942876144264,0.6472379353294373,-41.1304279561987,-0.12468735625964683,-0.07463388442993164,4.043950591536359,-0.6650868915911289,-0.6706773747741699,-0.13538270494054205
51.580000000007935,houtaitui_play,houtaitui,0.0,0.0,0.0,0.9348227681402826,21.08966728903516,22.721327680206063,23.25603349068798,0.005299064163425692,0.010058609455286435,-0.006071745394271605,0.0015909111842826382,-0.00018797191003461222,-0.03296712682566124,0.11364555756810105,0.27988639118460834,0.5921722908315878,0.5640252765665055,-5.154285862428669,0.87569925090457,0.6499796297798157,-40.64427780753468,-0.12559035771493546,-0.0760629765689373,4.013129783041202,-0.6651483658820657,-0.6686720361053466,-0.08632166286399193
51.600000000007945,houtaitui_play,houtaitui,0.0,0.0,0.0,0.9347440928389358,21.0785261760106,22.738010434960948,23.21366009652941,0.005786749910511643,0.01100494965116145,-0.004262313437957282,0.005207700304647838,0.001624662700107039,-0.037059055982941916,0.11253378286736203,0.2789126555586081,0.5930625527477759,0.5628408726701737,-5.508538764689523,0.8757182920677616,0.6531705048332215,-40.059820989495144,-0.12642937196342863,-0.07683833986520767,4.012175319290568,-0.665175278093893,-0.6679079045593261,-0.06753254336001703
51.620000000007956,houtaitui_play,houtaitui,0.0,0.0,0.0,0.9346884797937695,21.080998536695777,22.752189160479986,23.18648742445476,0.005954968245090039,0.009480322427563923,-0.002671860588823192,0.01225735190418243,0.0040709898604138674,-0.02251561808069328,0.1112623202145419,0.28035856070620024,0.5933785211371386,0.5623200323829651,-5.612646226281899,0.8757736886165564,0.656552233959198,-39.4645460952301,-0.12712181853576268,-0.07600082382559777,4.127419365833333,-0.6651820534331802,-0.6688391675292968,-0.09121988135531568
51.640000000007966,houtaitui_play,houtaitui,0.0,0.0,0.0,0.9346627388809784,21.09391960366954,22.763806867071516,23.175190466015177,0.0055077309051158214,0.008369048814116143,-0.0009025053843022051,0.015487727109940987,0.006419512675400888,-0.011029602188351258,0.11051439201709758,0.2851372379693655,0.5933155343753215,0.5615213450441361,-5.718262729580534,0.8757946858894143,0.657475137377739,-39.299059751278,-0.12763007664502077,-0.07497832104563713,4.239830705965291,-0.6652125736348302,-0.6695463170349121,-0.10717077825148945
51.660000000007976,houtaitui_play,houtaitui,0.0,0.0,0.0,0.9346840282602887,21.107196932381694,22.776468255705282,23.166890178796567,0.004660015326425695,0.008451959790027922,0.0017422522540269554,0.014041917716283298,0.008133175601780519,-0.010284591197557619,0.11004832774406277,0.2886576595427848,0.5927656282943354,0.5600213941583634,-5.851550325289263,0.8755198450445016,0.6567798640975953,-39.35269137961404,-0.12793251781959009,-0.0751873005181551,4.2360488831641625,-0.6652482964367956,-0.6694583405792236,-0.10404364820599378
51.680000000007986,houtaitui_play,houtaitui,0.0,0.0,0.0,0.9347559046185367,21.111345028908694,22.797576929542,23.15126783837212,0.003750154261530935,0.009441346579701632,0.004887011090298295,0.00811964886579829,0.01346992348731095,-0.02001295695076248,0.11040315361458168,0.286932941512384,0.5917221648402083,0.5596987691173554,-5.68451289817363,0.8746254113332113,0.6534533288726807,-39.743372984313574,-0.12810845914898655,-0.07679829858243466,4.114701688662448,-0.6651700701366545,-0.6659612168609619,-0.02291218498694386
51.700000000008,houtaitui_play,houtaitui,0.0,0.0,0.0,0.9348445930247156,21.106085517721258,22.834528267717467,23.128839780057337,0.003508037760155193,0.009459083633812693,0.007157308541487064,0.0020377261339197764,0.025229034834275472,-0.0298113911219332,0.1112219174797877,0.27920972401244537,0.590299278197199,0.5613571640501023,-5.101356276161827,0.8730625921100926,0.6487264570245743,-40.262438434796636,-0.12804196618182823,-0.07702811732888222,4.075612038766396,-0.6643623411833899,-0.6612402905761718,0.04774533406582508
51.72000000000801,houtaitui_play,houtaitui,0.0,0.0,0.0,0.9349173020885562,21.09673601267466,22.882251327230783,23.113841105278528,0.003927012203502828,0.007896977810793052,0.007792170029998662,-0.0038278960361940503,0.03579041511331558,-0.025340286553354893,0.11235615511592734,0.28062662029919927,0.5888128159229699,0.5642783876905442,-4.305139366278259,0.8711902679873358,0.6458591755876542,-40.418031956665736,-0.12775423234117447,-0.07657027915120125,4.077270874246818,-0.6634841503733888,-0.6612443436920166,0.02695918816962036
51.74000000000802,houtaitui_play,houtaitui,0.0,0.0,0.0,0.9349706279251959,21.088587145586416,22.928619508999034,23.113529044367414,0.0046418259966879705,0.006862557753545646,0.007144035048243989,-0.0073936237009981694,0.037664279644413885,-0.01313671453006061,0.11349779071826213,0.28059795809829824,0.5876225844340266,0.5668378707418442,-3.6503980232311912,0.8694873219185513,0.644825333024025,-40.31059626402111,-0.12767367370345653,-0.07607872523367405,4.124855333056483,-0.6632793549856391,-0.6656388749420166,-0.06354913728830358
51.76000000000803,houtaitui_play,houtaitui,0.0,0.0,0.0,0.9350029127018689,21.079866487655025,22.96701955794566,23.124004334489285,0.0058271851951109,0.0071915544929015505,0.00541182498686023,-0.011825898714628736,0.033668986964969255,-0.002779279589331078,0.1142794910648052,0.28417803923919105,0.5872479842878932,0.5693058308610917,-3.2062040092133617,0.8681684936681012,0.6430960681686402,-40.41389565223522,-0.12767029527345158,-0.0759014442563057,4.14146282553089,-0.6633708880661053,-0.6694554795562744,-0.14832475703737846
51.78000000000804,houtaitui_play,houtaitui,0.0,0.0,0.0,0.9350064678512094,21.06969356557735,22.998104069145057,23.135847945884723,0.007665627077548112,0.009165296164145558,0.0030709532913466998,-0.013015030571795877,0.028048144920152715,-0.0006252811847879194,0.11480066781334189,0.28112760053103647,0.5877069788213718,0.5726304885396958,-2.7504304635866914,0.8672190503554228,0.6394150939235688,-40.93260379374975,-0.12760538099606347,-0.07793467417359352,3.9702181795935085,-0.6639051134348318,-0.6702212800323486,-0.13831447997173968
51.80000000000805,houtaitui_play,houtaitui,0.0,0.0,0.0,0.9349638075251789,21.05800233333394,23.026446862286242,23.142755874654668,0.009949102360727415,0.011337965246074402,0.00022292980951667458,-0.012600481864702745,0.02479147859904453,-0.004426463965262613,0.11559003261706309,0.28429737217446793,0.5887191093951255,0.5755417582044602,-2.4508672878970716,0.8665752512064495,0.6351320084581376,-41.6107599946712,-0.1275951027828188,-0.07873421087861061,3.907538607484889,-0.6644069759569164,-0.6708905209838867,-0.14609523403620522
51.82000000000806,houtaitui_play,houtaitui,0.0,0.0,0.0,0.9348695479765806,21.045091809576356,23.0537299058965,23.151748871380327,0.012148712695330221,0.012009410389336318,-0.002131294752423809,-0.01476801153203939,0.02496176068424745,-0.0009597060767353224,0.11652266895744225,0.2849242896934001,0.5900347752810411,0.5779555824050904,-2.275340101504985,0.8662091018438667,0.6327206727514267,-42.00052228952669,-0.12769347600228573,-0.07754658088088036,4.017257424498139,-0.6650545492134586,-0.6735927571594238,-0.19026834013227117
51.84000000000807,houtaitui_play,houtaitui,0.0,0.0,0.0,0.9347448123341418,21.02914250766258,23.080622226655947,23.162966542936587,0.013762324310586938,0.01370052588577099,-0.003589410687470784,-0.018269246329532775,0.025136380116577785,-4.039969431622603e-06,0.11747312157276328,0.28364223105703734,0.591734715783637,0.5800999638090134,-2.2255546500509182,0.8660148071704351,0.6309499379644394,-42.296952330596305,-0.127827952040457,-0.07612403966486454,4.143361507126657,-0.6660436750564064,-0.6747123708068847,-0.18175598022122075
51.86000000000808,houtaitui_play,houtaitui,0.0,0.0,0.0,0.9346017659173453,21.0101736919705,23.106853689363582,23.173425363402107,0.01514810075966561,0.01656885384411206,-0.005165882516353767,-0.0204543453267298,0.02429848768488007,-0.00037818174408169557,0.11897887100173352,0.2858568790539601,0.5941014398512073,0.5836062666425705,-2.072716025418175,0.8659458559216938,0.6278315421590805,-42.85601549294937,-0.12785604205673703,-0.07561542019248009,4.180046314798248,-0.6670588558408943,-0.6741325368225097,-0.14289069574821137
51.88000000000809,houtaitui_play,houtaitui,0.0,0.0,0.0,0.9344352522499302,20.98419695652569,23.134320645278862,23.179654634195323,0.016726153392599828,0.01946867437289294,-0.006760997064009167,-0.025691844192568015,0.024190518502495605,-0.004511839261858205,0.12093927837233687,0.2994002558964399,0.5974335393134774,0.5898024227867127,-1.6323987708469072,0.8658988109734858,0.6230451103696824,-43.71032455509491,-0.12775965780050394,-0.07624869905412197,4.114803442746228,-0.6678315324550632,-0.6748570908843994,-0.14981070663584342
51.9000000000081,houtaitui_play,houtaitui,0.0,0.0,0.0,0.934230362145103,20.948969481837896,23.16408215906787,23.179327393266114,0.018772080043549112,0.021823285789635802,-0.008804093197292629,-0.03145993756182054,0.02427062976294757,-0.010193668014689027,0.12285758467264356,0.3129174383393678,0.6016461916377959,0.5969077881822586,-1.1791433748472495,0.8658731649804512,0.619891011382103,-44.27507220999636,-0.12774948908350217,-0.07636982128024102,4.110066214460032,-0.6686619542158392,-0.6771721352874756,-0.18318318048615972
51.92000000000811,houtaitui_play,houtaitui,0.0,0.0,0.0,0.9339817080722927,20.906416480012656,23.19539231057895,23.174883090985894,0.020918867952036485,0.02432210689919229,-0.011122873890607541,-0.036344880330085254,0.024309341868558473,-0.013225141582039789,0.12508308142726787,0.32717012333681994,0.6066311824787463,0.6042783346424103,-0.8089437632075441,0.8659523653277857,0.6167608138570786,-44.86076968876886,-0.12777142319804377,-0.07548592910170555,4.18362393675165,-0.6706310749610015,-0.6809038628875732,-0.1845655548351393
51.94000000000812,houtaitui_play,houtaitui,0.0,0.0,0.0,0.9337076397614421,20.856858695560305,23.22361332885511,23.167263227117324,0.022985685871699562,0.02815779091581493,-0.013239580375293858,-0.041467293742437523,0.020245483871845,-0.014473638923397066,0.12642651806975075,0.3361466936695974,0.6125027278778279,0.6115681913146973,-0.6217822955589148,0.8662421120425251,0.614899345899582,-45.26423032553614,-0.12776425131432384,-0.07556286565959454,4.1757235998063065,-0.674074525866964,-0.6848408688842773,-0.14631391842153235
51.96000000000813,houtaitui_play,houtaitui,0.0,0.0,0.0,0.9334383899998039,20.802118152528504,23.242304355710143,23.159166304461614,0.024850171876560165,0.03236725189325592,-0.014468420797575382,-0.04568204821154654,0.011844550124710067,-0.011071684998430725,0.1264533749318248,0.33781982520111165,0.6190244093160715,0.6153360691318512,-1.1661866639885585,0.866814884215648,0.6171785381088257,-44.97884860064691,-0.12779210364115517,-0.07625972777605057,4.123258627397518,-0.6783031279862495,-0.6892194260894775,-0.12575478618382063
51.98000000000814,houtaitui_play,houtaitui,0.0,0.0,0.0,0.9332035086871763,20.74847295418648,23.251495865963925,23.149193503785217,0.02668286038978498,0.037415630174360975,-0.014217897924487709,-0.042983915495130726,0.0037310211211948946,-0.010104526866992557,0.12552256094475228,0.3343745440396678,0.6253771018135149,0.6149817195186615,-2.3585738616187792,0.8675860549079157,0.6215371426591874,-44.34832789451224,-0.12795817711329077,-0.07607758715748787,4.160422443422782,-0.6820655425109707,-0.6924130429565429,-0.1323903658583738
52.00000000000815,houtaitui_play,houtaitui,0.0,0.0,0.0,0.9330146109758133,20.702346611402344,23.26071482568134,23.12983442270584,0.028954642940287097,0.04304530757505667,-0.012417535214539616,-0.03190437516566915,0.002013498414573489,-0.018511730760140795,0.12457964228791071,0.33108119702079,0.6305477218314386,0.6142048027763367,-3.335236452327881,0.8682651987336053,0.6244366106042862,-43.94282405315705,-0.12804267733459718,-0.0747256588190794,4.26865874772251,-0.6836663294835899,-0.6913656701385498,-0.1459086927869132
52.02000000000816,houtaitui_play,houtaitui,0.0,0.0,0.0,0.9328738126585531,20.664923391174252,23.276689198187935,23.10253479345241,0.03113512028584565,0.047772308976773446,-0.009691649774760232,-0.02220762121790284,0.005977466331129296,-0.026207888581179735,0.12375399016773556,0.3281332328718745,0.6343604171343983,0.6137166854391098,-4.00718228932751,0.8686572545835268,0.6285652604351044,-43.24728848480604,-0.12798323298321207,-0.07466024830937386,4.26184844109829,-0.6839362293053071,-0.6890882958709716,-0.12240811696191253
52.04000000000817,houtaitui_play,houtaitui,0.0,0.0,0.0,0.9327917013745789,20.631137017321855,23.296852705387433,23.076767425548507,0.03292111355668816,0.0502275099504912,-0.005804295884255659,-0.020801830107950805,0.009508343594282067,-0.025161817547221778,0.12264031559146128,0.32263661141532984,0.6369759031954508,0.6110945281038285,-4.8547599588731085,0.8687667611754694,0.6346226420650483,-42.15392430317228,-0.12787163569614513,-0.07510419860482216,4.215379943334941,-0.6839650048658947,-0.687035035067749,-0.07621544351903879
52.06000000000818,houtaitui_play,houtaitui,0.0,0.0,0.0,0.9327865223996253,20.596536505515708,23.316962096716356,23.06240531112725,0.03416308920364137,0.04989299686217084,-0.0005047918218754604,-0.0261978072544043,0.012749883719052111,-0.015575472508413027,0.12083307356080361,0.3119052125018067,0.638414610898167,0.605139338637352,-6.097592415062195,0.8685861979528141,0.6417036887655259,-40.82652210626881,-0.1278328670076307,-0.07520284987986088,4.208876170121977,-0.6839190364267396,-0.6856734265625,-0.045659675385251244
52.08000000000819,houtaitui_play,houtaitui,0.0,0.0,0.0,0.9328775386461416,20.5553672451396,23.340652186570004,23.05525287861467,0.03507976782065338,0.048890990803192966,0.006531523105789266,-0.034819222467063704,0.01812434750251066,-0.012507328100404022,0.11888351732376592,0.2986461450469696,0.638523690260461,0.5990565654287339,-7.110654869218116,0.8678509247338161,0.6473344352493287,-39.63793079051412,-0.12776085477487237,-0.07454862371087075,4.253201624202025,-0.6837816037562938,-0.6834887971221923,0.002345717561804051
52.1000000000082,houtaitui_play,houtaitui,0.0,0.0,0.0,0.9330713388798546,20.506365848523018,23.37542764869717,23.047052220894333,0.03617723932320026,0.04807362264532917,0.014718003016757863,-0.04066048626509568,0.027410484565705148,-0.017650837244489702,0.11747051318918804,0.2970991850768454,0.6370662520001035,0.5931830492267609,-7.784580775402854,0.8663341547481481,0.6508633431444169,-38.6710576680363,-0.12755109510000556,-0.0720735277980566,4.427717405913565,-0.6822599785976149,-0.6799027432739257,0.0013363647795510275
52.12000000000821,houtaitui_play,houtaitui,0.0,0.0,0.0,0.933367710643322,20.447494626416745,23.425577937104716,23.032816131856197,0.03741561307301593,0.04741355440354437,0.023208922983361396,-0.047384695195294924,0.03839469662794993,-0.027487843109332118,0.1162242952395311,0.299251854469349,0.6340977375282717,0.5882455792675019,-8.023085468399549,0.8639462568142542,0.6538787719259262,-37.63259780920702,-0.12712919783590182,-0.07094627171754837,4.473174682591073,-0.6793902397109237,-0.6758949269592285,-0.01527604876510523
52.14000000000822,houtaitui_play,houtaitui,0.0,0.0,0.0,0.9337477343992958,20.37528273414362,23.49013213486239,23.008116198470795,0.03900448904199409,0.047124237200391564,0.030325823609294936,-0.05545904678360436,0.04687366535317772,-0.039834914829486485,0.11481807765654213,0.30563057855855,0.6305407751707258,0.5839507963905335,-8.111704420048703,0.8608694242880591,0.6585633095750809,-36.18281424739435,-0.1263187167415797,-0.07256728895008564,4.255267814450705,-0.677043462781267,-0.6738602628051757,0.0020289861784721364
52.16000000000823,houtaitui_play,houtaitui,0.0,0.0,0.0,0.9341916299173771,20.29484991801171,23.556909467775917,22.98337856657655,0.041127460799668294,0.04516505590445933,0.03581480117668197,-0.062437179496949144,0.047578593137636176,-0.038333743458362865,0.11305752046901284,0.3143507068914724,0.6271048711555894,0.5792680468807221,-8.345708838741164,0.8575805584532807,0.665352666045189,-34.35233508542884,-0.12520438517749255,-0.07348243072628975,4.076141309836065,-0.67640372639824,-0.6753589619934082,0.010506800312346704
52.18000000000824,houtaitui_play,houtaitui,0.0,0.0,0.0,0.9347091052674168,20.202158085492638,23.61473242255629,22.969073637445778,0.04293107670778365,0.03917420616551149,0.04249702522700651,-0.07830137596017431,0.04263665260122901,-0.02655160644665414,0.1123054042176257,0.32333754303013396,0.6231161940903542,0.5722311970243454,-8.850168537620124,0.8541694157076806,0.6692101296434403,-33.034375072672844,-0.12398302096204712,-0.07049273066222668,4.213181890582156,-0.6763103501780349,-0.6789292802154541,-0.06777139579391486
52.20000000000825,houtaitui_play,houtaitui,0.0,0.0,0.0,0.9353448275437695,20.08547580867893,23.65955737521161,22.977873165541347,0.043597773193125404,0.029405988676638205,0.052587007913724504,-0.10945955063060242,0.038702648594053035,-0.003760657657059005,0.11325360100784387,0.33544826756640034,0.6177254957967646,0.564953678513527,-9.081272972378612,0.8502403433378805,0.6683535512933731,-32.442924127042616,-0.12221881306436475,-0.06603617891669274,4.396244080037027,-0.6765567440453648,-0.6833843697845459,-0.16268212518751218
52.22000000000826,houtaitui_play,houtaitui,0.0,0.0,0.0,0.9361900231637452,19.93043250512298,23.68810671175643,23.01593458237624,0.042382109030858345,0.02041247360344301,0.06683443615092366,-0.154994963120346,0.033023318973121454,0.024128329747493557,0.1155044315058576,0.3539000297150019,0.6109583897618301,0.5582828160772324,-8.960596088042562,0.8452101585064481,0.6641363960156441,-32.21339575218535,-0.11982642269549429,-0.06365151815116406,4.360340884444904,-0.679600024739257,-0.6908947934448242,-0.16734759670435526
52.24000000000827,houtaitui_play,houtaitui,0.0,0.0,0.0,0.9373651972561061,19.73323406417976,23.68708587322523,23.088845728488753,0.039935871003791285,0.015489632495224174,0.08457369972118174,-0.20415268745012843,0.01651161803926455,0.06053591288047568,0.11877407505045352,0.37648613184952273,0.602632398249952,0.5503921743879319,-8.759384650751642,0.8387402068604668,0.6587706741342545,-31.90650540957231,-0.11747597175628303,-0.06222196593880654,4.291474736674016,-0.6866728955166791,-0.7024189938842773,-0.13892660965531595
52.26000000000828,houtaitui_play,houtaitui,0.0,0.0,0.0,0.9389882422247912,19.518646235980707,23.634967806396613,23.207935175738637,0.03754446296397395,0.01585428392716942,0.10460377207796054,-0.23225099859155707,-0.015364955956502314,0.11241686060282627,0.12227505534354566,0.3972738770845978,0.5918438487544111,0.5402796056518555,-8.445181751807487,0.8309548960112344,0.6541545775184632,-31.23685577190861,-0.11566681337847592,-0.05912117771804333,4.425609652801774,-0.6980620910801983,-0.718900155001831,-0.1180540051626614
52.28000000000829,houtaitui_play,houtaitui,0.0,0.0,0.0,0.9411331394427135,19.33382928305257,23.508350229865034,23.377568627085655,0.03704052667833882,0.024735151942418713,0.12363659643501287,-0.2175472340598832,-0.06610616722529267,0.17346196711273748,0.1250130752726727,0.412070826704084,0.5772652812688426,0.5273194697151184,-7.857850250048729,0.8224968990318496,0.6522599991807938,-30.005064458819717,-0.11454537844904554,-0.05216486304998398,4.931323273973953,-0.713539654797794,-0.7405831326782226,-0.1342264881892119
52.3000000000083,houtaitui_play,houtaitui,0.0,0.0,0.0,0.9438429615860524,19.20299723242039,23.304380829475846,23.566708719508977,0.03749757441702075,0.045577475778664944,0.14113915198307675,-0.17364392381858787,-0.12578826037529722,0.20511527510057867,0.12663796819147938,0.42267516478028644,0.5583607021541495,0.5088119145879746,-7.448861383126886,0.8134107147614633,0.6474033829221726,-29.19430579454664,-0.11459113391955107,-0.04526256881654263,5.554528151304613,-0.7313150901826359,-0.7633168210327148,-0.18712810167709693
52.320000000008314,houtaitui_play,houtaitui,0.0,0.0,0.0,0.9471533743899604,19.099021747501347,23.038163073514607,23.71511808604119,0.03619494167189499,0.07846627808668452,0.15738668436533848,-0.13778525065730662,-0.18857836229278896,0.18472432254612822,0.12832786131148458,0.43863443409593983,0.5365041127977902,0.48709923889732365,-7.1928223183756845,0.8027544222543881,0.6356784787425995,-29.266770790452057,-0.11617794934740107,-0.044039984419941905,5.8723709263081325,-0.7499212661189663,-0.7815353383361816,-0.1547660042742367
52.340000000008324,houtaitui_play,houtaitui,0.0,0.0,0.0,0.950999640134411,18.97038944695271,22.712141022594626,23.761076349287436,0.03598760218482425,0.12089607847817285,0.16594801781900403,-0.12743879143539744,-0.26794622817946157,0.1175615800918941,0.1298048709032212,0.45992758899254227,0.5134676034350835,0.46514666941261296,-6.903065726459745,0.7903418480624221,0.6292620089302063,-28.052835590570616,-0.11878855549056842,-0.0443108931183815,6.115813656748584,-0.7671348636902491,-0.7932791222869873,-0.07419748857936093
52.360000000008334,houtaitui_play,houtaitui,0.0,0.0,0.0,0.9551883840828594,18.76875859200316,22.323320779559978,23.66033099376249,0.03764615161511234,0.168861130760711,0.16146347607779651,-0.14548527977737374,-0.35987280957854,0.018298036168848328,0.13349078534424422,0.47355346498852935,0.4924909058526072,0.44290886190032963,-7.223641931945765,0.7767651233914564,0.6219093885669709,-26.8451934273654,-0.12265492455454279,-0.049432874843478206,6.091969247983017,-0.7796253419828874,-0.8003222455322265,-0.10957189148760188
52.380000000008344,houtaitui_play,houtaitui,0.0,0.0,0.0,0.9597333778458373,18.521985426184553,21.873318858232608,23.485065155197866,0.03418118686363307,0.22212864420918166,0.15715491668700707,-0.15755009845202955,-0.4258885503331655,-0.010808582639096884,0.14075471547859184,0.4788862881266944,0.48529130817234506,0.4307723429450989,-9.431184771041215,0.7612737269416846,0.5916164603481293,-29.368888021351843,-0.12899549308649194,-0.06258518639951945,5.691778426210121,-0.7865872791538205,-0.8008489121734619,-0.13940971826660847
52.400000000008355,houtaitui_play,houtaitui,0.0,0.0,0.0,0.9646068829929735,18.2599906406296,21.40026871045385,23.334592536204806,0.024640035325126305,0.27535097987373497,0.1507161201928074,-0.18500757788130687,-0.42915510414584107,0.018230948239404847,0.13891887401919753,0.44660185576809,0.4835173380362178,0.436434784198761,-8.42079098129981,0.7420621736040734,0.5580853756914139,-31.665294662487447,-0.13833441248348136,-0.07292558550834656,5.778454512250554,-0.7879886185104641,-0.7947682847320556,-0.14538164973510725
52.420000000008365,houtaitui_play,houtaitui,0.0,0.0,0.0,0.9695464614006309,17.909986588632357,20.971038130323052,23.176672662703368,0.013856627716962083,0.31788859524083163,0.13999923728768915,-0.2680376685013382,-0.3902906097294727,-0.013476098183497393,0.12989601347151586,0.3999299509999208,0.49194098013472376,0.44710285332298283,-8.860727534714524,0.7174783090684055,0.5312635239610672,-31.661024582288103,-0.14860514265470437,-0.07826921083033085,6.214214020000288,-0.7846456697478202,-0.7834333886444091,-0.09631519282353315
52.440000000008375,houtaitui_play,houtaitui,0.0,0.0,0.0,0.9744434067744027,17.34951646427203,20.638076880110578,22.867394245107796,0.003194144377505495,0.35625654374220794,0.13399516138703277,-0.4144428822649823,-0.34788165377636776,-0.1784190424355951,0.11948584099562969,0.3658097503170423,0.49716097020153543,0.44991264608001713,-8.9742827905497,0.685057348459049,0.492873930598259,-32.141072391057996,-0.1583183785162479,-0.0855617105960846,6.379344907486047,-0.7740741170801743,-0.76202840703125,-0.08759969098343756
52.460000000008385,houtaitui_play,houtaitui,0.0,0.0,0.0,0.9791706702902707,16.488415885200375,20.415529605825746,22.27124599407336,-0.0033675759400624145,0.39012934420143064,0.12646092839617284,-0.5935122589831167,-0.3249996734917888,-0.4476469601923978,0.10486716956565378,0.3149529779756801,0.483351438766132,0.4391441729316712,-6.859742078931226,0.643669793631023,0.45905409123992924,-30.09445518449427,-0.1663036445385395,-0.09646771401166916,6.0487284983462875,-0.7568448323750102,-0.7389330376922607,-0.15941155686431807
52.480000000008395,houtaitui_play,houtaitui,0.0,0.0,0.0,0.9833332397193932,15.312263891049938,20.271669471638457,21.315670948462344,0.00038841048435081515,0.41635610528872385,0.10041261432636533,-0.7578195674696986,-0.3373214346572422,-0.7599256487795603,0.08657386497904182,0.24393165156794583,0.4434006054700983,0.4159943249473572,-1.6617338144001987,0.5959922802944222,0.4362064388046265,-25.13181099716865,-0.17141911188769818,-0.10533670634031296,5.58737620064296,-0.7362555047376809,-0.7165531625091552,-0.21636735052355183
52.500000000008406,houtaitui_play,houtaitui,0.0,0.0,0.0,0.9864418090911556,13.817288524633433,20.14747563674658,19.97345745286346,0.013455626960101177,0.4338014550190781,0.0508550539689637,-0.9226783691606519,-0.3887758405340549,-1.080002886385162,0.07167392707742401,0.18646102774957296,0.386015640808556,0.38222021725273136,4.0159823996099355,0.5464382334441873,0.410944381023407,-20.59342965396229,-0.1738760559147798,-0.10795786529779434,5.430341612062413,-0.7145398948331696,-0.6981822957336425,-0.32966593833592495
52.520000000008416,houtaitui_play,houtaitui,0.0,0.0,0.0,0.9881799354463953,11.992300195300725,19.98687294569939,18.232755944955006,0.030551906343194605,0.4490880520036443,-0.013887204545725076,-1.095322271594426,-0.46547626429293676,-1.4040435947645535,0.062351746165489184,0.16424423710118272,0.32438406733567193,0.3370972659835816,7.3305352989960575,0.49842545955398915,0.38173613813018803,-17.302181221358026,-0.17322549392607725,-0.11009529158473015,5.035770687901287,-0.6960356383325005,-0.6826784123718261,-0.28779833418489587
52.540000000008426,houtaitui_play,houtaitui,0.0,0.0,0.0,0.9883350782870725,9.838098543972679,19.766075470838427,16.068289018417328,0.04640606984670325,0.47023267614052094,-0.08922197861733397,-1.2603320545562555,-0.5333611245001633,-1.7574973788815211,0.05534809948096375,0.135081435765265,0.27359651591270784,0.30135283734893803,9.109634025983695,0.45385432391847047,0.35176349547004704,-14.915259118348775,-0.16821529989813908,-0.11550504267215729,3.9489254414632557,-0.6883158718902685,-0.6862806786834716,-0.17516680358893855
52.560000000008436,houtaitui_play,houtaitui,0.0,0.0,0.0,0.9868388822446821,7.412659623881925,19.467065015980275,13.507255647971789,0.057679782654452165,0.5039883431037182,-0.16767370074473947,-1.3824489731745653,-0.5784596994264286,-2.0870177713463076,0.052303805919706174,0.13091397793030246,0.24327417286377953,0.28362081315612797,9.669074379704135,0.4143815983710231,0.3136672761688233,-15.040823102433702,-0.1597303375256781,-0.12694095373153685,2.1621724728432152,-0.6925571184120374,-0.7079264630615234,-0.2029494849442462
52.58000000000845,houtaitui_play,houtaitui,0.0,0.0,0.0,0.9839064417425771,4.776142098220327,19.07704079701482,10.64210097733146,0.060409017722080294,0.5496955691586409,-0.23229674800107175,-1.4913556517991369,-0.5892021358858218,-2.3454228636057355,0.05288107719339329,0.12673030340543023,0.224376525173533,0.26275504496192936,8.426689330729387,0.3788376969699033,0.2689621832618714,-16.987954233495152,-0.14933551471579143,-0.12932709902524947,1.0358078764983356,-0.7056664240863384,-0.7240080346405029,0.010655024888825526
52.60000000000846,houtaitui_play,houtaitui,0.0,0.0,0.0,0.9816891375057801,2.5728964352491928,18.749753250106686,8.383401769186559,-0.008038731797236048,0.5027153155351854,-0.13740713758857862,-1.1789158632057344,-0.3346981864784184,-1.5879070792530263,0.05445817432069546,0.1329203648470771,0.30077269397708445,0.23566535976028447,-20.470406931295763,0.3349514466940532,0.25332374241447453,-11.163606289171465,-0.13843033447173858,-0.10554065480828285,2.0444541148538105,-0.7216535874240142,-0.740684937411499,0.08777584971806407
52.62000000000847,houtaitui_play,houtaitui,0.0,0.0,0.0,0.9814761479784221,1.3778489981032092,18.575641326003755,7.273271695003891,-0.04452397065082281,0.43817453798791894,-0.04714360750272051,-0.6730747887920673,-0.16771088500836534,-0.8351988455590624,0.08092502011747425,0.19161815275631705,0.39140300647793574,0.1997848537216187,-41.439537618330945,0.2894221474235031,0.29645130899047856,4.921516316189123,-0.1284720651276558,-0.10862201005220413,1.0389671993589675,-0.7334418946645039,-0.7441014756500244,0.11045675508307146
52.64000000000848,houtaitui_play,houtaitui,0.0,0.0,0.0,0.9817500625966503,0.7149816563493506,18.502014971728205,6.582573856838893,-0.061274168915838104,0.380046259092182,-0.016479009070007045,-0.3527886883615766,-0.06391215304192867,-0.5440914033986135,0.10635808090773358,0.2968098961759822,0.43043520682433745,0.23169235255813603,-38.70839245656654,0.29794049836263886,0.3633476581821442,10.764964638781924,-0.11756639705845626,-0.10449369549751282,0.43593447052802003,-0.7395764442653152,-0.7384111394226074,0.22495084288566253
52.66000000000849,houtaitui_play,houtaitui,0.0,0.0,0.0,0.9822727915983926,0.2786522145150108,18.4555462046523,5.956583153836599,-0.06678334654587859,0.33650033309328753,0.002139193702566041,-0.19765442057730717,-0.04184253977938233,-0.535066422031999,0.12431435536113357,0.37836160157716453,0.4496636076226164,0.25616593029594426,-36.276680664368754,0.35669369994143485,0.44093845155334477,10.603711433535915,-0.10647981272560994,-0.10105147883296013,-0.17230435669926614,-0.7393368442348882,-0.7268561829864502,0.29914984627488767
52.6800000000085,houtaitui_play,houtaitui,0.0,0.0,0.0,0.9829684618817974,-0.11888563069716065,18.30969642307728,5.295148915428277,-0.05247119261311286,0.2921373035999472,0.004291600542638163,-0.16467889585695342,-0.14382470258126745,-0.5531926820805213,0.12193835608511655,0.35483236078219704,0.4648045561901709,0.3026118364582062,-30.33633705825033,0.4207270224229988,0.5040313091526032,9.973766627092417,-0.09597005058958438,-0.07722825855016709,0.9240305202405703,-0.735026890978741,-0.7250439633666992,0.09701641429868854
52.70000000000851,houtaitui_play,houtaitui,0.0,0.0,0.0,0.9837216327904402,-0.5014790325494892,17.979626327153895,4.687451437082483,-0.02693000661364306,0.24072570341328753,0.0011605241599126678,-0.17679470193226862,-0.3017715358547764,-0.5106088482893645,0.10884800956828176,0.2833409876767487,0.47978625375348494,0.3340324547538758,-27.358173413857873,0.45571924254604673,0.5087669279823304,7.205956424241798,-0.08604465941646385,-0.045062321424484256,2.735694055585082,-0.7300560664791476,-0.7280494679748535,-0.11882382150321616
52.72000000000852,houtaitui_play,houtaitui,0.0,0.0,0.0,0.98433191704317,-0.7387057379626806,17.547245682090683,4.180504773723783,-0.007561796907756522,0.2062698965061523,-0.009259766330378557,-0.0605709756273953,-0.3735394346171453,-0.4283404752405351,0.09409190582909864,0.24518188392228754,0.49314276531775253,0.3432103779563904,-27.984809085937584,0.4674589519496152,0.5067139652023316,6.513382858539962,-0.076000132047435,-0.026272869855165484,3.427301614045968,-0.7283288131500102,-0.7319073190032959,-0.1270110362207253
52.74000000000853,houtaitui_play,houtaitui,0.0,0.0,0.0,0.9848870808880202,-0.8092017498329427,17.14515750451845,3.6436082814722264,-0.0063834642914232815,0.20690728149768692,-0.002669246457025459,0.08829381396950277,-0.32540204199720385,-0.4847676257134636,0.08885569834803353,0.2418632265198061,0.5017935578404938,0.3548323300132752,-27.103237593860012,0.4620396962672718,0.4918390896568299,5.975179204903537,-0.06636251409554657,-0.029519944638013842,2.429252688423268,-0.7320498441892637,-0.742419670993042,-0.1075044002726552
52.76000000000854,houtaitui_play,houtaitui,0.0,0.0,0.0,0.9856532434031985,-0.8461750471151448,16.802263745653576,2.940031996004014,-0.009351951429765575,0.217819901699502,0.008141235580091735,0.15374927304410263,-0.28950718978714074,-0.6033903692691005,0.09273947342490682,0.22384310040380423,0.5064456998071496,0.3624856558094025,-26.247444559624178,0.45430598146732887,0.4931469496736527,7.509060950232172,-0.05878407054168511,-0.03337040469050408,1.633662618492597,-0.7394491385468989,-0.748851965838623,0.02759260875761016
52.78000000000855,houtaitui_play,houtaitui,0.0,0.0,0.0,0.9865573929254075,-0.9071639061907184,16.39847092301446,2.236339715011484,-0.00016720635833180654,0.19241646234364337,0.011735582176951122,0.11272269685263572,-0.3529895963302732,-0.5917214235539563,0.09452025244936793,0.22613080627412252,0.510706356727146,0.3591948237667084,-27.591926620575673,0.45052748857147995,0.4728898194084168,4.328504785874067,-0.05233328197659496,-0.019877980649471286,2.252847469724003,-0.7430094777039263,-0.7466091622650146,0.01438312434716156
52.80000000000856,houtaitui_play,houtaitui,0.0,0.0,0.0,0.9879887831662261,-1.0774269653900135,15.9300641756212,1.542738498325699,0.004632367291551144,0.15855730231586146,0.03752932287833701,0.004090920607952353,-0.40420602121007415,-0.5904241950028839,0.08644884062615395,0.2004548945867814,0.5126249142247988,0.36553249623870854,-26.61702435900714,0.437424636011073,0.42208279039955143,-1.7332214576795266,-0.043513101407019306,0.00843173339962959,3.6647245462899507,-0.7447396683959903,-0.7463688363372802,0.010715428009518468
52.82000000000857,houtaitui_play,houtaitui,0.0,0.0,0.0,0.9901246666971772,-1.3756689246994254,15.420150229130988,0.8284828992072467,0.003551648370960954,0.13063368609571713,0.0700305466873539,-0.10662388459944158,-0.4354673082311835,-0.6142067919189549,0.07457642119219972,0.1519870651293152,0.5105358400348827,0.3821303334484101,-22.94224017362641,0.4111146347445588,0.3750848260173798,-4.449360705649658,-0.031055232581127315,0.029782053828239438,4.172904570432262,-0.7471671194945679,-0.7554380406677246,-0.12309004117929424
52.84000000000858,houtaitui_play,houtaitui,0.0,0.0,0.0,0.9927037157749975,-1.7406804783223149,14.870435279825927,0.13938448375500015,0.002053685732974094,0.10846967626034336,0.08577156124037144,-0.16881591474645916,-0.46809732380463465,-0.5894895732818283,0.06521418067669361,0.13266080267709518,0.5052298766131235,0.3906477775821686,-20.203780637776937,0.37561577009318864,0.350517192150116,-1.769026083393813,-0.01628082593105595,0.04846682846546173,4.364376488513626,-0.7478465623654574,-0.7534784783660888,-0.12783507899023694
52.86000000000859,houtaitui_play,houtaitui,0.0,0.0,0.0,0.995335763206769,-2.0890040546111344,14.280431712118432,-0.44944960831089276,0.003156081546886312,0.0897202336386662,0.08204268794891306,-0.1751542434972705,-0.5023671459782465,-0.5027835792967648,0.05910096578893676,0.11554889075421676,0.4983310287124047,0.39228091504669194,-18.54255991736079,0.33722627154609036,0.32625848915672306,1.015715306122532,-0.00045912321662390423,0.07305957078933716,5.015173383051877,-0.745640702302444,-0.7471835126220703,-0.11407944382057983
52.8800000000086,houtaitui_play,houtaitui,0.0,0.0,0.0,0.9977911015054522,-2.3653291226612603,13.668264905971618,-0.9152425427555522,0.00478076186771333,0.07535973161511077,0.06995446750104795,-0.13834201099452392,-0.5201134454349128,-0.40321699986276116,0.054035327884876805,0.10156137499658618,0.49052818238679924,0.38896680739021305,-17.664796684585905,0.3000202718025691,0.29032654430961613,1.1707901541682384,0.01771686940353047,0.10442405641078949,5.932817931407191,-0.7444326525951259,-0.7478863705932617,-0.11606435602557377
52.90000000000861,houtaitui_play,houtaitui,0.0,0.0,0.0,0.9998815637654574,-2.526565633813339,13.05676511388147,-1.26484350495902,0.006397207001061146,0.0665526520213492,0.0499091200704854,-0.059783139994092994,-0.5202766456249868,-0.3077139063833125,0.04896674714287612,0.10128028088472141,0.4825166638707902,0.38123638298606877,-17.59921765994915,0.2694133525776695,0.26572568085289006,1.7454934131442956,0.03945131885217175,0.13148510158061982,6.156579919289571,-0.7443921492192745,-0.7509424199401855,-0.16460369955276485
52.92000000000862,houtaitui_play,houtaitui,0.0,0.0,0.0,1.0014218906409031,-2.5647380130209756,12.453407078857758,-1.5129572603172607,0.007597743104326952,0.06156561387468041,0.020970799653414637,0.02465169438203437,-0.5163545935313599,-0.22366899894063202,0.04474631428014472,0.10404016607864291,0.47619569202621376,0.37215552594757084,-18.229999239210883,0.2519132947989991,0.25971547629928593,2.7863084379385,0.06478251645751823,0.1525507539510727,5.613947024673558,-0.7439871187001448,-0.7436670769989013,-0.002712882475732467
52.94000000000863,houtaitui_play,houtaitui,0.0,0.0,0.0,1.0024753471534444,-2.5324217807242695,11.856440994077072,-1.693795002836852,0.006975468532294119,0.05785518950352602,-0.0029494128246331497,0.06510314219111743,-0.5136393426334953,-0.17072189104482338,0.04371378732093242,0.10826244199827628,0.4724809836452337,0.36421854164695744,-19.192386986363807,0.24624613177404345,0.25361264612770085,1.7713134276122096,0.09242584375094504,0.17548334300518037,5.11460521498156,-0.7388398045383856,-0.7301067818939209,0.02129913355987262
52.96000000000864,houtaitui_play,houtaitui,0.0,0.0,0.0,1.003266728992854,-2.505428031478344,11.269636858397481,-1.8547620995670424,0.004978230627413781,0.05434420181019232,-0.014661915459678248,0.04793994265764635,-0.5046591518586874,-0.1589662454774071,0.04299392352416048,0.1052742571413387,0.47113153908942834,0.36585728194808964,-18.83897392132297,0.2446682105110371,0.23986319568252568,-0.7247592403068845,0.12069132093034035,0.205300909280777,5.210965748569693,-0.7291379743822857,-0.7234382142364502,-0.20256747994544222
52.98000000000865,houtaitui_play,houtaitui,0.0,0.0,0.0,1.0039106155240367,-2.5126121612411954,10.701540474299701,-2.0321092151622895,0.0015129962843388402,0.05371926781561669,-0.020760661433585542,0.019438443481515865,-0.48646488565178536,-0.17587165663752943,0.041928185440360935,0.10297042899605408,0.471689925986258,0.3687194969902039,-18.566153469991043,0.24334631570018933,0.22908250358200077,-2.4463799019743457,0.14887674553659574,0.2346939265727997,5.314297457721697,-0.7200972453570282,-0.7203568925201416,-0.309980840411067
53.00000000000866,houtaitui_play,houtaitui,0.0,0.0,0.0,1.0044514814180274,-2.5428935532467065,10.151733532010978,-2.248697672015706,-0.003921377229868168,0.05743818847897414,-0.02495501496496392,0.006542917291590535,-0.46947245311470953,-0.21136521691531193,0.04203947155338606,0.10909177069735027,0.4733800497786949,0.36428827908134465,-19.75467782607646,0.2417818249226217,0.22324834134674076,-3.1979892964017864,0.17715868822081604,0.2611686408519745,5.162304694654404,-0.7138239747738188,-0.7123746384918213,-0.1733818371056398
53.02000000000867,houtaitui_play,houtaitui,0.0,0.0,0.0,1.0049441218884434,-2.5729565041014473,9.617059193770855,-2.5039946770730577,-0.010075640459553507,0.06352258208196823,-0.026382111659187954,0.013243074641346421,-0.45467846281538843,-0.24358765675403546,0.044089954576325155,0.1215275506881851,0.4749948449291367,0.3534672942409516,-21.988870849621026,0.23997244188727807,0.22046766545867924,-3.3553407873086916,0.20577326987672123,0.2933525562286377,5.427534763105207,-0.7083524222250001,-0.7034420480072021,-0.06830829218382736
53.04000000000868,houtaitui_play,houtaitui,0.0,0.0,0.0,1.0054422159947427,-2.5815544829538477,9.103101592126642,-2.7728246446492704,-0.015263629776122292,0.0689399800523117,-0.024229071159225426,0.033345478629077566,-0.43512887900898517,-0.2513788725362262,0.04737512406354835,0.1357159382914928,0.47533659671396294,0.33962065842247013,-24.44680342092265,0.23787041499364991,0.21773532893753056,-3.446176381067397,0.23438661780860853,0.330041241645813,6.076664430974955,-0.7038149870282853,-0.7034093846618652,-0.14328232890300988
53.06000000000869,houtaitui_play,houtaitui,0.0,0.0,0.0,1.0059844866026637,-2.5584260827219407,8.622260563603819,-3.021206733268481,-0.018430237008246413,0.07075751387843698,-0.01865944935785045,0.056535090000107716,-0.40578832619767546,-0.22879922003204725,0.05081926920734885,0.1475053802956398,0.47361864273536763,0.3261132624397278,-26.413926764325737,0.23517299245844583,0.21290705468750004,-3.7852001055950963,0.2628643986960144,0.3669200360774994,6.758749513050923,-0.7021912595280014,-0.711118172579956,-0.26126332141463116
53.0800000000087,houtaitui_play,houtaitui,0.0,0.0,0.0,1.0065929959233337,-2.5041037853471333,8.176913906954933,-3.2328263980268344,-0.019304744706847794,0.06889400721766904,-0.011951049355114898,0.07685983749238218,-0.37685396177951364,-0.1951382623817668,0.05168806853588594,0.15242627780578222,0.4696284670376548,0.3172021892318726,-27.126762887947045,0.23165830094118792,0.20895395543670658,-3.7999757434614474,0.2920551676313817,0.3981292963027954,6.87559714801168,-0.7023578277045984,-0.7165657986938476,-0.34951233541079424
53.10000000000871,houtaitui_play,houtaitui,0.0,0.0,0.0,1.0072303922315793,-2.419595584194634,7.753990932193562,-3.419405589227187,-0.0188867182374537,0.06664523432035734,-0.008966273294318199,0.09949722821619418,-0.36034348794021437,-0.17477356641206987,0.051002286254992334,0.151729445118443,0.46396737210323,0.31223792698478703,-26.873766282079707,0.22859798889481356,0.20718304183578495,-3.609745787532566,0.32258456544648034,0.4267240285873413,6.642041931785402,-0.7025463632892781,-0.7130345811187744,-0.2582098369976824
53.12000000000872,houtaitui_play,houtaitui,0.0,0.0,0.0,1.0078419243396641,-2.3127763761995754,7.337773883514648,-3.6136068634123903,-0.019300760796473714,0.0663243387353862,-0.010198948492670635,0.11777957669182408,-0.3559870077305231,-0.18488339502272905,0.05235612032666482,0.15143388317755357,0.4576259322288384,0.30619204905128483,-26.769288332514037,0.22689696570557397,0.2051593449363709,-3.7709173054005922,0.35425239656734103,0.45710368156433107,6.475752505242867,-0.7014802362369233,-0.7034813870727539,-0.09840069182243721
53.14000000000873,houtaitui_play,houtaitui,0.0,0.0,0.0,1.0083967950750878,-2.196046520021605,6.923201739177506,-3.8397294981798207,-0.020038445455902956,0.0676119719208126,-0.013185101351107061,0.12769784208677767,-0.35370262582549195,-0.2137443270915404,0.0556874460794801,0.15415607340191811,0.4513566425795457,0.2972005691776276,-27.26635981068035,0.22644662977263302,0.20498023297882084,-3.828109448424164,0.3859110788625153,0.4858237624168396,6.24666933641992,-0.6986953882270593,-0.7015437592803955,-0.17582451053892983
53.16000000000874,houtaitui_play,houtaitui,0.0,0.0,0.0,1.0089226485643132,-2.0751572622376067,6.51476273504896,-4.094564848383335,-0.019955221822837495,0.06811434178299247,-0.013695404735058557,0.13254155914671986,-0.347162143729656,-0.23628618480415203,0.058971397584989184,0.1613822056094839,0.4449048499156668,0.2835226443061829,-28.552364063823447,0.22627495873051195,0.2034319427261353,-4.096733243449506,0.4165404013113604,0.5138637542724609,6.099193372452669,-0.6974529756301954,-0.7054972161590576,-0.23023716632843005
53.180000000008754,houtaitui_play,houtaitui,0.0,0.0,0.0,1.009510981151248,-1.947842583989617,6.11862143199545,-4.353776688876719,-0.018460983409165223,0.06510128831288943,-0.008441627271147948,0.13700345445016507,-0.33627753209762606,-0.2359390876776436,0.06149972718350989,0.17087224690518615,0.43694735998807194,0.2660751130828858,-30.14215758358671,0.22458458621413374,0.19754747417068486,-4.721607054152978,0.4456154215947607,0.5443418741226196,6.3010201190003885,-0.6973438637542306,-0.7078945149719238,-0.26604897421489165
53.200000000008764,houtaitui_play,houtaitui,0.0,0.0,0.0,1.010209839190273,-1.79927951688528,5.740607169696175,-4.587198305827325,-0.01576032385600807,0.058758017022426015,-0.0008916698482364343,0.15365390461151296,-0.3213473641288267,-0.20917624963203046,0.06361983809788607,0.17726034931230727,0.42631437260294147,0.2490540232906342,-31.087828572469263,0.22143978710170378,0.19410923984146122,-4.661665034632815,0.47370742643068336,0.5785009384155273,6.8368541879182665,-0.6974460609862955,-0.7093603123962402,-0.29394133898848557
53.220000000008774,houtaitui_play,houtaitui,0.0,0.0,0.0,1.010965844801987,-1.6125942998399938,5.3858464550080845,-4.782893174843369,-0.013482994722627064,0.05171241221796437,0.003654517381032162,0.18417568166887288,-0.3022853042490566,-0.1746682208670999,0.06402368314730719,0.17616331695729026,0.4130356707742764,0.23687235381698613,-30.690109798260853,0.21911603964299883,0.19319371249771122,-4.477399421748773,0.5013299411815324,0.6105598330497741,7.216114690052686,-0.6982608456997429,-0.7136606683074951,-0.35169383294319745
53.240000000008784,houtaitui_play,houtaitui,0.0,0.0,0.0,1.0117236933127847,-1.403736149504049,5.055014910349614,-4.959010373138635,-0.012899613660480803,0.04462916794013856,0.005561815707796811,0.19775428638388243,-0.2825556209104288,-0.15928442302565743,0.0630630616529771,0.1662103918115635,0.39826287563343243,0.23205248382186894,-28.78295372343148,0.2174844141689119,0.18704042699432377,-5.341452062247909,0.5282632681746456,0.6365248680114746,7.179233847954135,-0.7017567801459217,-0.7244517316162109,-0.43375162040341947
53.260000000008795,houtaitui_play,houtaitui,0.0,0.0,0.0,1.0124255429028663,-1.20668401405524,4.743926961528808,-5.13886281671918,-0.012894737860355499,0.03749288047748143,0.003897928546705972,0.1832587799379854,-0.2664572979059339,-0.1634601904174273,0.06193936576544696,0.15293802946380775,0.3838584422674577,0.23092041280364994,-26.419294375074106,0.215838488313443,0.18266586330032353,-5.831235941324406,0.5542450478117493,0.6578053951263427,6.856871266074201,-0.7083266676013605,-0.7353317250549316,-0.4379082509444621
53.280000000008805,houtaitui_play,houtaitui,0.0,0.0,0.0,1.0129954989235728,-1.0368382058956043,4.447104579356665,-5.3323599510438,-0.01267988416828018,0.03090009517581977,-0.002060468575346924,0.1591481695125832,-0.2546141869127385,-0.17494714750287904,0.06141205219560763,0.15516704717522195,0.3714369637841313,0.2269484188804627,-25.049089998451755,0.21548469431463355,0.18352268006896977,-5.7213610868386615,0.579156224621578,0.6771800637245178,6.4726923172512425,-0.7144966641773397,-0.7361633290588379,-0.33579109200725143
53.300000000008815,houtaitui_play,houtaitui,0.0,0.0,0.0,1.0134115261045284,-0.8928554010936769,4.162539358233756,-5.53764821907457,-0.012132964171272987,0.024577251792889998,-0.00873226979518246,0.13703363399309212,-0.2443142621891067,-0.18385452570103505,0.06173079434178614,0.1703445236982647,0.3614498336283793,0.22053740289306645,-24.592137402164397,0.21717695803964773,0.18283996846771244,-6.307862565592722,0.603131256113886,0.7008748769760131,6.499778006118751,-0.7176476604817162,-0.7321953286468506,-0.26869572902350963
53.320000000008825,houtaitui_play,houtaitui,0.0,0.0,0.0,1.0137031131685639,-0.7719072024614525,3.897352089887918,-5.7470965995455865,-0.01079230565630764,0.018125605924146353,-0.012644278263977012,0.1162644949613757,-0.2264326786686565,-0.18593453746494215,0.062160224964136916,0.18322179134313826,0.3536382278407656,0.21606008079147343,-24.160486615622716,0.22011846703295185,0.17867664363479618,-7.68348791466174,0.6263830121366549,0.7283455848693847,6.875206730900606,-0.7201041125181267,-0.7364003171264648,-0.3216817012066834
53.340000000008835,houtaitui_play,houtaitui,0.0,0.0,0.0,1.0139199674952906,-0.6680193413223577,3.6610115635338043,-5.949469833004955,-0.009446807688153437,0.012817313966863206,-0.01308399563697589,0.10102487003274148,-0.2008977228364123,-0.17765108076911648,0.06262089861948263,0.18667789210213354,0.34719528657302545,0.21202317741012577,-23.832533662958994,0.22333084138731854,0.1750852253684998,-8.929196757420542,0.6485370630967722,0.7531557202339172,7.15199453721297,-0.7253964464686491,-0.7490140904724121,-0.39607207722384496
53.360000000008846,houtaitui_play,houtaitui,0.0,0.0,0.0,1.0140915501617602,-0.5750225623620201,3.453965891556482,-6.129817684035247,-0.008621513390387331,0.009069366858393471,-0.012353473526216652,0.09001826799902142,-0.17612354754160908,-0.15610723144670996,0.06210668622887978,0.18248672296267063,0.3415945175625778,0.21158651378250126,-22.96945485977769,0.22652308920820183,0.1741646316299439,-9.669238262834895,0.6691709574541248,0.773702871799469,7.229191212461192,-0.7346291903217811,-0.7617525567352295,-0.3480968022926484
53.380000000008856,houtaitui_play,houtaitui,0.0,0.0,0.0,1.0142279898959488,-0.4993494407084296,3.265883944943244,-6.26507043534318,-0.008154212792702266,0.004375937861565436,-0.012385778571077819,0.07050438501134512,-0.16164207436097713,-0.11353714369211632,0.060273368479396974,0.17933461363035744,0.3371194582149484,0.21597568061447148,-21.46058805343096,0.2292979797768697,0.17461369302368168,-10.054270071768064,0.6881639589575634,0.7896655917167663,7.076512870371254,-0.7449105023301973,-0.7696778287231445,-0.26666968570980853
53.400000000008866,houtaitui_play,houtaitui,0.0,0.0,0.0,1.0143257870662845,-0.44875776619277763,3.0880008424871623,-6.3395173025628875,-0.007750365203595648,-0.0012258544508567818,-0.013465430093908616,0.04467373762277442,-0.1540459930153717,-0.059165734767368305,0.05883154807211204,0.18362572856625817,0.33415755001068564,0.21960572269058232,-20.389596974056772,0.23163494840797227,0.17470685508346562,-10.426632057741974,0.7055803902306252,0.8042805910110473,6.939324891989641,-0.7535972262724476,-0.7742480744659423,-0.22809088279494788
53.420000000008876,houtaitui_play,houtaitui,0.0,0.0,0.0,1.0143886657042236,-0.41905287730804186,2.9138247815314426,-6.361006770993975,-0.007154391355750755,-0.005421615294021893,-0.01484291863573539,0.02499940465411372,-0.151900556302612,-0.014728002081852775,0.058898456613023654,0.19456098888692763,0.33240199417163785,0.21976188685989384,-20.136835799499757,0.23390316145479248,0.17508993413543705,-10.762514363714228,0.7212887393511578,0.8220167875289917,7.1963509025572705,-0.759123106298391,-0.7769019116699218,-0.26917884331943076
53.44000000000889,houtaitui_play,houtaitui,0.0,0.0,0.0,1.0144322558343564,-0.3962793628130531,2.7345769614632784,-6.354173547639681,-0.006554733809662989,-0.006490128225084476,-0.01629660039674802,0.019569420123810966,-0.157617188721618,0.007227166610673292,0.06000525314618803,0.20461014641480726,0.33106492099869295,0.2174942281494141,-20.335049426827414,0.2365045493440617,0.17626664903259281,-11.044068679815723,0.7350849734339459,0.8402859091758728,7.660317180315068,-0.7619498734125985,-0.7790708054840088,-0.3413045609222834
53.4600000000089,houtaitui_play,houtaitui,0.0,0.0,0.0,1.0144582843608183,-0.3703540733549389,2.5486151888052193,-6.327386523510598,-0.006347084425078167,-0.006375189878920214,-0.01782654120153656,0.022389180178775028,-0.1632157845286929,0.02435069232015627,0.0609950587992976,0.20856894838832382,0.32987256444608704,0.21534846093750004,-20.519114575944826,0.239723360689335,0.1770613577613831,-11.527397472143317,0.7469498730561355,0.8562323570251464,8.094034081758508,-0.7640543816290112,-0.7819942941009521,-0.3783402797878704
53.48000000000891,houtaitui_play,houtaitui,0.0,0.0,0.0,1.0144451627658455,-0.3421890544753888,2.362637313586,-6.27966637548995,-0.006770195074108931,-0.006661806792350549,-0.019882779186133657,0.022878239973899067,-0.16236124708403787,0.04304642606360432,0.06086517053610731,0.20275686355942657,0.3292912998021084,0.2155803230056763,-20.422597579872683,0.24375750182182135,0.17899469401931767,-11.968081524403793,0.7576316026941007,0.8740488409996032,8.726207165205896,-0.7663973412404393,-0.7840837945281982,-0.3612865480858642
53.50000000000892,houtaitui_play,houtaitui,0.0,0.0,0.0,1.0143735004705567,-0.30898022496643585,2.1791333858564954,-6.209672132699616,-0.007275697439781464,-0.006543315804437251,-0.022676992195010296,0.027520213409393264,-0.16027971183903603,0.06289290760935452,0.05981138258339627,0.19611509353466577,0.3294543961067622,0.2158022310981751,-20.470678592490305,0.2491776428784524,0.1853839543113709,-11.903109639992069,0.7679533865276942,0.8886716485023498,9.086667957305554,-0.7678325280856585,-0.7823965062438965,-0.31933543387972185
53.52000000000893,houtaitui_play,houtaitui,0.0,0.0,0.0,1.0142702684001206,-0.2686470708371788,1.9942712548082409,-6.121319832427944,-0.007665459057427793,-0.0059563054161414644,-0.024158785668687396,0.03338031320677779,-0.16207427019810736,0.07804003182824387,0.05946244117144147,0.19493668736888775,0.3298226683920719,0.21530429389572148,-20.641460372908522,0.2554219545531073,0.18916056420898442,-12.409387129279299,0.7777234382754987,0.8991445422172546,9.175231610323483,-0.7680203004525079,-0.7807602395355224,-0.31496338705229976
53.54000000000894,houtaitui_play,houtaitui,0.0,0.0,0.0,1.0141937104939402,-0.22978420136245564,1.8065584474946947,-6.032630363053035,-0.008350035692721337,-0.00458004324007658,-0.02269444765275583,0.030957098532223518,-0.16454125737460773,0.07586567164628678,0.06022571263473334,0.19629988257694192,0.32982151010984295,0.21507666375732426,-20.651536301714007,0.26067879325563675,0.18715242412185673,-13.63595939799384,0.7864347414308468,0.9074845433235168,9.207275136760863,-0.7680009215326785,-0.7822174538909912,-0.35612599396422717
53.56000000000895,houtaitui_play,houtaitui,0.0,0.0,0.0,1.0141712810511616,-0.19724354716802567,1.6208684957197752,-5.961110181053439,-0.009020221099879436,-0.002261182047031399,-0.019579314832576338,0.026138833769783237,-0.16191205089971386,0.05945615871037758,0.06168143288920719,0.2026802792903663,0.32914061961675983,0.21313510205841069,-20.824224861093303,0.2642460260515043,0.18582371738052372,-14.385498813456419,0.7940133202312364,0.913250994682312,9.12479591946774,-0.768023171539306,-0.7833361138641357,-0.381895722740308
53.58000000000896,houtaitui_play,houtaitui,0.0,0.0,0.0,1.0141756621063311,-0.1701391797051118,1.4435039712465836,-5.910402882291369,-0.009301773691378475,-0.00030222663138161594,-0.01760845302575189,0.022138592295057796,-0.15392645145597753,0.041397089398994405,0.06320570095609515,0.20776723625665547,0.328180130754183,0.21091292169189457,-21.030502022639645,0.2668215338737996,0.18802742030715947,-14.378118155837274,0.8003994149415719,0.9201684713363647,9.233937492473954,-0.7680573814084417,-0.7844502438842773,-0.4087450955186517
53.60000000000897,houtaitui_play,houtaitui,0.0,0.0,0.0,1.0141377968840388,-0.1425730911106972,1.2796762408635671,-5.8656165664263336,-0.009797735266794366,0.00044550999357427957,-0.018841043019554662,0.02362366047149812,-0.14149605440139998,0.03888348664243089,0.06316277972231825,0.2042641872811685,0.3278591732228168,0.20953438546752934,-21.276766919920163,0.2701278877092762,0.19473216798400883,-13.828133159405596,0.8060149655320062,0.9274791002273559,9.408677810938725,-0.7680693892753194,-0.7813462724029541,-0.3317758019664996
53.62000000000898,houtaitui_play,houtaitui,0.0,0.0,0.0,1.014020464223808,-0.10162821721931098,1.1296377473971333,-5.821179085686328,-0.010823025822851422,0.0025782610187947133,-0.021578351441951787,0.037176923322424046,-0.12962554646048494,0.03847593318811975,0.06197793517194849,0.19720874424241963,0.3282451081459616,0.20860312249755864,-21.566265196932857,0.2754336441383169,0.20223722722625737,-13.586919657117042,0.8110842837895295,0.9328653335571289,9.463282561256898,-0.7679657563037776,-0.7758724202453613,-0.20170861741039184
53.64000000000899,houtaitui_play,houtaitui,0.0,0.0,0.0,1.013863241530336,-0.047088880961472755,0.9888324360025391,-5.781414408143269,-0.012177805947280835,0.005203950533436278,-0.022263183246975692,0.04843622055770543,-0.12217162141493307,0.03383937127926047,0.061602183324246274,0.19465670454817288,0.32873816138110473,0.20833019282913212,-21.712175735920958,0.28171412242399524,0.2042125847587586,-14.433848955968298,0.815145574792077,0.9338254451751709,9.273468264708859,-0.766960875947926,-0.7733087052642822,-0.19594055820482725
53.660000000009,houtaitui_play,houtaitui,0.0,0.0,0.0,1.0137414747150981,0.00354465307145332,0.8566562194259538,-5.752506977986638,-0.013016624156571842,0.00623926495496034,-0.019103797128814368,0.04259257146314112,-0.11436704622240866,0.023903116338807186,0.0622390590179736,0.1968312976116809,0.3288243414244145,0.20833853747940068,-21.691711109692914,0.2867052280750789,0.20271871354675297,-15.49787669032198,0.8180571462024999,0.9360081672668457,9.279026413596508,-0.7651697674731132,-0.7726551999389648,-0.25015447671306734
53.68000000000901,houtaitui_play,houtaitui,0.0,0.0,0.0,1.0136896593297442,0.03158625280323178,0.7400988241503713,-5.737179362907142,-0.013097046680526025,0.005482521310496067,-0.013753059968714223,0.021351569917431524,-0.09975661050589045,0.011672069531129823,0.06397315837476787,0.20262386555032508,0.3286814710096908,0.20840803649520878,-21.635832139322414,0.2890944042052499,0.20001510646438603,-16.213963428619405,0.8204705301090691,0.9416069507598877,9.558162972737177,-0.7637135014851263,-0.7725343217193603,-0.2691918183246212
53.70000000000902,houtaitui_play,houtaitui,0.0,0.0,0.0,1.0136776517760304,0.040636100738433455,0.6444020515604807,-5.730556505382124,-0.013512235052178455,0.005213619489646603,-0.009965808417199674,0.006289921988617389,-0.08120361737142391,0.005252910109639264,0.06554794596637646,0.20813594799028715,0.3286427785130915,0.20810631778335575,-21.693856843465863,0.28980462650326233,0.2012356307754517,-15.995941662875964,0.8226466210889167,0.9459841966629028,9.746567789764715,-0.7632549426504442,-0.773601721697998,-0.27018779490331424
53.72000000000903,houtaitui_play,houtaitui,0.0,0.0,0.0,1.0136410745302407,0.04971862855377241,0.5685285568947307,-5.723897470015791,-0.014618139235786675,0.0066640780868130346,-0.00970016285528986,0.008658600988071339,-0.06415698697243119,0.006259128401674701,0.06561169933222057,0.20916297024650668,0.3289788218203426,0.20749036338424687,-21.89348825928272,0.2909476129957789,0.20663736131286625,-15.265037873920544,0.8242929121821648,0.9470531463623046,9.730690735972017,-0.7631674995058209,-0.7760002126037597,-0.32315800312307547
53.74000000000904,houtaitui_play,houtaitui,0.0,0.0,0.0,1.0135704057515964,0.06527799154671365,0.5076376694718611,-5.710924383088665,-0.015467203015836645,0.007751432360688942,-0.00982172939665747,0.01424214185347491,-0.05171742780940279,0.012358939166060208,0.06579413632178291,0.20903355047415173,0.32958343766546977,0.2063240792999268,-22.23381171535768,0.2928729904046059,0.20936624076461796,-15.182542244953886,0.8252926228192285,0.9514175176620483,10.03595836259375,-0.7631024425249479,-0.7765528668701172,-0.3384871790538876
53.76000000000905,houtaitui_play,houtaitui,0.0,0.0,0.0,1.0135058424578662,0.08118693616684237,0.45574713631247604,-5.694045197203506,-0.015614681473848068,0.008124987945810716,-0.008379356302353775,0.013547913568209544,-0.044454230527993625,0.01490406208843114,0.0663715752679133,0.21109896062770447,0.3300781393622783,0.2056429770240784,-22.435369179718663,0.2945503531603081,0.20998636748886113,-15.350522395019519,0.8259380628256965,0.9557791471481323,10.352382459570027,-0.7629616100354666,-0.7750646580993652,-0.30765303553197754
53.78000000000906,houtaitui_play,houtaitui,0.0,0.0,0.0,1.0134521160584629,0.09347459623477868,0.4110205821220972,-5.67756075860259,-0.015439655986928402,0.008600149426148122,-0.007193209511369492,0.010236560451642583,-0.038268762867032284,0.01433358035151899,0.06657452909721402,0.2140721164853851,0.3306007986204236,0.20597974326705937,-22.471989816286804,0.29578682794710737,0.2115680363426209,-15.254563859880221,0.8264963093076333,0.954119873046875,10.178685003703507,-0.7628205292123885,-0.7743253220855713,-0.2924741345129678
53.80000000000907,houtaitui_play,houtaitui,0.0,0.0,0.0,1.013386483054694,0.1048202984548411,0.37109043600905856,-5.658995087821989,-0.015416051458004464,0.009673986635624555,-0.007503702201892236,0.009935587526456345,-0.03446301016339937,0.016839544091958213,0.06667757928035876,0.21448161259162274,0.3314049584823927,0.20696459081268315,-22.460333412640875,0.2971502044307838,0.2141208436737061,-15.051467331373761,0.826689764166586,0.9513762712478637,9.9668036623075,-0.7627160288829881,-0.7751919736206054,-0.3152455259876618
53.82000000000908,houtaitui_play,houtaitui,0.0,0.0,0.0,1.0132847254516533,0.11874381001992308,0.33377418294263533,-5.63536709703142,-0.015573592027269064,0.010964801345553657,-0.009239647957201018,0.012529316094083531,-0.03224362231893143,0.021336901814556893,0.0666145572781628,0.2117354670471582,0.3326734585381745,0.20683274533843998,-22.750070029867672,0.2992748489382745,0.2182389881858826,-14.75253302617829,0.8265897495337121,0.952858281135559,10.106666151194643,-0.7626326189809671,-0.7758519162475586,-0.3333369513289828
53.84000000000909,houtaitui_play,houtaitui,0.0,0.0,0.0,1.013160287020932,0.13849061627572037,0.29553027678903654,-5.612036778977483,-0.015637443923407688,0.012714740318863469,-0.01031571897277632,0.017923765578665582,-0.0335857927974983,0.020102636232877107,0.06671919596841226,0.21020265423632767,0.3340046407725198,0.20513842370605473,-23.298956306408424,0.3020350406597443,0.2217751529464722,-14.660551022074102,0.8262934974511462,0.9567517757415771,10.45286763346155,-0.7624959798411478,-0.7750954140960693,-0.31983556432705595
53.8600000000091,houtaitui_play,houtaitui,0.0,0.0,0.0,1.0130548936865136,0.15993859735886176,0.25374115824061166,-5.596081910324315,-0.015289797916671599,0.01398130539260686,-0.009435722900289573,0.018550592373452187,-0.03669206760724794,0.013127958376109068,0.06703435207121212,0.2111170897941625,0.33494782901460984,0.20416233804321293,-23.61390898832425,0.30444235141387577,0.22258345153427128,-14.919605534928543,0.8260357349212935,0.9589752674102783,10.648950143561109,-0.7621721428714566,-0.7741357793151855,-0.31114515453301644
53.88000000000911,houtaitui_play,houtaitui,0.0,0.0,0.0,1.0129951892484446,0.17526516400811892,0.20949649523053498,-5.588406959188508,-0.014586145011931513,0.014082260436909237,-0.00723977871711821,0.012458761554675466,-0.0388168710683899,0.0058189925309297405,0.06726167904349843,0.21200027329803206,0.3354204130421236,0.2044946935424805,-23.602190877818263,0.30574044783092524,0.22209862735366825,-15.153878958991948,0.82597777377601,0.9593423128128051,10.671216276550245,-0.7610970199201367,-0.771820019656372,-0.308111067224586
53.90000000000912,houtaitui_play,houtaitui,0.0,0.0,0.0,1.0129638787421107,0.18427453161563442,0.1648710805148419,-5.583845831321573,-0.01444841146184361,0.013828237006294005,-0.00604077999192333,0.0071979644262941305,-0.03888960624108496,0.004083324316393382,0.06717990409446752,0.2107000283400437,0.3357261931197082,0.20626393821334843,-23.32651051654282,0.3062823627486427,0.22194192674255375,-15.221627528452395,0.8259232012917408,0.9583128213882446,10.593853353044524,-0.7590224588480114,-0.7690045346557617,-0.3232131630371623
53.92000000000913,houtaitui_play,houtaitui,0.0,0.0,0.0,1.0129243540359112,0.19080751129062296,0.12391779297165981,-5.577344896643326,-0.014961107723012105,0.014045827601429658,-0.006238772303457913,0.005570883148242816,-0.0350972136244274,0.006014027230142485,0.06684625767924138,0.2102946766494171,0.33631098775739876,0.20810601976013188,-23.121682157153426,0.30682508541224385,0.2220924880752564,-15.293923159176673,0.8259172129282001,0.9540169954299926,10.248162348479111,-0.7582692563468761,-0.769244622164917,-0.29386432615195196
53.94000000000914,houtaitui_play,houtaitui,0.0,0.0,0.0,1.012872039172778,0.19619849611629955,0.08795769482216804,-5.571113192969836,-0.015296794696433634,0.01486323191651963,-0.0063155281408617805,0.0045949617321441455,-0.030849614517872197,0.005391303408937068,0.06749399940513302,0.21363873987152904,0.3371343393651114,0.20758722093200688,-23.38156095275943,0.30746737948344366,0.22242657210922245,-15.356765490857173,0.8258629050461257,0.9531819343566894,10.1883698841627,-0.7581124502480786,-0.7715389241516113,-0.3398919219547519
53.96000000000915,houtaitui_play,houtaitui,0.0,0.0,0.0,1.0128180730745302,0.20046837098973436,0.053786367715198534,-5.564177258042457,-0.015491239886227673,0.015470954419096968,-0.006197239005227696,0.0035788134412853357,-0.029749313080793982,0.0063108431869075944,0.06846871684577918,0.2180304394920612,0.3379987417595933,0.2061567094573975,-23.797481448400763,0.3080692419980204,0.22358647849655156,-15.25321712190241,0.8258089728737541,0.954713773727417,10.314578759349553,-0.7581007335916327,-0.7736742009460449,-0.389418069542668
53.98000000000916,houtaitui_play,houtaitui,0.0,0.0,0.0,1.0127721503132792,0.20225810218287893,0.017954706590047397,-5.5559306672599424,-0.015748199955440686,0.01561276303779828,-0.005933150280388399,0.0011823951472944305,-0.03152092626101495,0.007433622510693125,0.06942677222697242,0.22094259453070994,0.3388143383505228,0.20463899638748173,-24.212941830798187,0.30843692367625414,0.22435597446060185,-15.162446497934338,0.8257934640207023,0.9567063570022583,10.473548336788678,-0.7581785348311085,-0.7758488168060302,-0.4389163263222409
54.00000000000917,houtaitui_play,houtaitui,0.0,0.0,0.0,1.0127327571045144,0.1996396894183074,-0.017106572866961798,-5.544386746963082,-0.01582184027199761,0.014958817664816762,-0.005495595711588649,-0.002883644876161799,-0.03030466043242493,0.010689582970186531,0.06996507446537326,0.2197460265454195,0.3397084162366919,0.20430270698165898,-24.44059027261048,0.30850954177189305,0.2241204169044495,-15.194285568723684,0.8258016298344828,0.9597099542617797,10.71219098640886,-0.7582444102524785,-0.7763237466156006,-0.4498683299023164
54.02000000000918,houtaitui_play,houtaitui,0.0,0.0,0.0,1.01269261966142,0.19522289499164175,-0.047526533600610175,-5.531629719104255,-0.016053985603646192,0.014693342238433308,-0.005045619457661773,-0.003908414482049098,-0.025851366366934705,0.011165389394878133,0.07011014425108615,0.21811492365066903,0.3406700138988282,0.20372472074127201,-24.723279802893344,0.30851638489790156,0.22425178554153447,-15.168298522200805,0.8259425208671904,0.9611380815505981,10.807566438053907,-0.7583008777704848,-0.7754992951690673,-0.4281477897753792
54.040000000009194,houtaitui_play,houtaitui,0.0,0.0,0.0,1.0126559477733175,0.19336817895014405,-0.07211128174483791,-5.523617952955729,-0.016247639935159517,0.015326292576215296,-0.004226297499903565,-0.0011062796242034588,-0.020790557168281935,0.006329669629856361,0.07022619250546577,0.2191749036264326,0.3414594891107033,0.2030279424438477,-24.976623382587427,0.30852875413073644,0.22457758452987675,-15.112541939099051,0.8262563964823276,0.9609453201293945,10.757564074846579,-0.7583267876659187,-0.7742011060058593,-0.39613748187901016
54.060000000009204,houtaitui_play,houtaitui,0.0,0.0,0.0,1.0126275548249355,0.1950018451760221,-0.09318067343586874,-5.5194103004047745,-0.016190876071199324,0.015601332668803381,-0.0034818028871312786,0.0018055975563368003,-0.018131023073968872,0.00341810276908502,0.07020887355406864,0.22120344577888662,0.3419833343934042,0.20275924470520024,-25.099842268093113,0.3085177369165105,0.22507111098861698,-15.019475375381308,0.8265709344993177,0.9585500478744506,10.541076979665926,-0.7583139919203926,-0.7729780186950683,-0.3671508999516358
54.080000000009214,houtaitui_play,houtaitui,0.0,0.0,0.0,1.0126088932015063,0.20047883496964414,-0.11402772510776603,-5.518359176378172,-0.01602964238872905,0.015755216022204758,-0.0030025672185077065,0.005263851939534574,-0.018324524825917905,0.0005653666742537403,0.07046110913530904,0.22369996676671106,0.34219507049700826,0.20219878223037724,-25.214085255160533,0.3085030022963751,0.2257029798278809,-14.902794198296679,0.8267516203991268,0.958087158203125,10.497403781420278,-0.7582469186519737,-0.7716865052520752,-0.338454994270661
54.100000000009224,houtaitui_play,houtaitui,0.0,0.0,0.0,1.0125937618099363,0.2085017117129381,-0.13427324455354891,-5.518380761396258,-0.016004743096932523,0.015371828232606004,-0.002791439800661505,0.007214399446915277,-0.017541809466296136,1.0721502228948338e-05,0.07096012944878732,0.2253222832677269,0.34226027128608244,0.20225808885192875,-25.205046747547126,0.3085169555901232,0.22555384900665287,-14.934551670772946,0.826840142534261,0.9586276531219482,10.538327013378336,-0.7581597750778081,-0.7715339173614502,-0.33733500982166015
54.120000000009234,houtaitui_play,houtaitui,0.0,0.0,0.0,1.0125786925071483,0.21680629407610635,-0.15286729801131546,-5.518464755210863,-0.015985240180830244,0.014652121915343368,-0.0026176317088630924,0.007202083133670517,-0.016026639103367428,-1.1823399140836585e-05,0.07137663285531934,0.2255263432754982,0.3423118074578878,0.20206920173263554,-25.247451779121693,0.3085282462051497,0.22517047193145756,-15.005367307016815,0.8269062593519493,0.9587604522705078,10.544664058508442,-0.758099611786609,-0.7723941315948486,-0.359264434652607
54.140000000009245,houtaitui_play,houtaitui,0.0,0.0,0.0,1.0125601012226333,0.22321693188958858,-0.1705780274151185,-5.518113614859875,-0.016003375907414505,0.013641520398199826,-0.002747290144523262,0.005301745236417393,-0.015394220605395362,0.000479918130438338,0.07147657333902409,0.2241835728527418,0.3424860147452372,0.20168063905334477,-25.358243535662652,0.3085325422049003,0.22600291040039067,-14.855811330165375,0.8269872289620962,0.9588087320327758,10.541074691284619,-0.7580693774027656,-0.7728812207519531,-0.37126553769355564
54.160000000009255,houtaitui_play,houtaitui,0.0,0.0,0.0,1.0125376037629312,0.22837198175381898,-0.18821220031154035,-5.515707040465657,-0.016219173309607697,0.012541353857560453,-0.0029238154591615514,0.004435070226603842,-0.01539330897925039,0.0025623276927982954,0.0715026311926622,0.22123822083822228,0.34274482441654813,0.20058343675231938,-25.608596023973178,0.3085817272327842,0.22729144361114506,-14.636532177417417,0.8270128293579837,0.9590531110763549,10.562163008812497,-0.7580507926393814,-0.7731537331878662,-0.37818238738879045
54.180000000009265,houtaitui_play,houtaitui,0.0,0.0,0.0,1.0125156242602267,0.2334114194397015,-0.2057283944863636,-5.514506852752526,-0.016255574667475535,0.01189957512912943,-0.002841044763498662,0.004418930109045964,-0.015269414719952908,0.0006419043639180351,0.07145557293711109,0.22014166943260527,0.34299041685875137,0.19947717454528813,-25.850853632816413,0.30862376965855326,0.22804305818176274,-14.507615521912307,0.8270203617798937,0.9573254108428955,10.424025867875574,-0.7580496993476391,-0.773043106967163,-0.3748503637691103
54.200000000009275,houtaitui_play,houtaitui,0.0,0.0,0.0,1.0124966019363764,0.23806078961923577,-0.22248397758216365,-5.514517750197274,-0.01585225263641303,0.01108832391788343,-0.002593023751172395,0.003994473168595762,-0.014529312944382857,1.2342954441319054e-05,0.07178170736275977,0.2215055566327337,0.3432118000909208,0.19878957536315922,-26.01253949042452,0.3085981523663444,0.2277377035865784,-14.552946479877228,0.8270315230329189,0.955938172340393,10.311926436205718,-0.7581174829582908,-0.7747334946929931,-0.41285539449640457
54.220000000009286,houtaitui_play,houtaitui,0.0,0.0,0.0,1.0124785982054705,0.24098419939574448,-0.23717162265880773,-5.514619840341979,-0.015349804673011603,0.010151803765150298,-0.002326326028154768,0.002292252235929569,-0.01254162238068519,-3.880327034374969e-05,0.07225700870450508,0.22161304900816003,0.3434851025302343,0.19904074933624272,-26.020872995141936,0.30848106844724577,0.227170982624054,-14.627079239086166,0.8270317271347134,0.9578749656677246,10.46746562512913,-0.7582565075881811,-0.7776617516815185,-0.4801751160928052
54.240000000009296,houtaitui_play,houtaitui,0.0,0.0,0.0,1.0124531295418906,0.24231204832468256,-0.24895953779108565,-5.514632814361907,-0.015322638106959885,0.009404909480050294,-0.00246768273038804,0.0009907453663381698,-0.009949032545935285,4.32743341525438e-05,0.07227331946440764,0.21977023875110066,0.3439296492732944,0.1998591807136536,-25.967266961332374,0.3084379909818456,0.22752390172576908,-14.56215784499163,0.8270366515273403,0.9593889236450195,10.58795081193509,-0.7586826759465105,-0.7793833722412109,-0.5024381525944499
54.260000000009306,houtaitui_play,houtaitui,0.0,0.0,0.0,1.0124258316501449,0.24338987302278453,-0.25773608683021704,-5.51462327925235,-0.015299048132337066,0.008791323579784505,-0.0021671344791008946,0.0009737728332332122,-0.007296973545922135,3.964916131209751e-05,0.07239213497733411,0.22031936642147068,0.34438194233820985,0.19938991334533696,-26.13299607118328,0.30842746210366256,0.2274393227348328,-14.577267919050477,0.8271371024327697,0.9610936164855957,10.710667536692256,-0.7591868046737897,-0.7794186581909179,-0.4886980251700216
54.280000000009316,houtaitui_play,houtaitui,0.0,0.0,0.0,1.0124171303534173,0.2425502078706538,-0.2650902913091191,-5.514694133701989,-0.01477681875606925,0.007834354180326325,-0.0009619512511672408,-0.0010639347068294265,-0.00628989801648101,-4.9940352198675666e-05,0.07261968292875856,0.22300572078486486,0.3446107493941512,0.19965032603836064,-26.10991605341744,0.3080140581325114,0.22591350343322758,-14.746088907009726,0.827471455080045,0.9624955177307128,10.782716886280237,-0.7593931950330635,-0.7782120217620849,-0.46464393397308945
54.30000000000933,houtaitui_play,houtaitui,0.0,0.0,0.0,1.0124287801090603,0.2379690480960775,-0.2718198224358844,-5.515102671791543,-0.014448792449396518,0.0068221265786563325,7.694480758271014e-05,-0.004541656688944006,-0.005818934932011561,-0.0004014735833998746,0.07270336418807592,0.2242057593438554,0.3446838634487836,0.20074889924621586,-25.91331957947482,0.30710913047835725,0.22443155315017704,-14.811532485027822,0.8279043412391355,0.9604889869689941,10.582900505075116,-0.759542859257144,-0.7786504735290527,-0.47258647913430707
54.32000000000934,houtaitui_play,houtaitui,0.0,0.0,0.0,1.0124463452991437,0.23204389674125875,-0.27745104966952316,-5.515649380223949,-0.014395733106872659,0.006336246310383757,0.0003792041120105183,-0.005164573801144874,-0.004751309177607608,-0.00045779464202548234,0.07294540668981978,0.22604471145365246,0.3447183575620037,0.20102534558868412,-25.86705561098812,0.30606819295985327,0.223412015701294,-14.798556808868787,0.8282451864147081,0.9583516836166381,10.39017391778259,-0.7605255251535499,-0.7814716805755615,-0.48612693700103593
54.34000000000935,houtaitui_play,houtaitui,0.0,0.0,0.0,1.0124585629447778,0.22765844577039415,-0.282076636713417,-5.51646061769603,-0.014293335694028627,0.006039365294043567,0.00015400513784480298,-0.0035911772034236075,-0.003963505768861087,-0.0007385066200727363,0.07341333816284014,0.2283172092923261,0.34474713717864003,0.20089856650924687,-25.894816363581775,0.30521295752666905,0.2232068565139771,-14.695719448771264,0.8285069744019641,0.960759949684143,10.565811187442009,-0.7619510158435285,-0.782989453250122,-0.4763837267065159
54.36000000000936,houtaitui_play,houtaitui,0.0,0.0,0.0,1.0124628124675243,0.2260294681138067,-0.2877322140721128,-5.517419202674463,-0.014005114213809596,0.005724041316454055,-0.0003855068001899049,-0.0010764786754548228,-0.005142478467476293,-0.0008377968767900243,0.07364467136682334,0.22841123098018198,0.3447689229223926,0.20133189227676396,-25.820190476874238,0.3046359503036511,0.22316411998367314,-14.621693369140319,0.8289855648166544,0.9661719322204589,10.947685759421287,-0.7623993740963297,-0.781618308001709,-0.4697208339538758
54.38000000000937,houtaitui_play,houtaitui,0.0,0.0,0.0,1.0124648704263277,0.2247228200821685,-0.29660828025488056,-5.517655399018412,-0.01366840032073123,0.005035956600280715,-0.0007814626568934778,-0.001279072129222014,-0.008140921217220633,-9.825432283169361e-05,0.07321283782832635,0.2281594644645335,0.344831416568394,0.20248208310699467,-25.62771727281286,0.3041164446279004,0.22249762084579472,-14.651050126841167,0.8296483625191781,0.9640630006790161,10.716574026724642,-0.7625374069013537,-0.7811457623779297,-0.4608428648006574
54.40000000000938,houtaitui_play,houtaitui,0.0,0.0,0.0,1.0124601340917587,0.22398823937634202,-0.3095890349933023,-5.517678582267183,-0.013423853566555335,0.004842925748097554,-0.0016117393075440265,-0.00042734805753101796,-0.011786447172092993,3.4662885178963034e-05,0.07289712979443827,0.22960578767807138,0.3449971386420221,0.20284948613739018,-25.599038149484574,0.3037690429299558,0.22267607715225224,-14.570552675376128,0.8302381056737927,0.9589579820632934,10.265436458578376,-0.7627295240846634,-0.7816259373962402,-0.4658847884451843
54.42000000000939,houtaitui_play,houtaitui,0.0,0.0,0.0,1.0124482304148874,0.2256581407747864,-0.3269509063233973,-5.517750857889139,-0.01322166614473703,0.004945824670170486,-0.002373650434881077,0.00180720651402057,-0.015650015592427974,-9.737980574735815e-06,0.07314926109635247,0.23201737626968116,0.345152727881902,0.2020358827362061,-25.77168457795153,0.3036932265138991,0.22293428447341923,-14.531947764452473,0.8305560298924777,0.9588908672332763,10.249869824809414,-0.7628960905466254,-0.7810031880676269,-0.4471816789523449
54.4400000000094,houtaitui_play,houtaitui,0.0,0.0,0.0,1.0124334347586723,0.2282189965520063,-0.34681711617287897,-5.5178520377218,-0.013382352963238196,0.004799800437542493,-0.0027143184662575493,0.002286128027703735,-0.017554227628634282,-2.1518929476879665e-05,0.07362944979474932,0.23309788310715496,0.345305238540607,0.20180640485382084,-25.840924486770188,0.3037076226478159,0.22236935165023808,-14.64217732578502,0.8306464957980001,0.9611118555068969,10.433137899272184,-0.7630117841585251,-0.7804970254241943,-0.4333580646114199
54.46000000000941,houtaitui_play,houtaitui,0.0,0.0,0.0,1.0124172899577526,0.22989444311315896,-0.3676049145907354,-5.517882855544583,-0.013680505237561147,0.004369520084388598,-0.0028425392311470367,0.0013037025320090784,-0.01818399307518251,5.5097269225225485e-05,0.07387447425495401,0.2321375903072527,0.3455031971938574,0.2019559529075623,-25.85343975106473,0.30371097097000355,0.2217712786445618,-14.749389171234917,0.8306628675790962,0.9625393867492675,10.549329849094498,-0.7631052992677676,-0.7806040753662109,-0.4343362000788904
54.48000000000942,houtaitui_play,houtaitui,0.0,0.0,0.0,1.0124000955622312,0.23032102624623083,-0.3882053494225143,-5.516593462482711,-0.014032501919068697,0.003698292271873573,-0.0028585090990228723,0.00023092614019482827,-0.01790077677133256,0.0014299178763644905,0.07406247246282649,0.23325633567493848,0.3457616403824606,0.20125124719238285,-26.03159829709427,0.3036947271166718,0.22182402875518803,-14.735390938068617,0.8306649594453422,0.9607553005218505,10.407167412933187,-0.763238667976923,-0.7815627564727783,-0.4534410589739685
54.50000000000943,houtaitui_play,houtaitui,0.0,0.0,0.0,1.0123791069307164,0.23230085428165123,-0.4073557880607149,-5.513811467959353,-0.014483573650742779,0.0034931757326490385,-0.0028933217790350265,0.002051206616043586,-0.016520886720210973,0.0026426549637653092,0.07434494428096478,0.23606956801304724,0.34601629157982416,0.199902334476471,-26.32035486272356,0.3038136497868395,0.22305796411132817,-14.546067090060731,0.8305701023998204,0.9578434944152832,10.187069911554087,-0.7633848650142623,-0.7812659253417968,-0.4421046068589316
54.52000000000944,houtaitui_play,houtaitui,0.0,0.0,0.0,1.0123584493306856,0.23771217397093977,-0.4257813909406919,-5.5107873977770705,-0.01494213895157453,0.003589456088479099,-0.0027772954116459738,0.00522754361902135,-0.016022458312553205,0.0026467702732417544,0.07473763057061474,0.23787254003249203,0.34612349364334566,0.1985825684318543,-26.564610208647228,0.30406561613464805,0.22374425199127201,-14.476885163762354,0.8302235764324666,0.95677490234375,10.14374752412951,-0.7635011181678658,-0.7805482854187011,-0.42238338641123957
54.54000000000945,houtaitui_play,houtaitui,0.0,0.0,0.0,1.0123386054123253,0.24458497242738042,-0.44254802698477663,-5.508108410230399,-0.015380689014201634,0.0033368347918450586,-0.0025434414349755096,0.006035479611678378,-0.014373376375745529,0.0023746467126519867,0.07518804398816843,0.238622031416136,0.3461616583194828,0.19820699956512455,-26.634609322644376,0.3043400014130651,0.22329435613250737,-14.60904707813271,0.8296054084895433,0.9564201354980468,10.179882315001231,-0.7635680182772963,-0.7797650803863525,-0.4028314655030365
54.56000000000946,houtaitui_play,houtaitui,0.0,0.0,0.0,1.012321799704711,0.24999508047347863,-0.45657270019441804,-5.503978176068165,-0.015630364653876714,0.0025084200238714117,-0.0020721767981512337,0.004493228219628415,-0.01189104974862902,0.0039214186031897875,0.07571513414083686,0.238763356264859,0.34620242168998366,0.1979905750999451,-26.68116537534945,0.3044858829351679,0.22308275964355473,-14.66363018431738,0.8288577095429399,0.9577046155929565,10.349304425664002,-0.7635635908535421,-0.778477381640625,-0.37324881565270024
54.58000000000947,houtaitui_play,houtaitui,0.0,0.0,0.0,1.012307344784588,0.2535491699561546,-0.4690301244948556,-5.496662830805061,-0.01600394409966595,0.0016068765037318996,-0.0018414863834238743,0.002989486866530233,-0.010750411096318151,0.006816152203553007,0.0759271445843111,0.23963793828910734,0.34628194669927015,0.19789699580764775,-26.715299750303444,0.3045197753873055,0.22316799428558354,-14.645625072882602,0.8280897287908633,0.9567144632339477,10.332327109649354,-0.763526805702281,-0.777712058001709,-0.35596273106879334
54.60000000000948,houtaitui_play,houtaitui,0.0,0.0,0.0,1.0122951641587892,0.2560729641907462,-0.4800249624763852,-5.48919905791938,-0.016384776230376537,0.0010931896032903917,-0.001540830653625226,0.0021665747941438684,-0.009365773402098487,0.006411726188555356,0.07663846348199721,0.24169377762848634,0.3463516858937174,0.19730482366180424,-26.833658439914824,0.3044722647055736,0.22159526612854008,-14.914435663781953,0.8273215065314545,0.9567391395568847,10.395764139094952,-0.7634909541468483,-0.7780534734069824,-0.36524098109121034
54.62000000000949,houtaitui_play,houtaitui,0.0,0.0,0.0,1.0122927164785773,0.25608913416644763,-0.48948914185022196,-5.485762429946202,-0.016479724985698198,0.0005989441752646233,-0.0008452814955933862,-0.0003144667825516219,-0.008082772673752027,0.0023946997709514187,0.07745100896294925,0.2433597707051726,0.34635783902969997,0.19690904882049565,-26.90101859351614,0.30412566933692214,0.22014544274902348,-15.089152339833426,0.8267349073635186,0.9596502304077148,10.664954339753564,-0.7634365889234233,-0.778247307711792,-0.37217210378721594
54.6400000000095,houtaitui_play,houtaitui,0.0,0.0,0.0,1.0122956361010014,0.25492096383812285,-0.497610239383703,-5.48546229452109,-0.016503329638366593,0.00020917039324053557,-0.0004927055871288212,-0.001088018652089012,-0.006944133346003015,0.0001569867664818118,0.07798644023765677,0.2451058578829009,0.3463286289466873,0.19656435515975956,-26.955277077615875,0.30362726558454334,0.2198070075759888,-15.049760414416477,0.8264200509417065,0.9596477270126342,10.675021430801676,-0.7633825565221967,-0.7783410062133789,-0.3757642025617005
54.66000000000951,houtaitui_play,houtaitui,0.0,0.0,0.0,1.0123007184853592,0.2533985536540236,-0.5049938820286778,-5.485440273431414,-0.016544094133302177,-0.00031465205925447856,-0.0003238710547203546,-0.001388280661122724,-0.006364259769770417,4.3542912135732794e-05,0.07846054828731096,0.24688976113914937,0.34627770261197066,0.19609115388488774,-27.030308404928608,0.3030894619074412,0.21937970187759404,-15.026902897252446,0.8263322959647961,0.9588709592819213,10.606812138334298,-0.7633405118130367,-0.7784108628570556,-0.3781659468556031
54.68000000000952,houtaitui_play,houtaitui,0.0,0.0,0.0,1.0123081571980153,0.25232869223111215,-0.5121730951907986,-5.485392302820011,-0.016619521386176915,-0.0007057513675187892,-0.00017935208472638487,-0.0008640084081057186,-0.0062376745581319195,6.282746465415142e-05,0.07891616079777172,0.24861170908828634,0.34616848539670486,0.19559047486877446,-27.095901163316913,0.3025415680171235,0.2188992884407044,-15.014029489874373,0.8263260188374703,0.9581046819686889,10.542492641485003,-0.763314383276371,-0.7783817757904052,-0.37751497092644926
54.70000000000953,houtaitui_play,houtaitui,0.0,0.0,0.0,1.012317318493064,0.2517951237918051,-0.5192661907835515,-5.485133071715396,-0.01670791796652322,-0.00112602039452366,-8.52835683608138e-05,-0.00043709277659413257,-0.006177353525068216,0.00029340784136554324,0.07940241680335203,0.25034530256442,0.3460064576395658,0.19502655532455448,-27.163956825722465,0.30199464983131524,0.21842710044479374,-15.000167303155443,0.8263284698615002,0.9576714754104614,10.507295736397149,-0.763291978283827,-0.7782227505981445,-0.3740273677001935
54.72000000000954,houtaitui_play,houtaitui,0.0,0.0,0.0,1.012326934951954,0.25143512504988585,-0.5261318693432026,-5.484082144250777,-0.01679478257247586,-0.0016369710134841705,-4.020630474439174e-05,-0.0003168171986246638,-0.005955731016390714,0.0010434836621388357,0.07991636471765728,0.25211912961214133,0.34582379531115465,0.1943890240440369,-27.244217926466444,0.3014559806591155,0.21796260144805912,-14.98727275417801,0.8263308155453815,0.9573888301849365,10.484514515696485,-0.7632617070082406,-0.7779297341644287,-0.3677577106448717
54.74000000000955,houtaitui_play,houtaitui,0.0,0.0,0.0,1.0123359436423687,0.25105359087995616,-0.5325798147209088,-5.481811364019997,-0.0168758866807996,-0.002143803372567943,-2.821562244134242e-05,-0.0003385054081139792,-0.005559257908149172,0.002141403081878557,0.08044203846850828,0.25390787252850233,0.3456442627927602,0.19372455146408085,-27.331743079031106,0.3009355986700732,0.21751234796142582,-14.976127852040273,0.8263313511110597,0.9571351528167724,10.4642818634099,-0.7632159319291097,-0.7774950970947265,-0.3585840064170841
54.76000000000956,houtaitui_play,houtaitui,0.0,0.0,0.0,1.0123436466591116,0.2504651522261733,-0.5384433878325366,-5.478209658329436,-0.016938805907756094,-0.002702533199771482,-3.163943295541013e-05,-0.0005285864893031044,-0.005030041895637445,0.003305465719808154,0.08097108177718393,0.25569333840747194,0.3454856564500823,0.19306550290679936,-27.423463930976403,0.30043854624011856,0.21708051231002812,-14.966219348196933,0.8263296922552549,0.9568594217300415,10.442476724607909,-0.7631488603008469,-0.7769190778076172,-0.3465993617902252
54.78000000000957,houtaitui_play,houtaitui,0.0,0.0,0.0,1.0123497962104029,0.24953553892181488,-0.5436806413226665,-5.473338859872728,-0.01697851368107161,-0.003293204307455777,-4.301245394335907e-05,-0.0008283547568067125,-0.00447739111648646,0.004409832060332154,0.08149829652152554,0.25745841742682374,0.34535715998944666,0.1924310710678101,-27.51687882024068,0.29996404197994525,0.21667567756271366,-14.955450225007525,0.8263250633841822,0.9565487623214721,10.418159156958163,-0.7630549334118912,-0.7762000073730468,-0.3318973268498971
54.80000000000958,houtaitui_play,houtaitui,0.0,0.0,0.0,1.0123543323156008,0.24820431191917963,-0.5483374995677266,-5.467602045751083,-0.01699173074174186,-0.0038725470957408185,-6.265800311661915e-05,-0.0011765298801040486,-0.003974464903195359,0.00509830829313928,0.08202048604814002,0.2591959198297577,0.34526220844623245,0.19182817008590702,-27.610915797901505,0.2995108115141219,0.21629551913833622,-14.943958497337285,0.8263165832889504,0.9561911344528198,10.39044068887204,-0.7629287197974991,-0.7753335942565918,-0.31450182773490926
54.82000000000959,houtaitui_play,houtaitui,0.0,0.0,0.0,1.0123573112396655,0.24646179411486643,-0.5525094223427294,-5.461355009342258,-0.016978819877430898,-0.004448601897374608,-8.94978871160022e-05,-0.0015320775448836547,-0.0035602258099520934,0.005513571551696513,0.08253613695708667,0.2609037420601607,0.34520044555258456,0.19125328328704838,-27.705877104714887,0.29907899683957534,0.21594015624618534,-14.931879837922791,0.8263033180939471,0.9557771205902099,10.35864531405869,-0.7627647783436035,-0.774312924319458,-0.29437710225271874
54.8400000000096,houtaitui_play,houtaitui,0.0,0.0,0.0,1.0123592725431823,0.24446564571439527,-0.5563602079536905,-5.454710247411737,-0.01694281001121294,-0.005011708624474028,-0.00010193676920091301,-0.001719076470719196,-0.0033003671958763436,0.00585338030663575,0.08304468625167194,0.26258588619048107,0.3451570166526656,0.1907111790428162,-27.797072791057957,0.29866699930960666,0.21560315158462529,-14.91985177207647,0.8262760424612048,0.9552969455718994,10.32309799456694,-0.7624125190724887,-0.7731358517944336,-0.28098227831087536
54.86000000000961,houtaitui_play,houtaitui,0.0,0.0,0.0,1.0123605126530981,0.24248555409603423,-0.5600546079317436,-5.447673774479434,-0.016900582496927767,-0.005552624542065622,-0.0001218725351035952,-0.0016755039351025783,-0.0031779786875673873,0.00619550302760116,0.08355259882666577,0.26425841342949646,0.3451179507064089,0.19022283818817143,-27.878253496404962,0.2982817021834489,0.21527365710830693,-14.911837404787393,0.8262058022577687,0.9547798156738281,10.289737557480953,-0.7617025689960891,-0.7718424310028076,-0.2792364385113758
54.88000000000962,houtaitui_play,houtaitui,0.0,0.0,0.0,1.0123608156587551,0.2406458854730432,-0.5636075407390994,-5.440247500989182,-0.016854836057613794,-0.006088303107266835,-0.0001529523525128809,-0.0015375836689272867,-0.0030484991304489326,0.006533782234702949,0.08406994459317305,0.26595541958772584,0.3450821018942966,0.1897813465843201,-27.9515577711291,0.2979323303855853,0.21493760612106327,-14.9123176129018,0.8260625179197973,0.9542557716369628,10.263357500125824,-0.7606401075819453,-0.7704312314331054,-0.2823515417983936
54.90000000000963,houtaitui_play,houtaitui,0.0,0.0,0.0,1.012360245293773,0.23892434154383477,-0.5669550061603871,-5.432432773513718,-0.016794861687762803,-0.006638284891976147,-0.00017230646445540748,-0.0014367574794070853,-0.0028586195288200123,0.006871447796206808,0.08460113114569204,0.26770141711185697,0.3450487897328586,0.18935869004821781,-28.021800101374787,0.2976172735859661,0.21460751559829716,-14.917550358351374,0.8258232496836125,0.9537347078323364,10.246134864771003,-0.7592926440995821,-0.7688235749542236,-0.28537764548140454
54.920000000009644,houtaitui_play,houtaitui,0.0,0.0,0.0,1.0123586476483124,0.23728292202620307,-0.5700293378329737,-5.424230941005476,-0.016717581913225844,-0.007205131918571069,-0.0001937379525260105,-0.001366785088376107,-0.0026131483266244922,0.007207952223006498,0.08514362440536619,0.269490864105981,0.345020178645142,0.18894992139434819,-28.090595238905973,0.29733787017949515,0.21428827312088017,-14.927469777964024,0.8254751145013967,0.9531874179840087,10.23621812560818,-0.7576993509767808,-0.7669939507781982,-0.28778883585091164
54.940000000009654,houtaitui_play,houtaitui,0.0,0.0,0.0,1.0123561005213317,0.23566631632212554,-0.572841141345305,-5.415639146007963,-0.016625649249232752,-0.00779704580539417,-0.00021249707125493844,-0.0013468811545402568,-0.002387117550228626,0.00754574338080095,0.08569266307798962,0.2713144137620298,0.3449970969274613,0.18856457736587529,-28.156225478741764,0.29709157114838775,0.21398244168853764,-14.940732592695452,0.8250136992077742,0.9525750398635864,10.230376189785773,-0.7558760624960302,-0.7649385442077636,-0.28982008064731446
54.960000000009664,houtaitui_play,houtaitui,0.0,0.0,0.0,1.0123527650028166,0.23400166922470403,-0.5754332362324237,-5.406605040245667,-0.01652309825043403,-0.008419032655871817,-0.00022746806010796804,-0.0013922208571468708,-0.0022002686964619155,0.0079412971178218,0.08624844742318083,0.2731706216962892,0.34497994789330544,0.188194194103241,-28.22025970449234,0.2968738580945125,0.21368358399963383,-14.957526006856948,0.8244359107447795,0.9518608570098877,10.22588379232348,-0.753826656208148,-0.7626580704986572,-0.29178808768221975
54.980000000009674,houtaitui_play,houtaitui,0.0,0.0,0.0,1.0123487588775,0.2322165110407387,-0.5778511020355811,-5.397015370306459,-0.01641179971576785,-0.009071652036143815,-0.00024159437713399946,-0.0014986845076537378,-0.002051223327797933,0.008433509216024563,0.08680262466216639,0.2750305835870155,0.34496967800084005,0.18785790469741825,-28.279469226163478,0.2966825902750984,0.2134014752159119,-14.975921629599279,0.8237380058746017,0.9510430812835693,10.222913225741348,-0.7515528481754468,-0.7601553906738281,-0.2937491957204901
55.000000000009685,houtaitui_play,houtaitui,0.0,0.0,0.0,1.012344146138679,0.23026089309340536,-0.5800939959551163,-5.386859482916179,-0.01628633144338031,-0.009742249700549023,-0.0002520348619498851,-0.0016462290775228613,-0.0018948986818584626,0.008926135077405091,0.08735912095061335,0.2769097518353509,0.34496713301652904,0.18754515912628178,-28.335894051944603,0.2965150635224895,0.21311912801361088,-14.998404096336742,0.8229171657872045,0.950116229057312,10.22120512737541,-0.7490503256963708,-0.7574228753387451,-0.29584821317559423
55.020000000009695,houtaitui_play,houtaitui,0.0,0.0,0.0,1.0123389974631334,0.22808633782907914,-0.5821174878806794,-5.375957001316389,-0.01614427205544979,-0.010450142108177178,-0.0002540594955657494,-0.0018350242195060258,-0.0016953317380920825,0.009601153422595701,0.08791786851158262,0.27881168593843664,0.3449729392280057,0.1872581031570435,-28.389243951834576,0.296370765105945,0.21283970143890385,-15.024536518740524,0.8219720201580393,0.9490724325180053,10.220159856942638,-0.7463140665359846,-0.7544605244934082,-0.29821683455396086
55.040000000009705,houtaitui_play,houtaitui,0.0,0.0,0.0,1.0123333904328853,0.2256433651369868,-0.5838697349542455,-5.364180203673364,-0.015988989280589703,-0.011188707494044083,-0.00024714266948894703,-0.0020662674509498457,-0.0014503712572974652,0.010372682604668445,0.08848105315706124,0.2807463514320921,0.34498760173934123,0.1869984653244019,-28.439291652945833,0.2962486212376425,0.2125533011207581,-15.05581438879378,0.8209024965022346,0.9479035854339599,10.21906087720529,-0.7433427300931011,-0.7512645234405517,-0.3006528736691944
55.060000000009715,houtaitui_play,houtaitui,0.0,0.0,0.0,1.0123273206426031,0.22290606295078635,-0.5853263892343035,-5.351489071046787,-0.015822200566679503,-0.01194855381758381,-0.00023956658240085595,-0.0023157940679888185,-0.0011888727546451874,0.011171255026159024,0.08904056159741162,0.28269029581564803,0.34501190885395844,0.1867834117660523,-28.48311175980232,0.296147455428063,0.2122757222900391,-15.089173661711897,0.8197088302186785,0.9466039657592773,10.217418447340735,-0.7401367582275894,-0.7478334416687011,-0.30306002294858014
55.080000000009726,houtaitui_play,houtaitui,0.0,0.0,0.0,1.0123207241551997,0.2198700721177175,-0.586512099872932,-5.337881146382679,-0.01564399514356153,-0.012723836321075486,-0.00023876278148676294,-0.002567049123649772,-0.0009540577610766316,0.011965079230833125,0.08958981779654351,0.2846201015593921,0.3450467659719068,0.1866220619926453,-28.519234646146373,0.29606765614017444,0.21200779941177372,-15.124650347055038,0.8183909284205628,0.9451710700988769,10.215057676470016,-0.7366956859098478,-0.7441644181549072,-0.305420630610873
55.100000000009736,houtaitui_play,houtaitui,0.0,0.0,0.0,1.0123131918725061,0.2164360539445635,-0.5874670036102777,-5.323321407017026,-0.015460521573551099,-0.013519705841422808,-0.0002666853357140618,-0.002926356823157052,-0.0007550991896613337,0.01280232232524674,0.09013540071606312,0.2865532841343839,0.34510289947828554,0.18649534251785282,-28.55410645101085,0.29601150514891944,0.2117315318832398,-15.166165714940417,0.8169509866020459,0.9436023950576782,10.211424084452222,-0.7330153575052588,-0.7402479161560058,-0.3077302150050177
55.120000000009746,houtaitui_play,houtaitui,0.0,0.0,0.0,1.0123044663372471,0.21233191022481768,-0.5881575092464719,-5.307775881862769,-0.015264865692956374,-0.014352440665157465,-0.0003017943930817744,-0.0035486591878321036,-0.0005135330001801997,0.01367278239406842,0.0906830693911101,0.2885074436782026,0.345196058232327,0.1863905575523377,-28.592632734021855,0.29596948050404304,0.21144173410034184,-15.211879517335454,0.8153930050781223,0.9418839931488037,10.205055840721311,-0.7290830131665887,-0.7360584248840332,-0.3099874629612259
55.140000000009756,houtaitui_play,houtaitui,0.0,0.0,0.0,1.0122933964422556,0.20744660158831485,-0.5885316893516854,-5.291096700825273,-0.015055081215575476,-0.015213324487517449,-0.00043284122324792795,-0.004110653790339532,-0.00022405217226204334,0.014739247033117358,0.09122895565800507,0.29049748003409276,0.34534697766001293,0.18632904555892948,-28.63625857540193,0.2959268164696193,0.21116582419967656,-15.252874463686254,0.8137188405682318,0.9400382757186889,10.197749736676498,-0.7248924580323861,-0.7316109647094726,-0.31242448067028583
55.16000000000977,houtaitui_play,houtaitui,0.0,0.0,0.0,1.012281383223057,0.20155632674430363,-0.5886963116409551,-5.273347927965171,-0.014838315281068265,-0.01608140597118482,-0.00043004819974935935,-0.005068396567161122,-7.223551727773309e-05,0.01561968854574374,0.09177932834109974,0.29250577717701814,0.3455413904332535,0.1862861302146912,-28.68131084965378,0.2958950031845988,0.2108976032981873,-15.296943439805398,0.8119259587587989,0.9380659580230712,10.189877329809745,-0.7204413281852896,-0.7268964757263183,-0.314776439482111
55.18000000000978,houtaitui_play,houtaitui,0.0,0.0,0.0,1.0122683417870972,0.1947925533780829,-0.5888240226913298,-5.254487903429232,-0.01461540524031636,-0.01694406417595523,-0.00041668439273284035,-0.0059879397276399755,-5.053748524606442e-05,0.016479383346551923,0.09233337223301281,0.2944880141817494,0.34577501357273227,0.18625310924148564,-28.731415743657216,0.29587121112746595,0.21063760783767704,-15.340820306949677,0.810009917342253,0.93598313331604,10.18327160765358,-0.7157270500702378,-0.7219180573760986,-0.3171912131030299
55.20000000000979,houtaitui_play,houtaitui,0.0,0.0,0.0,1.0122533566444543,0.18719582474294907,-0.5889421701970163,-5.234444918165592,-0.014379494846214933,-0.01780670891568335,-0.0005727039015892094,-0.006566093028561836,-4.285791695703559e-05,0.01762482650507045,0.09285955859830239,0.29637792113139977,0.346062322812478,0.18635753657913212,-28.769524574746846,0.29585349733766786,0.21035800244903569,-15.387884767682799,0.8079715088804899,0.9337889671325683,10.177573112466964,-0.7107571997476055,-0.7167109956085205,-0.3199908794697469
55.2200000000098,houtaitui_play,houtaitui,0.0,0.0,0.0,1.012238179143067,0.17858761690996994,-0.5890355480822588,-5.2135501697525575,-0.014126231571899751,-0.018619757402196083,-0.0005837594005447823,-0.00741027616052688,-1.9178009212172934e-05,0.018339678781256398,0.09339151578095528,0.2983158731743987,0.34638206447636805,0.18644801642990116,-28.813279572737322,0.2958446804644438,0.21006891992187504,-15.43885731762424,0.8058151095567715,0.9314441204071044,10.168930325631878,-0.7055298170985358,-0.7112104405700683,-0.32200464570322707
55.24000000000981,houtaitui_play,houtaitui,0.0,0.0,0.0,1.0122216828087889,0.16927955277084297,-0.5891094096576628,-5.191987633331424,-0.01385069679233372,-0.01937471795853528,-0.0006407795889907425,-0.008040849623270075,-4.2038769105379786e-06,0.018867920722855043,0.09390040973218163,0.3002024881328432,0.3467399122927335,0.18664888408279423,-28.844403466838056,0.29584366169180915,0.20979575183486943,-15.488582059943647,0.8035376008304064,0.9289817929267883,10.160797417416397,-0.7000311560381319,-0.7054519166290283,-0.32484348784447936
55.26000000000982,houtaitui_play,houtaitui,0.0,0.0,0.0,1.012204433221953,0.15922760882961567,-0.5891705208071732,-5.170082131489409,-0.013574545889155375,-0.020071929971913018,-0.000680337483573565,-0.008686409413405403,3.768766276702215e-06,0.019140335433229815,0.09438725232619356,0.3020559474055429,0.3471294581319027,0.1869224097976685,-28.867697565433325,0.2958529689869974,0.2095298555145264,-15.53889533493255,0.8011356542649013,0.9263857722282409,10.152114761050749,-0.6942568675021028,-0.6994130124389648,-0.327682236055132
55.28000000000983,houtaitui_play,houtaitui,0.0,0.0,0.0,1.0121863527207524,0.14847373538456143,-0.5892128715700025,-5.147966009320395,-0.013310528771945069,-0.020717510595776284,-0.0007258959081893734,-0.009295284810834603,1.7776795756395545e-05,0.019316526149873253,0.09487306572278613,0.30394551474505355,0.3475502781062879,0.18723867204284672,-28.888936133288755,0.2958725297399902,0.20922748115158085,-15.597602915999145,0.7986062392435453,0.9236523628234863,10.14279879916006,-0.6882052620740511,-0.6930903901397705,-0.33041921786176953
55.30000000000984,houtaitui_play,houtaitui,0.0,0.0,0.0,1.012167220247626,0.1370469961591035,-0.5892346362275843,-5.125675364461271,-0.013065469495307255,-0.02131927051716246,-0.0007832955208671127,-0.009879265902192395,3.295397252258337e-05,0.019466986217481295,0.09534894901524842,0.30584668318314495,0.34800465629239424,0.1876189496765137,-28.904860363276637,0.2959030551548034,0.20891706016159062,-15.65979790922416,0.7959466184095514,0.9207789421081543,10.132856086422992,-0.6818751548375438,-0.6864878644287109,-0.33316253861849404
55.32000000000985,houtaitui_play,houtaitui,0.0,0.0,0.0,1.0121468763990575,0.12497057189929786,-0.5892359885268714,-5.103195700783467,-0.012844415966321321,-0.02187979842561801,-0.0008478007061896479,-0.010441947310310586,4.784473508768922e-05,0.019634810366490178,0.09581810382219526,0.30775366523076875,0.3484938404609497,0.18804005649185185,-28.9197640062505,0.295945099648851,0.20859757926559452,-15.72568871703932,0.7931540770649442,0.9177611589431762,10.122147039694434,-0.6752650096908036,-0.6795999516784668,-0.33582359458647976
55.34000000000986,houtaitui_play,houtaitui,0.0,0.0,0.0,1.0121237871619897,0.11252797403518375,-0.5892222795596076,-5.080425100531373,-0.012652370732646977,-0.022376065452851306,-0.0009730078498936906,-0.010791720495494362,5.974627851663967e-05,0.01981462954021754,0.09627331704405837,0.3096337429639517,0.34902952588214947,0.18851832416152958,-28.932468205329183,0.29601916708420467,0.20829806592559819,-15.797051754774545,0.7902244526386273,0.9146030068397522,10.111402924937842,-0.6683723554128981,-0.6724283208190918,-0.3385339709712688
55.36000000000987,houtaitui_play,houtaitui,0.0,0.0,0.0,1.0120974819801758,0.10017117328001517,-0.58912389125742,-5.057233883052202,-0.0124794954603235,-0.022797764558872065,-0.0011141511415169944,-0.010694047895452865,0.0001630664963236795,0.020162032146940432,0.09680108807754761,0.3118164840749339,0.3496007014695357,0.18893156316375737,-28.963613596144956,0.29615810372388723,0.2078918602714539,-15.900536169055474,0.7871475963273348,0.9112928032875061,10.100860001631338,-0.6611862006028866,-0.6649405469238281,-0.341086908758916
55.38000000000988,houtaitui_play,houtaitui,0.0,0.0,0.0,1.012068849990296,0.0879065359357079,-0.5887541495631567,-5.033630960561139,-0.012315542898109917,-0.023219530393531293,-0.001288090712453355,-0.010417843330784434,0.00038653404976593953,0.020754850884899343,0.09732031370473575,0.3139876832827643,0.35019465966133734,0.18943593766784672,-28.983630873767428,0.2963556835096394,0.20750061538314823,-16.006816234329456,0.7839201830850698,0.9078281641006469,10.090157887703155,-0.6537070696148728,-0.657179545336914,-0.3440767635412032
55.40000000000989,houtaitui_play,houtaitui,0.0,0.0,0.0,1.0120375494772174,0.07561165574268593,-0.5879613731227035,-5.009557233407897,-0.012171956046383879,-0.02361099876734626,-0.0014038232995805427,-0.010403008709641825,0.0007547970485761747,0.021224069658738545,0.09779333153578146,0.3159986956647569,0.350821336977625,0.190063991809845,-28.98616147292206,0.29659780213922965,0.20719484355545048,-16.108340474345184,0.7805448778633548,0.9042146325111389,10.07924851581144,-0.6459460822394718,-0.6491605748474121,-0.3472350743655192
55.4200000000099,houtaitui_play,houtaitui,0.0,0.0,0.0,1.0120040177351217,0.06319157854066028,-0.5866983630799633,-4.985052549506388,-0.012037929584427728,-0.02395597763680775,-0.0014634734983558885,-0.010530926086454175,0.001166790057247492,0.021577230254337804,0.09827224977642436,0.3180299444809466,0.35147716429100717,0.19070140388107304,-28.991571089599905,0.2968978829620014,0.20690421130752568,-16.218608962305428,0.7770217159902518,0.9004516124725341,10.068193283960394,-0.6379034103015249,-0.6408435811340332,-0.3500420083878877
55.44000000000991,houtaitui_play,houtaitui,0.0,0.0,0.0,1.0119679658578977,0.05065900258190842,-0.5850612240457743,-4.96007121851965,-0.011904650110241598,-0.024268395209651076,-0.0015349563350457965,-0.01070042534574518,0.0014890894942422887,0.021914115549291277,0.09871881905126349,0.3199600234558572,0.35216607712325676,0.19143835570907597,-28.984493815513396,0.29724023784178977,0.20668719079589848,-16.32463432388581,0.7733516625838143,0.8965463757514953,10.057437300240597,-0.6295813243763438,-0.6322590817749023,-0.3530337923955368
55.46000000000992,houtaitui_play,houtaitui,0.0,0.0,0.0,1.0119296752073976,0.038208449054993036,-0.5830222298174806,-4.934494449784773,-0.011766526382868018,-0.02453112762372546,-0.0015943882037426943,-0.010628801858969182,0.001857957193136952,0.022414458420533318,0.0992485253664541,0.32221455234356894,0.35287589658828244,0.19207105901336674,-28.999894715960835,0.2976321971179108,0.2063756969223023,-16.455346531579313,0.769533813109038,0.8924833059310913,10.045956482496779,-0.6209754410193068,-0.6233458031951904,-0.35503753421289613
55.48000000000993,houtaitui_play,houtaitui,0.0,0.0,0.0,1.0118900713473034,0.025647620200259305,-0.5805188625108445,-4.908407581143736,-0.011640550153976017,-0.024765653994037625,-0.0016176641624394224,-0.010756701917823023,0.0022588867984655856,0.022849524606924135,0.09974640692438526,0.32435422309403267,0.3536016490926914,0.19281927611923222,-28.997094474438974,0.29806632817663453,0.20611444976425175,-16.583716600028986,0.7655733182862859,0.8882572770118713,10.032517362326573,-0.612086082058479,-0.614166211062622,-0.35748596536863364
55.50000000000994,houtaitui_play,houtaitui,0.0,0.0,0.0,1.0118480178955427,0.012986283214394418,-0.5776792789756621,-4.881674194998945,-0.011522125019803568,-0.024982137891066205,-0.0017103545153392761,-0.010852772264663624,0.0025398018410469274,0.023395020377509203,0.10020268708250794,0.3263462578047221,0.35435975575992507,0.19365475442504887,-28.985603681132734,0.29852208630090277,0.20594982173538212,-16.698224546608728,0.7614713124766874,0.8838901042938232,10.019248747102694,-0.6029119343595245,-0.60472221272583,-0.36068764750161697
55.52000000000995,houtaitui_play,houtaitui,0.0,0.0,0.0,1.0118039476815888,0.00012676452030975925,-0.5746264404460077,-4.854240814724242,-0.011405124974722795,-0.02517214609912055,-0.0017959750020345537,-0.01102721229796812,0.0027109319911248013,0.024022427419264435,0.10064523690611551,0.3282560837971183,0.3551473217473442,0.19450125959014897,-28.97722185361195,0.29903257078283785,0.20576743152236943,-16.827277190228312,0.7572301479641088,0.8793766021728515,10.005398876111517,-0.593461240299868,-0.5949947346984863,-0.36364533508294483
55.54000000000996,houtaitui_play,houtaitui,0.0,0.0,0.0,1.0117581587379945,-0.012983858020646194,-0.5714270483663257,-4.826007292400015,-0.011286201779939335,-0.02534406768330542,-0.0018741705478807595,-0.01124497931479258,0.002828952758063711,0.024729800654426128,0.10108097639138248,0.3301190183127387,0.3559616716623332,0.19534925487136845,-28.973212122910315,0.29958201273978985,0.20560030009841923,-16.959232839589387,0.7528526737662808,0.8747125387191772,9.990028826821431,-0.5837274092642626,-0.5849706639587402,-0.3660030737542263
55.56000000000997,houtaitui_play,houtaitui,0.0,0.0,0.0,1.0117105336109251,-0.02635335781826464,-0.5681861304364516,-4.797019023216926,-0.011167452672384032,-0.025477918779666143,-0.0019748564805468966,-0.011464026728996731,0.002839051720594956,0.025379713091260303,0.10148499607046751,0.3318722595492277,0.35680536829152937,0.1962792065391541,-28.95993610601248,0.30016825495434823,0.20551327731704716,-17.083343014880338,0.7483402269563759,0.8699014902114868,9.973542278675199,-0.5737057305611248,-0.5746592988311767,-0.36836131996820837
55.58000000000998,houtaitui_play,houtaitui,0.0,0.0,0.0,1.0116608988245333,-0.03992105429656764,-0.5649921540045337,-4.767367444720409,-0.01104935658452492,-0.025563311318559937,-0.0020892282381422575,-0.011626725964309918,0.0027843627150521658,0.02594732912939036,0.10188380090093681,0.3335965154471561,0.3576788818167877,0.19721911218261723,-28.9502560178066,0.300792815821947,0.205428400302887,-17.214123086205916,0.7436919791120224,0.8649417877197265,9.95611006137389,-0.5633933803181428,-0.5640556325256347,-0.3708361460669059
55.60000000000999,houtaitui_play,houtaitui,0.0,0.0,0.0,1.0116092346888979,-0.05362592179713706,-0.561871942134251,-4.737143841880123,-0.010933884481298405,-0.025600859806726148,-0.002206605165316062,-0.011736888566669828,0.002711116573632902,0.026436624431149136,0.1022775416979078,0.33530187728300054,0.3585805689012857,0.1981853630790711,-28.940781797739618,0.30145396582420586,0.20535246398544316,-17.349623918015883,0.7389073069189593,0.859835934638977,9.937926915774293,-0.5527939694546655,-0.5531687249481201,-0.37351262310421274
55.62000000001,houtaitui_play,houtaitui,0.0,0.0,0.0,1.0115557267705468,-0.0674342956567864,-0.5587584031857089,-4.706430519620863,-0.0108242943919521,-0.02559698669674673,-0.0023044369542821845,-0.011821330191983956,0.002710452247317008,0.026855993273203118,0.10268582816907221,0.3370461884774769,0.3595064485233214,0.19913194444274906,-28.93888918689211,0.30214562337638184,0.20526144769287114,-17.49285189686267,0.7339867890177146,0.8545851826667785,9.918988737642174,-0.541910108619689,-0.5419845094024658,-0.37583028199319163
55.64000000001001,houtaitui_play,houtaitui,0.0,0.0,0.0,1.0115002246163707,-0.08134189246569634,-0.555651730098891,-4.675344926159986,-0.01072126320852453,-0.025552252566738716,-0.0024163569126612943,-0.01190677575995192,0.0026891684802574788,0.02716602023074898,0.10306657786802793,0.33869921070725884,0.36045927228816393,0.20016685988998417,-28.926182717043208,0.3028684388748886,0.20524738099670414,-17.627905893431738,0.7289334787619413,0.8491976976394653,9.899535979761774,-0.5307505141073227,-0.530538510256958,-0.3780620183651196
55.66000000001002,houtaitui_play,houtaitui,0.0,0.0,0.0,1.0114425561284623,-0.09532778786587079,-0.5525714648122395,-4.643969133205998,-0.010623312485489247,-0.025469903954422293,-0.0025358153570633935,-0.011970620625473029,0.0026594579998467298,0.027413642317494283,0.10344383528029737,0.3403216757545608,0.36144083893795476,0.2012063052902222,-28.917963310955226,0.3036231344531712,0.2052390363464356,-17.767707099170995,0.723750471091511,0.843676221370697,9.879574000625185,-0.5193228429858656,-0.5188266743957519,-0.38007916293877353
55.68000000001003,houtaitui_play,houtaitui,0.0,0.0,0.0,1.0113827219177465,-0.10936445804546818,-0.5494990933951946,-4.612348173793512,-0.010531950373314067,-0.025354080946675572,-0.002652423722959994,-0.012011828419949726,0.002647460487357135,0.027623403579921803,0.10381654465639467,0.3419171150527224,0.36245049835962617,0.20226321485137944,-28.911605817835525,0.3044088116431005,0.20525071885681156,-17.909415179246334,0.718440312187554,0.8380136013031005,9.858359693520192,-0.5076334920969611,-0.5068532933532715,-0.38188682478638336
55.70000000001004,houtaitui_play,houtaitui,0.0,0.0,0.0,1.0113209576044828,-0.12345577540465584,-0.5463402966102106,-4.580499692046082,-0.010449876729988124,-0.02521389268553001,-0.0027446341560052696,-0.01205870030055557,0.0027296152569515632,0.027824564901074055,0.10420125269579156,0.3435341486473093,0.3634853424606399,0.20330009725189213,-28.9131630133066,0.3052211276276141,0.20525411632156376,-18.057044521940025,0.7130058338511822,0.8322042942047119,9.835203729281984,-0.49568509143919964,-0.4946109761535644,-0.38338592073236777
55.72000000001005,houtaitui_play,houtaitui,0.0,0.0,0.0,1.0112571802707575,-0.1376538872006128,-0.5431067942188077,-4.548477984598255,-0.010377434672828794,-0.025050831640463858,-0.002849918759907199,-0.012155964727715523,0.002774638669409714,0.027972679232033018,0.10454957344342207,0.34501932955864273,0.36454906062470976,0.20443616178131108,-28.902352391592753,0.30606370379263503,0.20535109307861332,-18.193612878717786,0.7074512283361067,0.8262634992599487,9.81088538768343,-0.48348497340592445,-0.4821285714447021,-0.38487564022660187
55.74000000001006,houtaitui_play,houtaitui,0.0,0.0,0.0,1.0111912475660336,-0.151974112356348,-0.5398516787365236,-4.516276990798333,-0.01031336012297888,-0.02486658930148557,-0.002961528987021786,-0.012269887392577093,0.002783865501701916,0.02812826094686524,0.1048878126328737,0.34644461947734045,0.3656447467413393,0.20558033254241947,-28.896026745888445,0.30693770466292275,0.20546165969467167,-18.333855568164193,0.7017796054783976,0.8201891303062439,9.785075903113349,-0.4710368805018569,-0.46939177411193844,-0.3861054188868831
55.76000000001007,houtaitui_play,houtaitui,0.0,0.0,0.0,1.0111231470680149,-0.16640758574465603,-0.5365949873328962,-4.483852045413091,-0.010257805532491893,-0.024661469988359917,-0.003076354729740789,-0.012369620291868286,0.002775909317100474,0.028327077259808445,0.10521623843603685,0.3478180647181387,0.36677246740327735,0.20674506690597538,-28.891805548780894,0.30784140568410284,0.20559708144760136,-18.474549128198458,0.6959928509859192,0.8139839887619018,9.757922223559193,-0.45834156333069886,-0.4564032067596435,-0.3872095397153832
55.780000000010084,houtaitui_play,houtaitui,0.0,0.0,0.0,1.0110530459488134,-0.1809621132464692,-0.5332750059244219,-4.451148448201862,-0.010213835336689677,-0.02444100130719855,-0.0031739886239541505,-0.012476431056495265,0.0028347011070153916,0.028577971313431,0.10555383507891956,0.34919924335441643,0.36792959651983415,0.2078906681785584,-28.896116109628906,0.3087685931770535,0.20572082069015507,-18.62098936891971,0.6900926266019048,0.8076447963714599,9.729037465811931,-0.44539670798698205,-0.4431516637145996,-0.3880813103122098
55.800000000010094,houtaitui_play,houtaitui,0.0,0.0,0.0,1.0109805698365018,-0.19567512604285417,-0.5299448126623568,-4.418199871064684,-0.010180214222307629,-0.024198421696420426,-0.003304100327083042,-0.012617687627066216,0.002818976253026949,0.02878523818549153,0.10585441410672666,0.3504475349187264,0.36912326586160643,0.20913688209152226,-28.88947898312727,0.3097223296357713,0.2059428479919434,-18.75478126508519,0.6840824257491498,0.8011897921562194,9.699470394739006,-0.4322061897643763,-0.429663847857666,-0.38900496411159197
55.820000000010104,houtaitui_play,houtaitui,0.0,0.0,0.0,1.010905308117602,-0.21054714148134107,-0.5266940516933717,-4.385036015196242,-0.010153719166238827,-0.023931618681903143,-0.0034618166689165857,-0.012758426652100642,0.0027342496904818477,0.028969006516633172,0.10614923802603982,0.3516514257879818,0.3703595215848994,0.21038309600448613,-28.89108211875572,0.3107056183004669,0.2061697628746033,-18.893242116530363,0.6779650753602388,0.7946128964424133,9.668563462286171,-0.4187722509675361,-0.4159248580276489,-0.38968247064018324
55.840000000010114,houtaitui_play,houtaitui,0.0,0.0,0.0,1.0108271381320482,-0.225564152599501,-0.523560773054993,-4.3516843760668085,-0.010135860765187332,-0.023641572135672268,-0.003628402273456903,-0.012890725335485626,0.0026189702228494515,0.02912298736001613,0.10644053074753386,0.3528221676523182,0.37163934958440425,0.2116382506141663,-28.89903255546066,0.3117188187508644,0.20641485717391972,-19.03386233732451,0.6717422212370358,0.7879144668579101,9.636282839001968,-0.40509412073838635,-0.40193433659667965,-0.39021953188976144
55.860000000010125,houtaitui_play,houtaitui,0.0,0.0,0.0,1.0107460549410616,-0.2407268479936755,-0.5205606590714257,-4.318188140782385,-0.010128992700798443,-0.023331525232488822,-0.0037942461069971557,-0.01302115484541556,0.002492967392736129,0.029242780163863447,0.10672790659547104,0.35395538777871444,0.3729633159717373,0.21290824678039555,-28.912142975247693,0.3127612284785343,0.20668611791229252,-19.17493507707933,0.665415605056104,0.7810999274253845,9.602938797908385,-0.3911723143971198,-0.38769621747131344,-0.390633691833517
55.880000000010135,houtaitui_play,houtaitui,0.0,0.0,0.0,1.0106622913312038,-0.25605384792574204,-0.5176098456677865,-4.28457889361671,-0.010135401762439386,-0.023008699628969845,-0.003933155384045544,-0.013167107760232047,0.002457258586529259,0.029344862943427648,0.10703280297737984,0.35511138240361934,0.374326225318898,0.21414009597396855,-28.93918989912614,0.31382719001929416,0.20694641139602665,-19.32171024503446,0.658986829177049,0.7741648077964782,9.568048698953056,-0.3770040004937862,-0.3731973876296997,-0.3908199922022936
55.900000000010145,houtaitui_play,houtaitui,0.0,0.0,0.0,1.0105755628703585,-0.27161664276092645,-0.5147110162308074,-4.251031930045052,-0.010155344803324716,-0.022654719649380747,-0.0040983629845559475,-0.013387951908275283,0.0023942505370312672,0.029259430210474172,0.10731340794554334,0.35614247942909655,0.37572671562371324,0.2154437687644959,-28.95898466002631,0.31491979356973443,0.20732156303024296,-19.453026003407057,0.6524596947240167,0.7671234726905822,9.532286618287483,-0.36259673663811093,-0.3584762324630737,-0.39108927317996983
55.920000000010155,houtaitui_play,houtaitui,0.0,0.0,0.0,1.0104858020922876,-0.28746350240793433,-0.5119066198138071,-4.217665328743777,-0.010184851465628387,-0.022303429380269375,-0.0042646487317926545,-0.01364099447238893,0.0023022372861623347,0.02909635257009451,0.10758664640676568,0.35709927542786674,0.3771806357428626,0.2167327788124085,-28.992817405292378,0.3160354531025864,0.20772025849914555,-19.583847757809416,0.6458373333560447,0.7599704384803772,9.495044816596959,-0.34795689290581966,-0.3435167779266357,-0.3910193867103233
55.940000000010166,houtaitui_play,houtaitui,0.0,0.0,0.0,1.0103930930016625,-0.30355864653212156,-0.5092274663597474,-4.184471277857539,-0.010224838047869085,-0.021942530713459737,-0.004429762033329982,-0.013854911117007677,0.00218131289658152,0.028950672210901994,0.10784537970905786,0.35797929650217286,0.3786846536292181,0.21804300811386113,-29.031528951246585,0.31717220799816875,0.2081592467079163,-19.711074476684352,0.6391204297911647,0.7527130961418151,9.457001140581239,-0.33308150149460397,-0.32830948727722165,-0.3907948343713556
55.960000000010176,houtaitui_play,houtaitui,0.0,0.0,0.0,1.010297762461589,-0.3198396580846158,-0.5065946383398651,-4.151369881267261,-0.010279795731363485,-0.021579088331935944,-0.00456545920431194,-0.014012570322052064,0.002149000185275548,0.028881428498486707,0.10812125250237505,0.3588805224917829,0.3802290723775281,0.21930948760604863,-29.08463782600659,0.3183270879830837,0.2085869696388245,-19.843369963859065,0.6323090776584254,0.7453450679779052,9.41766684902121,-0.31796301131988053,-0.31284017460937497,-0.3903874631552317
55.980000000010186,houtaitui_play,houtaitui,0.0,0.0,0.0,1.0101999463839197,-0.33627928843309685,-0.5039373371297409,-4.118327436070388,-0.010352039312910951,-0.021216608331041085,-0.004691700969188277,-0.014152776422212018,0.0021648903723540357,0.02883057602259255,0.10838491227727931,0.359711576834678,0.381809484887317,0.22061786916351322,-29.136351006827223,0.319500502826486,0.20908377435302739,-19.96661486098778,0.6254048532319515,0.7378718376159668,9.377246504650133,-0.3026011874946866,-0.2971312512695312,-0.39003533924171846
56.000000000010196,houtaitui_play,houtaitui,0.0,0.0,0.0,1.0100990209030087,-0.3528956417311238,-0.5013418425598527,-4.085407630279162,-0.010437001105307346,-0.020845701741153164,-0.004866200881696149,-0.014316572507145948,0.0020874977381026213,0.028710317993810176,0.10861667072657953,0.3604016162194621,0.38342186813125445,0.22200475003814701,-29.178962313214974,0.3207012939590702,0.20967248942947392,-20.078974260862815,0.6184118232401984,0.7303003787994384,9.335817254034549,-0.2870049061456948,-0.281200598651123,-0.3896512723162736
56.02000000001021,houtaitui_play,houtaitui,0.0,0.0,0.0,1.0099947438794754,-0.3696786122136129,-0.49885942754572393,-4.052654876225643,-0.010532417248872685,-0.02046897936086182,-0.005052921684518815,-0.014467010500421842,0.001980388478427281,0.02855095361002819,0.10885779253442487,0.36108549066257933,0.38507406097967384,0.2233521726379395,-29.235571373414313,0.3219301800209014,0.21024737622833256,-20.19894497017602,0.6113320174183743,0.7226179361343383,9.292353693278617,-0.27118068331430806,-0.2650360574066162,-0.38892697802142934
56.04000000001022,houtaitui_play,houtaitui,0.0,0.0,0.0,1.0098878587881488,-0.38658809108028475,-0.49635290432795526,-4.020049874932564,-0.010643828479306696,-0.02010587951049516,-0.005174587235559668,-0.014574214320590554,0.0020176171141786823,0.02843025703662146,0.1091327103442736,0.36184429864358036,0.38675772911352263,0.22461662557220463,-29.314506070970104,0.3231755568657787,0.21078781154251103,-20.326978932095027,0.6041643794766848,0.7148210525512695,9.246892884456217,-0.2551267972186759,-0.24862332242126461,-0.38785943750588553
56.06000000001023,houtaitui_play,houtaitui,0.0,0.0,0.0,1.0097792745731704,-0.40365805713264896,-0.4936466095842612,-3.9876693679784814,-0.010775831629851315,-0.01975996507535195,-0.005232029879068154,-0.014717295371776386,0.0021995752115526327,0.02823267714844908,0.10942701524625162,0.3626495521976075,0.3884785307379397,0.2258727338562012,-29.40166499075781,0.324423983143987,0.2113621618995667,-20.44850329508083,0.5969086470712012,0.7069199800491333,9.200140624899255,-0.23884644287757917,-0.23198921578521725,-0.3867713215874406
56.08000000001024,houtaitui_play,houtaitui,0.0,0.0,0.0,1.0096683604593042,-0.4209511725303436,-0.490780699801016,-3.9556680578896235,-0.010922168473733639,-0.019411440657929005,-0.005343310742459635,-0.014923248067243157,0.0023184696310292493,0.02789257541157884,0.10965861382801848,0.36319273707272365,0.3902154727958773,0.22723845508193974,-29.469611980485475,0.325685366040717,0.21210358407592778,-20.54317788817818,0.5895699324104559,0.6989471435546875,9.153936541614426,-0.22234532580440855,-0.21514065163726803,-0.3856119143169555
56.10000000001025,houtaitui_play,houtaitui,0.0,0.0,0.0,1.00955490751354,-0.43842982890429605,-0.4878240789800209,-3.9239859052385797,-0.011077202897385332,-0.01909106332895582,-0.005464466375311575,-0.015082265884674798,0.002388224287387205,0.02762876928968649,0.10988729589180349,0.36368581358846036,0.3919954194605148,0.22856710221862797,-29.55421520762682,0.32696002808622454,0.21283606555557255,-20.641760418933586,0.5821505274984972,0.6908710718154907,9.105847898020711,-0.20562620643902396,-0.1980688084899902,-0.3842622228352377
56.12000000001026,houtaitui_play,houtaitui,0.0,0.0,0.0,1.0094393294968282,-0.4560106777892436,-0.4846766560470863,-3.892475651928526,-0.011245656832256782,-0.018800206862512235,-0.005548341790739709,-0.015164133686504707,0.002567060435455425,0.02749987718562994,0.11013522121923353,0.3642099562167202,0.3938058605743004,0.22982654836273197,-29.65571025955147,0.328242893272853,0.2135444071540833,-20.745803539249806,0.5746495194169433,0.6826882481575012,9.055829002793903,-0.18868339620449334,-0.18075258629913327,-0.38266390126241157
56.14000000001027,houtaitui_play,houtaitui,0.0,0.0,0.0,1.009321893821826,-0.47364160191419336,-0.48124895991409805,-3.8610539105568424,-0.011430037812356018,-0.018539366083068495,-0.005615121982477901,-0.015207040804158122,0.002808015987401035,0.02742977439618913,0.11037463866498622,0.36468293593200046,0.3956369927974743,0.23112312820053105,-29.75349771882598,0.32953423087191963,0.21431664493179325,-20.83991502927144,0.5670670892642117,0.6744160771369934,9.005161977148465,-0.1715190580069973,-0.16322417157287594,-0.3811821039673491
56.16000000001028,houtaitui_play,houtaitui,0.0,0.0,0.0,1.0092025151282369,-0.49129562923422154,-0.47752356809552304,-3.8296986149697405,-0.011627502281900121,-0.018307970729445074,-0.005686327547802208,-0.015226559657698159,0.0030609518619452362,0.027376484662695624,0.1106101488375173,0.36511276715130253,0.39748620544972785,0.23243103292083744,-29.852304348036903,0.3308375007139686,0.21512828137969975,-20.929342247610936,0.5594052347732833,0.6660558700561523,8.953698179863931,-0.15414307994521528,-0.14549322026367184,-0.3795745950277867
56.18000000001029,houtaitui_play,houtaitui,0.0,0.0,0.0,1.0090807477695392,-0.5089436945522104,-0.4736215193630109,-3.798447052448568,-0.011833459357657597,-0.018100148500864204,-0.005797514235715632,-0.015220427342216998,0.003186701394183357,0.027281121733790846,0.11081984028838249,0.36543664115509233,0.39935690637032456,0.23380182054138188,-29.943922015340462,0.3321611769074304,0.2160216357955933,-21.008384669392882,0.5516670389441579,0.6576172828674316,8.901899059635678,-0.1365727388641483,-0.12759048836822506,-0.3779100852342526
56.2000000000103,houtaitui_play,houtaitui,0.0,0.0,0.0,1.0089567489254396,-0.5265423403464317,-0.46951021686762223,-3.767271055942187,-0.01204975476373805,-0.017925815102484848,-0.005885342364510787,-0.015173623906503708,0.003381038905087254,0.027226975547704115,0.11107019782560347,0.3658596227725718,0.4012432454315284,0.23506084945297245,-30.058018026575198,0.3335015167828428,0.21683625247573857,-21.104282535916006,0.5438539344275086,0.6490815997123718,8.848283336378353,-0.11881616037151008,-0.10948879616851803,-0.3757365640065176
56.22000000001031,houtaitui_play,houtaitui,0.0,0.0,0.0,1.008830945159914,-0.5440901104301706,-0.46510384620466694,-3.7361939186218485,-0.012281060123026181,-0.01778734719473009,-0.005946580609195022,-0.015134340184354349,0.0036360450362124116,0.02713597671170192,0.11132376133168456,0.3662737969128979,0.40313846828014116,0.23633120324707035,-30.171159933339734,0.33485324383605075,0.21770075824356083,-21.19287593460444,0.5359680580069252,0.6404688477516174,8.79420238936499,-0.10088298184400409,-0.09122295277709958,-0.3735264135240057
56.24000000001032,houtaitui_play,houtaitui,0.0,0.0,0.0,1.0087034970577053,-0.5616199937336839,-0.4603885939254771,-3.70527612379812,-0.012526639898125207,-0.01768839417885299,-0.00600074301410138,-0.015125754885124775,0.0038996605029020786,0.0269948058467213,0.11157800277470031,0.36666240928104366,0.40504079830659284,0.2376002457389832,-30.285682213829656,0.3362139961753005,0.21860370900726322,-21.2759864241608,0.5280138243771367,0.6317818880081176,8.739403410241659,-0.08278440649033592,-0.07279760735626217,-0.3710762559597316
56.26000000001033,houtaitui_play,houtaitui,0.0,0.0,0.0,1.0085741236520585,-0.5791569621719119,-0.4554959754600672,-3.6745835707628647,-0.012782827667147894,-0.017626510820494642,-0.006088844287919849,-0.015137850515627107,0.004026141554519535,0.026792103380572536,0.111807678552064,0.36695252014396923,0.4069544815584737,0.23892519738769535,-30.39250218924206,0.33758803095377093,0.21958962943649296,-21.346877708490325,0.5199970559462364,0.6230316877365112,8.684220027968314,-0.06453480537651382,-0.05423934357757565,-0.3685636348917609
56.28000000001034,houtaitui_play,houtaitui,0.0,0.0,0.0,1.0084430776072724,-0.5966911996521508,-0.4503887635638276,-3.644064479672501,-0.013052630043837964,-0.017613187252537788,-0.006148597416573625,-0.01513603733124004,0.004228029427148998,0.02665665147304233,0.11208041528310506,0.36735271263259095,0.40887416655752956,0.24012623097991947,-30.522289995173484,0.3389689327464442,0.22048709657287602,-21.43440190466153,0.5119213101286184,0.6141953587532043,8.626707085229885,-0.04613694883680289,-0.03551347153778073,-0.365563897690996
56.30000000001035,houtaitui_play,houtaitui,0.0,0.0,0.0,1.0083108503985108,-0.6142317071323997,-0.4449636421410546,-3.613695078581171,-0.013341457721832584,-0.0176492259558924,-0.006177132294179495,-0.015147860518030928,0.004505797321330057,0.026526714201642074,0.11235740123782688,0.36775224329116524,0.41079287146055005,0.24133101966476445,-30.650704705569417,0.3403500987643635,0.22142718103027348,-21.513825447546843,0.5037897923082861,0.6052891135215759,8.5678840987658,-0.027593338983637847,-0.016645502024841274,-0.362557133273554
56.32000000001036,houtaitui_play,houtaitui,0.0,0.0,0.0,1.0081776338248747,-0.6318026919597554,-0.43918334111321355,-3.5834821845401104,-0.013648960417532193,-0.017736167752393246,-0.006194856042946641,-0.015179489335278755,0.004813277786925985,0.026395146447129838,0.11263693501526588,0.36813657252030557,0.41270811271897934,0.24252797033882145,-30.77977017182216,0.34172902805160327,0.22239611413574223,-21.587454028817884,0.49560693833608055,0.5963213562965393,8.508001387227196,-0.008909796603699378,0.0023588429153442725,-0.3594257104888907
56.34000000001037,houtaitui_play,houtaitui,0.0,0.0,0.0,1.0080434654857475,-0.6494069760198077,-0.43302711808952427,-3.553409586188692,-0.013974314230957864,-0.017874794237739695,-0.006210130648435409,-0.015211531822655075,0.0051377377588926396,0.026279431027004273,0.11292005591935346,0.36850996319975143,0.4146189718374667,0.24370864894485478,-30.910883715064895,0.34310502188615183,0.22338388230896,-21.657105315268993,0.48737708355420983,0.5872900009155273,8.446557408481265,0.009910618296854551,0.02150373560791019,-0.35611885100364843
56.36000000001038,houtaitui_play,houtaitui,0.0,0.0,0.0,1.0079079999664282,-0.6670172115164703,-0.4266037086219115,-3.523478868927703,-0.01431500343119221,-0.01805889697794505,-0.0062605793633614334,-0.015216880013060591,0.005345180906423049,0.026156389196079877,0.1131817173014534,0.36880279148021605,0.4165289535872193,0.24494097497558598,-31.032780481381817,0.34448480718114627,0.22444049384689335,-21.71556898812739,0.479105002961356,0.5782148957252502,8.384718119846577,0.028853888279272363,0.0407464991271973,-0.35288913707390274
56.38000000001039,houtaitui_play,houtaitui,0.0,0.0,0.0,1.0077714128657353,-0.6845701788361287,-0.4198281272832135,-3.4935949539726265,-0.01467525325268133,-0.018297292287932636,-0.006281360938404404,-0.015160676531042168,0.00567336966062539,0.026137794501727273,0.11349112949203934,0.36922945419067194,0.4184317914599442,0.24604473378753666,-31.176109068749227,0.34586466590010717,0.22538749244308476,-21.793461364717896,0.4707936242949458,0.5690711855888366,8.320402300683917,0.04791328096475434,0.060120035237121616,-0.34915395068275085
56.4000000000104,houtaitui_play,houtaitui,0.0,0.0,0.0,1.0076341165275486,-0.7020320935931113,-0.41254143629367346,-3.463726637709249,-0.015060682837561038,-0.01858797548274117,-0.0062692375665827655,-0.015080093904488912,0.0061254792476614925,0.026129289779220626,0.11380724095134977,0.36967381754624984,0.42031986179937253,0.24715436365699772,-31.315247311003986,0.3472403377660846,0.2263651874313355,-21.864781184410525,0.4624460646145688,0.5598732352256774,8.254448703547277,0.06708715141466833,0.07961003882293705,-0.34533466079670205
56.42000000001041,houtaitui_play,houtaitui,0.0,0.0,0.0,1.0074958536573186,-0.7193935132885205,-0.4047928009588496,-3.433935640868674,-0.015466701880793013,-0.018925159708323917,-0.006285079009276856,-0.014994088201087729,0.0065074521250491745,0.02606020238330356,0.11409972227403019,0.3700413597346721,0.42219582736648326,0.2483359065303803,-31.439341746163624,0.34861785478085094,0.22742156055068974,-21.922743282085037,0.45406634539340507,0.5506437540054321,8.188304393376532,0.08636752795381288,0.0991867075622559,-0.34167080041230646
56.44000000001042,houtaitui_play,houtaitui,0.0,0.0,0.0,1.0073563482630312,-0.7366128231953261,-0.3966022986910334,-3.4042032132309585,-0.015891704758807527,-0.019312113945166604,-0.006312271543495345,-0.014866585465074479,0.00689363994351936,0.02602389400335787,0.11441008782982465,0.3704661674591978,0.42406008896456027,0.24947071936225895,-31.569752060415908,0.3500002989042716,0.2284287598381043,-21.990653534299298,0.44565808639519056,0.5413730859756469,8.120964442020858,0.10574359321614565,0.11885337931518558,-0.33780093689054524
56.46000000001043,houtaitui_play,houtaitui,0.0,0.0,0.0,1.0072160518348576,-0.7536438867511153,-0.38774111118050497,-3.3744452061014805,-0.016342790857966763,-0.019755467283262832,-0.006285598573673408,-0.014700473183070951,0.007509496818617821,0.026067087165487415,0.11476759559206479,0.37105060970040965,0.4259026237124038,0.2505065586814881,-31.71330244297029,0.3513796547586118,0.22934386994934086,-22.07397408603276,0.4372224047748648,0.5320470452308654,8.051349892777099,0.12521577334797102,0.13863198859100345,-0.3336323935846729
56.48000000001044,houtaitui_play,houtaitui,0.0,0.0,0.0,1.0070750470145429,-0.7704821975268991,-0.37814570318340834,-3.3447044182700445,-0.016819493342956706,-0.02024476032258207,-0.0062617525591129024,-0.014537232497374512,0.00813407521514336,0.026049995159139167,0.11510057778658234,0.37158434846446703,0.42772148635252694,0.2516433682689667,-31.8342745409653,0.35275742868980836,0.23035816218948368,-22.139308479987427,0.4287620159405053,0.5226985931396484,7.9817416754639625,0.14478129415590063,0.15849046809082035,-0.32963716729448944
56.50000000001045,houtaitui_play,houtaitui,0.0,0.0,0.0,1.006933127947885,-0.7871105021985414,-0.36782035576512134,-3.3149743845378885,-0.01731845257137535,-0.02078179802323824,-0.006246729262453071,-0.01435361953350805,0.008771237080870416,0.02605975143471782,0.11544950351712982,0.3721925322194486,0.42951745351901877,0.25275648501014714,-31.955453139302474,0.3541358849730512,0.2313254859695435,-22.213362339163762,0.42028048134154716,0.5133223056793212,7.911413757477652,0.1644350946574825,0.17843489748840335,-0.3255358663965985
56.52000000001046,houtaitui_play,houtaitui,0.0,0.0,0.0,1.0067903299331604,-0.8034880954242106,-0.35669162735984183,-3.285187757764208,-0.01784170340663216,-0.021364636966602332,-0.006222059635955903,-0.014134790611734949,0.009474712835258137,0.026128158006200143,0.11581570976742547,0.37290268886670735,0.4312879499879415,0.2538614359149933,-32.073311405688735,0.3555138925104012,0.23225049045181279,-22.294873255199263,0.41178047814224694,0.5039153218269348,7.839884708431647,0.18417306567609193,0.19846241576080326,-0.32123738089866716
56.54000000001047,houtaitui_play,houtaitui,0.0,0.0,0.0,1.0066468484964346,-0.8195714058572899,-0.3446713044964645,-3.2552927518152357,-0.018391280472805915,-0.021987136814619897,-0.006178892456677689,-0.013876677963051573,0.010252945688496072,0.02624332345937322,0.11619729711507072,0.37402180246095884,0.4330298567497514,0.2549727645168305,-32.18450281597507,0.3568890230659418,0.23313311603164677,-22.383292022859894,0.40326489179881514,0.49448390007019044,7.767291880984699,0.2039895631804855,0.2185642014205933,-0.31659875726234527
56.56000000001048,houtaitui_play,houtaitui,0.0,0.0,0.0,1.0065029162096826,-0.8353163391876537,-0.33167691667085464,-3.2252759831702416,-0.018966655783153895,-0.022638645689487782,-0.006114923097834037,-0.01357389140137033,0.011103187335664448,0.02637336696211025,0.11659104739287175,0.37618226389124654,0.43474094641107575,0.2561020937213898,-32.286675222616786,0.35825834617537106,0.2339672234306336,-22.47914113364118,0.3947352606670532,0.48503477573394777,7.694308216004843,0.2238773591987815,0.23872213465576175,-0.3120439011683657
56.58000000001049,houtaitui_play,houtaitui,0.0,0.0,0.0,1.006358696697745,-0.8506751488680152,-0.3176371452312251,-3.1951731228406954,-0.019566702148944067,-0.023307704446040835,-0.006037558675461357,-0.013230229215780596,0.012014991892307184,0.026467805413769356,0.11699274871211524,0.3782850510480025,0.43641855584842054,0.2572651293525696,-32.376595565325054,0.3596198068878063,0.23474774625396733,-22.58307806800674,0.38619334223435153,0.47557390928268434,7.621237613837913,0.24382259453239563,0.25891821486358646,-0.3074558454363966
56.6000000000105,houtaitui_play,houtaitui,0.0,0.0,0.0,1.0062142908959097,-0.8655930888838149,-0.30249513093403474,-3.1650647589375955,-0.020191547507976665,-0.02398255262523724,-0.005952608693644238,-0.012844293825803876,0.012975475325829978,0.026482822091818032,0.11740044861709473,0.38030726412267213,0.438060524482113,0.258468874956131,-32.45282288811128,0.36097195480621524,0.2354666378746033,-22.69635440488204,0.3776420232094466,0.46610708236694337,7.548307400427194,0.2638070790735187,0.27913324934844974,-0.302780368178384
56.62000000001051,houtaitui_play,houtaitui,0.0,0.0,0.0,1.0060700552486548,-0.8800192808532535,-0.2860694621355596,-3.1350219423857175,-0.020845496518902582,-0.024658193034023536,-0.0058263966595228376,-0.012418483718750676,0.014120601490850686,0.026439970712325775,0.11783770305046286,0.38229603292202075,0.439658915093511,0.25966040160751347,-32.52270558096633,0.36230828325400355,0.23604539897537236,-22.83115441863692,0.36908525800472436,0.4566187381744385,7.474087421046327,0.2838185310596183,0.29937820536499027,-0.29782809846385716
56.640000000010524,houtaitui_play,houtaitui,0.0,0.0,0.0,1.0059258548416243,-0.8939333011548244,-0.26841559316364383,-3.105218195616348,-0.02152354086734301,-0.025316217000715596,-0.00572559881346417,-0.011981289906700289,0.015165880141678263,0.026222850529272916,0.11824006603863903,0.38406822512207883,0.4412132149352825,0.2610179271945954,-32.554772271751006,0.3636320413097965,0.23665694263076786,-22.95802785441993,0.3605273896978135,0.4471504807472229,7.401349925442444,0.3038501203976157,0.3196173201263428,-0.2933306329296351
56.660000000010534,houtaitui_play,houtaitui,0.0,0.0,0.0,1.005781261305769,-0.9072886590722352,-0.2496708675121339,-3.0757708881114008,-0.022222966359809082,-0.025947475990783436,-0.005658279979352697,-0.011498651517984182,0.016110327887507714,0.025920270998625757,0.11865313823599019,0.3856967584982596,0.4427267284840766,0.26242322590446476,-32.571230274020515,0.36494785882387437,0.23713580634689335,-23.107670082983315,0.3519723769009136,0.43767948150634767,7.327940844780575,0.3238937308924458,0.33986442191009525,-0.28864649679568655
56.680000000010544,houtaitui_play,houtaitui,0.0,0.0,0.0,1.0056361050462923,-0.9200161940570618,-0.22987785865660731,-3.0467694358759787,-0.02294686232018952,-0.026536771921809383,-0.005600548787706323,-0.010954778733991982,0.01702606108392947,0.02553537317659058,0.11908000305396638,0.3871683446039571,0.444199468644367,0.26389563944435124,-32.56823870009507,0.3662567878894605,0.237466552520752,-23.28283572554387,0.34342234077325,0.4282002568244934,7.253366472254733,0.3439431305528398,0.36011116606597904,-0.28391262272453355
56.700000000010554,houtaitui_play,houtaitui,0.0,0.0,0.0,1.0054882136510737,-0.9324206689284061,-0.20899449537153325,-3.018932307366098,-0.02366277629872329,-0.026951287916612082,-0.005690412831193048,-0.010794319168451028,0.017984502106434944,0.024339491467383678,0.11955265570016306,0.38862522598218885,0.44561048314909246,0.2653932955513001,-32.545358705031624,0.36757114302554456,0.2375806358108521,-23.500109904486788,0.33487835230605045,0.4187047600746155,7.176666344315619,0.36400255543882437,0.38037161929016117,-0.27901800315307423
56.720000000010565,houtaitui_play,houtaitui,0.0,0.0,0.0,1.0053383962214386,-0.944696719718921,-0.18688408686704788,-2.9927885151383866,-0.024457021321566588,-0.027452485844472036,-0.005573049791112601,-0.010499743520035736,0.01914913633062927,0.023172631801598613,0.12004568641322413,0.39013157110296437,0.4469265733487314,0.2669177141437531,-32.50865962797,0.3688743646400229,0.23768625524139408,-23.713727415977008,0.32634296843007077,0.4092157304286957,7.100025348587645,0.3840475022092236,0.400576163357544,-0.27415083060194056
56.740000000010575,houtaitui_play,houtaitui,0.0,0.0,0.0,1.0051905879016014,-0.9559159637376018,-0.16366175522154525,-2.967514916173494,-0.025240257384142296,-0.027682660093447196,-0.005587594503188689,-0.009949214326463906,0.019956204497367975,0.02177047980659473,0.12048626926248235,0.3911355562602657,0.44819749631651906,0.2686630275497437,-32.388455786969566,0.37014364189228477,0.23766211536026005,-23.946378458761785,0.3177992856517735,0.3997743546962738,7.027928914626527,0.4040738580481797,0.42077236277465824,-0.2691597415060518
56.760000000010585,houtaitui_play,houtaitui,0.0,0.0,0.0,1.0050454088052774,-0.965914569054293,-0.1390757550653832,-2.9432481599046834,-0.02612372648539519,-0.027956157196301717,-0.00528119635140285,-0.00878080807066813,0.021233769054077294,0.0210008430308886,0.12108070607785916,0.393906920159019,0.4494127500206075,0.2702009465942383,-32.33045750835471,0.37137810113663033,0.23729572560882572,-24.23156486288264,0.30924716307260647,0.390303236246109,6.954914926729925,0.4240890378492395,0.44096212489013675,-0.2641960627380675
56.780000000010595,houtaitui_play,houtaitui,0.0,0.0,0.0,1.004901903057691,-0.9745936869005607,-0.11283478983684647,-2.920272152252518,-0.02706104308504465,-0.02813844844949789,-0.00492234820596476,-0.007396747818243277,0.02281465193736996,0.020316456010869923,0.12158288857515376,0.39730797731332623,0.4505561999942061,0.2720677044639588,-32.21647434393796,0.3725908945338624,0.2368430879364014,-24.527985932921183,0.30068620854658024,0.38082627654075624,6.882488473740062,0.4440943642112781,0.46113138300781253,-0.2594886874863076
56.800000000010606,houtaitui_play,houtaitui,0.0,0.0,0.0,1.0047570486643096,-0.9820013849587178,-0.08512973274075418,-2.8990876200357945,-0.02798341066120642,-0.028084488412205677,-0.00485279495229202,-0.006231797965191785,0.024098247516730443,0.01877464629437364,0.12200698557599828,0.400772101608887,0.4516049134003275,0.2742453005561829,-32.00879720071431,0.373814270635517,0.23639921214675907,-24.828894079629308,0.29212948834479513,0.3713410019874573,6.807983832507256,0.4640805606191364,0.48127226931457523,-0.2548547440367209
56.820000000010616,houtaitui_play,houtaitui,0.0,0.0,0.0,1.004609722630569,-0.9877010896916416,-0.056497996665702155,-2.8799677960677075,-0.02888794990975512,-0.027696835148901013,-0.005056995905579335,-0.0049901061518737065,0.024774028185074206,0.016376437388645925,0.12244223107030175,0.40468519021542143,0.4525690159489408,0.2766533282051087,-31.722257487698172,0.37506716216489006,0.235698917175293,-25.184970994665928,0.2835742082104918,0.3618512570858002,6.732698487575705,0.4840417420067616,0.5013705979049683,-0.25053288936576945
56.840000000010626,houtaitui_play,houtaitui,0.0,0.0,0.0,1.00446416153065,-0.9904969813099207,-0.027025789256176467,-2.862254722720332,-0.02991226136300659,-0.02724951357499118,-0.004819094134183729,-0.002198548107901155,0.02554700746789075,0.01533009325258066,0.12296873539829072,0.40953355803176855,0.45350796358293993,0.27914766337966923,-31.454901287251307,0.3763278318130293,0.23442403342819218,-25.639919638347603,0.27499535744354875,0.35232598781585694,6.658783621408004,0.5039768599138236,0.5214481840789795,-0.24595325732229734
56.860000000010636,houtaitui_play,houtaitui,0.0,0.0,0.0,1.0043189120515439,-0.9907024752816416,0.0038743952853528213,-2.847436675511069,-0.031000650871313,-0.026425318047890303,-0.004502812206856897,0.0002545937748593263,0.027042948951598547,0.013087836432630869,0.12371122567361933,0.415838968022583,0.45432888739035426,0.2817853477249146,-31.13557110357266,0.37759101087797453,0.23239950206375126,-26.231816260234165,0.2663897166268934,0.3427378058433533,6.582055245776433,0.5239011023624052,0.5415387640655518,-0.24136082355096877
56.88000000001065,houtaitui_play,houtaitui,0.0,0.0,0.0,1.0041756301120084,-0.988277842992457,0.0365457006673292,-2.8355935896045232,-0.032105976680582224,-0.025227069946308772,-0.0043257731321132906,0.002430471965157717,0.02856616538944933,0.010251073286222,0.12421714858018759,0.42208811716910666,0.4550347987660876,0.28515277173614506,-30.63476509798233,0.37883485419470153,0.2303818848381043,-26.819027273103355,0.25775587404518097,0.3331766247749329,6.509099294241717,0.5438136030040004,0.5615982304275513,-0.23720606521931542
56.90000000001066,houtaitui_play,houtaitui,0.0,0.0,0.0,1.004032113019289,-0.9813849857043303,0.0710074383151889,-2.826710253710867,-0.033232774794346005,-0.023563466880399262,-0.004295604545539936,0.007003447647458726,0.03008716557214888,0.008131537212869265,0.1248648152867375,0.4298740186826959,0.4556257009760218,0.2888906386146546,-30.061863967980003,0.3799551647526236,0.22761086490249638,-27.48087873090568,0.24906823477248735,0.3235731840133667,6.439111868705213,0.563750881652286,0.5817223678291321,-0.23372288960584842
56.92000000001067,houtaitui_play,houtaitui,0.0,0.0,0.0,1.0038950004132252,-0.9681909249082529,0.10799989043079591,-2.821720579007815,-0.0345933706450469,-0.021145180632137543,-0.0034682012116122084,0.012288215755157183,0.032569023230680984,0.004224825742890091,0.12562036253226652,0.439049791151999,0.4559740856025635,0.2931294229278565,-29.341125408619806,0.3812573910379497,0.2237411525497437,-28.456490158915837,0.24027464365361242,0.3138312816619873,6.3697764087111315,0.5837990452379378,0.6020650158584595,-0.2306031167376178
56.94000000001068,houtaitui_play,houtaitui,0.0,0.0,0.0,1.0037653823202657,-0.9475849502851299,0.14739472999351547,-2.820877671744994,-0.036006589216927426,-0.018087305083870443,-0.002839890563188433,0.018841170474840754,0.03466422639715916,0.0007022891006898057,0.12621554080194936,0.4489763440831247,0.4560762295080596,0.2988935497055054,-28.30016731195406,0.3825942884567118,0.21916381385421757,-29.521415173274956,0.23137777308989627,0.3040841639041901,6.30754738496049,0.6038672273813965,0.6222389231384278,-0.22817864308465996
56.96000000001069,houtaitui_play,houtaitui,0.0,0.0,0.0,1.0036359839994027,-0.9197714857002902,0.18923779890534767,-2.8222724796662475,-0.03752313063478287,-0.014531374536582391,-0.0026110767264820064,0.02511815331756174,0.03687426467238922,-0.0008910854008794126,0.12698589711873826,0.4613533953899158,0.45601298635667126,0.3057193246135712,-27.050855179322333,0.38397046915942906,0.21310225989913945,-30.862720256962493,0.22237288166010935,0.2942137837409973,6.244345761094749,0.6240563169226605,0.6427403579414368,-0.2251746263783131
56.9800000000107,houtaitui_play,houtaitui,0.0,0.0,0.0,1.0035105335347987,-0.8810971734681483,0.23374936893936557,-2.827667878988223,-0.03922130068159148,-0.009280139942826972,-0.002017588465830164,0.03529041176900741,0.03928668511673757,-0.004788059656351391,0.12809350363595803,0.4765757733055815,0.4555244619142447,0.31420821812248234,-25.400834952704553,0.38553187476015915,0.20468328263854985,-32.67444918682852,0.213176784971,0.2840267837047577,6.176330978850381,0.6444676746331212,0.6635609160125733,-0.22298615430228097
57.00000000001071,houtaitui_play,houtaitui,0.0,0.0,0.0,1.003400766870095,-0.824526102692642,0.28159956120921437,-2.843805574409735,-0.04122408115684456,-0.0012634253703676444,-0.0006768390323965907,0.05170297419295428,0.04248719038323933,-0.014938009782304933,0.12969890773776144,0.4954601448174929,0.45432103022763637,0.3253871884593964,-23.115879218600053,0.3873337612991479,0.19304243590927128,-35.1251402377282,0.2036415110175478,0.2734755098819733,6.114632021233206,0.6651808840557835,0.6847495923698426,-0.22171507304605398
57.02000000001072,houtaitui_play,houtaitui,0.0,0.0,0.0,1.0033154810908442,-0.7393270170230257,0.33428233198398877,-2.8753964811163026,-0.043586203335663556,0.010062502147939958,0.0013687584456713385,0.07858023544563725,0.047157327799550904,-0.028016240477800464,0.13228097460725788,0.5196835431407271,0.45237800015872476,0.3406965520629883,-19.994254151972743,0.38937134425905034,0.1770884778747559,-38.37096315543285,0.19356736876055658,0.2626626014709473,6.087256306920818,0.6863597794732644,0.706535566872406,-0.22327187556495542
57.04000000001073,houtaitui_play,houtaitui,0.0,0.0,0.0,1.0032513936387406,-0.6140572026143047,0.39227197713110945,-2.9303837119190748,-0.046288487063806665,0.02649162395954579,0.0030304985689277204,0.11401988119753383,0.052090233502632345,-0.0508844614051681,0.13649213207589697,0.5491300161373746,0.4492277905797655,0.36361590888595585,-15.165030383886743,0.3920829456231321,0.15517775085067753,-42.8872143027926,0.18276692412757437,0.25199143290519715,6.138069567670948,0.7082457664124764,0.7291704903305054,-0.2295577466540316
57.06000000001074,houtaitui_play,houtaitui,0.0,0.0,0.0,1.0031976319168907,-0.4369266717847277,0.4554235615910669,-3.020746724661914,-0.04975961617937323,0.05001872419697823,0.004185615529788499,0.1606023252299371,0.05687292646625705,-0.08378047265094472,0.1445341614549639,0.586862168156597,0.4465714426589706,0.4012169029960633,-7.969457881375427,0.3958020565293949,0.12252292897796635,-49.54183886235114,0.17098337490816407,0.24145577549934388,6.293788037205763,0.7312030714145353,0.7531471143424988,-0.24175533108282699
57.08000000001075,houtaitui_play,houtaitui,0.0,0.0,0.0,1.0031055402967168,-0.2140987555215641,0.5186694637760332,-3.1635164641995632,-0.05475149452719221,0.0830678198427998,0.0019124692458993547,0.19778599910709735,0.05635057455141866,-0.1333182674643258,0.15899098217403643,0.6281896281189197,0.45199255467563465,0.48026356961822514,4.592890968601177,0.4004794830647853,0.07234374549484257,-59.58004343251226,0.15794527091736052,0.23189316391944886,6.643136605930193,0.7558361306326474,0.7791533957183838,-0.2661077213933307
57.10000000001076,houtaitui_play,houtaitui,0.0,0.0,0.0,1.0029087591677848,0.005585185622912711,0.5485363751181237,-3.4004447069544046,-0.05905417253209503,0.12541629818633973,-0.008888078908478708,0.19755743380858531,0.020145521793509792,-0.2104428412541024,0.1791309282512601,0.6590717089102953,0.4834928116526879,0.6002635696182251,18.432110317385014,0.4053252853653742,0.019317486549377483,-69.58982769980403,0.14422799678489684,0.22652648091316224,7.355973607997427,0.7791950147589989,0.7988240013778687,-0.2997213551718151
57.12000000001077,houtaitui_play,houtaitui,0.0,0.0,0.0,1.0022462515556385,0.09466732483490287,0.49255916479520107,-3.8365605080992293,-0.05658346944512406,0.16945711166879643,-0.045937440092053305,0.06639229356487208,-0.06254854561469712,-0.39927090703441015,0.1827639500206795,0.6497240199687763,0.5729599752093091,0.7202635696182251,19.01259320801754,0.41200444735307906,0.022703864837646526,-70.3146584930346,0.13242174362620393,0.2320737361907959,8.62420347480401,0.7964232360826274,0.8049936781585694,-0.3487674127365944
