time_s,control_state,policy,command_c0,command_c1,command_c2,base_height_m,roll_deg,pitch_deg,yaw_deg,body_vx_m_s,body_vy_m_s,body_vz_m_s,body_wx_rad_s,body_wy_rad_s,body_wz_rad_s,pd_error_rms_rad,pd_error_max_abs_rad,left_knee_joint_position_rad,left_knee_joint_pd_target_rad,left_knee_joint_actuator_torque_nm,right_knee_joint_position_rad,right_knee_joint_pd_target_rad,right_knee_joint_actuator_torque_nm,left_shoulder_roll_joint_position_rad,left_shoulder_roll_joint_pd_target_rad,left_shoulder_roll_joint_actuator_torque_nm,left_wrist_yaw_joint_position_rad,left_wrist_yaw_joint_pd_target_rad,left_wrist_yaw_joint_actuator_torque_nm
260.65999999983546,walk,walk,-0.0,-0.0,0.0,0.9691419568063802,0.30766286318144137,-0.3434294658748838,-4.649550203171483,0.0016868510021434094,-0.0025757293978105463,0.0002431880581798798,1.183658339833919e-05,0.0019719839846997172,0.0017652663686722472,0.08704809536630177,0.20767007519196717,0.7341333549132932,0.5399963196763993,-34.943353764318296,0.7775106599119562,0.585560807252884,-34.55081351994893,-0.05391041262999988,-0.009284394979476931,3.570187331820875,1.573960671552891,1.57359237065022,-0.00964682700672174
260.67999999983545,walk,walk,-0.0,-0.0,0.0,0.9691422307100376,0.3076623209900684,-0.3412140891196345,-4.647559203595289,0.001655312287768222,-0.0024968477991022388,0.00023999847976419392,9.763487956270199e-06,0.0019382784471853494,0.0017258345345017784,0.08706305053522997,0.20783327624906273,0.7341161942256605,0.5400457468280793,-34.93139668549542,0.7775083956619573,0.5855366673717499,-34.554738769233424,-0.053912272816233404,-0.009283389151096347,3.570412900649043,1.5739734645192855,1.5736001546442986,-0.00976418045379086
260.6999999998354,walk,walk,-0.0,-0.0,0.0,0.9691425200818168,0.3076598291963759,-0.3390370655971944,-4.645613207484445,0.001623898839836984,-0.00242041501247975,0.00023673581341859928,7.77294908595776e-06,0.0019045972970155062,0.0016867434284771488,0.08707769381542854,0.2079934159177007,0.7340994223627272,0.5400936838636399,-34.91977814909551,0.777505977003221,0.5855138089904786,-34.55840645033032,-0.05391406572838389,-0.009282249212265017,3.5706438232661766,1.5739860281384648,1.5736078045279265,-0.009879289408759316
260.7199999998354,walk,walk,-0.0,-0.0,0.0,0.9691428242760672,0.3076554099786292,-0.3368981252299033,-4.643711313461408,0.0015926342244863309,-0.0023464492205316806,0.00023348893791477627,5.811164337690035e-06,0.0018711346402357273,0.0016484297225404212,0.08709203544990518,0.2081501247893245,0.734083039244981,0.5401400115737915,-34.90851915283457,0.777503406122232,0.5854917701730729,-34.56189931293767,-0.05391579402699826,-0.009281291812658313,3.570855138079435,1.573998365978999,1.5736153035372973,-0.009992643804027897
260.7399999998354,walk,walk,-0.0,-0.0,0.0,0.9691431414376189,0.307649099830041,-0.3347972034890957,-4.641852964748943,0.0015615576118365,-0.0022748753971690927,0.00023014300124253793,3.890225966260355e-06,0.0018376912697160711,0.0016105353632264348,0.0871060407184346,0.20830365001923462,0.7340670526173151,0.5401853409061432,-34.89751186187775,0.7775006957682278,0.5854710426578522,-34.56513204790684,-0.05391745817259021,-0.009280189126729968,3.571072950206382,1.5740104816326563,1.5736226609856367,-0.010104104644021845
260.7599999998354,walk,walk,-0.0,-0.0,0.0,0.9691434696102389,0.3076409673355647,-0.33273428658701004,-4.640037784079137,0.0015306904653344929,-0.002205633187513898,0.00022671651034067563,2.0375076447335184e-06,0.0018042805212598065,0.0015729877849463528,0.08711970259758038,0.20845367445492236,0.7340514673186957,0.5402292546281815,-34.88683196160626,0.777497858996326,0.5854512539157868,-34.56817400620107,-0.05391905944444902,-0.009279134869575503,3.5712819385259325,1.5740223781380214,1.5736298601091385,-0.010214145061375798
260.77999999983535,walk,walk,-0.0,-0.0,0.0,0.9691438076418724,0.30763103695078287,-0.33070915538683465,-4.63826540936796,0.0015000665152858507,-0.0021386889053400587,0.00022327033030422803,2.0510721758078866e-07,0.0017710871908157648,0.0015357425888918514,0.08713310223297635,0.20860050270794672,0.7340362843131311,0.5402718570480347,-34.8764605915009,0.7774949017344891,0.585432210231781,-34.571060586638694,-0.053920599550843135,-0.009278084337711337,3.571485829559552,1.574034058894568,1.5736369232595444,-0.010322307986657026
260.79999999983534,walk,walk,-0.0,-0.0,0.0,0.9691441542911784,0.3076193479612845,-0.32872158864184015,-4.636535351826218,0.0014697208240133052,-0.002074006635951592,0.0002197871998604932,-1.5832041606670556e-06,0.0017380799789965921,0.0014989545763862554,0.08714620770322089,0.20874390430991663,0.7340215050832615,0.5403133418807984,-34.866363190297825,0.7774918318194243,0.5854140159139634,-34.573774605333504,-0.05392207858750498,-0.009276881068944934,3.571697049654965,1.5740455271093816,1.5736438420549512,-0.010428873370264827
260.8199999998353,walk,walk,-0.0,-0.0,0.0,0.9691445082859017,0.3076059721640241,-0.3267712950121222,-4.634847119907154,0.0014396762487774017,-0.002011516159663499,0.00021628066047228814,-3.3002738009734274e-06,0.0017053513237225253,0.0014625987872000832,0.08715901888284266,0.20888397601464653,0.7340071299573415,0.540353515411377,-34.856574616530324,0.7774886581171258,0.5853966858634949,-34.57631503908535,-0.0539234974402204,-0.009275688976049426,3.5719026175625577,1.5740567861407582,1.5736506258085847,-0.010533699649163572
260.8399999998353,walk,walk,-0.0,-0.0,0.0,0.9691448682825684,0.3075908808576637,-0.32485785004134876,-4.633200096650503,0.0014099444166322283,-0.0019512051525317079,0.00021275852509615835,-5.049719947972072e-06,0.001673015198362112,0.0014268347313747226,0.08717153863379613,0.20902081473836365,0.7339931641616187,0.5403928246746064,-34.84701580201129,0.777485386742662,0.5853799071559906,-34.57873907927574,-0.053924856952233265,-0.00927446708083153,3.572105866916556,1.5740678392178389,1.5736572735891223,-0.010636884865862895
260.8599999998353,walk,walk,-0.0,-0.0,0.0,0.9691452332615699,0.3075741206205926,-0.3229808879174635,-4.6315937263398395,0.0013805553439303236,-0.0018929891043214387,0.00020923084496189041,-6.740384596468618e-06,0.0016409997889166115,0.0013915501110561296,0.08718377057996698,0.20915427890069077,0.7339796061081837,0.5404309716472626,-34.837739436523876,0.7774820244805372,0.5853637990007401,-34.58102658076648,-0.05392615887262348,-0.009273278713226321,3.572301929110875,1.5740786894311658,1.5736637844652415,-0.010738524969742475
260.87999999983526,walk,walk,-0.0,-0.0,0.0,0.9691456018830611,0.3075557267312046,-0.32114005543165525,-4.630027560471503,0.0013515510457866137,-0.0018368184517592277,0.00020567344454889826,-8.399877967941394e-06,0.0016092925885263472,0.0013566391874082757,0.08719571199333641,0.20928445257458006,0.7339664557019365,0.5404680755386353,-34.82872420852892,0.7774785810443913,0.5853484806070328,-34.58315805490027,-0.05392740426760076,-0.009272079169750216,3.5724944165260735,1.5740893415622905,1.5736702152476192,-0.010837384371045358
260.89999999983525,walk,walk,-0.0,-0.0,0.0,0.9691459733045227,0.30753574206269635,-0.31933491863124397,-4.6285014261868405,0.0013229421364439053,-0.0017826071028433756,0.00020213146559130285,-1.001673607182973e-05,0.0015779833379458725,0.0013218422037824067,0.08720739970459031,0.2094114477799957,0.7339537093582741,0.540504106546402,-34.81997455060144,0.7774750610935268,0.5853335943470002,-34.58519829361319,-0.0539285939483647,-0.009270808845758441,3.5726881529877903,1.5740997986856344,1.5736765007436753,-0.010935095515538104
260.9199999998352,walk,walk,-0.0,-0.0,0.0,0.9691463466973673,0.3075141604592198,-0.31756499933118754,-4.627015122281882,0.0012947503032456071,-0.0017303245838831383,0.00019859888501159789,-1.1641921451901075e-05,0.0015470908530757286,0.0012872373037335046,0.08721884048418846,0.2095353471560995,0.7339413650990202,0.5405393030891419,-34.81144734669419,0.7774714685681912,0.5853191849241257,-34.587139934729024,-0.053929728041362014,-0.009269445389509204,3.5728848964444633,1.5741100623044861,1.573682620464313,-0.01103215965164781
260.9399999998352,walk,walk,-0.0,-0.0,0.0,0.9691467210521332,0.3074910311737394,-0.31582987152790154,-4.625568022737315,0.0012669994958249395,-0.0016799602263165847,0.0001950625672189844,-1.3208925565850982e-05,0.001516569733722579,0.0012532453924147939,0.0872300169887281,0.20965624808289884,0.7339294199835844,0.5405734565505982,-34.80317950753932,0.7774678115122565,0.5853055056581498,-34.588939156581574,-0.05393080799149397,-0.009268141537904742,3.5730726287740424,1.5741201362365764,1.5736886498466611,-0.011126879882194452
260.9599999998352,walk,walk,-0.0,-0.0,0.0,0.9691470952534064,0.3074663570787498,-0.3141290327369358,-4.62415984521955,0.0012396933031336352,-0.0016314173087241433,0.00019152697616003672,-1.477859531343842e-05,0.0014864982397030722,0.0012193995595617044,0.08724091676257091,0.20977404133403604,0.7339178740684682,0.5406069692621231,-34.79509889179617,0.7774640956495946,0.5852920946130753,-34.5906799179603,-0.053931834525986065,-0.009266781806945804,3.5732605910286606,1.5741300240791491,1.573694565607655,-0.011219906681483724
260.9799999998352,walk,walk,-0.0,-0.0,0.0,0.9691474685379272,0.307440160038597,-0.31246193746467743,-4.622790289347996,0.0012128622664934502,-0.0015846587911387858,0.00018801674033510534,-1.6320116705759016e-05,0.001456913012271343,0.0011858704085618871,0.08725160387702696,0.2098889288497079,0.7339067229565143,0.5406395581016541,-34.78725528635049,0.7774603256236527,0.5852791157016755,-34.59233349916928,-0.05393280894041542,-0.009265418350696566,3.5734447582193973,1.5741397293227586,1.5737003770605207,-0.011311094281605342
260.99999999983515,walk,walk,-0.0,-0.0,0.0,0.9691478396879075,0.3074124842924767,-0.3108281084862478,-4.621458948521244,0.001186513267816247,-0.0015396220498044128,0.0001844903915794833,-1.781736430363184e-05,0.0014277311953797374,0.0011526837088278153,0.0872620436560338,0.21000098013430946,0.733895965653261,0.5406715061912537,-34.77959784656762,0.7774565104734915,0.5852666732320786,-34.593883094275334,-0.05393373226295191,-0.009264032542705539,3.573626680036138,1.5741492540677458,1.573706042295742,-0.011401489878127223
261.01999999983514,walk,walk,-0.0,-0.0,0.0,0.9691482079939561,0.30738333795070627,-0.309226936601327,-4.6201651993200095,0.0011606429142342633,-0.0014962977040202643,0.00018100946827161708,-1.931996317780283e-05,0.0013991978890115636,0.0011202111443678056,0.08727228799483254,0.2101102322248789,0.7338855990362813,0.5407026049146653,-34.772163704249586,0.7774526538595955,0.5852544393787384,-34.595387930540305,-0.05393460472507716,-0.009262534976005557,3.5738134817159373,1.5741586023112113,1.573711632093835,-0.011489502796953157
261.0399999998351,walk,walk,-0.0,-0.0,0.0,0.9691485729476867,0.3073527315146092,-0.3076577318867815,-4.618908630245162,0.0011352623343142709,-0.0014546015957162474,0.0001775753427508695,-2.0810484049804517e-05,0.001371282175601635,0.001088051194628008,0.08728229241099264,0.21021669244686075,0.7338756176905444,0.5407329287776947,-34.76493803899395,0.7774487591861287,0.5852426227579117,-34.596811088241786,-0.05393542669606136,-0.009261022508144381,3.5739974583256973,1.574167777819763,1.5737171259657026,-0.011575719662461677
261.0599999998351,walk,walk,-0.0,-0.0,0.0,0.9691489334605742,0.30732067215570724,-0.3061198614064143,-4.6176885611235,0.0011103682479628502,-0.001414512648168693,0.0001741496809945017,-2.2291174004288382e-05,0.0013439256498152471,0.0010565837999195508,0.08729208098201963,0.21032047367271067,0.7338660227443982,0.5407628205070496,-34.75785991001485,0.7774448333580852,0.5852311637649537,-34.59816478636464,-0.053936198790501856,-0.00925945043563843,3.5741822475030687,1.574176782686619,1.5737224838644743,-0.01166113396444395
261.0799999998351,walk,walk,-0.0,-0.0,0.0,0.9691492893769236,0.30728719677747285,-0.3046128078960719,-4.616505013301498,0.0010859748470022402,-0.0013758844724264955,0.00017077919381633643,-2.3730465478459384e-05,0.0013169877756792079,0.001024934478979949,0.0873017001920509,0.21042196993842477,0.7338568032906805,0.5407919075737,-34.75099315550973,0.7774408775165433,0.5852198388824463,-34.59948899894913,-0.05393692317588592,-0.009258016198873523,3.5743523245891105,1.5741856205066034,1.5737277644634724,-0.011744433197347325
261.09999999983506,walk,walk,-0.0,-0.0,0.0,0.9691496399429943,0.30725069679120753,-0.3031356789191273,-4.615359214585341,0.0010620736844661398,-0.00133949251951855,0.00016747493561317014,-2.6928777979540714e-05,0.0012910436624823916,0.000992561241877123,0.08731108799043867,0.21052086679149767,0.7338479790654561,0.540820428396225,-34.744300751699576,0.7774368670181274,0.5852089163312912,-34.600730378059545,-0.05393759155741128,-0.009256451576948169,3.5745279996448325,1.5741942922570844,1.573732888600278,-0.01182751010384195
261.11999999983504,walk,walk,-0.0,-0.0,0.0,0.969149983473755,0.30720453926435487,-0.3016855873521663,-4.614253895255605,0.0010387915800645282,-0.001310131391195333,0.00016445013321955923,-3.635667817299431e-05,0.00126801971507285,0.0009577769306103543,0.0873202983887628,0.21061763088301266,0.7338396579782741,0.5408483829746247,-34.737811939667175,0.7774326842142706,0.5851983365068436,-34.6018680944903,-0.053938171896108895,-0.009254857152700427,3.574696930202484,1.5742028005116528,1.573737969896245,-0.011907665340180496
261.139999999835,walk,walk,-0.0,-0.0,0.0,0.9691503192533225,0.3071488114062644,-0.30026136156026456,-4.61319057021627,0.0010161724069339398,-0.0012865899049615713,0.0001614910032072575,-4.474316525443791e-05,0.0012455574161276827,0.0009216789326431052,0.08732935362848425,0.21071274895400266,0.733831827056554,0.5408758607158661,-34.73149435235677,0.777428316589768,0.5851881888160706,-34.602894558372995,-0.05393866795932846,-0.00925334841012955,3.5748527182977416,1.574211147228674,1.5737429086998582,-0.01198740635826405
261.159999999835,walk,walk,-0.0,-0.0,0.0,0.9691506452283425,0.3070855535336591,-0.2988627620500785,-4.612167818922405,0.0009941558295420688,-0.001267760668993454,0.00015844306739024809,-5.129934872043299e-05,0.0012230518481534541,0.0008867207470172395,0.08733827882663119,0.2108063000131955,0.7338244514884186,0.5409030702362061,-34.725303204766654,0.7774238033722082,0.5851784881601334,-34.60381735694332,-0.05393908998271206,-0.009251664578914645,3.5750171388906513,1.574219335403216,1.5737477469206334,-0.012065805366191982
261.179999999835,walk,walk,-0.0,-0.0,0.0,0.9691509594245077,0.3070164885062103,-0.29748959707972944,-4.611183046249407,0.0009726432332626215,-0.0012527395034821866,0.00015533519976741226,-5.6382038569963294e-05,0.0012006837638065806,0.0008540047457275375,0.08734708770347813,0.2108978726668133,0.7338175035429617,0.5409303244600296,-34.71917882798269,0.7774191808411841,0.5851684447774887,-34.60478485670194,-0.05393944635445536,-0.009249917417764666,3.5751818351512665,1.5742273705994416,1.5737525572017312,-0.012141275850624475
261.199999999835,walk,walk,-0.0,-0.0,0.0,0.9691512606745916,0.30694300958471615,-0.2961417338743828,-4.610234413057406,0.0009515985848523493,-0.0012406158412449923,0.00015219873397810698,-6.0273601748917876e-05,0.0011784414652089821,0.0008227362334506638,0.08735577308222191,0.21098707479398765,0.7338109535163114,0.5409576233873368,-34.71311577532877,0.7774144776540098,0.5851578202495575,-34.60584460176775,-0.053939743903323754,-0.00924806967377663,3.5753502407033446,1.5742352561868849,1.5737572687626362,-0.012215577738805366
261.21999999983495,walk,walk,-0.0,-0.0,0.0,0.9691515477368324,0.30686618415576017,-0.2948191098564046,-4.609321033876073,0.0009310006775870977,-0.0012305996525811167,0.00014900732081591443,-6.326756046789994e-05,0.0011562090249718942,0.0007917434320371968,0.08736431541307653,0.21107349117477436,0.7338047789085419,0.5409852054367066,-34.70706755288185,0.7774097188201817,0.5851465251693726,-34.60701685203108,-0.053939987875791566,-0.00924610644578934,3.5755238442876895,1.574242995973662,1.5737619169936061,-0.012287960384668178
261.23999999983494,walk,walk,-0.0,-0.0,0.0,0.9691518198648906,0.306786809468661,-0.29352150124016946,-4.608441993316472,0.0009108568266776716,-0.0012222070271967153,0.00014581647604759078,-6.55876941967034e-05,0.0011342121488698224,0.0007615929604262975,0.08737277099424394,0.2111570189944953,0.7337989616748963,0.5410130855093003,-34.70102866038145,0.7774049214485772,0.5851341423044205,-34.608379233446776,-0.053940182263267064,-0.009244005382061007,3.575704722657526,1.5742505913581128,1.5737664385647059,-0.012359937225659576
261.2599999998349,walk,walk,-0.0,-0.0,0.0,0.969152076336694,0.3067054954192239,-0.2922486254524787,-4.607596418357969,0.000891176484053772,-0.0012149831156738216,0.00014261647113512086,-6.738870980142514e-05,0.0011124551109833356,0.0007321481379674887,0.08738109523467216,0.21123740864157403,0.7337934875739989,0.5410412934074402,-34.694991439363974,0.7774001018507568,0.5851209100732804,-34.60989174508956,-0.05394033046008032,-0.009241803735494616,3.575890136335122,1.574258046817254,1.5737709368527413,-0.012429164617274745
261.2799999998349,walk,walk,-0.0,-0.0,0.0,0.969152316554323,0.30662267906887597,-0.2910001687455157,-4.606783938296789,0.0008719753347104435,-0.0012085474952047272,0.00013942195822122424,-6.882393519547388e-05,0.0010909801966373822,0.0007029400073115717,0.08738931074578274,0.21131456188302478,0.7337883437572972,0.5410696652183533,-34.68898318379526,0.7773952730580799,0.5851067688713074,-34.61156718567546,-0.053940435015354934,-0.009239482879638675,3.5760817318760045,1.574265365139463,1.573775340145874,-0.01249742240358304
261.2999999998349,walk,walk,-0.0,-0.0,0.0,0.9691525404267081,0.30653866448175,-0.2897757015656767,-4.606004648926226,0.0008532761051282222,-0.0012026110175858138,0.00013627067827373784,-7.000602891960021e-05,0.0010698959390552563,0.0006736092125811498,0.087397438033378,0.21138855901761944,0.7337835159478447,0.5410980519304276,-34.683028049702564,0.7773904423590426,0.5850917186985016,-34.61340644060843,-0.05394049768404537,-0.009237109869718554,3.5762742451490075,1.5742725501247166,1.5737797043234587,-0.012563459849805596
261.31999999983486,walk,walk,-0.0,-0.0,0.0,0.96915274779231,0.3064536536262369,-0.28857477026920053,-4.6052589434052855,0.0008350771241574783,-0.0011969937072159888,0.00013315537004542283,-7.101971073262354e-05,0.0010492360126344855,0.000644246857797528,0.08740545118760569,0.2114596452958683,0.7337789931227213,0.541126602555275,-34.67709768744397,0.777385616124993,0.5850758787641526,-34.61538923041306,-0.05394051891999242,-0.009234569221735003,3.57647690989604,1.574279604086316,1.5737839669868827,-0.012628822413111794
261.33999999983484,walk,walk,-0.0,-0.0,0.0,0.9691529385160459,0.306367781160706,-0.2873969589710092,-4.604547199239432,0.0008173735615011308,-0.0011915375479622538,0.00013007442287980465,-7.192149149285288e-05,0.0010289459853863772,0.0006146726542254488,0.08741334035052635,0.21152784356390258,0.7337747647712557,0.5411551829824448,-34.671214175364796,0.7773807997111868,0.5850592490682602,-34.61751635693223,-0.053940499588926556,-0.009231954067945483,3.576682347279484,1.5742865304807976,1.5737881868094683,-0.01269218959956644
261.3599999998348,walk,walk,-0.0,-0.0,0.0,0.9691531121987019,0.3062811062724032,-0.28624175290098625,-4.603869402256514,0.0008001716414695381,-0.0011861696897469327,0.00012702074646224536,-7.2778554275532e-05,0.0010091166172926625,0.0005851322495922303,0.08742109677116254,0.21159322167607142,0.7337708263415892,0.5411838975200653,-34.6653583990402,0.7773759987969203,0.585041933918953,-34.61977008808689,-0.053940439681921436,-0.009229230880737307,3.576893175210313,1.5742933336159202,1.5737923805550218,-0.012753275177715285
261.3799999998348,walk,walk,-0.0,-0.0,0.0,0.9691532689622231,0.30619365701628076,-0.28510859845966247,-4.603225439936389,0.0007834851023648364,-0.0011808244179336903,0.00012403165162682076,-7.361107968512662e-05,0.0009897747100636334,0.0005556930749401411,0.08742875973577185,0.21165593518442738,0.7337671692898149,0.5412125524530411,-34.659563321226486,0.7773712150957319,0.5850238290081025,-34.62216918920492,-0.05394034057937602,-0.009226548671722415,3.577097675168873,1.5743000185230425,1.5737965668499947,-0.012811763589338745
261.3999999998348,walk,walk,-0.0,-0.0,0.0,0.969153408932297,0.3061053040805995,-0.28399682108802543,-4.602615075799337,0.0007673144400235051,-0.0011754529195220585,0.00012111306619451759,-7.450901839395955e-05,0.0009710333999136769,0.0005264802288804791,0.08743633681952587,0.21171642238400679,0.7337637884352916,0.5412410434732438,-34.65384703943635,0.7773664490629574,0.5850053366670609,-34.62464130292768,-0.053940201748966576,-0.0092236801981926,3.577313856306391,1.5743065873762072,1.5738006628066779,-0.012869670191688701
261.4199999998348,walk,walk,-0.0,-0.0,0.0,0.9691535323284085,0.3060155191780963,-0.2829056022230665,-4.602037173051679,0.0007516654607484822,-0.00116991402670276,0.00011828049500371502,-7.590776841535549e-05,0.0009529744022021892,0.0004974939481934034,0.08744382791024974,0.2117746908236856,0.7337606894252907,0.54126957919693,-34.648173514909345,0.7773616927166377,0.5849861886749268,-34.62723228045946,-0.05394002379260357,-0.009220778197050097,3.577529668138377,1.5743130442037976,1.5738047438621998,-0.012925287303594313
261.43999999983475,walk,walk,-0.0,-0.0,0.0,0.9691536395067444,0.3059237055419615,-0.28183387021701145,-4.601487805203327,0.0007364906805434015,-0.0011645128552858351,0.00011557427978049714,-7.801502136181861e-05,0.0009359174637777847,0.0004723647779899517,0.08745122295776994,0.21183102323769742,0.7337578848699342,0.5412979510078431,-34.64258377694713,0.7773569388995959,0.584966832066536,-34.62986058310663,-0.0539398074922357,-0.009217909723520282,3.5777397634034886,1.5743193922633754,1.5738087755576253,-0.012979525672490921
261.45999999983474,walk,walk,-0.0,-0.0,0.0,0.9691537309353587,0.3058292387679274,-0.28078043960383947,-4.600962648277133,0.0007217851774291271,-0.0011592797757779898,0.00011301640453078759,-8.054452043623779e-05,0.0009199679881517294,0.0004520196405616102,0.08745849897857853,0.2118856413403536,0.7337553894437234,0.5413263824234009,-34.63704005304794,0.7773521784415907,0.5849471327314377,-34.63254908683173,-0.05393955189978478,-0.009214799106121066,3.5779659923620883,1.5743256356576227,1.5738127970085025,-0.01303155593192847
261.4799999998347,walk,walk,-0.0,-0.0,0.0,0.9691538074678824,0.30573164736184383,-0.2797440140114673,-4.600456622884102,0.0007075721764144683,-0.0011541700234915136,0.00011063611591998057,-8.341157532403115e-05,0.0009051991636508009,0.00043626373281998064,0.0874657203652578,0.21193905871713165,0.7337532143446398,0.5413547393331528,-34.63156838194096,0.7773474026717905,0.5849272992858887,-34.63525836275431,-0.05393925727125098,-0.009211722016334536,3.5781864397311343,1.5743317774492038,1.5738167765498638,-0.013082191550761853
261.4999999998347,walk,walk,-0.0,-0.0,0.0,0.969153870503117,0.30563060274854853,-0.27872326127057323,-4.599965394977923,0.0006938942691245994,-0.0011490839065456434,0.00010845876494343185,-8.652531778238139e-05,0.0008915929982101066,0.0004237450038530008,0.08747288167124659,0.21199126662452583,0.7337513634520126,0.5413831558475495,-34.62614458472248,0.7773425996682216,0.5849071231136322,-34.63802350313799,-0.053938924525152074,-0.009208700805902484,3.578399425226534,1.5743378206447838,1.5738207309455157,-0.01313109057286541
261.5199999998347,walk,walk,-0.0,-0.0,0.0,0.9691539235807961,0.30552591377858473,-0.2777169919640155,-4.599487451823808,0.000680793113613939,-0.0011438529761151324,0.00010659014574804125,-8.978617373420681e-05,0.000879019677052283,0.00041230875010027086,0.08747993909202592,0.2120428495576292,0.7337498163018951,0.5414117064723969,-34.62074982262321,0.7773377477898624,0.5848873045692444,-34.640713938032036,-0.053938554718105526,-0.009205713123083117,3.5786068202419097,1.5743437664301998,1.5738246089727164,-0.013179496331221029
261.53999999983466,walk,walk,-0.0,-0.0,0.0,0.9691539733877137,0.3054174765073596,-0.2767238165691712,-4.599022583285817,0.0006682595741117206,-0.001138407762022449,0.00010520617126777729,-9.313026880896257e-05,0.0008676938655963888,0.00040094127774081454,0.08748698183828545,0.21209408314216682,0.7337485254644075,0.5414401974925995,-34.61540807555424,0.7773328017404636,0.5848673370132447,-34.64341054894423,-0.05393814871949575,-0.009202688187360766,3.5788143471439695,1.5743496172675782,1.5738284571975947,-0.013226363251538106
261.55999999983464,walk,walk,-0.0,-0.0,0.0,0.9691540214376637,0.3053051149520349,-0.2757427345360735,-4.598570819448391,0.0006562602760698418,-0.0011327696975188114,0.00010394958395727929,-9.663854549825749e-05,0.0008571661937081861,0.00038955067554662017,0.08749397598227114,0.21214521981232715,0.7337474785868383,0.541468986536026,-34.61005590992495,0.7773277473246855,0.5848477121839524,-34.64602508812456,-0.05393770643112845,-0.00919972285628319,3.579014195005706,1.5743553756893593,1.5738322672382474,-0.013271959021871676
261.5799999998346,walk,walk,-0.0,-0.0,0.0,0.9691540678503814,0.305188734640738,-0.2747732669973219,-4.598132480972599,0.0006447561783926912,-0.0011269495971257305,0.00010273578590048854,-0.00010021483875982975,0.0008470035380359807,0.00037782996449086986,0.08750097002758322,0.2121965644153856,0.7337466665329677,0.5414976116666794,-34.6047747913061,0.7773225829890702,0.5848283704767228,-34.64856878243728,-0.05393722841716883,-0.009196802228689197,3.5792076418777787,1.574361045197832,1.573836068896997,-0.013315663988162262
261.5999999998346,walk,walk,-0.0,-0.0,0.0,0.9691541125997382,0.30506828050266677,-0.27381508907173524,-4.597707871869889,0.0006336831210115969,-0.0011209962001178459,0.00010154902667153128,-0.00010383944076719125,0.000837119460684991,0.0003658685318139364,0.08750795765315778,0.21224794620672854,0.7337460832767875,0.5415262218961716,-34.599537114038355,0.7773173090085418,0.5848092671880722,-34.651049842829615,-0.05393671556837758,-0.00919395983219147,3.5793920941588855,1.574366630203274,1.5738398845255852,-0.01335705914402093
261.6199999998346,walk,walk,-0.0,-0.0,0.0,0.9691541556405207,0.3049437043653539,-0.27286790234030855,-4.5972971856040665,0.0006229786311093382,-0.001114952110882961,0.00010038704965527756,-0.00010750544711159399,0.0008274927813893384,0.00035374358537217484,0.08751492631779931,0.2122996695227442,0.7337457248784931,0.5415548768291474,-34.594331576765434,0.7773119257927023,0.5847903576145173,-34.65347639914889,-0.05393616717874341,-0.009190990775823596,3.5795837863593087,1.57437213391055,1.5738436787337542,-0.013397059928495663
261.6399999998346,walk,walk,-0.0,-0.0,0.0,0.969154196955106,0.30481501096208424,-0.27193142800210235,-4.5969005437736,0.0006125957497530914,-0.001108857356993784,9.924998401242695e-05,-0.00011116003947328365,0.0008181073166050553,0.00034151951714912423,0.08752189677953695,0.21235157608585814,0.7337455862426869,0.5415834274539948,-34.589183979026856,0.7773064347773743,0.5847717162618637,-34.655835383891194,-0.05393558353034245,-0.009188077598810199,3.579768212002826,1.5743775589541078,1.5738474496588588,-0.013435763937272383
261.65999999983455,walk,walk,-0.0,-0.0,0.0,0.9691542365477156,0.30468228006428105,-0.2710054499837479,-4.5965180320115415,0.0006024910089034416,-0.0011027460387209476,9.813204206159489e-05,-0.00011473648004194625,0.0008089011126609018,0.00032922327342828567,0.08752887560294872,0.21240362572777582,0.7337456611584644,0.5416118588695527,-34.58409580657128,0.7773008383999944,0.5847533133277893,-34.65813267183446,-0.05393496511002173,-0.009185179322957995,3.579948689642445,1.5743829071314566,1.5738511768118024,-0.013473698018528293
261.67999999983454,walk,walk,-0.0,-0.0,0.0,0.9691542744203772,0.3045456064513038,-0.2700898649954254,-4.596149759539974,0.0005926328708869066,-0.0010966560601775438,9.7021358624248e-05,-0.00011823037505027115,0.000799770385588356,0.0003168244263877104,0.08753581428828078,0.21245561467132856,0.7337459432123506,0.5416401859769822,-34.57906321506522,0.7772951391853979,0.5847351190099717,-34.66037408212766,-0.0539343123672542,-0.009182314574718478,3.5801237641537837,1.574388181292719,1.5738549002394557,-0.0135099763432426
261.6999999998345,walk,walk,-0.0,-0.0,0.0,0.9691543104712567,0.30440510620519856,-0.2691845766389136,-4.595795606760558,0.0005829809250714673,-0.0010906444840942202,9.591411756093129e-05,-0.00012161895867806022,0.0007907294997684401,0.00030457164178266825,0.08754273216737653,0.21250756077866229,0.7337464284909745,0.5416684832820893,-34.57407229478692,0.7772893410905741,0.5847172823200226,-34.66253362648846,-0.053933625218688296,-0.009179412573575976,3.580299058285117,1.5743933841424613,1.5738586078346253,-0.013544957354895125
261.7199999998345,walk,walk,-0.0,-0.0,0.0,0.9691543446535816,0.3042609707860592,-0.26828951375664173,-4.595455551622059,0.0005735182437731384,-0.0010847248751831074,9.481073992168514e-05,-0.0001248302287260871,0.0007817447944342556,0.0002923027865117482,0.08754959915412518,0.21255918379199995,0.7337471097836015,0.5416966017732621,-34.569148277595204,0.777283448588478,0.5846996840486527,-34.6646335958409,-0.05393290373499729,-0.009176518023014071,3.5804710153936807,1.574398518029168,1.573862297734666,-0.013578734905324288
261.7399999998345,walk,walk,-0.0,-0.0,0.0,0.9691543769730164,0.3041133671142275,-0.2674046001853728,-4.595129647523014,0.0005642273022978729,-0.0010789250840613361,9.371540472593803e-05,-0.00012790228390420887,0.0007728298541893615,0.00027998953787967707,0.08755644311752878,0.2126105007958649,0.7337479804936522,0.5417246159563065,-34.564276649187505,0.7772774644627186,0.5846821453819275,-34.66670653573007,-0.05393214866587803,-0.009173690527677539,3.5806349660775014,1.5744035833611219,1.5738659168541909,-0.013612573896020387
261.75999999983446,walk,walk,-0.0,-0.0,0.0,0.9691544074570068,0.3039625206919325,-0.26652978101724417,-4.5948179578921655,0.0005550941098651096,-0.0010732613506002034,9.262611283881215e-05,-0.00013076708098983444,0.0007639582144577275,0.00026761936225892243,0.08756323309265582,0.2126613195766972,0.7337490325733065,0.5417523917207718,-34.55947996617196,0.77727139262631,0.5846647259244919,-34.66874253014694,-0.05393136075900206,-0.00917090028524399,3.5807933494833217,1.5744085825922631,1.5738695396990061,-0.013644760647669306
261.77999999983444,walk,walk,-0.0,-0.0,0.0,0.9691544360489951,0.30380866873290446,-0.26566504824980297,-4.594520532929844,0.0005461247932907569,-0.0010677560483220959,9.153313878335684e-05,-0.0001334260670126368,0.000755087863217208,0.0002552063578238621,0.08756994730226249,0.21271122573370727,0.7337502587439386,0.5417800482759476,-34.55473554412757,0.7772652382207812,0.5846474405775071,-34.67073991090878,-0.053930540335036185,-0.00916809141635895,3.580950636740819,1.574413517403568,1.5738731271535635,-0.013676272777443588
261.7999999998344,walk,walk,-0.0,-0.0,0.0,0.9691544627006231,0.3036520481405163,-0.26481038249536304,-4.5942374317640216,0.0005373017134404419,-0.0010624208029394553,9.044022028856625e-05,-0.0001358779922665591,0.0007462379372275501,0.00024274210671898706,0.08757661591788758,0.21276051809862812,0.733751652114997,0.5418076303253174,-34.55003411422694,0.7772590060068673,0.5846301850328446,-34.67271827326154,-0.053929688175502075,-0.009165334701538089,3.581101259508655,1.5744183900089008,1.5738767052948952,-0.013706540870315743
261.8199999998344,walk,walk,-0.0,-0.0,0.0,0.9691544874173014,0.3034928797079102,-0.2639656989854271,-4.593968591623893,0.0005286119593375677,-0.0010572764617896337,8.935760272590395e-05,-0.00013813876875846956,0.0007374719933521138,0.0002303511665689804,0.08758322621389585,0.21280898817436927,0.733753206018119,0.5418350335607529,-34.54539326554193,0.7772526996323826,0.5846128847846985,-34.67469159808617,-0.05392880375721563,-0.009162469953298572,3.581257906422716,1.5744232007964587,1.573880217312324,-0.013736921337032125
261.8399999998344,walk,walk,-0.0,-0.0,0.0,0.9691545101793403,0.3033314326488227,-0.2631310111947505,-4.593713947558352,0.0005200573709784764,-0.0010523216957626024,8.82700054438333e-05,-0.0001401564905206356,0.0007286750397790995,0.0002180078641521815,0.08758976699351331,0.21285645805078734,0.733754912169661,0.5418622877845765,-34.540806010742024,0.7772463247886867,0.5845956441411972,-34.676642311127374,-0.0539278877912245,-0.00915968716144562,3.581405521982108,1.574427952665365,1.5738837526128173,-0.013765357188003507
261.8599999998344,walk,walk,-0.0,-0.0,0.0,0.9691545309566428,0.3031679727596579,-0.26230635750737635,-4.593473575150146,0.0005116466242765349,-0.001047563245127996,8.717752118163246e-05,-0.0001419445836252377,0.0007198477070806786,0.0002055802501108911,0.08759626658075283,0.21290319621253811,0.733756761977678,0.5418893780956269,-34.53627347684842,0.7772398871151177,0.5845784183988572,-34.67857945095006,-0.053926941028981754,-0.009156915545463565,3.5815498186287122,1.574432645425482,1.5738872013003111,-0.013794458250400026
261.87999999983435,walk,walk,-0.0,-0.0,0.0,0.9691545496609193,0.3030027543788504,-0.261491658622147,-4.593247458837118,0.0005033747426855427,-0.0010430066788764598,8.609033269354335e-05,-0.00014351205402493653,0.0007111074292676082,0.00019318993862134468,0.08760267236362553,0.21294880093330482,0.7337587497894876,0.5419164386043549,-34.53177074601421,0.7772333914616089,0.5845611330518723,-34.680517242499484,-0.053925963267205494,-0.009154076874256137,3.581696983543522,1.5744372817306425,1.573890676064837,-0.013821601452406556
261.89999999983434,walk,walk,-0.0,-0.0,0.0,0.9691545662674896,0.30283600722663084,-0.26068680989782633,-4.5930355178407565,0.000495239971143158,-0.0010386475307132105,8.501275065054096e-05,-0.00014488083351298707,0.0007024561069365073,0.00018086912508092257,0.08760900527793751,0.21299343607429022,0.7337608689350866,0.5419433948049546,-34.527309915488395,0.7772268419787555,0.5845437135944367,-34.68246979147404,-0.05392495516423367,-0.009151279181241992,3.581838485358514,1.5744418617641596,1.573894076323557,-0.013849192563092576
261.9199999998343,walk,walk,-0.0,-0.0,0.0,0.969154580752759,0.3026679552153397,-0.25989173901601464,-4.592837607490419,0.00048724473548281323,-0.0010344933311458497,8.394078610991478e-05,-0.0001460532009606695,0.0006938646680265022,0.00016868349699689233,0.0876152858621251,0.21303707169262665,0.7337631125413621,0.5419702019939423,-34.522897793516556,0.7772202434367573,0.5845262792358399,-34.68441655544679,-0.05392391693500906,-0.00914845168590546,3.581979968894316,1.574446387005309,1.573897467269051,-0.013875705401973144
261.9399999998343,walk,walk,-0.0,-0.0,0.0,0.9691545931738741,0.3024988419916584,-0.2591064327840866,-4.592653775018571,0.00047939900798410484,-0.0010305224032566885,8.287267134147554e-05,-0.00014701024276673907,0.0006852762687543962,0.0001564214976391938,0.08762150569299232,0.21307951511789935,0.7337654713468027,0.5419967558631897,-34.5185512913174,0.7772135998874111,0.5845086660633088,-34.68638770027646,-0.05392284918101879,-0.009145650267601016,3.582117040700484,1.5744508592714055,1.5739008442447067,-0.013901303985634854
261.9599999998343,walk,walk,-0.0,-0.0,0.0,0.969154603462575,0.30232887730276137,-0.2583307735621668,-4.592483976292208,0.0004716903411698523,-0.0010267320171667238,8.181429996217188e-05,-0.00014778968364754532,0.0006768107224206977,0.0001442289542434673,0.08762766642472965,0.21312107863147073,0.7337679411396583,0.5420234140405655,-34.514205716578225,0.7772069155760547,0.5844909038791657,-34.68837865393794,-0.05392175254810239,-0.009142845124006274,3.582252135193483,1.5744552796963678,1.573904188624072,-0.013926456921597207
261.97999999983426,walk,walk,-0.0,-0.0,0.0,0.9691546115804291,0.3021582760544401,-0.2575646616230189,-4.5923280861577425,0.0004641271940177937,-0.0010231187325661895,8.076324825707107e-05,-0.00014837759638354516,0.0006684225985055292,0.00013214248135413846,0.08763376555467285,0.2131616577363259,0.7337705154420341,0.5420499083051682,-34.50990794400892,0.7772001953300816,0.584473096991539,-34.69037155345525,-0.05392062712371127,-0.009140010178089145,3.5823873121880774,1.5744596491697098,1.5739075022697926,-0.013951134207807178
261.99999999983424,walk,walk,-0.0,-0.0,0.0,0.969154617537088,0.30198722800806815,-0.2568079816679999,-4.592186033258477,0.0004567111147225104,-0.0010196712526176549,7.972524854036769e-05,-0.00014880415229937718,0.0006601415776475205,0.00012011147205660063,0.08763980942709781,0.21320123784332318,0.733773187953984,0.5420763131628037,-34.50564347469574,0.7771934424435246,0.5844550367841721,-34.69240440974093,-0.053919473732818635,-0.009137212485075,3.582517322088759,1.5744639683483392,1.573910776799965,-0.0139755530571977
262.0199999998342,walk,walk,-0.0,-0.0,0.0,0.9691546212854715,0.3018159192951019,-0.25606062428098647,-4.592057715844821,0.00044943739806768994,-0.001016385064145465,7.869494218234904e-05,-0.00014906638078564802,0.0006519532418628731,0.00010817589303284742,0.08764577904180526,0.2132396856564901,0.7337759530982145,0.5421026137123108,-34.501414037114436,0.7771866614827782,0.5844369765768052,-34.694432570770154,-0.05391829250773773,-0.009134366363286975,3.582648981482241,1.5744682381164843,1.5739140224591375,-0.013999489639086099
262.0399999998342,walk,walk,-0.0,-0.0,0.0,0.9691546229650554,0.3016446208643008,-0.2553224749210546,-4.5919417967297,0.00044231112682913403,-0.001013247961493189,7.767894300604499e-05,-0.00014918823667459412,0.0006438705508945455,9.63330452893268e-05,0.08765173933915373,0.21327721650911563,0.7337787514673394,0.5421288099536896,-34.497218604057856,0.7771798970991205,0.5844186183462143,-34.696509925585104,-0.053917086642187244,-0.009131427109241488,3.582785789695499,1.5744724557273264,1.5739172643930197,-0.014022390892604753
262.0599999998342,walk,walk,-0.0,-0.0,0.0,0.9691546224079906,0.30147357124999835,-0.2545927970042096,-4.591835981220043,0.0004353111780722928,-0.0010104726918771733,7.673725936070317e-05,-0.0001489401078638641,0.0006364451876720378,8.65943191149144e-05,0.08765763850211006,0.21331397069144786,0.7337816861905768,0.5421552148113251,-34.492991114756194,0.7771730817635867,0.5844000365982056,-34.69863311224202,-0.053915852586277145,-0.009128607064485553,3.582911588863588,1.574476628582025,1.573920508189547,-0.014043891371897339
262.0799999998342,walk,walk,-0.0,-0.0,0.0,0.969154619627688,0.3013027857886219,-0.2538713667833698,-4.591738107774047,0.0004284378779203527,-0.0010081573073989906,7.580814015314941e-05,-0.00014871860686250637,0.0006291141256378824,7.978974646725408e-05,0.08766341835139338,0.21334924882162232,0.7337847585225089,0.5421812471399308,-34.488866651661056,0.7771662191064534,0.5843816038618088,-34.70071322670798,-0.0539145878966763,-0.009125686436891559,3.5830424547664186,1.5744807602209254,1.573923689587462,-0.014066192119952275
262.09999999983415,walk,walk,-0.0,-0.0,0.0,0.9691546147658573,0.30113242316780314,-0.25315819412011054,-4.591645113547682,0.0004216843798465748,-0.0010062390591152161,7.489816722993121e-05,-0.00014834719260762506,0.0006219212973408088,7.635591584737892e-05,0.0876691689884427,0.21338357529313579,0.7337879036562289,0.5422073688755036,-34.484736146546815,0.7771593599167347,0.5843627687940598,-34.70286924923283,-0.05391329606705667,-0.009122791886329654,3.583169179075134,1.5744848461136067,1.5739268151060224,-0.014088655937726307
262.11999999983414,walk,walk,-0.0,-0.0,0.0,0.9691546078664397,0.3009626555555593,-0.25245288257922577,-4.59155504410705,0.0004150797317162851,-0.0010045556701208452,7.403485638776633e-05,-0.0001478126368504094,0.0006151164607217473,7.45214954418121e-05,0.08767488819437923,0.21341714189876698,0.7337911278117418,0.54223353531456,-34.48061252014298,0.777152501894795,0.5843436804065705,-34.705070816789565,-0.053911978099328565,-0.009119901061058047,3.583293567075613,1.5744888875709078,1.5739299462125182,-0.014109924694601336
262.1399999998341,walk,walk,-0.0,-0.0,0.0,0.9691545988539327,0.3007936239813181,-0.2517551167819367,-4.59146708298475,0.0004086546742184201,-0.0010030281561199516,7.319670149784578e-05,-0.00014715666410806228,0.0006085756859396269,7.332082553080089e-05,0.08768052306251738,0.21344993710667443,0.7337944365947894,0.5422598656663895,-34.476475089322776,0.777145644453755,0.5843246069202424,-34.7072697819891,-0.053910634715848824,-0.009117043763399127,3.5834132790037727,1.5744928843855355,1.5739330167830468,-0.014131574456612917
262.1599999998341,walk,walk,-0.0,-0.0,0.0,0.9691545877765393,0.30062551482187827,-0.2510645793096912,-4.591380060783857,0.00040241396062122613,-0.0010016443985025026,7.239210316699225e-05,-0.00014633407677130258,0.0006022989138683792,7.266671351746001e-05,0.0876861625031427,0.21348233971397546,0.7337978298816737,0.5422861662158966,-34.47235813441604,0.7771387894874363,0.5843053397188187,-34.70950417120821,-0.05390926594218416,-0.009114134311676028,3.583535134277095,1.5744968377152637,1.5739360817656398,-0.014152319739647208
262.1799999998341,walk,walk,-0.0,-0.0,0.0,0.9691545746721083,0.3004584160514763,-0.2503810490257176,-4.591293668959557,0.0003963591228240006,-0.0010003605546837328,7.160915523203041e-05,-0.00014544986817599344,0.0005962017857241445,7.215938277894076e-05,0.08769175174383499,0.2135138575158117,0.7338013058818283,0.5423125412712098,-34.46824252395366,0.7771319376332357,0.5842858639011383,-34.71177670323134,-0.05390787238720767,-0.009111250936985019,3.5836529595477105,1.5745007491503051,1.5739391392976523,-0.014172257357807728
262.19999999983406,walk,walk,-0.0,-0.0,0.0,0.9691545595715652,0.3002924075563377,-0.24970441975600335,-4.591207901816286,0.0003904855062027784,-0.000999160087863336,7.083650362039639e-05,-0.0001444918428212201,0.0005901847919989593,7.164622661812463e-05,0.08769731158504804,0.2135448046235875,0.7338048597121584,0.5423387971172333,-34.464161991329064,0.7771250912066979,0.584266388083458,-34.714050401402304,-0.053906455223032154,-0.009108442068099978,3.5837630024036304,1.5745046194522612,1.5739421660960198,-0.014191957186949575
262.21999999983404,walk,walk,-0.0,-0.0,0.0,0.96915454238195,0.30012758639540615,-0.24903457812699886,-4.591122764923714,0.0003847695098703124,-0.000998031712093698,7.006991658107393e-05,-0.00014344860513501367,0.000584272354548105,7.112863816199235e-05,0.08770284953581758,0.21357528631304912,0.7338084890906086,0.5423652615795136,-34.46005736108701,0.7771182534269657,0.5842468377599717,-34.716339314668645,-0.05390501432400345,-0.00910553261637688,3.5838791775058545,1.5745084493146924,1.5739451668173552,-0.014211321912814158
262.239999999834,walk,walk,-0.0,-0.0,0.0,0.9691545231686957,0.2999640270548963,-0.2483714351909424,-4.59103826807468,0.0003791878611243225,-0.0009969642347166558,6.931592513008552e-05,-0.0001423434395857324,0.0005784321580692774,7.060146325055322e-05,0.0877083974950809,0.2136052143433732,0.7338121894759316,0.5423916366348267,-34.45598123743471,0.7771114248332065,0.584227034116745,-34.71867549863744,-0.053903550074661216,-0.009102630615234378,3.5839929152011045,1.5745122398393494,1.5739481517062068,-0.01423013768814525
262.259999999834,walk,walk,-0.0,-0.0,0.0,0.9691545019193748,0.29980180361758285,-0.24771491058095918,-4.590954403964004,0.0003737157783024053,-0.0009959511181798534,6.856820464248717e-05,-0.0001411727236191998,0.0005726627076136823,7.008253503599887e-05,0.0877139066344392,0.21363466412416687,0.7338159578216391,0.5424180414924622,-34.4519117664814,0.7771046076120471,0.5842072304735184,-34.721013913425466,-0.053902062670024446,-0.00909971743822098,3.584105703142415,1.5745159927198737,1.5739511384577036,-0.0142480253893563
262.279999999834,walk,walk,-0.0,-0.0,0.0,0.9691544785683219,0.29964093390606467,-0.247064941853802,-4.590871178446545,0.0003683395927864475,-0.0009949815460639638,6.782265160404019e-05,-0.0001399947857210508,0.0005669448460042618,6.955591630253226e-05,0.08771939897460654,0.2136636668177846,0.7338197937678375,0.5424446549663544,-34.4478169013547,0.7770978026091001,0.5841872778186799,-34.72338140164504,-0.053900552192784064,-0.0090967632830143,3.5842199274125774,1.5745197082552427,1.5739540842310071,-0.014266007468161932
262.299999999834,walk,walk,-0.0,-0.0,0.0,0.9691544531642295,0.2994814697658112,-0.24642150809336205,-4.590788587559143,0.00036305304337468444,-0.000994055368067415,6.708165322447946e-05,-0.00013876383980699494,0.0005612401217205003,6.903435493475481e-05,0.08772487112937928,0.21369195604719948,0.7338236927651336,0.5424710151205063,-34.44377860125287,0.7770910108670386,0.5841672655591965,-34.725762088035154,-0.05389901909042799,-0.009093812853097918,3.5843320707629043,1.5745233858758105,1.5739569741249562,-0.014284417077700519
262.31999999983395,walk,walk,-0.0,-0.0,0.0,0.9691544257191599,0.29932347278302784,-0.24578452930603492,-4.590706635750556,0.0003578445380070947,-0.0009931625695757962,6.634986394424077e-05,-0.00013748065006253087,0.0005556163118355465,6.850716639258421e-05,0.08773032382607597,0.21371984486108103,0.7338276526930134,0.542497434879303,-34.43974040549047,0.7770842334651348,0.5841471042881012,-34.72817225902002,-0.053897463221872895,-0.009090817719697955,3.5844459577000953,1.574527027993628,1.5739599022031308,-0.01430107943803735
262.33999999983394,walk,walk,-0.0,-0.0,0.0,0.9691543962302264,0.29916694633118734,-0.24515391255482188,-4.590625311316527,0.0003527038324711246,-0.000992299665924406,6.562676563772952e-05,-0.0001362020074524044,0.0005500716828492269,6.799196897200918e-05,0.08773574602186929,0.21374706615222028,0.7338316731565993,0.5425238546380997,-34.435713081929634,0.7770774703466997,0.5841268387088776,-34.73060376583671,-0.05389588477483056,-0.009087811410427096,3.5845589450694,1.5745306352110513,1.5739627911657572,-0.01431785674724449
262.3599999998339,walk,walk,-0.0,-0.0,0.0,0.9691543646838462,0.2990119405564613,-0.2445296696326903,-4.590544618905964,0.00034763622276241736,-0.0009914602975854866,6.4899520465109e-05,-0.00013487039220913007,0.000544500858001136,6.747017257247437e-05,0.08774112661017795,0.21377362155281565,0.7338357510903879,0.5425501849899292,-34.431711943561844,0.777070723504655,0.5841065880308152,-34.73303568649535,-0.053894284794907515,-0.009084879606962207,3.584664311763139,1.574534209011058,1.5739656875789643,-0.014333668543655524
262.3799999998339,walk,walk,-0.0,-0.0,0.0,0.9691543311215429,0.29885845731133387,-0.24391174893807802,-4.5904645606908545,0.0003426399750902178,-0.0009906411584277865,6.418164871726757e-05,-0.0001335473295364762,0.0005389911902374849,6.694704032964436e-05,0.08774647730921473,0.21379951211675607,0.7338398853678617,0.5425765153417588,-34.4277208806459,0.7770639919402021,0.5840860393295288,-34.73552389943915,-0.05389266296198698,-0.009081836044788363,3.5847768435989753,1.5745377501083453,1.573968560709107,-0.014349264514069824
262.3999999998339,walk,walk,-0.0,-0.0,0.0,0.969154295477585,0.2987065105392464,-0.2433000546672394,-4.590385131646656,0.00033770811236392945,-0.0009898317132946968,6.346888317274995e-05,-0.00013220709984901295,0.0005335656896219085,6.642858636851743e-05,0.0877517951143045,0.21382488735709693,0.733844075925875,0.5426029052982331,-34.42372921799459,0.7770572772643034,0.5840655353317261,-34.73800725613892,-0.05389101930934983,-0.009078785032033923,3.5848882324202065,1.5745412590498393,1.573971413350153,-0.01436458750418432
262.41999999983386,walk,walk,-0.0,-0.0,0.0,0.9691542577534035,0.2985561177825091,-0.2426945823447281,-4.590306327927836,0.0003328447026160166,-0.0009890378828069425,6.27553424167804e-05,-0.00013085195428460766,0.0005281296683221773,6.591304134844072e-05,0.0877570807928275,0.21384962944745717,0.7338483203355967,0.5426291760454178,-34.41976850411523,0.7770505803646565,0.5840449717292786,-34.74050459622976,-0.05388935412629499,-0.009075737744569781,3.5849976172417426,1.5745447359430254,1.5739742324635864,-0.014379949191065732
262.43999999983384,walk,walk,-0.0,-0.0,0.0,0.9691542180034021,0.2984072679984425,-0.24209523558821552,-4.590228153207908,0.0003280555674157478,-0.0009882563016876903,6.205653786563886e-05,-0.00012951105566790723,0.0005227979173789217,6.5392961081385e-05,0.0877623166146552,0.21387348690607294,0.7338526173347171,0.5426553573856354,-34.41583326589456,0.7770438999725815,0.5840241548070908,-34.74305039540987,-0.05388766803238777,-0.009072716534137729,3.5851032789346924,1.5745481822234018,1.5739770627528906,-0.01439432076350109
262.4599999998338,walk,walk,-0.0,-0.0,0.0,0.9691541761602215,0.29825994961212277,-0.24150192749144714,-4.5901506008858135,0.0003233370198962749,-0.0009874617297662045,6.136044629951306e-05,-0.00012817923148768007,0.0005175322319433052,6.487971939102803e-05,0.08776753802438317,0.21389672890878042,0.7338569682613553,0.5426817324409485,-34.411872984781596,0.7770372366419067,0.584003263379097,-34.74561273645537,-0.05388596111905503,-0.0090696357190609,3.585212044619357,1.5745515996440405,1.573979901424098,-0.014407820517984863
262.4799999998338,walk,walk,-0.0,-0.0,0.0,0.969154132304906,0.29811412536740034,-0.24091459199101153,-4.59007367515534,0.0003186994583549872,-0.0009866554979919117,6.067610094473639e-05,-0.00012688295461805928,0.000512325403172558,6.436072907034671e-05,0.08777270986577815,0.21391920814485627,0.733861370781789,0.5427079137811661,-34.4079566491813,0.7770305893003379,0.5839821335325242,-34.74822077434644,-0.053884233299495196,-0.009066517651081088,3.5853221132608137,1.5745549878744816,1.573982690735209,-0.014421804497535731
262.4999999998338,walk,walk,-0.0,-0.0,0.0,0.9691540863654149,0.2979698073295296,-0.2403331707139083,-4.589997375350313,0.00031415259212357825,-0.0009858425454902407,5.999169768951749e-05,-0.00012556827648595536,0.0005071669159113539,6.384296118153496e-05,0.08777782679206732,0.2139411048086356,0.7338658235694662,0.5427340653190613,-34.40405464207258,0.7770239604811559,0.5839611675987244,-34.75080286534179,-0.053882484269606276,-0.009063358604907992,3.585433745468547,1.574558348102382,1.573985491222191,-0.01443485764850607
262.5199999998338,walk,walk,-0.0,-0.0,0.0,0.9691540383924657,0.2978269964599065,-0.23975754196715873,-4.589921702041019,0.0003097046558460905,-0.0009850295593031597,5.932424871181616e-05,-0.00012425684102479356,0.000502126103913444,6.332376768543806e-05,0.08778295559850516,0.2139624346833865,0.7338703246476584,0.5427600529441834,-34.400190674710736,0.7770173496763642,0.5839400079498291,-34.75342299948313,-0.05388071504777503,-0.009060292690992358,3.585536376079518,1.5745616812888437,1.5739882814646244,-0.014447520382948454
262.53999999983375,walk,walk,-0.0,-0.0,0.0,0.9691539883751663,0.2976856684216513,-0.23918764563312467,-4.589846655581799,0.0003053536053849139,-0.0009842061945330846,5.8659196494619196e-05,-0.00012296933354565134,0.0004971230758983052,6.280421868221402e-05,0.0877880396035308,0.21398303608646074,0.7338748740827703,0.5427861299762726,-34.39631934170657,0.7770107565202242,0.5839187439928055,-34.756065064514594,-0.05387892647605571,-0.009057241678237918,3.5856363096758095,1.5745649879619623,1.573991054011929,-0.01445997933160786
262.55999999983374,walk,walk,-0.0,-0.0,0.0,0.9691539348125432,0.29754577113480674,-0.23862349199796526,-4.589772227694127,0.00030110260540465754,-0.0009833687620585002,5.791096507299735e-05,-0.00012172944321594506,0.0004921026121775012,6.22926157444997e-05,0.08779311396736598,0.21400322930256138,0.7338794814536226,0.5428121623048783,-34.39246744175713,0.7770041899628434,0.58389733102417,-34.75873964420254,-0.05387711814832776,-0.00905411243438721,3.585740891828981,1.5745682698806587,1.5739938489109755,-0.014471325684814561
262.5799999998337,walk,walk,-0.0,-0.0,0.0,0.9691538717100293,0.2974072461927656,-0.23806553324399674,-4.589698427332413,0.0002969702272793384,-0.000982522217821817,5.675150764232346e-05,-0.00012054312677183325,0.00048659897790603716,6.177295645248449e-05,0.08779816306503155,0.21402289290052495,0.7338841841768055,0.5428381648311615,-34.388640794906756,0.7769976887040637,0.5838759031543732,-34.761431473094746,-0.0538752887470189,-0.00905091613531113,3.5858490728444683,1.5745715262637574,1.573996582342732,-0.014483531761243352
262.5999999998337,walk,walk,-0.0,-0.0,0.0,0.9691537944224199,0.2972700210553416,-0.23751430136465346,-4.589625268286667,0.0002929654069109244,-0.00098166620492643,5.535405756416478e-05,-0.00011941985227276286,0.00048068386604878724,6.124399033146548e-05,0.087803187558637,0.21404197630347238,0.733889013510469,0.5428641971597672,-34.38483383131224,0.7769912851099466,0.5838542517671585,-34.76418346222387,-0.05387343894734538,-0.009047753363847735,3.5859529926719604,1.5745747577170308,1.5739993176371336,-0.014495097079248863
262.6199999998337,walk,walk,-0.0,-0.0,0.0,0.9691537020321076,0.2971340761942718,-0.23696993572186414,-4.589552758183513,0.00028908609440927275,-0.0009807931615920637,5.391760521411055e-05,-0.00011830608852002497,0.000474684943838503,6.0709512854469495e-05,0.08780824172110445,0.21406041290583938,0.7338939758073058,0.5428900804767609,-34.381078045988666,0.7769849880936371,0.5838324662694931,-34.7669794123324,-0.053871569519135847,-0.009044575691223147,3.586056574408612,1.5745779661888015,1.5740020780772448,-0.014505528908289378
262.63999999983366,walk,walk,-0.0,-0.0,0.0,0.9691535946057922,0.2969994100260616,-0.23643240089863238,-4.589480896873118,0.0002853391650590067,-0.0009799161482957328,5.249052139836527e-05,-0.0001171929625196086,0.0004687270281773666,6.017562200035718e-05,0.08781326065875476,0.21407816120940887,0.7338990692695195,0.5429158296833039,-34.37736986167673,0.7769788000650463,0.5838107552776337,-34.76978175121793,-0.053869681358392436,-0.009041453897953036,3.5861542383964027,1.5745811518018562,1.5740048049897433,-0.014516222952549264
262.65999999983364,walk,walk,-0.0,-0.0,0.0,0.9691534725793735,0.2968659968239881,-0.23590146163671513,-4.589409684369145,0.0002817242427769394,-0.0009790331128218888,5.111451584206104e-05,-0.00011610650366642114,0.0004630022299490138,5.964049176308097e-05,0.08781828337675372,0.21409541470426985,0.7339042915445082,0.5429416086921692,-34.37367934115941,0.776972717669333,0.583788790966034,-34.77264842666647,-0.05386777423794691,-0.009038216620683673,3.5862596043441184,1.5745843146220442,1.5740075123444677,-0.01452683990499916
262.6799999998336,walk,walk,-0.0,-0.0,0.0,0.96915333656379,0.296733787290498,-0.23537688556869227,-4.589339114643945,0.0002782379800993368,-0.000978124428414006,4.979031693798741e-05,-0.00011506525739834915,0.00045746841006463475,5.9110073053344415e-05,0.08782330103290141,0.21411218767146045,0.7339096388689474,0.5429675069103241,-34.3699895794793,0.7769667361307534,0.5837666627416611,-34.775562402185884,-0.053865848071945104,-0.009034986793994906,3.586362849454969,1.5745874556845896,1.5740102271497727,-0.014536765672497913
262.6999999998336,walk,walk,-0.0,-0.0,0.0,0.9691531872412906,0.29660276131183205,-0.23485838371739817,-4.589269176074237,0.0002748749526190585,-0.000977187750310633,4.853125805344806e-05,-0.00011403624909813114,0.00045220082845081054,5.858931230730982e-05,0.08782832018895365,0.21412830046162323,0.7339151050021568,0.5429932114133835,-34.36635558793714,0.7769608513365305,0.5837445047149659,-34.778498858386286,-0.05386390354303526,-0.009031775593757632,3.5864631760256844,1.5745905753380034,1.574012919603336,-0.01454672269294563
262.7199999998336,walk,walk,-0.0,-0.0,0.0,0.9691530251644904,0.29647288749286166,-0.23434575588239867,-4.589199868092522,0.00027164218112689414,-0.0009762249000497147,4.731489416752867e-05,-0.00011303768100939557,0.0004470877090419616,5.806632797757392e-05,0.08783329909873268,0.2141439464495029,0.7339206850400365,0.5430189457187653,-34.36273637213056,0.77695505970405,0.5837223466882706,-34.78145180957305,-0.05386194056774779,-0.009028530865907672,3.586564699609009,1.5745936737949555,1.574015597155738,-0.014556530048922323
262.73999999983357,walk,walk,-0.0,-0.0,0.0,0.9691528504189078,0.2963441233826877,-0.23383881993681147,-4.5891311941449935,0.00026854976730431506,-0.0009752343384177533,4.6117724844960034e-05,-0.0001120769916993156,0.0004421379759294948,5.753928992888442e-05,0.08783827197665617,0.21415926102760202,0.7339263777338351,0.543044754529953,-34.359123945148916,0.7769493605587676,0.5837002035627366,-34.78441868644609,-0.053859959208090565,-0.009025271236896518,3.5866659495187103,1.5745967524475697,1.5740182933345914,-0.01456542847430311
262.75999999983355,walk,walk,-0.0,-0.0,0.0,0.9691526635766367,0.296216421636297,-0.2333373349164215,-4.589063149557319,0.00026558723537844294,-0.000974213408789523,4.497959450266281e-05,-0.00011115803859087288,0.000437408156381285,5.701648806938323e-05,0.08784327208212231,0.21417434765406312,0.7339321784701587,0.5430705186376572,-34.355538647181255,0.7769437490172139,0.5836778816232682,-34.78743313077736,-0.05385796002031354,-0.009022041410207751,3.5867634226289695,1.5745998101685943,1.5740209252521873,-0.014575360333098215
262.77999999983354,walk,walk,-0.0,-0.0,0.0,0.9691524648483075,0.2960897371169813,-0.23284111880078684,-4.588995721778823,0.00026274310039320115,-0.0009731610163125662,4.386191706347924e-05,-0.00011027789799162521,0.0004328214788453441,5.6504482030548716e-05,0.08784825857165715,0.21418904367452324,0.7339380854727148,0.543096327448845,-34.35196431397843,0.7769382237233292,0.5836557235965729,-34.79043351722939,-0.053855943099300606,-0.009018774330616,3.5868624585622926,1.574602848088116,1.5740235785902024,-0.014584311900789992
262.7999999998335,walk,walk,-0.0,-0.0,0.0,0.9691522549590124,0.29596403434358937,-0.23234993908822119,-4.5889289107305995,0.0002600178198026282,-0.0009720712533532765,4.281262347244191e-05,-0.00010942758060944348,0.00042845522580243714,5.59897233143924e-05,0.08785324229973603,0.21420343740760683,0.7339440928635835,0.5431220468530655,-34.34842367741728,0.7769327787050736,0.5836333271512986,-34.79349079114364,-0.053853908891734775,-0.009015522152185443,3.586958947693344,1.5746058657056556,1.5740261872247339,-0.014593847090492294
262.8199999998335,walk,walk,-0.0,-0.0,0.0,0.9691520340308115,0.2958392734681184,-0.23186363456389636,-4.588862717686006,0.00025741444953587177,-0.0009709559840249349,4.177352986484082e-05,-0.00010861237993098245,0.0004242074723576128,5.547318026766558e-05,0.08785819057411676,0.21421772364029307,0.7339501988302075,0.5431478556642533,-34.34488457779458,0.7769274140044646,0.5836111989269257,-34.79651428376257,-0.053851856994718596,-0.009012206643819812,3.587059059493015,1.574608864017053,1.5740288107604266,-0.014602569157625278
262.8399999998335,walk,walk,-0.0,-0.0,0.0,0.9691518022273958,0.2957153986909558,-0.23138204663317263,-4.588797132879442,0.0002549238763594318,-0.0009698073040129524,4.0763512684923516e-05,-0.00010784899197784938,0.0004201094289112905,5.496590985033362e-05,0.08786314528167649,0.21423184379530102,0.7339564026019861,0.543173738981247,-34.34134961526791,0.7769221268849166,0.5835888918886185,-34.79958368984046,-0.05384978823227761,-0.00900898799300194,3.5871501282946996,1.5746118427835825,1.574031399837184,-0.014611649051522227
262.85999999983346,walk,walk,-0.0,-0.0,0.0,0.9691515603002296,0.2955923803097563,-0.23090494338971945,-4.588732154547557,0.00025252890800632293,-0.0009686197987601062,3.9818323825783724e-05,-0.00010710624112780032,0.0004162210018715172,5.445787062077685e-05,0.08786812795471301,0.21424591510942254,0.7339626982113586,0.5431995328912735,-34.337846804392946,0.7769169118341333,0.5835665401468277,-34.802673706086225,-0.053847703344098635,-0.009005754441022876,3.587241136276774,1.5746148019586426,1.5740339693561674,-0.014620728684137893
262.87999999983344,walk,walk,-0.0,-0.0,0.0,0.9691513086263265,0.2954701967863354,-0.23043216997007224,-4.588667779352934,0.0002502405080008648,-0.0009674017150066684,3.8899822589450584e-05,-0.00010638248600291115,0.00041245103533170266,5.3952256332997445e-05,0.08787308894121193,0.2142597444111195,0.733969081842488,0.5432253119001389,-34.33436224442639,0.7769117669227952,0.5835443523178101,-34.805746712737054,-0.053845602136038874,-0.009002487361431125,3.5873335059344216,1.5746177440111997,1.57403659289186,-0.01462812362009553
262.8999999998334,walk,walk,-0.0,-0.0,0.0,0.9691510476663239,0.2953488203839204,-0.22996354844162037,-4.588604011703964,0.00024805712296206397,-0.000966160094507133,3.80262323322375e-05,-0.00010568382366955319,0.0004088480639161055,5.34411310934154e-05,0.0878780718683084,0.2142734360010063,0.7339755493012329,0.5432510760078431,-34.330895135167026,0.7769066886371158,0.5835220452795029,-34.80885289116266,-0.05384348449833371,-0.00899917930364609,3.5874278347702706,1.574620668412364,1.574039163342166,-0.01463637137878875
262.9199999998334,walk,walk,-0.0,-0.0,0.0,0.9691507774605495,0.29522822926194947,-0.22949893856653342,-4.588540842040724,0.00024596801194148247,-0.0009648926679768882,3.716139773378298e-05,-0.00010500346724452623,0.00040535492807849656,5.293957464563406e-05,0.0878830437356275,0.21428699091820347,0.7339821002007587,0.5432769146213532,-34.32742962621459,0.7769016768203659,0.5834999021539689,-34.81194153651719,-0.05384135008282384,-0.008995841443538669,3.5875231849908267,1.5746235753837217,1.5740417309985042,-0.014644267391951939
262.9399999998334,walk,walk,-0.0,-0.0,0.0,0.9691504982393921,0.2951083888986529,-0.22903825550023493,-4.588478271253957,0.00024396482995972922,-0.0009635982163261025,3.6319904847432945e-05,-0.00010435494998372184,0.0004019342011247954,5.243524096771494e-05,0.08788800387729769,0.2143004396888032,0.7339887323682538,0.5433027830371857,-34.32397319938442,0.77689672923519,0.5834776845226288,-34.8150549662821,-0.05383920028590276,-0.008992637693881991,3.5876066634978327,1.5746264645818542,1.5740442669898749,-0.014652495088544768
262.95999999983337,walk,walk,-0.0,-0.0,0.0,0.9691502104313271,0.2949892733538694,-0.2285813374518826,-4.588416293347026,0.00024204444847990996,-0.0009622926372581475,3.551755372611354e-05,-0.0001037269139548916,0.00039866696358201956,5.193650093554014e-05,0.08789297656696686,0.21431388585746503,0.733995441581633,0.5433285024414063,-34.320557141825205,0.7768918432077586,0.5834555861005783,-34.81815782953812,-0.05383703545405629,-0.008989400416612628,3.5876916312247005,1.5746293370479727,1.574046819745052,-0.014659927458687237
262.97999999983335,walk,walk,-0.0,-0.0,0.0,0.9691499142722753,0.2948708604231497,-0.22812803033275747,-4.5883549061258435,0.00024020058271087175,-0.0009609631005481624,3.473915373440686e-05,-0.00010311935481749643,0.0003955274359592072,5.143822802002174e-05,0.08789795415746957,0.21432740354089624,0.7340022270557707,0.5433544453630448,-34.317114543679374,0.7768870162469895,0.5834333982715607,-34.82128722417188,-0.05383485584029892,-0.00898617431521416,3.587774538199906,1.5746321928825606,1.5740493501484871,-0.014667500736227596
262.99999999983334,walk,walk,-0.0,-0.0,0.0,0.969149610255926,0.2947531307277016,-0.22767821190889087,-4.588294109792041,0.0002384371080802263,-0.0009596120912466854,3.400046346831282e-05,-0.00010252703539457216,0.00039249370690075315,5.093905507004363e-05,0.08790293588148322,0.21434084329369157,0.7340090842094764,0.5433802690753937,-34.31370593052761,0.7768822448788208,0.5834112551460267,-34.82441831483169,-0.053832661092659134,-0.008982862532138827,3.587863065046825,1.574635032830211,1.5740518870711804,-0.014674542858980864
263.0199999998333,walk,walk,-0.0,-0.0,0.0,0.9691492986504883,0.294636096730148,-0.22723180035648177,-4.5882339009782624,0.00023674398840211702,-0.0009582486160003569,3.3278678123757074e-05,-0.00010191997463863161,0.000389523654654331,5.044305323146704e-05,0.08790790358071293,0.21435416083985426,0.734016009347942,0.5434060778865815,-34.31031196614665,0.7768775284089101,0.5833892461309433,-34.827535110823185,-0.05383045167345897,-0.008979614078998568,3.5879453839478073,1.574637857129203,1.5740544072300673,-0.014681617875211874
263.0399999998333,walk,walk,-0.0,-0.0,0.0,0.9691489795056493,0.29451972389668446,-0.22678869091438025,-4.588174280933304,0.00023512211933717454,-0.0009568755964118077,3.257002693835172e-05,-0.0001013511154450785,0.0003866524432748907,4.99446235368716e-05,0.08791288073318711,0.2143673276697179,0.7340230023510613,0.5434319761047364,-34.30691413549107,0.7768728656900454,0.5833671924123764,-34.83066953031358,-0.05382822746407395,-0.008976324647665027,3.5880297859808286,1.5746406656169052,1.5740569087625027,-0.014688756919669305
263.0599999998333,walk,walk,-0.0,-0.0,0.0,0.9691486531099256,0.2944040132701759,-0.22634879325439491,-4.5881152421232585,0.00023356595775535945,-0.000955496711054387,3.1886270674557643e-05,-0.00010077353634494539,0.00038385542392561483,4.9453707481431684e-05,0.08791786696102294,0.21438043283253388,0.7340300598062702,0.5434577402124405,-34.303551764221936,0.7768682551883427,0.5833452430019379,-34.83379446209273,-0.05382598913950671,-0.008973087370395663,3.588108929496575,1.5746434583123246,1.5740593944624544,-0.014695898403859311
263.07999999983326,walk,walk,-0.0,-0.0,0.0,0.9691483195538978,0.2942889562910789,-0.22591200974381456,-4.588056783570487,0.00023206648041943718,-0.0009541085771806871,3.1214211124708695e-05,-0.00010020747782053223,0.0003811455651770175,4.896218135786779e-05,0.08792284388989814,0.21439361030603576,0.7340371813937326,0.543483683134079,-34.30016875397929,0.7768636960076104,0.583323263789177,-34.836933929404026,-0.05382373593774246,-0.008969723433256152,3.5881969635821505,1.574646235565798,1.5740618745744706,-0.014702806682879498
263.09999999983324,walk,walk,-0.0,-0.0,0.0,0.9691479795983198,0.29417456199109,-0.22547821135014465,-4.587998902639948,0.00023062830997265478,-0.0009527117825558837,3.060086392149627e-05,-9.962949432939387e-05,0.00037855533103891984,4.8472627005332074e-05,0.08792782348062467,0.21440656040121464,0.7340443597929734,0.543509357834816,-34.29684365307838,0.7768591830724674,0.5833012249717713,-34.84009205119555,-0.053821469863895056,-0.008966594189405444,3.5882653227182715,1.574648997791877,1.5740643490985513,-0.014709492920761087
263.1199999998332,walk,walk,-0.0,-0.0,0.0,0.9691476333683388,0.2940608470974168,-0.22504728860710416,-4.587941596446042,0.0002292437352240956,-0.0009513195944868438,2.999464838220853e-05,-9.903692029010659e-05,0.000376050640261229,4.798516702410239e-05,0.08793279962763344,0.21441953609843706,0.734051593483417,0.5435351219425202,-34.29351233939429,0.7768547167446557,0.5832794245729447,-34.843215706935105,-0.05381919033282082,-0.008963319659233096,3.5883441745863554,1.5746517456404234,1.5740668245539546,-0.014715819528227328
263.1399999998332,walk,walk,-0.0,-0.0,0.0,0.9691472809944717,0.29394779651786257,-0.22461915020470957,-4.5878848576793345,0.00022791323386916088,-0.0009499328312547051,2.940810392847459e-05,-9.846224583484397e-05,0.00037362972915616464,4.7504032820756635e-05,0.08793778693030412,0.21443249273305837,0.7340588816074985,0.5435609307537079,-34.29018270600157,0.7768502952414688,0.5832574900636673,-34.84637140889673,-0.053816897538378435,-0.00896006375551224,3.5884204959092303,1.574654480013148,1.574069306528616,-0.014721677314550879
263.1599999998332,walk,walk,-0.0,-0.0,0.0,0.9691469223741273,0.2938354607183389,-0.2241938091578734,-4.587828678642903,0.00022663339072226963,-0.0009485546255786942,2.8808833794683185e-05,-9.787125827816283e-05,0.0003711789196209425,4.70189243002696e-05,0.08794275602082227,0.2144453867324031,0.734066223579655,0.5435867395648957,-34.28686264347096,0.7768459203192771,0.5832357939729691,-34.84949275360538,-0.053814592044350434,-0.008956830203533175,3.588493995034047,1.5746571997955443,1.5740717354178906,-0.01472844861367519
263.17999999983317,walk,walk,-0.0,-0.0,0.0,0.9691465576435541,0.2937249786872518,-0.22377142129786562,-4.587772963644842,0.00022540818677352307,-0.0009470501205181074,2.821091744154867e-05,-9.642893109519986e-05,0.00036872907634759273,4.677678340536299e-05,0.08794770590915459,0.21445789523709013,0.7340736054384165,0.5436124291667939,-34.283575098330964,0.7768416044993771,0.583214112783432,-34.85261926632481,-0.05381227788109423,-0.008953533321619037,3.588572302169558,1.5746599046555902,1.5740741391614557,-0.014735492144392374
263.19999999983315,walk,walk,-0.0,-0.0,0.0,0.9691461880585863,0.2936192187979836,-0.2233528164692129,-4.587717874253269,0.0002241786485104473,-0.0009449127632955135,2.757472681325719e-05,-9.181519125883754e-05,0.0003652392468501864,4.609998477214548e-05,0.08795268718698734,0.21447042045684533,0.7340809450072111,0.5436381783733368,-34.280256781605495,0.7768374062254575,0.5831921931753159,-34.85581874341961,-0.05380995540330673,-0.008950363099575046,3.5886394160981085,1.5746625957602332,1.5740765755013109,-0.014741380587445539
263.21999999983314,walk,walk,-0.0,-0.0,0.0,0.9691458143928606,0.29352315981335625,-0.22293941288736935,-4.587663341810923,0.00022286833375097603,-0.0009416175096637001,2.6815142101635593e-05,-8.23820886584713e-05,0.00036046560265072557,4.5656091975152156e-05,0.0879576389121251,0.21448273395385503,0.7340881580847706,0.5436640914926529,-34.276878629148854,0.7768334020764175,0.5831702586660386,-34.85906291154873,-0.05380762907735126,-0.008947088569402697,3.588715175541203,1.5746652738482994,1.5740789969400049,-0.014747361434547256
263.2399999998331,walk,walk,-0.0,-0.0,0.0,0.969145436696464,0.29343530050846445,-0.22253115282611882,-4.587609343994677,0.00022146352238386571,-0.0009378253855307579,2.608757715926926e-05,-7.552237874274562e-05,0.00035600507300306345,4.5212646809033464e-05,0.08796260902484597,0.2144939253062903,0.7340952706114866,0.543690004611969,-34.2734848578031,0.7768295697963986,0.5831475939998627,-34.86246731494697,-0.05380529472533538,-0.00894376561045647,3.588793832772831,1.5746679384673812,1.5740813978896022,-0.014753497042909252
263.2599999998331,walk,walk,-0.0,-0.0,0.0,0.9691450544923004,0.29335099470553644,-0.22212691261943926,-4.587555900095982,0.00022003183023382885,-0.0009336484890401778,2.5453535577920306e-05,-7.318319017081534e-05,0.00035265891228839104,4.474250482419952e-05,0.08796753486050048,0.214504381579612,0.7341023677551922,0.5437157836208344,-34.27012153616687,0.7768258381440137,0.5831250038394928,-34.86586897666242,-0.053802949684824346,-0.008940383046865466,3.58887619977266,1.5746705888297776,1.5740837708995223,-0.01475994589107311
263.2799999998331,walk,walk,-0.0,-0.0,0.0,0.9691446677349623,0.29326801359335924,-0.2217258899559545,-4.587503013506995,0.00021864182066362876,-0.000928819722275884,2.4890765972916795e-05,-7.211535766923799e-05,0.00034990636492673654,4.427135508558277e-05,0.0879724217938767,0.21451425862812445,0.7341094945085811,0.5437414434204102,-34.26678788882878,0.7768221689188236,0.5831025328884125,-34.869257931013124,-0.05380059759747249,-0.008937209099531176,3.588941584616795,1.5746732261681045,1.5740861662611842,-0.014765561123573002
263.29999999983306,walk,walk,-0.0,-0.0,0.0,0.9691442771656231,0.2931861815430438,-0.2213278484284446,-4.587450688295133,0.00021732800359479585,-0.0009232663324726739,2.4383883669340562e-05,-7.111577231301444e-05,0.0003473166288356585,4.379467135465191e-05,0.08797730458143223,0.21452409226903368,0.734116652454768,0.5437668051967621,-34.26351350907212,0.7768185542893823,0.5830802705535889,-34.87261862360212,-0.05379824056171105,-0.0089340016245842,3.5890093520083233,1.5746758497745312,1.5740885131940723,-0.014772009623548042
263.31999999983304,walk,walk,-0.0,-0.0,0.0,0.9691438834100642,0.29310549644991263,-0.22093266365512876,-4.587398916065949,0.00021609105863300661,-0.0009170158676870638,2.3914444507799707e-05,-7.011699073629791e-05,0.0003448333801384918,4.332670295657267e-05,0.08798217072362836,0.21453413293017332,0.7341238405200324,0.5437919881591797,-34.260276674811045,0.7768149912002421,0.5830583062419892,-34.87593472576816,-0.053795879439659695,-0.008930850028991702,3.589072368983277,1.5746784605773716,1.5740908796847344,-0.014777689583851821
263.339999999833,walk,walk,-0.0,-0.0,0.0,0.9691434868889043,0.29302593125593435,-0.22054020589202133,-4.587347687427972,0.00021491935624832613,-0.0009101171838621546,2.3474902969365423e-05,-6.914545152041e-05,0.00034246541905237767,4.2866144781968436e-05,0.08798702396047942,0.21454436422689105,0.734131058627101,0.543816992307663,-34.25707743455467,0.7768114777895962,0.5830366399536133,-34.87920598727164,-0.053793513052864714,-0.008927568048238757,3.5891453186841376,1.5746810580379054,1.574093207991171,-0.014783964273524344
263.359999999833,walk,walk,-0.0,-0.0,0.0,0.9691430878579785,0.2929474661168349,-0.2201504378573014,-4.5872969995686,0.00021381560611852623,-0.0009026099201564728,2.304534522251961e-05,-6.818916591883353e-05,0.0003401144627153361,4.240681160465486e-05,0.08799185552339248,0.21455480132218407,0.7341383060989766,0.5438418474445343,-34.25391024065905,0.7768080140096896,0.5830153014907837,-34.88242717438591,-0.053791141318748514,-0.008924349397420886,3.5892127796305586,1.5746836418239627,1.5740955195338011,-0.014790307580497828
263.379999999833,walk,walk,-0.0,-0.0,0.0,0.9691426864748409,0.2928700503832843,-0.21976325708624675,-4.587246841444824,0.00021276998254782072,-0.0008945436556476919,2.263289456833573e-05,-6.728203897791059e-05,0.0003378696085355971,4.195815027408652e-05,0.08799663992125946,0.21456528121255225,0.7341455841357644,0.5438665237674714,-34.25078084373456,0.7768045992377137,0.5829942461500168,-34.88560616960049,-0.05378876405365727,-0.008921153098344806,3.589277996924486,1.5746862115711868,1.574097809656012,-0.01479682263220504
263.39999999983297,walk,walk,-0.0,-0.0,0.0,0.9691422832333446,0.2927936427468124,-0.2193785989809383,-4.587197218304668,0.00021178513266712195,-0.0008859580500200417,2.225014584452327e-05,-6.640807261229014e-05,0.0003356693741983711,4.1502063224445234e-05,0.08800142088212047,0.21457605652333694,0.7341528903049633,0.5438910510787964,-34.24768312437738,0.776801231043031,0.5829733994255066,-34.88875580835677,-0.05378638165378058,-0.008918001502752307,3.5893392524696623,1.5746887679121473,1.574100106297481,-0.014802865025046694
263.41999999983295,walk,walk,-0.0,-0.0,0.0,0.9691418785635213,0.292718200635523,-0.21899634147267083,-4.587148117856632,0.000210850787960252,-0.0008769119278111448,2.18987660510437e-05,-6.557235801491223e-05,0.0003335884561231111,4.1059017312104205e-05,0.0880061976309344,0.21458712606894326,0.7341602226945193,0.5439152505645752,-34.244648999105934,0.7767979079669374,0.5829530146369934,-34.89183032474336,-0.0537839933611883,-0.008914782851934436,3.5894053516402624,1.5746913113963201,1.5741024001449824,-0.014808673279525366
263.43999999983293,walk,walk,-0.0,-0.0,0.0,0.9691414724306378,0.29264369019166075,-0.2186164913487329,-4.587099543843352,0.00020996397069375622,-0.0008674483940052358,2.1535420812071353e-05,-6.476443459000266e-05,0.0003314752231589399,4.060998393150258e-05,0.08801096535638316,0.21459875867324513,0.7341675825878043,0.5439393904457093,-34.241630655253985,0.7767946318764124,0.5829331364879609,-34.89482225101642,-0.053781600086729775,-0.008911739289760592,3.5894571076803348,1.5746938418424887,1.574104673503387,-0.01481465880850784
263.4599999998329,walk,walk,-0.0,-0.0,0.0,0.9691410654093966,0.2925700754152469,-0.21823893723799767,-4.5870514826966655,0.00020910888977763108,-0.0008576156545325561,2.1221735820645794e-05,-6.398895913208194e-05,0.0003294913586355415,4.017524315389231e-05,0.08801574371193148,0.21461083317848023,0.7341749671159932,0.5439631428966523,-34.23868625086738,0.7767913988142185,0.5829134967575074,-34.89777868403272,-0.05377920251189827,-0.008908706903457644,3.5895076581027046,1.5746963592468475,1.5741069347545982,-0.014820622101078557
263.4799999998329,walk,walk,-0.0,-0.0,0.0,0.969140657759903,0.2924973258705784,-0.21786357146382537,-4.587003935902434,0.00020828151243198472,-0.0008474524504694313,2.0921640628998575e-05,-6.323874525991824e-05,0.00032758499440238234,3.9735946167137116e-05,0.08802046990426245,0.214623230461079,0.734182375898943,0.5439868208417893,-34.23575961302855,0.7767882079612771,0.5828943189630509,-34.90065953133157,-0.05377679994832276,-0.008905626088380816,3.5895616391852228,1.5746988632559098,1.5741091736540676,-0.014826795764669809
263.4999999998329,walk,walk,-0.0,-0.0,0.0,0.9691402495317473,0.29242541257952503,-0.2174903585693849,-4.5869568961243194,0.000207482065928935,-0.0008370114399614232,2.062649773415325e-05,-6.25139682430474e-05,0.0003257062018374792,3.9304588218408154e-05,0.08802517907037179,0.21463602559731626,0.734189808845537,0.54401017096138,-34.23289631293688,0.7767850600939114,0.5828757074127198,-34.9034462485945,-0.0537743918840609,-0.008902545273303988,3.589615154577497,1.5747013537277055,1.5741113985836983,-0.014832976675835855
263.51999999983286,walk,walk,-0.0,-0.0,0.0,0.9691398407633612,0.29235429728481976,-0.21711931614737093,-4.586910364842987,0.00020669996537054115,-0.0008263338895568065,2.032892984426642e-05,-6.182373843656117e-05,0.0003238044866139295,3.8870724964222516e-05,0.08802986812730496,0.21464927874703638,0.7341972670406861,0.5440334465751648,-34.2300510612622,0.7767819548274308,0.5828574385890961,-34.90617890360184,-0.05377197852000959,-0.008899516612291339,3.589664088450442,1.5747038296543816,1.5741135806724906,-0.014839826860176292
263.53999999983284,walk,walk,-0.0,-0.0,0.0,0.9691394317380746,0.2922839588122686,-0.2167504025799204,-4.586864335274003,0.00020592656586108544,-0.0008154574629153854,2.0052901744706046e-05,-6.114956847781093e-05,0.0003219525527148129,3.8443878779631174e-05,0.08803456531424973,0.2146628997911016,0.734204748757492,0.5440563496599198,-34.22727695133991,0.7767788907014747,0.5828396018991471,-34.90884107385134,-0.05376956079686303,-0.008896603435277942,3.589703490462336,1.574706291906422,1.574115782319057,-0.014845884649585653
263.5599999998328,walk,walk,-0.0,-0.0,0.0,0.9691390225399997,0.2922143729323551,-0.21638365017022723,-4.586818809778047,0.00020516639509478917,-0.000804425965383566,1.9771637979665642e-05,-6.049729063726781e-05,0.00032005408825120393,3.801352267617679e-05,0.08803923415214851,0.21467680025194108,0.7342122535629967,0.5440790739307404,-34.224539157212405,0.7767758678737441,0.5828222569475174,-34.911422182111,-0.05376713929846239,-0.008893746137619021,3.5897381487018203,1.5747087404601943,1.5741179616138816,-0.014852152188519518
263.5799999998328,walk,walk,-0.0,-0.0,0.0,0.9691386132143623,0.2921455097784304,-0.21601906559391115,-4.586773782327582,0.00020440770368270486,-0.0007932790044752848,1.949410853910332e-05,-5.987176476537468e-05,0.000318161806700061,3.759000034233926e-05,0.08804388739885823,0.2146910844194561,0.7342197822293899,0.5441015746841431,-34.22184595756028,0.7767728857152821,0.5828052994260788,-34.91394081863922,-0.05376471386723043,-0.008890847861766818,3.5897757579492344,1.5747111739707618,1.574120088754642,-0.014859297570967078
263.5999999998328,walk,walk,-0.0,-0.0,0.0,0.9691382036720524,0.29207737384442745,-0.2156566590931079,-4.586729332752598,0.00020364905162548132,-0.0007820288114063654,1.9209169712509337e-05,-5.922593886639376e-05,0.0003162425192034909,3.715525424131495e-05,0.08804849773768657,0.21470577145885955,0.734227326998634,0.5441238817224503,-34.21919183926981,0.7767699508542786,0.5827888038406372,-34.91638402169272,-0.05376228606293085,-0.008887994289398196,3.589809487161807,1.5747135914630155,1.574122203788209,-0.014866357410538078
263.61999999983277,walk,walk,-0.0,-0.0,0.0,0.9691377938383541,0.2920098510092941,-0.21529623806530357,-4.586685908293649,0.00020290326830722124,-0.0007707160563568881,1.8954310519425543e-05,-5.8595376258687595e-05,0.00031443625675030843,3.6700780620356466e-05,0.08805310736057112,0.2147208531137873,0.7342348314009768,0.5441458907375336,-34.21659387155191,0.7767671014478807,0.5827726360807419,-34.91877615586466,-0.05375986780728323,-0.008885218948125842,3.5898370100214962,1.5747159890828486,1.5741243225470662,-0.014872937319271442
263.63999999983275,walk,walk,-0.0,-0.0,0.0,0.969137384398299,0.2919432116822276,-0.21493732779710656,-4.586642938010949,0.0002022380688388467,-0.000759349342233191,1.877357886032555e-05,-5.78638667626812e-05,0.00031327150707713755,3.603263222046989e-05,0.0880576916054499,0.21473634943071007,0.734242423658445,0.5441678550491333,-34.213997904829306,0.7767642460998647,0.5827568408498764,-34.92111626272079,-0.05375744318850468,-0.008882447332143786,3.589865939563109,1.5747183718722748,1.5741263882205367,-0.014880120059182007
263.65999999983273,walk,walk,-0.0,-0.0,0.0,0.969136975480617,0.2918771802212389,-0.21458028745791205,-4.58660065769638,0.00020154123550948118,-0.0007480289303840846,1.8534851260120335e-05,-5.7524403509960634e-05,0.00031153023835259436,3.5338021605818086e-05,0.08806219446981955,0.21475147643099135,0.7342502879081543,0.5441892829189301,-34.211511003613104,0.7767612132476733,0.5827417459735871,-34.92332961740501,-0.05375501272978647,-0.008879649639129641,3.5898959934147077,1.574720734995071,1.5741284157097817,-0.014887930338888574
263.6799999998327,walk,walk,-0.0,-0.0,0.0,0.9691365683275232,0.2918114146201615,-0.21422837752738216,-4.586558560157996,0.0002009195371203805,-0.0007368476459781274,1.8000600871813576e-05,-5.725561126103721e-05,0.00030642216421112103,3.535505836007094e-05,0.08806665262813325,0.2147669287191143,0.7342579582164195,0.5442101594457627,-34.20917551445424,0.7767583718065956,0.5827275898704529,-34.92533240819547,-0.05375257226673367,-0.008876993507146838,3.5899118689422784,1.5747230850435285,1.5741304590315104,-0.014895093363823738
263.6999999998327,walk,walk,-0.0,-0.0,0.0,0.9691361584794482,0.2917462328879235,-0.21388001552791214,-4.586516451077164,0.0002000128542579126,-0.0007255465338800288,1.7482047462019537e-05,-5.665562824856971e-05,0.00030400377288535756,3.513201527393034e-05,0.0880712414469925,0.21478347899807382,0.7342654669228934,0.5442317512283326,-34.206635228476856,0.7767557458337404,0.5827122565755845,-34.92763065182151,-0.053750127832967634,-0.008874382078647616,3.5899251008741633,1.5747254250021434,1.5741324995592714,-0.01490215286603821
263.7199999998327,walk,walk,-0.0,-0.0,0.0,0.9691357466637652,0.2916819256550917,-0.213532473812666,-4.586474874049459,0.00019913559618145335,-0.0007142940590305176,1.728649851707906e-05,-5.589169618968049e-05,0.0003034347640660614,3.4657216518554744e-05,0.08807573062600996,0.21479966666053235,0.7342730876536738,0.5442527022609711,-34.20424490089539,0.776753105001623,0.5826976981410981,-34.9297742146324,-0.05374768128384884,-0.00887156203389168,3.589954859083316,1.5747277490102518,1.5741344981775165,-0.014909739667837305
263.73999999983266,walk,walk,-0.0,-0.0,0.0,0.9691353360116982,0.29161842927762094,-0.2131860140362374,-4.586433830531244,0.00019830095910588607,-0.0007031467229896958,1.7189057997291466e-05,-5.5195078600437996e-05,0.0003024030467972395,3.419738493781546e-05,0.0880801708680754,0.21481605185012004,0.7342807732833945,0.5442731764564515,-34.201947708144885,0.7767504638871405,0.5826840039739609,-34.931763789826555,-0.05374523242240263,-0.008868931978940967,3.5899692318436816,1.5747300544595688,1.5741364167020202,-0.014918775442705258
263.75999999983264,walk,walk,-0.0,-0.0,0.0,0.9691349267788564,0.2915555985179762,-0.21284129078308153,-4.586393285734867,0.00019747315992506927,-0.0006921339873156332,1.7020323518278444e-05,-5.4633053969831666e-05,0.0003008168192403026,3.377465656708099e-05,0.08808454531024013,0.2148326354508936,0.734288497394684,0.5442938145647049,-34.199626039982505,0.7767478430033515,0.5826706525335312,-34.933696848593755,-0.05374278050816966,-0.008866253495216372,3.5899871835312256,1.5747323423939446,1.5741383659601689,-0.014926657373828025
263.7799999998326,walk,walk,-0.0,-0.0,0.0,0.9691345184031565,0.2914933794518486,-0.21249875320014977,-4.586353243322567,0.00019662867487049013,-0.0006812669668299047,1.678322048142855e-05,-5.410346244435207e-05,0.0002988648130612052,3.3344892219827044e-05,0.08808889616578751,0.21484924702251956,0.7342962487536315,0.5443141695508957,-34.197359366291,0.7767452532424451,0.5826576289186478,-34.935577312085535,-0.0537403254152161,-0.008863537758588794,3.590007859504298,1.574734611456543,1.5741402416438341,-0.014935846607649246
263.7999999998326,walk,walk,-0.0,-0.0,0.0,0.9691341108077721,0.29143179310922945,-0.21215856143135053,-4.586313697236299,0.00019574758389070734,-0.0006705289356698865,1.6535069019832496e-05,-5.354987903447523e-05,0.0002968074589047592,3.292373050866075e-05,0.08809331010468162,0.21486662149937008,0.7343040215016853,0.544334256316185,-34.195144408126126,0.7767426964643059,0.5826448437223435,-34.93742092141886,-0.05373786960831401,-0.008861105144023898,3.5900059808194635,1.57473686066426,1.5741420856625319,-0.014945303015275127
263.8199999998326,walk,walk,-0.0,-0.0,0.0,0.9691337032838523,0.29137085172506155,-0.21182078600047552,-4.586274643644841,0.0001948283482136332,-0.0006599368780487935,1.623708088633194e-05,-5.2987854178262125e-05,0.0002946861532234434,3.25056907989626e-05,0.0880976459974633,0.2148839598626282,0.7343118186053385,0.5443542536745072,-34.19295018722703,0.7767401779231532,0.5826325502643586,-34.939183323497474,-0.053735413298402424,-0.00885858312249184,3.5900112066323464,1.5747390902033436,1.5741439185053587,-0.014954557047484324
263.83999999983257,walk,walk,-0.0,-0.0,0.0,0.9691332955585764,0.2913105418457109,-0.21148558786604205,-4.5862361035058425,0.00019388316031174183,-0.0006495092824598605,1.5915999475410132e-05,-5.2440393997955666e-05,0.0002924143134049755,3.2066963886186946e-05,0.08810189906647559,0.21490071602198524,0.7343196399330914,0.5443739381084443,-34.19081660839427,0.7767376982472552,0.5826204654226304,-34.94091517812899,-0.05373295552791415,-0.008855997771024707,3.590021327740916,1.574741300894564,1.5741457541421533,-0.014963299865500691
263.85999999983255,walk,walk,-0.0,-0.0,0.0,0.9691328879122486,0.29125080284675897,-0.21115289974156456,-4.586198039328803,0.00019289329394328505,-0.0006392740256873932,1.562430772788673e-05,-5.195200500356056e-05,0.00029024055814861265,3.1668157304951165e-05,0.08810615515854713,0.2149175881345235,0.7343274860417649,0.5443935033330918,-34.188709026736,0.776735252472211,0.5826084401855469,-34.94264202475285,-0.053730497148429125,-0.008853527903556827,3.5900222195698333,1.574743494658069,1.5741476205125928,-0.014970920058087027
263.87999999983253,walk,walk,-0.0,-0.0,0.0,0.9691324800200036,0.29119170501835245,-0.21082280387714528,-4.586160466478344,0.0001918698112999699,-0.0006292100266396868,1.529666780445225e-05,-5.138224602199376e-05,0.00028795339485141114,3.124831795213896e-05,0.08811040062338275,0.21493519971461778,0.7343353565954205,0.544412815237999,-34.18665138222757,0.776732845919165,0.5825971600065232,-34.94424228337551,-0.05372803778879628,-0.00885097607970238,3.59002955885023,1.574745669209385,1.574149389094162,-0.014980408860916406
263.8999999998325,walk,walk,-0.0,-0.0,0.0,0.969132072200066,0.29113321415032095,-0.21049536515551895,-4.5861233899590585,0.00019080621368516992,-0.000619348586710116,1.4991875928813053e-05,-5.086212022417667e-05,0.0002856327530635135,3.0827373829412455e-05,0.0881146562105011,0.2149528198705164,0.7343432502861014,0.5444319930324555,-34.18462195783999,0.776730473638379,0.5825857606182099,-34.94586971665385,-0.05372557718228501,-0.008848435431718829,3.590035893009701,1.5747478243252355,1.5741511530191183,-0.01498953341922236
263.9199999998325,walk,walk,-0.0,-0.0,0.0,0.9691316643322376,0.29107534948990593,-0.21017058894260796,-4.586086806987894,0.00018970196599003475,-0.0006096748022912553,1.4673158914486533e-05,-5.0312839941105054e-05,0.00028330375651074147,3.0409293863792973e-05,0.08811883625898673,0.21497027064440705,0.7343511679422542,0.5444510218153,-34.18262374226929,0.7767281364005454,0.58257477846241,-34.947428469772696,-0.05372311530446945,-0.008845887333154681,3.590042720500573,1.574749959424955,1.5741528778285265,-0.014999111606634767
263.9399999998325,walk,walk,-0.0,-0.0,0.0,0.9691312565263177,0.29101810902043074,-0.2098485319463457,-4.586050716076804,0.00018856523703200125,-0.0006002037561012861,1.4360218941412885e-05,-4.977121919648231e-05,0.0002809218197309821,2.9992382781204188e-05,0.08812298290162698,0.2149877451665183,0.7343591079195007,0.5444697972784043,-34.18067499609439,0.7767258326475862,0.5825639602193833,-34.948963598133815,-0.05372065293959269,-0.008843428641557696,3.590042404641529,1.5747520749698385,1.5741546007752896,-0.015008268330370228
263.95999999983246,walk,walk,-0.0,-0.0,0.0,0.9691308485871774,0.29096147561761654,-0.20952922710570715,-4.586015116743857,0.0001873932122372536,-0.0005909486182534056,1.4030965991777863e-05,-4.924521314334062e-05,0.0002785136330854959,2.9576014867648487e-05,0.0881271037365943,0.2150052583018181,0.7343670723747237,0.5444884833345414,-34.17874694253698,0.77672356279846,0.5825534698019028,-34.95044586961988,-0.053718191067210874,-0.008841063082218173,3.5900347314550074,1.5747541717137887,1.5741563218594075,-0.015017027238038485
263.97999999983244,walk,walk,-0.0,-0.0,0.0,0.9691304404248521,0.29090545283757047,-0.209212745136217,-4.585980011143212,0.0001861874038241518,-0.0005819114161805973,1.3693496354826561e-05,-4.8712911634733025e-05,0.0002760386411816451,2.915779977379809e-05,0.08813121119642334,0.2150226316675823,0.7343750613889727,0.5445069756755829,-34.176858161660704,0.7767213267465546,0.5825431880006791,-34.95189665601514,-0.053715729213073694,-0.008838593214750293,3.5900353689826097,1.5747562479927486,1.574157969369042,-0.01502704726839816
263.9999999998324,walk,walk,-0.0,-0.0,0.0,0.9691300319080675,0.29085006503149424,-0.20889917008101164,-4.585945402053303,0.0001849529459933365,-0.0005730904352168375,1.3340625070174919e-05,-4.8157473293028955e-05,0.0002734892013616794,2.8737381021222253e-05,0.08813527010893406,0.2150400588220796,0.7343830745805485,0.544525274301529,-34.17500857329816,0.7767191256079125,0.5825332042226792,-34.95330017694609,-0.053713267185969214,-0.008836138248443606,3.5900347945918303,1.574758304231906,1.5741596233979345,-0.015036428940351369
264.0199999998324,walk,walk,-0.0,-0.0,0.0,0.9691296230346365,0.2907952769213762,-0.20858849252311895,-4.585911284320003,0.00018368620420663006,-0.0005645051082162838,1.2993752240473709e-05,-4.7641544707579464e-05,0.0002709640718070442,2.8322628347021994e-05,0.08813931582327443,0.2150573458219801,0.7343911132024682,0.5445434388170243,-34.17318781624153,0.7767169572230065,0.5825233098516465,-34.95469331698955,-0.05371080496730807,-0.008833690732717517,3.5900336075806982,1.5747603404812622,1.5741612522811175,-0.01504593708562364
264.0399999998324,walk,walk,-0.0,-0.0,0.0,0.9691292139102863,0.29074111886956544,-0.20828071865405623,-4.585877660561226,0.00018239410283595178,-0.0005561405602007966,1.2651626215128446e-05,-4.708773432890051e-05,0.0002684243796320168,2.790426441615356e-05,0.0881433337359837,0.21507468497668325,0.7343991751981992,0.5445613649139405,-34.171413999851765,0.7767148211250916,0.5825136986026764,-34.956041291150314,-0.05370834270118458,-0.008831243216991427,3.590032425738369,1.5747623569190388,1.5741628671944619,-0.01505530670524539
264.05999999983237,walk,walk,-0.0,-0.0,0.0,0.9691288044532441,0.29068758179612997,-0.20797589831605248,-4.5858445272423305,0.00018107682519213827,-0.0005479973859303357,1.2299511532741557e-05,-4.65502699925105e-05,0.0002658373882645938,2.7490167418035194e-05,0.08814731693933092,0.21509188291497022,0.7344072618552661,0.5445793208131791,-34.169639383904475,0.7767127164193822,0.5825041469583512,-34.95738410294886,-0.05370588100393438,-0.008828855305910113,3.5900265576646255,1.574764354627803,1.574164491421032,-0.01506401522883351
264.07999999983235,walk,walk,-0.0,-0.0,0.0,0.969128394721166,0.29063466619038286,-0.20767402520054382,-4.585811888697621,0.00017973573016309477,-0.0005400814107406102,1.1955627861161946e-05,-4.6008848258426754e-05,0.00026326737559923273,2.707126439115342e-05,0.08815126086585504,0.21510885004887126,0.7344153716918635,0.5445969488868714,-34.16792781314837,0.7767106422889501,0.582494833732605,-34.95868945228485,-0.05370341957007887,-0.00882641524076462,3.590024859856393,1.5747663328934554,1.5741660681501508,-0.015073392734991994
264.09999999983233,walk,walk,-0.0,-0.0,0.0,0.9691279846263909,0.2905823745706407,-0.2073751398915043,-4.585779744767509,0.00017837707752252807,-0.0005323940541321317,1.160045641201309e-05,-4.5465821873367146e-05,0.0002606487156077082,2.665322292312515e-05,0.08815518824076515,0.21512589872843035,0.7344235051231778,0.5446145322570801,-34.1662285828216,0.7767085988162183,0.5824857291231156,-34.95996277430143,-0.053700958651895905,-0.0088240422308445,3.5900178579217275,1.5747682910526042,1.5741676141456247,-0.015083015616980024
264.1199999998323,walk,walk,-0.0,-0.0,0.0,0.969127573862802,0.2905306856973628,-0.20707925239443722,-4.5857480870780645,0.00017699565151500102,-0.0005249399407658056,1.123076048418438e-05,-4.4944532692741367e-05,0.00025803172096647867,2.6243554009480103e-05,0.08815907958339776,0.21514267261495684,0.7344316651686665,0.5446320560226441,-34.164545114559985,0.776706586473326,0.5824767437229157,-34.961220274790186,-0.05369849804898574,-0.008821594715118411,3.590016825677534,1.5747702287602903,1.5741691312700987,-0.015092837919022023
264.1399999998323,walk,walk,-0.0,-0.0,0.0,0.9691271625165059,0.2904796023016759,-0.20678638146072312,-4.585716923538285,0.00017559640084234722,-0.000517706996657576,1.086782159905848e-05,-4.441658569490673e-05,0.0002553940919077857,2.5824852147311616e-05,0.0881629515007837,0.21515933511849183,0.7344398504523755,0.5446494307765961,-34.16289287928436,0.7767046037910699,0.5824678179273606,-34.962472267532675,-0.05369603823773826,-0.00881922170519829,3.5900099291287133,1.5747721470264764,1.5741706605017662,-0.015101911495423824
264.1599999998323,walk,walk,-0.0,-0.0,0.0,0.9691267504084841,0.2904291490087371,-0.20649659475488436,-4.585686246304815,0.00017418490236028835,-0.000510695320629224,1.0485443517439855e-05,-4.38653610451704e-05,0.0002526896533364589,2.541549036095919e-05,0.08816680352432471,0.2151760202257147,0.734448060599621,0.5446666118154526,-34.16127996558159,0.7767026527915014,0.5824592646608353,-34.96366308202433,-0.05369357922483717,-0.008816841244697574,3.5900036878395323,1.5747740461017576,1.5741721692443371,-0.015111021521860429
264.17999999983226,walk,walk,-0.0,-0.0,0.0,0.9691263374668363,0.29037929039323496,-0.20620987610975847,-4.585656058700241,0.00017275508726253758,-0.0005039189957765784,1.0107268981377338e-05,-4.3353670933398435e-05,0.0002500169848498914,2.5001654211431823e-05,0.08817064107183567,0.21519257914208906,0.7344562973875619,0.5446837928543091,-34.159672002217256,0.7767007315516972,0.5824506368885041,-34.96487248945705,-0.05369112094084556,-0.008814442157745364,3.5899989915329003,1.5747759260152672,1.574173658429134,-0.015120142276913677
264.19999999983224,walk,walk,-0.0,-0.0,0.0,0.9691259236659538,0.29033003925676515,-0.2059262166103316,-4.585626358731393,0.00017131267766377852,-0.0004973665381252267,9.727877096585498e-06,-4.282203599247542e-05,0.0002473434508973422,2.459019574921819e-05,0.08817443646350982,0.21520890782104657,0.7344645598603086,0.5447007801780701,-34.15810343540939,0.7766988401211284,0.5824422177324295,-34.96604973793541,-0.053688663222548894,-0.00881203189492226,3.5899952254361844,1.5747777865521846,1.5741751224682212,-0.015129399190131974
264.2199999998322,walk,walk,-0.0,-0.0,0.0,0.9691255089333517,0.29028142561981984,-0.205645632607003,-4.5855971482971745,0.00016986093701124597,-0.0004910159173175314,9.34422594791644e-06,-4.226409631793875e-05,0.00024465493351848774,2.417666715356745e-05,0.08817822760366621,0.2152251251502385,0.7344728478052378,0.5447176929960251,-34.156552858520406,0.7766969788421988,0.5824339177856446,-34.967210974529884,-0.05368620637018412,-0.00880963280797005,3.5899906537330235,1.5747796283908875,1.574176587438631,-0.01513819209827425
264.2399999998322,walk,walk,-0.0,-0.0,0.0,0.9691250934369906,0.2902334397294017,-0.2053681568609484,-4.585568427324964,0.00016840251737423436,-0.00048487311516539846,8.968732911162135e-06,-4.172007286237713e-05,0.00024193638541821535,2.3763476006929117e-05,0.08818198557064431,0.21524111172055627,0.7344811593556089,0.5447344866046906,-34.15502783736236,0.7766951455814178,0.5824256327400208,-34.96837439895243,-0.05368375080304919,-0.008807274699211123,3.589982929982858,1.5747814515982392,1.5741780300572992,-0.015147076900988515
264.2599999998322,walk,walk,-0.0,-0.0,0.0,0.9691246772170906,0.2901860780527933,-0.20509373591924915,-4.585540198853907,0.00016693986318071151,-0.00047895417485219893,8.601485478489911e-06,-4.117692445951239e-05,0.00023927767237319014,2.3347229744887945e-05,0.08818571947600429,0.2152570306145875,0.7344894933379813,0.5447510268936158,-34.15355236958582,0.7766933399260567,0.5824176159152985,-34.96949450215849,-0.053681296271691215,-0.00880488306283951,3.589977953231813,1.5747832556765726,1.5741794400796771,-0.015156279914150975
264.27999999983217,walk,walk,-0.0,-0.0,0.0,0.969124260192038,0.2901393317404416,-0.20482232027245684,-4.585512454430353,0.00016547469295252095,-0.0004732506482002815,8.234969522448933e-06,-4.064284326623907e-05,0.00023665647960744994,2.2939421848124143e-05,0.0881894116390371,0.21527271804064052,0.7344978512610845,0.5447675820837021,-34.152078661323806,0.7766915607068204,0.5824096139917374,-34.97061657704056,-0.053678842972790235,-0.008802539855241778,3.589969215681413,1.574785040615077,1.574180835200894,-0.01516537914349595
264.29999999983215,walk,walk,-0.0,-0.0,0.0,0.9691238423308978,0.2900932108417267,-0.20455395670797574,-4.58548519838856,0.00016401186979175057,-0.00046774846061384197,7.86234038625105e-06,-4.009689157883711e-05,0.00023398179681234294,2.252620261032404e-05,0.08819310077894835,0.21528833792960367,0.7345062323585324,0.5447840627679825,-34.150622456215004,0.77668980777201,0.5824017014751435,-34.97172728303758,-0.05367639118881088,-0.008800189197063449,3.5899612097566673,1.5747868075883695,1.5741822433606267,-0.015173747297829193
264.31999999983213,walk,walk,-0.0,-0.0,0.0,0.9691234234784919,0.2900477177998074,-0.2042886618764808,-4.585458429998028,0.00016254894224331429,-0.0004624489564333953,7.481256223623496e-06,-3.9550761795196903e-05,0.0002313018747669925,2.211480283680806e-05,0.08819675616425358,0.21530377184574112,0.7345146368895881,0.544800468946457,-34.149183910751816,0.7766880818624338,0.5823938932666779,-34.9728241392997,-0.05367394041670041,-0.008797771483659747,3.589958617258047,1.574788555881751,1.5741836030915857,-0.015182826052858514
264.3399999998321,walk,walk,-0.0,-0.0,0.0,0.969123003714067,0.2900028641813458,-0.20402636091366588,-4.585432143993276,0.00016109156042606158,-0.00045734437952501254,7.116624505315986e-06,-3.8992840601026315e-05,0.00022869921877474123,2.1707866520119412e-05,0.08820039776744273,0.21531894497484133,0.7345230633720128,0.5448166665086747,-34.147786747091494,0.7766863818459777,0.5823861297616959,-34.973917518866834,-0.053671490965941863,-0.00879541337490082,3.5899513856510503,1.5747902853777322,1.574184948852706,-0.015191784739860565
264.3599999998321,walk,walk,-0.0,-0.0,0.0,0.9691225828384045,0.2899586240358431,-0.20376705117767993,-4.585406340913764,0.00015963706271243333,-0.00045244259161315197,6.7373103397521375e-06,-3.846294468462841e-05,0.00022608095846537071,2.1299684080035328e-05,0.08820402350265082,0.21533399216139643,0.7345315140125813,0.5448329385766983,-34.14638071110366,0.77668470795253,0.5823785152683258,-34.97498879735752,-0.05366904246510025,-0.008792999386787417,3.5899486735749777,1.5747919963563013,1.5741862825066328,-0.015200593244952538
264.3799999998321,walk,walk,-0.0,-0.0,0.0,0.9691221607841197,0.28991499450266583,-0.20351075276832664,-4.585381018228395,0.00015818465626041563,-0.0004477316809101478,6.357161048718613e-06,-3.7931068595252694e-05,0.00022345026567284436,2.0894453692885164e-05,0.08820762172199048,0.21534888385544765,0.7345399886527834,0.5448491212377549,-34.144995055596965,0.7766830598341722,0.5823709007749558,-34.976064683586365,-0.05366659495387562,-0.00879059657454491,3.5899451531760946,1.5747936893380323,1.5741876105726242,-0.015209110010678872
264.39999999983206,walk,walk,-0.0,-0.0,0.0,0.9691217376665193,0.2898719628512085,-0.2032574278212879,-4.585356176720259,0.00015673672760622395,-0.00044321150315930296,5.988824956439766e-06,-3.741281916460668e-05,0.0002208594656748675,2.048769169136423e-05,0.08821118392859024,0.21536347112408788,0.7345484860196909,0.5448652144918442,-34.14362949131755,0.776681435723258,0.5823632862815857,-34.97714475650695,-0.05366414853978306,-0.008788208663463595,3.589940533758436,1.5747953651430586,1.5741889414325834,-0.015217156378788404
264.41999999983204,walk,walk,-0.0,-0.0,0.0,0.969121313548631,0.289829557712698,-0.20300707458479184,-4.585331818008737,0.00015529917798727186,-0.0004388643528070673,5.622774083268595e-06,-3.686323881782093e-05,0.00021826139644567447,2.007955726825957e-05,0.08821474939534733,0.21537803625865792,0.7345570041359242,0.5448812034378052,-34.14228627930584,0.7766798356196726,0.582355776096344,-34.978210386001074,-0.053661703636394394,-0.008785850554704669,3.589933675632763,1.5747970238717885,1.5741902518034459,-0.015225288113101643
264.439999999832,walk,walk,-0.0,-0.0,0.0,0.9691208880885196,0.28978778368707664,-0.20275964859682974,-4.585307935360248,0.00015387188784544265,-0.0004346935563014009,5.242888137858279e-06,-3.631471092733116e-05,0.00021571164861285033,1.967809748356644e-05,0.08821826267503494,0.2153923124732704,0.7345655451212391,0.5448971327791214,-34.140958098169214,0.7766782615785265,0.5823484149227143,-34.979254045291036,-0.053659260464323816,-0.008783496171236041,3.5899266683031343,1.574798665098283,1.574191532371986,-0.01523371137600027
264.459999999832,walk,walk,-0.0,-0.0,0.0,0.9691204614625156,0.2897466289190695,-0.20251510875621168,-4.585284527649034,0.00015245606953779564,-0.00043069535037345826,4.8824292363272645e-06,-3.577723189764918e-05,0.00021319569186143106,1.927670064027318e-05,0.08822181007233237,0.2154063887159084,0.7345741075729549,0.5449129429111481,-34.139655111549864,0.7766767109879593,0.5823409941444397,-34.980312430987645,-0.053656818568487676,-0.008781082183122638,3.589924502988454,1.5748002897865119,1.5741928269103647,-0.015241410840356916
264.479999999832,walk,walk,-0.0,-0.0,0.0,0.9691200338528414,0.2897060869672792,-0.20227344422104507,-4.585261596002824,0.00015105088322403597,-0.00042686508826771406,4.529945065321559e-06,-3.5244476779908675e-05,0.0002106834156767921,1.8873916106387602e-05,0.0882253254219849,0.2154204428738714,0.7345826899353182,0.5449287828454972,-34.138350233512924,0.77667518206853,0.5823335882673264,-34.98137191342625,-0.0536543779617184,-0.008778683096170428,3.5899212531507696,1.5748018974982358,1.5741940832645178,-0.015249618279160384
264.49999999983197,walk,walk,-0.0,-0.0,0.0,0.9691196052661435,0.2896661637458689,-0.20203464844765376,-4.585239142989491,0.00014966506000261393,-0.0004232108656451358,4.178925550410803e-06,-3.470508951382146e-05,0.00020817896653867418,1.846881502777741e-05,0.0882288160283688,0.21543420743651293,0.7345912903283144,0.5449443992624283,-34.13708868133927,0.7766736750773424,0.5823263463029862,-34.98240586685814,-0.053651938712462086,-0.00877630636096001,3.5899163270910184,1.5748034887747746,1.5741953442752838,-0.015257322602099879
264.51999999983195,walk,walk,-0.0,-0.0,0.0,0.9691191754930166,0.28962686658905246,-0.20179864085384397,-4.585217163362211,0.00014829213409953986,-0.00041971434766828014,3.8258942185284275e-06,-3.4159751847684096e-05,0.0002057549737682054,1.806898093352431e-05,0.08823228199883959,0.2154478614860868,0.7345999107328055,0.5449600901851654,-34.13581750186735,0.7766721905355053,0.5823190894374848,-34.983446580224836,-0.053649501009470656,-0.008773910999298098,3.5899130256579923,1.5748050630163153,1.5741965643078566,-0.015265598895370491
264.53999999983193,walk,walk,-0.0,-0.0,0.0,0.969118744547218,0.2895882066242192,-0.20156543894223636,-4.585195661691886,0.00014693676813718815,-0.00041636233990146584,3.4726035126978726e-06,-3.3603762140473036e-05,0.0002032974456186381,1.7663620028274823e-05,0.08823574538608076,0.2154613903417129,0.7346085499073804,0.544975736404419,-34.13455762388659,0.7766707280383155,0.5823118474731446,-34.98448854076792,-0.05364706476256202,-0.008771526813507083,3.589908940571115,1.5748066215071057,1.5741978122801066,-0.015272836019111287
264.5599999998319,walk,walk,-0.0,-0.0,0.0,0.9691183126048016,0.28955013845556904,-0.20133493991159282,-4.585174630859499,0.00014558821678494095,-0.00041316551919239633,3.143348547393804e-06,-3.30955892772897e-05,0.00020095564975539093,1.7266084864778186e-05,0.08823920326902598,0.2154747782997541,0.734617208229252,0.5449914273271561,-34.133293205308945,0.7766692840901172,0.5823044117937088,-34.98556843259497,-0.05364463037765697,-0.008769172430038455,3.5899026451234506,1.5748081644850989,1.5741990388319373,-0.015280222057572599
264.5799999998319,walk,walk,-0.0,-0.0,0.0,0.9691178794404745,0.28951269781323685,-0.2011071839504394,-4.5851540677971725,0.00014425948517223785,-0.0004101048200390016,2.7906241803028516e-06,-3.254261765550451e-05,0.0001985446276354647,1.687015443601667e-05,0.08824262041709797,0.21548787790431528,0.7346258845934597,0.5450069245347977,-34.132066784781884,0.7766678620992341,0.5822973784456253,-34.986580154560635,-0.05364219782373133,-0.008766799420118335,3.5898979815372223,1.5748096920450183,1.5742002532765746,-0.015287529556234854
264.5999999998319,walk,walk,-0.0,-0.0,0.0,0.9691174448800687,0.28947587619095305,-0.20088213465363824,-4.585133970938014,0.00014294706471553877,-0.00040718666576977744,2.4397137806898725e-06,-3.200704459881894e-05,0.0001961925299138323,1.647581015460844e-05,0.08824602539358282,0.21550083891159866,0.7346345801217514,0.5450224217424393,-34.130843925370186,0.7766664621192013,0.5822902109870911,-34.98761995153786,-0.05363976659608803,-0.008764370530843738,3.5898978643744135,1.5748112045043416,1.5742014602706313,-0.015294657164079031
264.61999999983186,walk,walk,-0.0,-0.0,0.0,0.969117009125481,0.28943966412347805,-0.2006597414829407,-4.585114339084714,0.00014165073825938041,-0.00040440399851148184,2.10545493438694e-06,-3.147699408357986e-05,0.00019387594912936062,1.6081936752734624e-05,0.0882494295380734,0.2155135863635499,0.7346432932013535,0.5450378593454361,-34.12963481592661,0.7766650818441152,0.5822830286273957,-34.988665802730814,-0.053637337370381635,-0.008762027323246005,3.5898910982038528,1.5748127012020843,1.574202630011785,-0.0153022953759199
264.63999999983184,walk,walk,-0.0,-0.0,0.0,0.9691165722064738,0.2894040745403466,-0.20043999158083675,-4.585095175368493,0.00014037288145662605,-0.0004017528572040964,1.7719218530586622e-06,-3.0933389465778126e-05,0.00019156715684566497,1.5684772040390332e-05,0.08825281553185493,0.2155263136380735,0.7346520224759889,0.5450532671461106,-34.12843388552518,0.7766637214258171,0.582275905872345,-34.9897045245253,-0.05363490883716017,-0.008759516477584842,3.5898977118972004,1.5748141821179873,1.5742037895083905,-0.015309798320595447
264.6599999998318,walk,walk,-0.0,-0.0,0.0,0.9691161340925839,0.2893691069124017,-0.2002228265764308,-4.585076477080923,0.0001391130697022047,-0.0003992207456785322,1.4447963912220525e-06,-3.0392813975820333e-05,0.0001893182741510858,1.529068777051538e-05,0.0882561752515769,0.21553866382228193,0.7346607682961795,0.5450686451444626,-34.1272413378361,0.7766623801333676,0.5822687384138108,-34.990754669254,-0.05363248155484314,-0.00875712111592293,3.589895233004142,1.5748156497450436,1.5742050048843503,-0.015315666058025614
264.6799999998318,walk,walk,-0.0,-0.0,0.0,0.9691156947847555,0.2893347623252869,-0.20000822185270586,-4.585058247413074,0.00013787471711200909,-0.00039680879389255945,1.119586353356908e-06,-2.9850187568030186e-05,0.00018708207196718051,1.4892643624656844e-05,0.08825951781738474,0.21555096475538277,0.7346695296088953,0.5450839635381699,-34.12606221322893,0.7766610580456998,0.5822616305599213,-34.9917975562026,-0.053630056594499015,-0.008754803985357287,3.589886739359039,1.5748171026683262,1.5742061457545042,-0.015322962232545902
264.6999999998318,walk,walk,-0.0,-0.0,0.0,0.9691152540290874,0.2893010360343613,-0.19979615019350053,-4.585040474620125,0.00013665693091090362,-0.00039451459759896277,7.831544528878097e-07,-2.9312914670301976e-05,0.00018487283892681272,1.4506915068092646e-05,0.08826284358003855,0.2155630239716424,0.7346783082222731,0.5450992968330384,-34.12488367755653,0.7766597564626,0.5822545823106766,-34.99283350423443,-0.05362763380869916,-0.008752427250146869,3.589883172573302,1.5748185416191198,1.5742073080450774,-0.015329411511959585
264.71999999983177,walk,walk,-0.0,-0.0,0.0,0.9691148117417384,0.28926791277323427,-0.1995865866872907,-4.5850231608408185,0.00013545774387136285,-0.000392336163568193,4.4787343355658584e-07,-2.8789915681705467e-05,0.00018268480091054626,1.4116951731574479e-05,0.0882661577488908,0.21557490182387795,0.7346871045950424,0.5451146152267456,-34.123711044370786,0.7766584750322156,0.5822474893579483,-34.99388108955812,-0.05362521238580926,-0.00874997973442078,3.5898853306541523,1.5748199656936377,1.574208420975554,-0.015336682592688122
264.73999999983175,walk,walk,-0.0,-0.0,0.0,0.9691143681333374,0.2892354074295573,-0.1993795284738527,-4.585006308666267,0.00013428171084785262,-0.0003902629409148567,1.2516933706927579e-07,-2.8249602700170428e-05,0.0001804960291645552,1.3725087962035533e-05,0.0882694730807601,0.21558661281439045,0.734695915611039,0.5451298144111634,-34.122562250580444,0.7766572125709665,0.5822403964052201,-34.9949320026359,-0.05362279245869055,-0.008747565746307376,3.58988493987683,1.5748213752938902,1.5742095394939661,-0.015343473348085175
264.75999999983173,walk,walk,-0.0,-0.0,0.0,0.9691139233076838,0.2892035214688403,-0.19917489826224868,-4.584989914288037,0.0001331301771876557,-0.00038829622599385595,-1.8415420351057374e-07,-2.7711120306407116e-05,0.00017838704004829198,1.3337090737095935e-05,0.0882727620253523,0.21559818630793853,0.7347047400787335,0.5451449539909363,-34.121426536403185,0.7766559682432812,0.582233318353653,-34.99598343936905,-0.05362037416722463,-0.008745166659355166,3.589883494016216,1.574822771360382,1.5742106663942814,-0.015349748667185192
264.7799999998317,walk,walk,-0.0,-0.0,0.0,0.9691134772634268,0.28917225446368927,-0.19897265397159894,-4.584973979273232,0.00013199986487630831,-0.00038642761657954995,-4.907106173691553e-07,-2.7172285789027423e-05,0.00017630427445983462,1.2946491849372058e-05,0.08827606180212273,0.21560974124715837,0.7347135782063253,0.5451601680765152,-34.1202798900199,0.7766547414482824,0.5822262104997635,-34.99704334633164,-0.05361795773969219,-0.008742767572402957,3.5898822104108583,1.57482415496954,1.574211803539145,-0.015355493074321078
264.7999999998317,walk,walk,-0.0,-0.0,0.0,0.969113029922501,0.28914157902002074,-0.19877274895493274,-4.584958495901159,0.00013088651757955051,-0.00038465718764686376,-7.957624274910547e-07,-2.6661306847704544e-05,0.00017426729591389035,1.2563824314554283e-05,0.08827935985070402,0.21562104018161005,0.7347224313764865,0.5451754417667389,-34.11912533575946,0.7766535314196683,0.5822190281400681,-34.99811962076886,-0.053615543146425776,-0.008740379661321643,3.58988017658038,1.5748255256931265,1.5742129099503637,-0.015361662988675124
264.8199999998317,walk,walk,-0.0,-0.0,0.0,0.9691125810047159,0.2891115097665244,-0.1985751679710993,-4.584943459174285,0.00012979739906348095,-0.00038297174294438284,-1.115660857785861e-06,-2.6130722022905764e-05,0.00017223645287683346,1.2184886961080639e-05,0.08828262300282115,0.21563208486317997,0.7347313000383738,0.5451906409511567,-34.1179869989154,0.7766523408137501,0.582211950088501,-34.999180836112416,-0.05361313035261778,-0.008737976849079135,3.589879476607796,1.5748268833286296,1.5742140014604211,-0.01536787358932104
264.83999999983166,walk,walk,-0.0,-0.0,0.0,0.9691121309713552,0.28908206485625826,-0.1983798627412319,-4.5849288771039305,0.00012873100828002961,-0.00038136563509677296,-1.3984140750313304e-06,-2.558553154680394e-05,0.0001702579844163571,1.1797259972261794e-05,0.088285912508778,0.2156430968344077,0.7347401791871455,0.5452056613216401,-34.11688233511772,0.7766511666217158,0.5822047826299668,-35.00026084549824,-0.05361071923843215,-0.008735529333353045,3.589882480409079,1.5748282288205893,1.5742151069403172,-0.01537346756606022
264.85999999983164,walk,walk,-0.0,-0.0,0.0,0.9691116797588468,0.2890532306205666,-0.19818678320907127,-4.58491474799198,0.0001276884577965131,-0.00037984412901769123,-1.6878725822743119e-06,-2.5056391829334206e-05,0.0001683158070382035,1.1412267309302838e-05,0.08828914122652769,0.2156538534314315,0.7347490698137144,0.545220800901413,-34.115758397605624,0.7766500087976409,0.5821976598749161,-35.001335770131995,-0.053608309298029885,-0.008733074367046359,3.5898861445991894,1.5748295613957934,1.57421617144202,-0.015379728927276903
264.8799999998316,walk,walk,-0.0,-0.0,0.0,0.9691112271812995,0.28902499869185416,-0.1979959037215034,-4.584901064560726,0.00012667147316445984,-0.0003784065248269937,-1.981413222757954e-06,-2.4532739358000582e-05,0.00016639718561605772,1.1034029621651916e-05,0.08829238611181336,0.2156645045429615,0.7347579728500899,0.5452358808765412,-34.1146474770043,0.7766488682118917,0.5821905669221878,-35.00240849403134,-0.05360590162206379,-0.00873074606060982,3.58987992683335,1.5748308824656,1.5742172713339806,-0.015384876454977837
264.8999999998316,walk,walk,-0.0,-0.0,0.0,0.969110773046267,0.2889973817680045,-0.1978072217068713,-4.584887826160436,0.0001256797086124073,-0.000377042213330073,-2.2855815853591833e-06,-2.399551359071258e-05,0.0001644760186169621,1.0655369751535087e-05,0.08829561521557287,0.2156750064506825,0.7347668890021107,0.5452509757528305,-34.113536291165104,0.7766477462469255,0.582183503771782,-35.00347931252096,-0.053603495344727733,-0.00872825011610985,3.5898871696801558,1.574832191232383,1.5742183227971673,-0.015390888439670911
264.9199999998316,walk,walk,-0.0,-0.0,0.0,0.969110317499738,0.288970363435786,-0.1976206937083395,-4.584875030107669,0.00012471322457627978,-0.0003757544193320525,-2.5730381361339634e-06,-2.3477281139233867e-05,0.00016260239611399441,1.0279330540339438e-05,0.08829884213460155,0.21568534428359343,0.7347758170029388,0.5452660259256363,-34.11243518235114,0.7766466410080013,0.5821763065109253,-35.00457712220126,-0.05360109037103277,-0.008725824952125552,3.5898888584719364,1.5748334892889697,1.5742194189638377,-0.015395581803689891
264.93999999983157,walk,walk,-0.0,-0.0,0.0,0.9691098608784481,0.28894394659484246,-0.19743619916393312,-4.584862678516325,0.00012376790031658043,-0.00037453762828547387,-2.8300072937171236e-06,-2.2952684938316954e-05,0.00016084175198646873,9.900294210285473e-06,0.08830206632376553,0.21569554646942707,0.734784753933669,0.5452809717903138,-34.11135423285834,0.7766455502482421,0.5821691241512299,-35.005674698998334,-0.05359868740361455,-0.008723429590463641,3.589888363887434,1.574834774824852,1.5742204350367666,-0.015401885713737328
264.95999999983155,walk,walk,-0.0,-0.0,0.0,0.9691094030663399,0.28891813350316564,-0.19725373448949862,-4.584850769117932,0.00012284348432812107,-0.00037338194632550797,-3.099490425429541e-06,-2.2427111215079617e-05,0.00015906131108202505,9.523666748917659e-06,0.08830527440274281,0.2157057919986043,0.7347937009070713,0.5452961113700867,-34.110240325829274,0.7766444746383061,0.5821619417915345,-35.0067750554419,-0.053596286198711596,-0.008720993250608447,3.5898912694887093,1.5748360479365346,1.5742214594915986,-0.015407684910897907
264.97999999983153,walk,walk,-0.0,-0.0,0.0,0.9691089439386333,0.28889294471506005,-0.1970733312022374,-4.584839299758003,0.00012194852102821958,-0.0003722854573164992,-3.3755535745081934e-06,-2.1880817759796582e-05,0.00015725844880267386,9.149105680583742e-06,0.08830845989633784,0.2157157397900269,0.7348026565087051,0.5453110274324418,-34.10916806961791,0.7766434158348777,0.5821548637399674,-35.00785978991738,-0.05359388711353044,-0.008718623965978625,3.5898890050454795,1.574837310988372,1.574222536100495,-0.015412015615662081
264.9999999998315,walk,walk,-0.0,-0.0,0.0,0.9691084832353649,0.2888683568330855,-0.19689495078358613,-4.584828268871831,0.00012107378223125482,-0.0003712545894542895,-3.6615615190349355e-06,-2.1361819461378377e-05,0.00015549707347410204,8.775753870995343e-06,0.08831164583739234,0.2157257631164281,0.734811623747758,0.5453261372098923,-34.10806330793963,0.7766423744888629,0.5821477111825943,-35.00896111933965,-0.053591489954807114,-0.008716206252574923,3.5898907531285853,1.5748385634741615,1.5742235698685527,-0.015417122285259996
265.0199999998315,walk,walk,-0.0,-0.0,0.0,0.9691080212259975,0.28884436400620983,-0.19671851124956471,-4.584817673128438,0.00012021763644999093,-0.0003702810808210091,-3.919305096729821e-06,-2.084363959147439e-05,0.0001538132349303306,8.404988860317914e-06,0.08831486459729089,0.2157356079376877,0.7348206003893739,0.5453411128768921,-34.1069841744435,0.7766413480923565,0.5821404543170929,-35.01008371691225,-0.05358909475139129,-0.00871379226446152,3.589892364359126,1.5748398052709318,1.5742245971173525,-0.015422125230489612
265.0399999998315,walk,walk,-0.0,-0.0,0.0,0.9691075580579036,0.28882097657648603,-0.1965439832412498,-4.584807513062482,0.00011938228559719732,-0.0003693505253257784,-4.17163004257616e-06,-2.0315304815615377e-05,0.0001521422014412867,8.033208883715742e-06,0.08831805717250345,0.2157453337211655,0.7348295847918527,0.5453561481485367,-34.10589559579672,0.7766403360491951,0.5821331974515915,-35.01120886578117,-0.053586701512808345,-0.008711374551057818,3.5898944304711247,1.5748410368111836,1.574225625297475,-0.015426864445307947
265.05999999983146,walk,walk,-0.0,-0.0,0.0,0.9691070938372621,0.28879819700425685,-0.19637134120747815,-4.584797785601127,0.00011856522920842225,-0.00036846721524246245,-4.414032522290888e-06,-1.9786121104116386e-05,0.00015049895370906885,7.664517220450298e-06,0.08832124573452911,0.21575499965077438,0.7348385755173044,0.5453710940132142,-34.10482413584609,0.7766393377976539,0.5821259852895737,-35.01232840501705,-0.05358430927634853,-0.008708848804235461,3.589905160462622,1.5748422577355905,1.5742266292632103,-0.015431927826794683
265.07999999983144,walk,walk,-0.0,-0.0,0.0,0.9691066283099335,0.288775994702845,-0.19620051843994837,-4.584788485604159,0.0001177680445119371,-0.0003676429726841701,-4.665648562795651e-06,-1.928795870785575e-05,0.00014891713193205934,7.300144426219881e-06,0.08832440926696092,0.2157643098004839,0.7348475749879694,0.5453860994825364,-34.10374372775149,0.7766383543036138,0.5821187731275559,-35.01345067992539,-0.053581918497269565,-0.00870643109083176,3.589907399874313,1.574843468122926,1.574227628572333,-0.01543684944928872
265.0999999998314,walk,walk,-0.0,-0.0,0.0,0.9691061614770864,0.2887543900706742,-0.19603149726510874,-4.584779611799562,0.00011698968103677838,-0.00036685548346637487,-4.912416509874635e-06,-1.8763757652764996e-05,0.00014734329027529154,6.936327337984916e-06,0.0883275740407023,0.2157736362050286,0.7348565823836564,0.545401060248375,-34.1026727042713,0.7766373856851309,0.5821115460643769,-35.01457831638215,-0.05357952975228683,-0.008704039454460147,3.589907745669085,1.5748446685294273,1.5742286325380683,-0.01544142553457289
265.1199999998314,walk,walk,-0.0,-0.0,0.0,0.969105693190362,0.2887333823085953,-0.19586430082705983,-4.584771164765548,0.00011623525008258523,-0.0003661124061489198,-5.1722383734831726e-06,-1.824529267383895e-05,0.00014574440172956897,6.571917458453704e-06,0.08833071824300617,0.2157827865346728,0.7348655978007633,0.545416050816536,-34.101597776117586,0.7766364333905552,0.5821043488035202,-35.015703643793564,-0.053577142998749834,-0.008701618015766147,3.5899106287250633,1.574845860839856,1.5742296765506745,-0.01544486689155755
265.1399999998314,walk,walk,-0.0,-0.0,0.0,0.9691052237814229,0.2887129869715406,-0.19569889589806633,-4.584763147213759,0.00011550752066351681,-0.00036541161117692846,-5.404772645302624e-06,-1.7709713515634776e-05,0.00014418735212708123,6.204881055158402e-06,0.08833387073792795,0.2157919382315182,0.7348746175048501,0.5454308476696015,-34.10055818577319,0.7766354952025551,0.5820970919380188,-35.016842056546444,-0.05357475815278251,-0.008699192851781848,3.589913959261241,1.5748470437293385,1.5742306600273133,-0.01544952664955685
265.15999999983137,walk,walk,-0.0,-0.0,0.0,0.9691047528198361,0.2886931776491344,-0.1955352112119468,-4.584755550395836,0.00011479307361748083,-0.00036474918619879075,-5.661227138744489e-06,-1.720401221299243e-05,0.00014268946950472363,5.846442312178228e-06,0.08833699998749191,0.2158008697067424,0.7348836471945636,0.5454459872493744,-34.09945920006235,0.7766345727861316,0.5820898201713562,-35.01798613265103,-0.05357237474914161,-0.00869671553373337,3.589921548752392,1.5748482163215312,1.5742316211522103,-0.015454463188428538
265.17999999983135,pick_play,pick,0.0,0.0,0.0,0.9691043950818421,0.2886751042232441,-0.195361464378381,-4.5847522596873596,0.00011355306545549686,-0.0003641802599124059,2.3495201622317255e-06,-1.5554090749920532e-05,0.00015360395567658202,1.5460224567727603e-06,0.08833804370073185,0.21580999069579337,0.7348917431772146,0.5454353452022614,-34.102757216492165,0.7766328487793153,0.5820542710536789,-35.02401165446477,-0.05357004334861984,-0.00869715383361855,3.589703174710022,1.5748492001101215,1.5742272869702532,-0.015580267117114018
265.19999999983133,pick_play,pick,0.0,0.0,0.0,0.969104447483665,0.28865018551984245,-0.1951106754134948,-4.584760151372878,0.00010626752629222924,-0.0003653075038787392,3.393361507128231e-05,-2.2929910743937318e-05,0.0002306874594549569,-9.273886739877453e-06,0.08833311084740122,0.21587782896241792,0.7348969906701142,0.545366083317636,-34.11595131482992,0.7766272832010237,0.5818226335564636,-35.06440454694198,-0.0535678427893826,-0.008699997060808566,3.589307274250499,1.5748491415332597,1.5741990816852973,-0.016245227466733653
265.2199999998313,pick_play,pick,0.0,0.0,0.0,0.9691064479899554,0.2886012543909956,-0.19456479268200189,-4.584785173041039,8.169426831539873e-05,-0.00036805629132253935,0.00017899709340863428,-4.6063223536308966e-05,0.0005222286283766169,-2.6141192633065257e-05,0.08831595772974786,0.21604401135345275,0.7348898318129709,0.5451935344461717,-34.144757635406805,0.7766061023395896,0.5812438667939546,-35.16355610002432,-0.053566047087692074,-0.008706992467637256,3.588628395811045,1.5748464273088743,1.574128893046581,-0.01783622160072681
265.2399999998313,pick_play,pick,0.0,0.0,0.0,0.9691135509915962,0.28824744700824834,-0.19317796087197808,-4.584836830027854,5.772581981347306e-05,-0.00039025685544272936,0.000552138904510528,-0.00037492145275642253,0.0013375834731503865,-5.439631176963834e-05,0.08827893619520985,0.21632900183242598,0.7348548155936885,0.5448878615036713,-34.19144694491339,0.7765402129332187,0.5802113501422547,-35.33422634325348,-0.053564794402903626,-0.008719023933831026,3.587593988403619,1.57483891093624,1.574004775053309,-0.02058112808497393
265.2599999998313,pick_play,pick,0.0,0.0,0.0,0.969134488323207,0.28751331831247845,-0.19021992555870768,-4.585389323089048,2.5232604438737717e-05,-0.00032517982665034603,0.001486346106018645,-0.0006692141667598597,0.002778174610661747,-0.0005835086337316817,0.08820428698634758,0.21671738140586772,0.7347277152907377,0.5444342533216477,-34.24327982817552,0.7763635053981268,0.5786586670789718,-35.57355367298512,-0.05356552247078352,-0.008735284425020222,3.5864729339119474,1.5748242243987098,1.5738203994524957,-0.024572786866594892
265.27999999983126,pick_play,pick,0.0,0.0,0.0,0.9691812295202896,0.2864793297964156,-0.18409244955979162,-4.586620980505237,-1.8549466607779194e-06,-0.00022858363034391094,0.0032013256180874663,-0.000951353004885939,0.005773454195951212,-0.0011826507633827916,0.08806341506190629,0.2171622998231261,0.7344250705705496,0.5438290434305267,-34.284669253237794,0.7759914411052652,0.576562929183661,-35.86955158285916,-0.05356864238605551,-0.008754227998406222,3.585340169812852,1.574799898302826,1.5735711683606575,-0.029860717661748932
265.29999999983124,pick_play,pick,0.0,0.0,0.0,0.9692702712338536,0.2839005206154937,-0.17288109084285486,-4.588738291456167,-0.00012135617402726873,-0.00019970988002891916,0.005969276469336259,-0.0024913195152540596,0.010416908077221374,-0.0020131352458087706,0.08782176737090751,0.21758768130494494,0.733857371691304,0.5430778159852707,-34.29785238070196,0.7752824932833661,0.573942258309929,-36.18855879961757,-0.05357388669976885,-0.008771646257899859,3.584479804177215,1.5747632675381298,1.5732536261628853,-0.03645826874703793
265.3199999998312,pick_play,pick,0.0,0.0,0.0,0.9694193998582388,0.2781711835643579,-0.1546719714598203,-4.59272534736935,-0.0004202123362743579,-0.00015246279861336561,0.009817989674652791,-0.005421667199685071,0.016734858320878468,-0.003830011834746561,0.0874430434587213,0.21789545436261343,0.7329312205213293,0.542210202672812,-34.260405926022635,0.7740780612343852,0.5708377126619812,-36.493424406194094,-0.05358105618418071,-0.00877755357982712,3.5846861195920097,1.5747117838569376,1.5728628196904917,-0.04442996468572792
265.3399999998312,pick_play,pick,0.0,0.0,0.0,0.9696437946326955,0.2682169584208703,-0.1273854908664013,-4.601313779210014,-0.0009316094753969463,0.0001743724357892762,0.014613909141214536,-0.009211970258970819,0.024875171109048473,-0.008255193274339026,0.08689068393811739,0.21796619311698023,0.7315585385993928,0.54125253287594,-34.152145317072126,0.77224505562958,0.5673104849580064,-36.75114756228034,-0.0535899201864781,-0.008760336331269077,3.5868617498033446,1.5746426519164043,1.5723857992568735,-0.054021890552886864
265.3599999998312,pick_play,pick,0.0,0.0,0.0,0.969954676551903,0.25382568950464146,-0.08912644215907081,-4.61692240561568,-0.001651338254480313,0.0008427289821634251,0.02012982313324894,-0.01307974629097251,0.034615340939414624,-0.014689468749346693,0.08612937374560495,0.2176626272514317,0.7296624489944142,0.5402137817440034,-33.95833969634644,0.7696922042829163,0.5634410184440614,-36.9339572540259,-0.053600891149059575,-0.008712469546794895,3.5916840533773797,1.574551673624551,1.5717891880047798,-0.06591089244282079
265.37999999983117,pick_play,pick,0.0,0.0,0.0,0.9703582642040797,0.23550269671007554,-0.038363476822707826,-4.641159344402286,-0.002559081487057801,0.0018823647454185568,0.0260702118384846,-0.016416714711162947,0.04560380842000409,-0.022403220422322376,0.08512795115356968,0.21682314236801348,0.7271882571535921,0.5390950961952514,-33.67026774284486,0.7663748446910882,0.559300177168544,-37.02445016702084,-0.053613943524822044,-0.008635124924301912,3.599040427700566,1.5744328682494098,1.5710253347224215,-0.08107494370948953
265.39999999983115,pick_play,pick,0.0,0.0,0.0,0.9708547563634662,0.21419693696355468,0.02611693314102582,-4.674763577997498,-0.003647352108745199,0.003289675713588705,0.03209482833489726,-0.018874641148097684,0.05768123328842816,-0.03064502023809565,0.0838643234642057,0.2152691722280245,0.7241161771998283,0.5378889512851166,-33.28906805634248,0.7622971419856551,0.5549799901778015,-37.01080971536685,-0.05362824157680713,-0.008541773045012668,3.6077308905722583,1.5742789137495916,1.5700592715546273,-0.10016441477952327
265.41999999983113,pick_play,pick,0.0,0.0,0.0,0.9714386539763051,0.1910123580398642,0.1049687506750826,-4.717544183442837,-0.004865538566799618,0.004931042377112265,0.037862637043863924,-0.02033788308925863,0.07022690061911027,-0.038659330704729884,0.0823289629190146,0.21283504286203092,0.720462406697061,0.5365778509301514,-32.82337074073056,0.7575053588889636,0.5505805630344849,-36.88629015823097,-0.05364242755827751,-0.008450994199826051,3.616105564776644,1.5739626249891356,1.56884754919826,-0.11635712812187009
265.4399999998311,pick_play,pick,0.0,0.0,0.0,0.9721008095049936,0.16739839400808218,0.19738822502364417,-4.768432401404903,-0.006140063089606439,0.006869688791223451,0.0430483617606549,-0.020439291696668624,0.08189849555802227,-0.045610612530393786,0.08052388211897922,0.20935233176922113,0.716256731095795,0.535123304172812,-32.286163079301495,0.752079845636644,0.5461881162869813,-36.65251220639396,-0.05365648572017635,-0.00837391501810837,3.6233837365707586,1.5731811679038534,1.5673815206547492,-0.11619867751698951
265.4599999998311,pick_play,pick,0.0,0.0,0.0,0.9728292172255378,0.14486644489710285,0.30101049501289495,-4.825516392162946,-0.007375183200954393,0.009027011044257847,0.04735066200816438,-0.01923088235045004,0.09136364462369277,-0.05080611160106541,0.07846780621160894,0.20464764353708786,0.7115434525115684,0.5334600775442124,-31.698562055913772,0.7461262953159562,0.5418612130746842,-36.31984242706494,-0.05367004332291778,-0.008339558010101321,3.627188785129661,1.571915773344413,1.5656821753260972,-0.1107771445922494
265.4799999998311,pick_play,pick,0.0,0.0,0.0,0.9736098930625597,0.12483055667686267,0.4121064657320108,-4.886234935438956,-0.00848142275231169,0.011308433361339135,0.05054878291050733,-0.016779274732304887,0.0974373441729858,-0.053664891600580335,0.07620702272807064,0.2021172715454116,0.7063790294015091,0.5314630137243743,-31.094125131133517,0.7397683866792678,0.5376511151338562,-35.902682021856364,-0.053682841967471744,-0.00837413881810837,3.6254077041356134,1.5702296823345236,1.563603932573304,-0.10633193922612201
265.49999999983106,pick_play,pick,0.0,0.0,0.0,0.9744280546712437,0.10847652604830435,0.5258973785435882,-4.947709491110969,-0.0093876687510218,0.013619832514970977,0.052510578877144796,-0.01332447846071309,0.09924250186428428,-0.05398171061424687,0.0738024616033817,0.19952416579725551,0.7008276800230077,0.5289908963354248,-30.510307015469248,0.7331380758876578,0.5336139100904023,-35.415305916522705,-0.05371206173165275,-0.008477100902814488,3.6206378816323364,1.5681423168565365,1.5611095610123538,-0.10276703841783323
265.51999999983104,pick_play,pick,0.0,0.0,0.0,0.9752649938896546,0.09628387960693478,0.6387206922984271,-5.006017660036573,-0.01013613055227251,0.01578359389651768,0.05315667085562334,-0.009603662028037592,0.09810695394485616,-0.05070761927188675,0.07133282807611689,0.19662975467250032,0.6950122781595678,0.5259263647279389,-29.9948358264495,0.7263877638413664,0.5297580091688661,-34.88526196997965,-0.053733531627300636,-0.008631234897417453,3.6087506060742665,1.5656016077956674,1.5581444755642615,-0.09766184356296645
265.539999999831,pick_play,pick,0.0,0.0,0.0,0.9761056880003369,0.08643038509505034,0.7460105348674244,-5.058635202658272,-0.010619940523046692,0.017554544713806148,0.0526177175637992,-0.007879469737900019,0.09268216885820761,-0.045533446020601734,0.06886677607724105,0.19352945501124608,0.6890593600082596,0.5221723464065583,-29.58854419389518,0.719602840734055,0.5260733857228089,-34.324146384783134,-0.05374727685209095,-0.008756818554751208,3.5992037622475412,1.5625965948643235,1.554696744247638,-0.09270992863776104
265.559999999831,pick_play,pick,0.0,0.0,0.0,0.9769381704234491,0.07858720438608337,0.8427182213141151,-5.103889436180292,-0.010772059307689676,0.019197342045076872,0.050988385104646886,-0.006017323908821372,0.08293643531295801,-0.03885547917004778,0.06651495377326108,0.19026852605055122,0.683048785099561,0.5177416983089447,-29.298951605849364,0.7128819381408528,0.5226134120903015,-33.74233068435775,-0.05374596126853501,-0.008777174823284153,3.596789343185256,1.559136269684222,1.5508119209874154,-0.08781341736067586
265.579999999831,pick_play,pick,0.0,0.0,0.0,0.9777507289314067,0.07279083420434314,0.9251787717071102,-5.140423959919336,-0.010599186077507367,0.020675522444475535,0.04843583119143303,-0.004251621525052236,0.07017054621116989,-0.030985412992275037,0.06436085609321766,0.18709052716201535,0.6770619207005042,0.5127603735597962,-29.119412052208215,0.7063308749219015,0.5192403477598861,-33.182856070029324,-0.05373169992191711,-0.00875944812557297,3.596509400502705,1.5552790476703642,1.5466322835534296,-0.08254362371289542
265.59999999983097,pick_play,pick,0.0,0.0,0.0,0.9785323142621787,0.06892905884361812,0.9914186853699979,-5.1668735597319575,-0.010140230625022301,0.021949244892885286,0.04516778928615235,-0.002705002814159636,0.05587289564857627,-0.02200863460953291,0.06245446535229882,0.18411905843478793,0.6711873342049458,0.5073972008126557,-29.035537141579358,0.7000480529976482,0.5159289945628602,-32.66790373368022,-0.05370710742526906,-0.00872461132452927,3.5970401264689866,1.5511254879824108,1.5422839639892465,-0.07767311372241636
265.61999999983095,pick_play,pick,0.0,0.0,0.0,0.9792725439106212,0.06630441800501632,1.0410938360920707,-5.183077024367602,-0.00943750289609568,0.023038171159785216,0.04137752558023121,-0.0018585462021693561,0.04144274124402534,-0.013028349814189539,0.06081809003517569,0.18144251698423408,0.6655263137779764,0.5019314641109391,-29.01633534386552,0.6941126485710232,0.5126701315867891,-32.21198835700836,-0.05367158612848773,-0.008694453389976504,3.5965308208369686,1.5468167614084751,1.5379425038430428,-0.07374657818386732
265.63999999983093,pick_play,pick,0.0,0.0,0.0,0.979961938261924,0.06373004329586467,1.0751867069099819,-5.193167281185274,-0.008517457146347341,0.024302935418779183,0.0372411651022407,-0.002039826147588077,0.027997755758970153,-0.008318415624312226,0.0594612835429371,0.1791212428108574,0.6601800089871954,0.4966090092196869,-29.035572798051255,0.6885803455415886,0.5094591027307313,-31.82413489673013,-0.053625059939894804,-0.00868002883763962,3.593858221692535,1.5425217217043583,1.5337942985303352,-0.07119978350868542
265.6599999998309,pick_play,pick,0.0,0.0,0.0,0.9805928586249821,0.060025879729635606,1.0953486396011092,-5.198075115497992,-0.007396834784646747,0.025326578098802104,0.032913557593474724,-0.0032429072951121584,0.016037327039071896,-0.0036919092580164573,0.058388422318872,0.1771556085406042,0.6552467116285866,0.49160615470504765,-29.079272395180936,0.6834921273298956,0.5063365187892914,-31.503429978869423,-0.0535741622800842,-0.008660755306482318,3.5910920216255855,1.538382689310443,1.529914778000164,-0.07051837413768836
265.6799999998309,pick_play,pick,0.0,0.0,0.0,0.9811604586524707,0.05434094460261234,1.103463456675235,-5.198810729252526,-0.0060971494118517156,0.02626685265643634,0.02855964103035949,-0.005131562403218303,0.005736496394304428,-0.0003307838380878813,0.05757448693386656,0.17558251593991125,0.6507958575964061,0.4870479491004944,-29.135159169636424,0.6788734012939533,0.5032908853540421,-31.255459250048077,-0.05352247802634281,-0.008652291446924212,3.5874951187823063,1.5345045722432162,1.526386134600687,-0.07106515482923181
265.6999999998309,pick_play,pick,0.0,0.0,0.0,0.9816637377115043,0.046345621232642,1.1025270895657742,-5.1988316392808285,-0.0046234333850507636,0.027352507374387255,0.024509601599096743,-0.00717386305808819,-0.001763973698427424,2.664269970379914e-06,0.057012464656604395,0.1742669840186648,0.646849929384238,0.4827343907604218,-29.23962762439718,0.6747254715541415,0.5004584875354767,-31.05404891283451,-0.05347329613167579,-0.008676110953092578,3.58170743930279,1.5309542345308143,1.5232360030472756,-0.07248188222436408
265.71999999983086,pick_play,pick,0.0,0.0,0.0,0.9821064993220378,0.03634152955607133,1.094592905275243,-5.198811706896367,-0.003085219228226215,0.028379497743675586,0.020858452127259414,-0.008886850221152078,-0.007742351173782246,2.4656415274339888e-05,0.05666073232399571,0.17295774842494838,0.6433825483453154,0.4786704566726685,-29.3833678984392,0.6710275053152454,0.498069756890297,-30.852294095354498,-0.05343659273663729,-0.008724245429039004,3.5755068599228754,1.5277675484116655,1.5204658809066296,-0.07458020370145169
265.73999999983084,pick_play,pick,0.0,0.0,0.0,0.9824948555111094,0.024968169568066564,1.0806855129186081,-5.198788912131423,-0.0015417734813757595,0.029353913770520067,0.017620713272600164,-0.010007223995849482,-0.012847243181493348,2.723755859480119e-05,0.05648049764622195,0.17152549620892132,0.640339533157912,0.47490475442504887,-29.545765078636002,0.6677486117971095,0.4962231155881882,-30.626126997789516,-0.05341286029886343,-0.00880452170968056,3.5676810241118546,1.5249625168543601,1.5180895368516922,-0.076959043380123
265.7599999998308,pick_play,pick,0.0,0.0,0.0,0.982835768425264,0.013076718699644193,1.0617519015074701,-5.198763573082562,-2.9498161649063744e-05,0.030287769299793897,0.01483093779356844,-0.010356321626489596,-0.017135305507054926,2.8173424392777203e-05,0.05645126834132893,0.16999508770700156,0.637652986502545,0.4714268532047272,-29.715362818127648,0.6648535549530572,0.49485846724605564,-30.37968238986661,-0.05340211904206212,-0.008922293037176135,3.5578899144441065,1.5225386618621641,1.51607747030859,-0.07967124135790411
265.7799999998308,pick_play,pick,0.0,0.0,0.0,0.983136619135774,0.001414094426183718,1.038744589965674,-5.198710402465398,0.001332856280273042,0.03117244511879174,0.012504261578851514,-0.010101577651193704,-0.020569745836245174,5.284795210994003e-05,0.056556444969721606,0.16842480473022037,0.6352536940464895,0.4682150271186829,-29.883411156467908,0.6622986926515537,0.49387388792133335,-30.122767333307458,-0.053396502807966525,-0.00905917510390282,3.5467196660700986,1.5204553645450611,1.5143375585735321,-0.08258002020730065
265.7999999998308,pick_play,pick,0.0,0.0,0.0,0.9834035175012253,-0.009796611888719725,1.0130585758553945,-5.198129128957556,0.002556000738593591,0.03194395572418452,0.010616930652970669,-0.009704801419551577,-0.02273724375214425,0.0006028759253953017,0.056764055828796296,0.16781630256295466,0.6330957115194824,0.46527940895652775,-30.041748709558412,0.6600376302622893,0.49318746593093876,-29.861548734919552,-0.05339391313985995,-0.009206305444240573,3.534906233560823,1.518639995084181,1.5127836282313347,-0.08496447970522733
265.81999999983077,pick_play,pick,0.0,0.0,0.0,0.9836413100291425,-0.020475051347465932,0.9862562028684885,-5.19578613449183,0.003643181645956683,0.03254821252138329,0.009117826580563865,-0.00926530099641509,-0.02353461158701499,0.002268725333522199,0.057038500217699836,0.16852313249962458,0.6311482274150146,0.46262509491539006,-30.18502912552491,0.6580309196488697,0.49278207984066014,-29.59257262128294,-0.05339438062376037,-0.009344267845153811,3.5240765861230976,1.5170331272834774,1.5113830010354996,-0.08676916377259586
265.83999999983075,pick_play,pick,0.0,0.0,0.0,0.9838536229433689,-0.030553758647861893,0.9598576139442869,-5.191062735209217,0.0046272273090536475,0.03306903040531417,0.007941259904023654,-0.008771157534602975,-0.023016957975387758,0.004381618648644085,0.05735408309997924,0.1691602533861012,0.6293880196863026,0.46022776630020146,-30.314071473248624,0.6562484765114446,0.49265488352870945,-29.311621630213203,-0.05339676509267825,-0.009475077688694003,3.5139524269424283,1.5155944654135325,1.5101223031938553,-0.0880252632688671
265.85999999983073,pick_play,pick,0.0,0.0,0.0,0.9840435537981413,-0.039785840062013474,0.9350497223255039,-5.184079561058736,0.0055053957905917906,0.03360874178620321,0.007029225972880398,-0.008023584146642854,-0.02151259874103308,0.006318829914755161,0.05769932581282067,0.1697573980604108,0.6277889716192182,0.4580315735588074,-30.433861586212398,0.6546682861735283,0.49281323816871647,-29.014056614631937,-0.05339918459603142,-0.009585972130298617,3.505215810936863,1.5142966413492505,1.5089799280226708,-0.08880738731354484
265.8799999998307,pick_play,pick,0.0,0.0,0.0,0.9842139027461357,-0.04790050045673668,0.9126368767945667,-5.175411361426126,0.0062834662423527044,0.03420239003473611,0.006329390058508555,-0.007040227469740212,-0.019345157047899696,0.007716155401440966,0.058071002209827985,0.17034479423525528,0.6263242990837355,0.45597950484848027,-30.549854632456213,0.6532712955346784,0.49323786165809635,-28.700099426604552,-0.053401581578395176,-0.009674671292304995,3.498312328084573,1.5131165164317804,1.5079239050806046,-0.08967695469904133
265.8999999998307,pick_play,pick,0.0,0.0,0.0,0.9843671757426422,-0.054737112825585854,0.8930975407117809,-5.1658279489808585,0.0069770816828223685,0.03484699173955539,0.005795412808731123,-0.0059171768321758175,-0.016794144352670508,0.008429951714097956,0.05846642532777138,0.17092228537065768,0.6249703911121586,0.4540481057415009,-30.662274558067217,0.652038675627743,0.49390029277896885,-28.371496289919634,-0.053404995606718096,-0.009753282368183139,3.492351439222664,1.512032452827294,1.5069338272274018,-0.09054148166307904
265.9199999998307,pick_play,pick,0.0,0.0,0.0,0.9845055074848272,-0.06024995217873588,0.8766687141729289,-5.1561216755428445,0.007619705488123648,0.035529121858646415,0.0053855737370527975,-0.0047562169170231455,-0.014058074652332936,0.008454496369385379,0.05888311626618035,0.17148546755712823,0.6237079724361261,0.45222250487899784,-30.770676252417807,0.6509526059025044,0.4947721746215821,-28.03021874953765,-0.053409785705120436,-0.009832999855279925,3.4864310061994335,1.5110231941301726,1.5059962834179879,-0.09124186179147134
265.93999999983066,pick_play,pick,0.0,0.0,0.0,0.9846308261982397,-0.06440047264765816,0.8633419713692603,-5.1470396869240655,0.008227406087961561,0.03623594786754052,0.005066352468864494,-0.0035482231068403075,-0.01135764508988787,0.007834454589333142,0.059320497085922214,0.17202962983146586,0.6225185336171715,0.4504889037857056,-30.87423476492883,0.6499973222423919,0.49583257105445866,-27.67735990761438,-0.05341601948672217,-0.009915399551391604,3.4804135989792,1.510076599256056,1.5051098803937912,-0.09185321353654499
265.95999999983064,pick_play,pick,0.0,0.0,0.0,0.9847449362554939,-0.06719567923997365,0.85290943679131,-5.139204365883244,0.008806655366857801,0.03693570729711464,0.004811739482462064,-0.0023445694525530453,-0.008857240069615918,0.006690769674388142,0.059780716629962635,0.17256385994312773,0.6213849363610507,0.448821076417923,-30.974723659232428,0.6491574589047999,0.497056299115181,-27.31476269351145,-0.053424761234076315,-0.009999199956655505,3.474556273465464,1.5091856527695975,1.5042661170423508,-0.09256187211617972
265.9799999998306,pick_play,pick,0.0,0.0,0.0,0.984849680462356,-0.06870502813216002,0.8450805520621695,-5.13311332805891,0.009355386566231522,0.03761610998860607,0.004621308790097328,-0.0012086805657078549,-0.006612817693679733,0.005117158232981207,0.06026449418944205,0.1730851107267638,0.6202910800852081,0.44720596935844426,-31.071617580564517,0.6484160321131067,0.49840965237712864,-26.945200465297923,-0.053434729173631415,-0.010085541009902957,3.4685081730976908,1.508335864131419,1.503449034220028,-0.09310197546735421
265.9999999998306,pick_play,pick,0.0,0.0,0.0,0.9849467872510518,-0.069099702071089,0.8395431993081967,-5.129126433509396,0.009872885974578943,0.03825602137408974,0.0044825563375403615,-0.0002302684810529314,-0.004643348459262342,0.00324895154333306,0.06077299937701481,0.17359687998590467,0.6192242501297951,0.4456273701438904,-31.165848263498024,0.6477549445342853,0.4998682674417496,-26.56973612797536,-0.05344521616591439,-0.010172686725854876,3.4624013808352667,1.5075165570060491,1.5026569033921242,-0.09343894811402563
266.0199999998306,pick_play,pick,0.0,0.0,0.0,0.9850375800301767,-0.06913108630943421,0.835954638030247,-5.127400519068546,0.010361430649524385,0.03878771216304694,0.004372048361212554,-1.1876189565935265e-05,-0.002976958456979048,0.0012659354538144723,0.06130863373448812,0.17411433315395553,0.6181885850689336,0.44407425191497807,-31.26164417168024,0.6471470014860319,0.5014103141078949,-26.186496350629284,-0.053455513714994934,-0.010255544632673266,3.456576008632109,1.5067221051065152,1.5018871317565918,-0.09365909163941713
266.03999999983057,pick_play,pick,0.0,0.0,0.0,0.985123270248661,-0.06884963809100807,0.8339082909995638,-5.127179292536816,0.010789302858831356,0.03918077372485814,0.004280004009137475,0.0002183491910863936,-0.0016762635146007135,0.00011376050552676129,0.06187626615123943,0.1746513575295775,0.6171760376920074,0.44252468016242985,-31.360124691482955,0.6465819150238616,0.5030238118419648,-25.79750012797199,-0.053465794949487444,-0.010312254726886752,3.45285323569874,1.5059482907690092,1.5011318440497399,-0.09388780886416148
266.05999999983055,pick_play,pick,0.0,0.0,0.0,0.9852047618895658,-0.06828134082699375,0.833081837248089,-5.1271328054710015,0.011153002052634017,0.03940952649030348,0.004203650444337077,0.000531128548920448,-0.0005803438477802407,3.542182095056786e-05,0.062469285007169466,0.17518040878151864,0.6161827267117402,0.4410023179302216,-31.456694897720386,0.646052610109966,0.5046399172792435,-25.41434443847963,-0.05347743672282263,-0.010367102175951007,3.4494995605769576,1.5051871799760668,1.500378977781582,-0.09409540154490599
266.07999999983053,pick_play,pick,0.0,0.0,0.0,0.9852825321688361,-0.0674731219397458,0.8329639804306221,-5.127092969517368,0.011446386038342884,0.03956380656729181,0.004084049784463793,0.0007775938148050014,-5.866959573963969e-05,3.4463875780484535e-05,0.06308207055774617,0.17564862861662878,0.6152057127249815,0.4395570841083527,-31.542097002794964,0.645554498631513,0.5062411811599732,-25.03895580219369,-0.05349146996438386,-0.010435021668672564,3.445301181823698,1.5044351035364936,1.4996411840379715,-0.09403435363316048
266.0999999998305,pick_play,pick,0.0,0.0,0.0,0.9853568164311044,-0.06635882126915021,0.8330304273730248,-5.127053913601316,0.011665829072977673,0.03966206127979496,0.003924242046454849,0.0010603968656860275,3.461501861298572e-05,3.3767567910687055e-05,0.0637214901207871,0.17609467098342257,0.6142411217661985,0.4381464507827759,-31.623276553158828,0.6450873273992006,0.5078119870672226,-24.674416688480992,-0.05350453652555297,-0.010505988448858264,3.4406195824209336,1.5036951702203765,1.4989267180622101,-0.09383487482914861
266.1199999998305,pick_play,pick,0.0,0.0,0.0,0.9854276838208739,-0.06483606531725958,0.8332278604825305,-5.127017094196523,0.011815743760663314,0.03970319160872635,0.003767897042465067,0.0014252851584359864,0.00014356723665925409,3.181013424909092e-05,0.06438338219948862,0.17655406316495315,0.6132869599945583,0.43673289682960514,-31.706722210758198,0.6446522552471898,0.5093482073793412,-24.321985144368803,-0.05351630163609633,-0.010568007081747058,3.4365418172318334,1.502974301667708,1.4982339556277275,-0.09381789676778748
266.1399999998305,pick_play,pick,0.0,0.0,0.0,0.9854950938740794,-0.06286311774328025,0.8336787081678174,-5.126986233599523,0.011905945203739636,0.0396813133370322,0.0036228194582567353,0.0018219014117598071,0.0003977565639682491,2.648078947408707e-05,0.06506199232453269,0.17701022889405849,0.612344115303818,0.43533388640975956,-31.789681932767067,0.6442500175984904,0.5108833697090149,-23.975729910741244,-0.05352759144122622,-0.010630688816308978,3.432405376969175,1.5022737876211973,1.4975588287175179,-0.09388091808103452
266.15999999983046,pick_play,pick,0.0,0.0,0.0,0.9855588014507726,-0.06042978578512431,0.8347752925479609,-5.126963363232997,0.01195168849426127,0.03959000917291163,0.0035046722068545915,0.0022241901853249954,0.0010053182105343318,1.9931669718055064e-05,0.06575352981203103,0.17745658933991304,0.6114168867108237,0.4339602973709107,-31.871223028255258,0.6438819936646929,0.5124334331998825,-23.63306793577231,-0.05353885481157148,-0.010695706307888034,3.428105008657901,1.5015963660166092,1.4969096670806885,-0.09397984876230123
266.17999999983044,pick_play,pick,0.0,0.0,0.0,0.9856185609835827,-0.05753969172505627,0.8368074308846428,-5.126948753578474,0.011963937388500675,0.03942651490091422,0.00340034823360289,0.0026217945139599907,0.001848101910049948,1.3467889975022909e-05,0.06645541985810098,0.1811021433349877,0.6105094895722482,0.43262685206031803,-31.949448086175206,0.6435495347234691,0.5140211370239258,-23.290144025223416,-0.053550472816546076,-0.010767298936843875,3.423327876560798,1.5009474319472915,1.4962942193210602,-0.09414211734123076
266.1999999998304,pick_play,pick,0.0,0.0,0.0,0.9856741522772398,-0.054194116386316105,0.8399076215864791,-5.126942104822819,0.011952217003583575,0.03919184488375897,0.003295764805780375,0.0030178868384570998,0.002789827072840261,7.3039466966526444e-06,0.06716963810637863,0.1858840454538038,0.6096252184007627,0.4313357558498383,-32.02447260608103,0.6432542342589478,0.5156519797096253,-22.94626959933591,-0.05356350109829885,-0.010847757756710055,3.4179942120618474,1.5003323091952903,1.4957173506677628,-0.09435974596562108
266.2199999998304,pick_play,pick,0.0,0.0,0.0,0.9857254012836159,-0.050398602616522375,0.844080582988496,-5.126943174192488,0.01192326720870899,0.03888656046114554,0.0031814315682510965,0.00340782236849387,0.003723498437801889,1.2110247106038896e-06,0.0678991025839258,0.1906216665368467,0.6087665133988187,0.4300845947513581,-32.09710154114791,0.6429975037222528,0.5173209246644974,-22.602588610951706,-0.05357851233788835,-0.010936434566974643,3.412183661402569,1.4997548981831867,1.4951813484490395,-0.09462492901739047
266.2399999998304,pick_play,pick,0.0,0.0,0.0,0.9857722171482451,-0.04616845922185319,0.8492455136608674,-5.126952150861394,0.0118805590511888,0.03851068883530282,0.0030540387497308774,0.003783147161839795,0.004579179002884462,-4.6332251424822005e-06,0.06864578577447186,0.1953254992565613,0.6079349510273335,0.4288699116954804,-32.1681686890756,0.6427800156447588,0.5190204617033005,-22.26051368268896,-0.053595743941978254,-0.01103165298700333,3.4060385762704066,1.4992177575374637,1.494687255746174,-0.09493056930812847
266.25999999983037,pick_play,pick,0.0,0.0,0.0,0.9858146155702635,-0.041529463573013674,0.8552744386306012,-5.126970273829698,0.011824809657216374,0.03806489404597028,0.0029150704656568565,0.004135566241544996,0.005319396441244079,-1.0130562148816794e-05,0.0694102450022834,0.20000089666811924,0.6071312479413851,0.4276896801242829,-32.238092793429985,0.6426014074199814,0.5207424547920227,-21.921362112548415,-0.05361551165548294,-0.01113187447190285,3.3997198341828363,1.498722475487687,1.4942357282102585,-0.09526670493428607
266.27999999983035,pick_play,pick,0.0,0.0,0.0,0.9858527169629175,-0.03651207228262293,0.8620210095643568,-5.126998872982771,0.011755249559093395,0.037552555395808915,0.0027675302253938666,0.004463011870184985,0.005930915091141375,-2.0935647612723514e-05,0.07019178043047118,0.20464880608229766,0.6063552759914033,0.42654199268913273,-32.307130090026234,0.6424603754415091,0.522479974890709,-21.586086430586302,-0.053639342934615315,-0.011235459893941882,3.3935551781384428,1.4982695362237333,1.4938262890041352,-0.09562712009159789
266.29999999983033,pick_play,pick,0.0,0.0,0.0,0.9858867228975374,-0.03114853131427446,0.8693393322298884,-5.127039116045364,0.011669920840681079,0.03697352020711797,0.0026157888456781594,0.004762350897120101,0.0064157786278350865,-3.246449072283984e-05,0.07098884117941195,0.20926667316525951,0.6056062864302727,0.4254252698669434,-32.375387683083105,0.6423548989954038,0.5242264058837891,-21.255445510582962,-0.0536679174367658,-0.011340129375457766,3.3877188409240016,1.4978583596880968,1.4934577013314247,-0.0959823220558156
266.3199999998303,pick_play,pick,0.0,0.0,0.0,0.9859169206859942,-0.025468619319046377,0.8770954566489182,-5.127090434352784,0.011566454747080695,0.03633015806348644,0.0024652997968543865,0.005035058878491017,0.006785147518600678,-4.245674895463365e-05,0.07179925037473887,0.21384822252969213,0.6048828102162491,0.4243365612277985,-32.443079248869594,0.6422822685527421,0.5259740885744095,-20.93027988749094,-0.05370207061104713,-0.011444359272718432,3.382452856374268,1.4974874920869352,1.493127439445305,-0.09633537723651198
266.3399999998303,pick_play,pick,0.0,0.0,0.0,0.9859438944417324,-0.019561755824035486,0.885169378705444,-5.127150909519464,0.011443277819028652,0.03561976805177184,0.0023357898756946353,0.0052179121706131485,0.007050833560552208,-5.0793839241129865e-05,0.07261960397359592,0.21838355314067978,0.6041822992536241,0.4232776847133637,-32.50930924107904,0.642235598043639,0.5277170773992539,-20.610039015615673,-0.05374365949655683,-0.01154718101024628,3.3781507927020895,1.497155833625433,1.4928357641160965,-0.09669254214075654
266.3599999998303,pick_play,pick,0.0,0.0,0.0,0.9859686676101495,-0.013612753471034082,0.8934590863897329,-5.127218687105461,0.011299577565026385,0.03483605961329664,0.0022493958747810397,0.0052307846941052494,0.007229851868626829,-5.7596634077730624e-05,0.07344509810248291,0.22285900895631577,0.6035006619237205,0.4222482528934479,-32.573325869813466,0.6422021098076817,0.5294514235506058,-20.292766857989395,-0.053793117986008505,-0.011644709110260013,3.3749053443408,1.4968616569266537,1.4925800229371071,-0.09702601896976747
266.37999999983026,pick_play,pick,0.0,0.0,0.0,0.9859918081278485,-0.007715839010228023,0.9019057958525599,-5.127291325225428,0.011134983359057474,0.033991934656517835,0.0021805700194843297,0.005178807790349341,0.0073615130304151375,-6.229171084090631e-05,0.07427139139410202,0.22726295424490067,0.6028358435319126,0.421246328617096,-32.635283631517865,0.642175900035636,0.5311719861278534,-19.978871715506287,-0.053850007583606044,-0.011734756827354434,3.3727684591979874,1.4966017035131394,1.4923537190020562,-0.09735413068339945
266.39999999983024,pick_play,pick,0.0,0.0,0.0,0.9860135110930683,-0.0018799581424517318,0.9104807386760249,-5.127366336073024,0.01094906587154455,0.033097048903441624,0.0021172560145282914,0.0051216910379091995,0.007468269161153753,-6.487024453964561e-05,0.07509543969353039,0.2315803642914832,0.6021871908340003,0.42026911046600346,-32.69566952168444,0.6421555436085785,0.532863491440773,-19.671145571663526,-0.05391383576258088,-0.011818162351846698,3.3716103360595717,1.496372426508165,1.4921547437966347,-0.09763277020038447
266.4199999998302,pick_play,pick,0.0,0.0,0.0,0.9860338816681752,0.003906458588243941,0.9191681403807588,-5.127441391014802,0.010743189996912688,0.03215602002797241,0.002057187234120091,0.005076720734640471,0.007563776971142876,-6.545986169836083e-05,0.07591266523671794,0.23579035669114123,0.6015544386824021,0.41931990649795536,-32.753855697938334,0.6421405352259877,0.5345142122755051,-19.371695808644137,-0.053982679279989024,-0.011896132677793506,3.371140475226654,1.4961692984280186,1.4919811825216294,-0.09785041999511929
266.4399999998302,pick_play,pick,0.0,0.0,0.0,0.9860530003924518,0.00965378207979077,0.9279557388411944,-5.127514470801815,0.010518937780682285,0.031170713165892986,0.0019995405517177307,0.0050457698543526445,0.0076527404709023795,-6.438256045241089e-05,0.07671799921156629,0.23987214516289673,0.6009375832857509,0.41840148832893376,-32.809357220989305,0.6421305658204068,0.5361185755977631,-19.081499355249136,-0.05405420624434545,-0.01197210252285004,3.3708670591524155,1.4959775922993652,1.4918338100374222,-0.09712879112337071
266.4599999998302,pick_play,pick,0.0,0.0,0.0,0.9860709407193003,0.01536833742608323,0.9368305573695774,-5.127583551899408,0.010277870274792444,0.03014338647555219,0.001944271505016651,0.005019087633077814,0.007730077359647772,-6.149469340438555e-05,0.07750708086022334,0.24380838318837167,0.6003367214806284,0.41751552488899235,-32.86190191857956,0.6421253731900237,0.5376727071056366,-18.80118578846448,-0.05412670648027421,-0.012047841399908069,3.3706399439477104,1.4957897597658847,1.4917151744425774,-0.09551911358180992
266.47999999983017,pick_play,pick,0.0,0.0,0.0,0.9860877816051157,0.02104913955204649,0.945768053317698,-5.127646843669074,0.010020864346958288,0.029076509270468873,0.0018903451385602027,0.0049882668573944695,0.007782546052628697,-5.706022269336093e-05,0.07827732631779726,0.24759206692935187,0.5997519890134196,0.41666422154998783,-32.91112234662039,0.6421245745705116,0.539173864985466,-18.53116220130517,-0.05419900359557362,-0.012124634534120562,3.3702603189767655,1.4956059320448922,1.4916231225193024,-0.09336280976263578
266.49999999983015,pick_play,pick,0.0,0.0,0.0,0.9861035901037655,0.026691380324536402,0.9547319888956551,-5.127703222046828,0.009747605496970005,0.02797315222241676,0.0018357994135220854,0.004952760942654377,0.007802248103695103,-5.1713310060038826e-05,0.07902524312070291,0.2512120120454692,0.5991836918243778,0.41584790613746647,-32.95702682986549,0.6421278206928241,0.5406188901910782,-18.27194273437551,-0.05427192633422148,-0.012196923792362216,3.37034555316115,1.4954268096191101,1.4915489072859764,-0.09090130431133935
266.51999999983013,pick_play,pick,0.0,0.0,0.0,0.9861184109407571,0.032290852438430065,0.9636829558782992,-5.1277521821356595,0.009457040221523915,0.026836276546759054,0.0017792684189648791,0.004913753959022022,0.00778756672109113,-4.596921651214031e-05,0.07974767532052009,0.25466073238868103,0.5986323233941645,0.4150662210235596,-32.99978257224036,0.6421349377608061,0.5420041021356583,-18.024173675854883,-0.05434587428572639,-0.012262254208326342,3.371088876286085,1.495252756643017,1.4914854134381295,-0.08830959530799255
266.5399999998301,pick_play,pick,0.0,0.0,0.0,0.9861322806065936,0.037844405909730566,0.9725834489458985,-5.127793678294156,0.0091483366084752,0.025669243868954233,0.0017206817623043763,0.004872099621199367,0.007740510124903696,-4.020144372343422e-05,0.08044178604008961,0.2579324227803827,0.5980984225416051,0.414318301940918,-33.03964537147301,0.6421458327952828,0.5433258351335526,-17.78850389128786,-0.05442011520975483,-0.012321564555168155,3.3722926984203343,1.495083845567604,1.4914269785345078,-0.0857215294024169
266.5599999998301,pick_play,pick,0.0,0.0,0.0,0.9861452580804388,0.04334693287186966,0.9813876613310997,-5.127827627744266,0.00882136521664293,0.02447593112665939,0.001660588749527788,0.004828282566747371,0.007663284742758546,-3.4624463516584326e-05,0.08110506656461446,0.26102334747332046,0.5975823081156375,0.4136038806686402,-33.07674188567982,0.6421601735132012,0.5445814963827134,-17.565377659781696,-0.054493243241609486,-0.01237597614526749,3.373718651373081,1.4949199306868977,1.4913690353692055,-0.08324050775728707
266.5799999998301,pick_play,pick,0.0,0.0,0.0,0.9861575112376645,0.04877680607159698,0.9899563915914938,-5.127852924519879,0.00848176783933679,0.0232591361705846,0.0015938593706115308,0.004759345132687636,0.00743519436293343,-2.727092170247861e-05,0.08173642511092326,0.26393815972578566,0.5970832658131876,0.4129247453460694,-33.1104625732295,0.6421765106534196,0.545772039557457,-17.354153360255705,-0.05456357226038528,-0.012426416575908664,3.3751425134644446,1.4947606771420765,1.49130730730896,-0.08095881971887453
266.59999999983006,pick_play,pick,0.0,0.0,0.0,0.9861691572769388,0.054118237646333944,0.9981492213633281,-5.127869960616002,0.008128893197681805,0.022024496672353937,0.0015187657286799964,0.004680318760398659,0.007097154469232216,-2.0630848470547833e-05,0.08233528222085065,0.26667819284111094,0.5966008270001975,0.4122743096599579,-33.141968490614,0.6421941390762956,0.5468889262924195,-17.15637425467462,-0.05462945750943388,-0.012470848113298419,3.3765989751854697,1.494605651717064,1.491239708191204,-0.07891476121353617
266.61999999983004,pick_play,pick,0.0,0.0,0.0,0.9861802164849773,0.05936906664132809,1.0059231672840032,-5.127879864409002,0.0077608613375034705,0.020776471168045284,0.0014410359415673723,0.004599672390755259,0.006729386417555075,-1.4783434494494986e-05,0.08289934432629618,0.26923980080634685,0.5961354341975971,0.41165108349418644,-33.171681692287244,0.6422131820529061,0.5479274329195023,-16.972970626002265,-0.05468959268829548,-0.012509177625179294,3.3780115579852814,1.4944544137837092,1.4911660592020035,-0.0771018290622556
266.63999999983,pick_play,pick,0.0,0.0,0.0,0.986190724999002,0.06452606886921695,1.0132658474608527,-5.127883196572116,0.007378693139863372,0.0195189347207083,0.0013640123149524894,0.004515725911229121,0.006352589956708954,-9.303423020840622e-06,0.08342663559215023,0.27162366616889533,0.595687482521199,0.4110583153018952,-33.19908664503494,0.6422334708089162,0.5488907780895234,-16.803307866967508,-0.05474331270120038,-0.012542086839675906,3.379268375359426,1.4943065378256044,1.4910863752425194,-0.07550923318273565
266.65999999983,pick_play,pick,0.0,0.0,0.0,0.9862007304208875,0.06958616691888186,1.0201715552621269,-5.127880315325171,0.0069843466908075065,0.01825641820569115,0.0012886757652445843,0.004428653263526094,0.005971060392806478,-4.054514249963995e-06,0.08391631395627576,0.2738333257661641,0.5952572171114093,0.4104980316410065,-33.22385184596263,0.6422547505409729,0.5497811224708558,-16.64694493979758,-0.054790768541478956,-0.012568264454603198,3.3805179592978853,1.4941616144184588,1.491000984138298,-0.07411898636760325
266.67999999983,pick_play,pick,0.0,0.0,0.0,0.9862102774754252,0.07454649760170437,1.0266354914432352,-5.12787161500615,0.006579818577970189,0.01699327489424627,0.0012149621067037444,0.004338983011252293,0.00558533333586824,9.228902672291745e-07,0.08436793291924012,0.27587319961291573,0.5948448333682427,0.409971275592804,-33.24581520332648,0.6422768043392945,0.5506002244005204,-16.50352894095205,-0.054832343228689094,-0.012586451321840289,3.381955950721811,1.4940192596022146,1.4909102807701111,-0.07291291137782782
266.69999999982997,pick_play,pick,0.0,0.0,0.0,0.9862193957661531,0.07940172609247084,1.032652874950412,-5.127857669416972,0.00616672585629815,0.015732557628557284,0.0011420981521540181,0.004244346561515484,0.005195445553221949,5.46499869173997e-06,0.0847808728331834,0.27774689633287425,0.5944506615381748,0.409479537273407,-33.264778025151365,0.6422994806497458,0.5513492610702515,-16.37282531491134,-0.05486830586715375,-0.012597146630287173,3.383567950187842,1.493879103435604,1.4908136616409302,-0.07189730532024458
266.71999999982995,pick_play,pick,0.0,0.0,0.0,0.9862281074816543,0.08414604037421786,1.0382194563443825,-5.1278390617485226,0.0057466353910150154,0.014478364024786796,0.0010700475388330027,0.004145620605692559,0.004802052535722587,9.61254238416496e-06,0.08515508314893659,0.27945821618930383,0.5940750295387068,0.4090216245899201,-33.28100777501962,0.6423226629220657,0.5520287838230133,-16.254716009034286,-0.05489954880537773,-0.012601073086261752,3.3854695561771324,1.4937407980872126,1.4907114024222374,-0.07105843552924881
266.73999999982993,pick_play,pick,0.0,0.0,0.0,0.9862364349205084,0.08877494131911556,1.043332208612811,-5.127816325402911,0.005320998900858076,0.013233858518024383,0.0009989252254819852,0.004043587575638535,0.004406260535743199,1.3396455819329308e-05,0.08549065760143312,0.2810105425207232,0.5937181567813896,0.4085960474262238,-33.294806310682446,0.6423462445242322,0.5526397016296387,-16.14901915285723,-0.05492701304446602,-0.012598107755184176,3.387711932500434,1.4936040112950564,1.4906038607419014,-0.07037909303852734
266.7599999998299,pick_play,pick,0.0,0.0,0.0,0.9862443988499818,0.09328448588081831,1.0479892494966165,-5.127790006263181,0.004891243650426049,0.01200169789071716,0.0009286375704972035,0.0039380419079431545,0.004008905183430469,1.6773730538565883e-05,0.08578776662480869,0.2824071395687792,0.5933801981622258,0.4082017627010346,-33.30638796452382,0.6423701278518033,0.5531836238155365,-16.055428630394722,-0.05495123055342163,-0.012589271366596225,3.390190020682941,1.493468438460396,1.4904912601173401,-0.06984626741118977
266.7799999998299,pick_play,pick,0.0,0.0,0.0,0.9862520180022976,0.09767267315620326,1.052188396477135,-5.127760765721361,0.0044585346741071764,0.01078455138038998,0.0008590985794058687,0.0038311808109449614,0.0036095336290986693,1.9627577934290167e-05,0.0860471292755692,0.28365283504622557,0.5930612198464923,0.4078379061470032,-33.31591510909822,0.6423942657072199,0.5536639627466202,-15.97332586840787,-0.05497252249187315,-0.012576258927583697,3.3927847659198402,1.4933338691640912,1.4903757239640236,-0.06940505827522318
266.7999999998299,pick_play,pick,0.0,0.0,0.0,0.9862593169926503,0.10194101144039808,1.055927858718327,-5.127729263756522,0.0040236275510453275,0.00958524968294156,0.0007906807291692667,0.0037259555809614443,0.003208656188412935,2.1975019007633065e-05,0.0862695213038851,0.2847510129757767,0.5927611097825211,0.4075041499385834,-33.323410477059106,0.6424186104893519,0.5540812846670151,-15.902599874686167,-0.05499155526822807,-0.01255992725491524,3.3955083139055753,1.4932001387395344,1.490257751470852,-0.0690399595209768
266.81999999982986,pick_play,pick,0.0,0.0,0.0,0.9862663210160838,0.10609330574972141,1.0592073084171416,-5.127696006300275,0.003587309148581077,0.008408638357932256,0.0007235539124505638,0.0036244746397935557,0.002807681485629021,2.396969464269766e-05,0.08645551524194238,0.28570442557347386,0.5924796425896398,0.4071997490177155,-33.32896123330766,0.6424431201171565,0.554436260128975,-15.843122279271027,-0.055009058650611585,-0.012540194392204287,3.3984269699279643,1.4930670743663346,1.4901368285477639,-0.06875910634043257
266.83999999982984,pick_play,pick,0.0,0.0,0.0,0.9862730540369523,0.11013426600171373,1.0620265012926324,-5.127661380302992,0.0031507495897979596,0.007261223399346924,0.0006576244963749833,0.003528338535528438,0.0024068768990800245,2.572696693950894e-05,0.08660650490575982,0.28651812616887423,0.5922164061708397,0.4069211867103577,-33.333103150952574,0.6424678025838092,0.5547351625213623,-15.793777702757275,-0.05502542403288302,-0.0125183641910553,3.401431413258038,1.4929345298578967,1.4900132681191445,-0.06855165436231941
266.8599999998298,pick_play,pick,0.0,0.0,0.0,0.9862795274037319,0.11406531635458551,1.0643838260598326,-5.127626051354534,0.0027129503831729664,0.0061475657722923375,0.000592157805162432,0.003431940605596703,0.0020041459806338945,2.6924114737138202e-05,0.0867236443509238,0.28719456095537677,0.5919710235446677,0.4066673603305817,-33.335973166413766,0.6424926843010624,0.554981121088028,-15.753996681155838,-0.055040678055648246,-0.01249644830822945,3.404351699568802,1.4928023981602552,1.4898882995307923,-0.0683856098572699
266.8799999998298,pick_play,pick,0.0,0.0,0.0,0.98628571714069,0.11789317921450623,1.066288766185198,-5.127591155451943,0.0022722829935210814,0.005075518302200522,0.0005260224916894622,0.003340387139320155,0.0016078185332414978,2.7103316237017463e-05,0.0868074186706425,0.28773525929905786,0.5917435586350187,0.40643788244819645,-33.33768394928784,0.6425181132862856,0.5551736738929749,-15.723927818156842,-0.055055358723969876,-0.012473917752504352,3.4073096408285704,1.4926705939769556,1.4897620270908356,-0.06825859514864517
266.8999999998298,pick_play,pick,0.0,0.0,0.0,0.9862915079622213,0.1216385012262122,1.067847268598755,-5.127559388640976,0.0018242610523297935,0.004045302499241512,0.0004656781210477014,0.0032694410431491822,0.0013224215901685716,2.4499476057376026e-05,0.08685780479382917,0.28813844794036164,0.5915350684353137,0.4062313523540497,-33.338784282330174,0.6425453303900412,0.5553107347736359,-15.704290353833098,-0.05507002115321568,-0.012450437247753146,3.4103734186892383,1.4925390406864816,1.4896344880521775,-0.06816867202776168
266.91999999982977,pick_play,pick,0.0,0.0,0.0,0.9862968294040536,0.1253145030889819,1.0691779043283431,-5.127531771855644,0.0013737205535812019,0.0030535557627441095,0.00041378714141072687,0.0032085741178550686,0.0011357434554301732,2.1106159823911332e-05,0.0868740459378873,0.2884035991019199,0.591346354813795,0.40605402853584294,-33.33824873514566,0.6425748587061354,0.555399143362999,-15.69386361219875,-0.05508472791803448,-0.0124272994697094,3.413407846810149,1.4924076946355294,1.4895060027897835,-0.06810504077891787
266.93999999982975,pick_play,pick,0.0,0.0,0.0,0.986301673245413,0.12892321817798844,1.0703491871097837,-5.127508319034278,0.0009255920958393428,0.002101027172840301,0.00036808883762500384,0.0031491588359457965,0.0010030006248571727,1.769150100743672e-05,0.0868574297855172,0.2885350706922676,0.5911775741341788,0.4059066560516358,-33.335919791772554,0.6426066426432185,0.5554446962127686,-15.69155339532255,-0.05509941407964777,-0.01240523457527161,3.4163436692765514,1.4922764567162101,1.4893756399810791,-0.06808627363994182
266.95999999982973,pick_play,pick,0.0,0.0,0.0,0.9863060559242864,0.13246328345683145,1.0713845825176656,-5.127488919786181,0.00048393095747703276,0.0011888687889912378,0.0003252732175836577,0.003087922964864697,0.0008863215506283535,1.4349834739036073e-05,0.08680977464237095,0.2885379206995559,0.5910284269454167,0.40578729775047306,-33.33205942224945,0.6426404815305246,0.5554499712238312,-15.696847921254847,-0.0551139990459317,-0.012383467704057696,3.4192458933230148,1.49214516954752,1.489241872257042,-0.06814612055302147
266.9799999998297,pick_play,pick,0.0,0.0,0.0,0.9863100079272455,0.13593768287181052,1.0722797088293006,-5.127473496871331,7.004352053723743e-05,0.00031911816358366996,0.00028382136189136303,0.0030251922631021246,0.0007638266925537432,1.0878256970877384e-05,0.08673275729137721,0.2884166206664043,0.5908978345705909,0.4056932416210175,-33.326965299932425,0.642676239973141,0.5554163393030167,-15.709463725144019,-0.05512857819743108,-0.01236091107130051,3.4222090907727827,1.4920136592236175,1.4891037533939362,-0.06830310656922098
266.9999999998297,pick_play,pick,0.0,0.0,0.0,0.9863136387170014,0.13941782133729322,1.0730200078169074,-5.127460866793339,-0.0002714226043367171,-0.0004126666332115892,0.00024816695741832336,0.003043740132692029,0.0006270890151613679,9.023690105995134e-06,0.08663091979095865,0.28819002386244347,0.5907809730274048,0.40562097098922734,-33.31993120396172,0.6427146238335095,0.555351712966919,-15.728223419040885,-0.0551437088699135,-0.012337788194417956,3.4253093702358046,1.491881787539046,1.4889618421853066,-0.0685415413539781
267.0199999998297,pick_play,pick,0.0,0.0,0.0,0.9863169372247811,0.14286395291674778,1.0735903278208654,-5.1274526896928325,-0.000605401950956485,-0.0011062211175982526,0.00020932460980616722,0.0030049139186053503,0.00047801598192410153,5.293721287371259e-06,0.08650877977411092,0.287871746530087,0.5906782179585548,0.4055656280765534,-33.31247390731949,0.6427550821965711,0.5552629914531708,-15.751629461830642,-0.05515894102034168,-0.012318502366542819,3.4280736490400585,1.4917494768142188,1.4888187984884262,-0.06879482294403333
267.03999999982966,pick_play,pick,0.0,0.0,0.0,0.986319824077225,0.14621812110725,1.073976070635243,-5.127449488659702,-0.0009307071195975154,-0.0017680574037592003,0.00016509685797903717,0.0029182968534084094,0.00031593223194632564,1.293216209747347e-06,0.08636749746763642,0.28746428410289027,0.5905912236164048,0.405523934627533,-33.305522689808996,0.6427970806266105,0.5551472243318558,-15.780141590735965,-0.05517409826165152,-0.012299596518278125,3.430793910826009,1.4916167045849007,1.4886752108991623,-0.0690495960440273
267.05999999982964,pick_play,pick,0.0,0.0,0.0,0.986322288428601,0.1496900109128378,1.0741548830680525,-5.127450975494479,-0.0012464738297246526,-0.00235726429225875,0.00011765236172620974,0.0030672570754625155,0.00012506699298646753,-2.038552776890318e-06,0.08620811037039533,0.2869733858697452,0.5905144840101502,0.405494877363205,-33.29781781259234,0.6428449917645809,0.55500448610878,-15.814821075896761,-0.05518954190537991,-0.012279096245765689,3.4336865340392384,1.4914834392845029,1.4885301927984238,-0.06932657061056961
267.0799999998296,pick_play,pick,0.0,0.0,0.0,0.986324477137267,0.15368143831062048,1.0742092483357224,-5.127461882456171,-0.001537037498405743,-0.0028650851013665244,9.155822531993211e-05,0.003545542607566244,3.913613134864431e-05,-1.1257305480635583e-05,0.08603391727346923,0.2864097807947042,0.5904358268671406,0.40547440316772465,-33.28720222086169,0.6429063908341803,0.5548422869691849,-15.856143257431668,-0.05520549814666556,-0.012267741560935977,3.435899179465894,1.4913498107258658,1.488388303941536,-0.06952147935867878
267.0999999998296,pick_play,pick,0.0,0.0,0.0,0.986326708782164,0.15822701384549906,1.074214514393775,-5.127485661352178,-0.0017943011360478111,-0.003336746649378657,8.737181130947979e-05,0.004026674992652089,-1.897675167458246e-07,-2.2350250138733444e-05,0.0858415686549666,0.2857658125602245,0.5903509672597186,0.405481347108841,-33.270205736447714,0.6429792590447857,0.5546623256454468,-15.90251396036682,-0.05522178541729275,-0.012272059172391894,3.436874590662936,1.491215970259377,1.4882496188343048,-0.06963595970892637
267.1199999998296,pick_play,pick,0.0,0.0,0.0,0.9863290483464975,0.16328290784468444,1.0741822173279536,-5.127521849911647,-0.002022494716326403,-0.0037758695421691423,8.619862111713323e-05,0.004466845955930985,-3.247458908792503e-05,-3.304935219304006e-05,0.08563393021767003,0.28504995498485475,0.5902599729718592,0.40550152328109745,-33.249735351483324,0.6430620653781234,0.5544736471424103,-15.952128889861891,-0.05523865026925452,-0.012283119559288028,3.437365103902035,1.4910819751946833,1.4881116191804886,-0.06973103084689639
267.13999999982957,pick_play,pick,0.0,0.0,0.0,0.9863314409258727,0.16879001710136213,1.0741122754205004,-5.127570526294172,-0.002223569374816648,-0.004181288725682468,8.237445272955076e-05,0.004861143367008727,-6.324626308667351e-05,-4.3808856620649344e-05,0.08541423154597069,0.2842718402720443,0.5901640119382948,0.40552670624351506,-33.22752275201721,0.6431540231233766,0.5542763259658814,-16.00493686682404,-0.055257420299886145,-0.012295088917016986,3.4380259480293187,1.490947789835429,1.4879722635210038,-0.06985369152096493
267.15999999982955,pick_play,pick,0.0,0.0,0.0,0.9863338242234218,0.17451598788839717,1.0739075104049904,-5.1276322217879855,-0.0024040220819379473,-0.004581248196859699,6.412782376313445e-05,0.00501141588176064,-0.00020016292691940377,-5.4858620188515244e-05,0.08518469041994459,0.28343869040997843,0.590068300824733,0.4055562105426789,-33.20496927373438,0.6432508424424253,0.5540694829473496,-16.059975975656872,-0.05527801360956892,-0.012304793298244479,3.4389958145672774,1.4908132886664247,1.487829264527607,-0.07005501753939325
267.17999999982953,pick_play,pick,0.0,0.0,0.0,0.9863360441622606,0.18014664680983836,1.0733843717297937,-5.127705394647794,-0.0025738502426998207,-0.004982410762035223,1.9635359509017897e-05,0.004881493295151253,-0.000498980668924549,-6.3890310726323e-05,0.08494812846598791,0.2825599213894542,0.5899808863579832,0.4055832710514069,-33.185072078036576,0.6433473400054244,0.5538479324827195,-16.117049625578645,-0.05529890010694329,-0.012307006120681765,3.4404772359254507,1.4906781642273532,1.4876778910816193,-0.07043907493375937
267.1999999998295,pick_play,pick,0.0,0.0,0.0,0.9863377062539448,0.18585935284301605,1.0725086140079034,-5.127784499792857,-0.002748960414675167,-0.005307278436529311,-4.8358388748409305e-05,0.0050092511269033664,-0.0008011893566472379,-6.721663467940606e-05,0.08470795891462844,0.28164575937110137,0.5899008526455963,0.4055956688175202,-33.16895375805896,0.6434505389264106,0.5536075916538239,-16.179443845212564,-0.05532180477411778,-0.012298512458801272,3.4431192338621304,1.4905420487730345,1.4875179569185257,-0.07099968507361132
267.2199999998295,pick_play,pick,0.0,0.0,0.0,0.9863385514846466,0.1918130052975588,1.0713189092310005,-5.127896514392863,-0.002925930893659819,-0.00557597036052688,-0.0001229268375172773,0.005224225092699053,-0.001072275343650967,-9.373524736728178e-05,0.0844623632225701,0.2806872002074975,0.5898263331512232,0.40561003353691105,-33.153364658142344,0.6435657510557327,0.5533441242227555,-16.248523288796413,-0.05534813906758026,-0.012293025106191638,3.445856531458914,1.490404723738163,1.487352442270565,-0.07166305096644418
267.2399999998295,pick_play,pick,0.0,0.0,0.0,0.9863386932673949,0.19797471209165973,1.0698492174356202,-5.128174781121657,-0.003101931885512211,-0.005792780040054069,-0.0001853192527930191,0.005411434126166891,-0.0013105072754783338,-0.000258467686281939,0.08420938795764686,0.27968097771326594,0.5897566178969932,0.40563375618553166,-33.1368729902364,0.6436910704618535,0.5530686911592484,-16.321482224966417,-0.055377993723044694,-0.012292805314064029,3.448466761579083,1.490266050075049,1.4871829341114045,-0.0723878731185836
267.25999999982946,pick_play,pick,0.0,0.0,0.0,0.9863386485494018,0.20409864741894088,1.0681238389727177,-5.128788413284395,-0.00327336761894586,-0.005992929817555569,-0.00021865562827546009,0.00533853870860937,-0.00153473613667168,-0.000567870010031713,0.0839482531341131,0.27862314334355975,0.5896923056474245,0.40566382672882084,-33.12025375495954,0.643816706698095,0.5527906056890488,-16.39416337588242,-0.0554099710899832,-0.012296079844236377,3.4508749461932124,1.490125896924852,1.4870091195166588,-0.07317900274088827
267.27999999982944,pick_play,pick,0.0,0.0,0.0,0.9863385200916249,0.20985800471649058,1.0660863199792323,-5.129859013053339,-0.003432336031736219,-0.00618860027221192,-0.000256551074484933,0.004998231661461567,-0.0018166278411885083,-0.0009757367147262563,0.08368062651876833,0.2775211335106573,0.5896392689672716,0.4056956258068085,-33.10584040172936,0.6439347911424121,0.5525137272129059,-16.464700652875425,-0.05544117308807329,-0.012296612560749057,3.453277251930502,1.489983981751494,1.486826289719391,-0.0741412634604702
267.2999999998294,pick_play,pick,0.0,0.0,0.0,0.986338445684076,0.2151369017139156,1.0637238057519496,-5.131429324056508,-0.0035762764229773565,-0.006366880933618939,-0.00028641419362522656,0.0045824683499463975,-0.002099814368694702,-0.0014122769087099552,0.08340993326369618,0.2763861543762723,0.5895981141372687,0.40571973588562016,-33.095006576129606,0.6440416941060301,0.5522314843187333,-16.5338578992512,-0.05547003522055203,-0.012290868163108828,3.4559083900946117,1.4898399280667238,1.4866326565802574,-0.07530716582338462
267.3199999998294,pick_play,pick,0.0,0.0,0.0,0.9863384777141396,0.22000908015748627,1.0610908664207859,-5.133496469878172,-0.0037036662627513654,-0.0065146226974444384,-0.0003100623565170782,0.004246929879811507,-0.0023322151975231804,-0.001845259777949418,0.08313712919160418,0.2752241989059087,0.5895662825947654,0.40574232604599003,-33.085936015910995,0.6441384747236989,0.5519411202917099,-16.602815978096302,-0.05549618488581573,-0.01228238567709923,3.4585238085872003,1.4896934401348987,1.486430723494339,-0.07661008736014992
267.3399999998294,pick_play,pick,0.0,0.0,0.0,0.9863386761931473,0.22454206395544396,1.0582389571722055,-5.136033879227227,-0.0038163110897565782,-0.006635392662261084,-0.0003223801740830868,0.003962708168389839,-0.0025194243103208213,-0.00225083564311486,0.08286179976423222,0.27403521856439433,0.5895420122857502,0.40577090647315983,-33.076995046626195,0.6442260064196325,0.5516407873878479,-16.67193986302755,-0.05551952201801847,-0.012276432663202289,3.460711248037801,1.4895443645842914,1.4862236420572281,-0.07797238056651679
267.35999999982937,pick_play,pick,0.0,0.0,0.0,0.9863392094230301,0.22875577458399216,1.0552161554613204,-5.138992868761791,-0.003915252407864852,-0.006734222142763225,-0.0003221260649284346,0.0036916811691094864,-0.00266528566872045,-0.0026123259392354966,0.08258336567831237,0.272818238977373,0.5895234888147649,0.40580762293434147,-33.06748252117135,0.6443032708234111,0.5513322588453293,-16.74059990209747,-0.05554014219167775,-0.01227332949638367,3.462458462102922,1.489392678362348,1.4860141391814232,-0.07932960418239049
267.37999999982935,pick_play,pick,0.0,0.0,0.0,0.9863401000265705,0.23266626804554327,1.0520551505003812,-5.142322877136193,-0.0040003928984754826,-0.006810643934162525,-0.0003183955420689606,0.003434318577478731,-0.0027843558353679103,-0.0029300946534665945,0.08230264730470807,0.27157794510626193,0.5895098550757866,0.4058504488716126,-33.05768708075881,0.6443704305676132,0.551017754937172,-16.808531001298697,-0.0555582574422389,-0.0122705914080143,3.4639878895474108,1.489238452042393,1.485804144567299,-0.08063830515900505
267.39999999982933,pick_play,pick,0.0,0.0,0.0,0.9863413000592699,0.23629240122510767,1.0487758205709332,-5.145991854234902,-0.004073551870647946,-0.006861793546630239,-0.000315466193501207,0.003193597193187878,-0.002886873613937546,-0.0032217407254631573,0.08202100573553242,0.2703205096737108,0.5895007479581974,0.4058976855525971,-33.04788595961591,0.6444283058464209,0.5506980207214356,-16.875793325298122,-0.0555752101790042,-0.012267011404037478,3.4655686463772293,1.489081814832214,1.4855950514734269,-0.0818687378277268
267.4199999998293,pick_play,pick,0.0,0.0,0.0,0.9863427293583984,0.23965671248675244,1.0453927436372323,-5.14997786522175,-0.004135819007852027,-0.0068881536965577665,-0.0003150770529243756,0.002971516454031996,-0.0029775355322572907,-0.003497732081814898,0.08173946111055103,0.26905032817718344,0.5894960284346084,0.40594820048904423,-33.038274879318706,0.6444780565710866,0.5503732797155381,-16.942576062024465,-0.0555917191479722,-0.01226099878549576,3.467352206920521,1.4889229521988758,1.4853880668938637,-0.08299724084138235
267.4399999998293,pick_play,pick,0.0,0.0,0.0,0.9863442134574225,0.2428087939788012,1.041917700342048,-5.154260832053685,-0.004186603991026736,-0.00688965193830676,-0.00032315074462779976,0.002797572930874272,-0.0030581310609663526,-0.00375525630132724,0.08145900083158258,0.2677717329874791,0.5894957552214761,0.4060010400066376,-33.0290497292669,0.6445223723682514,0.5500442471752167,-17.00936206164814,-0.055608047282245415,-0.01225366368889809,3.469239921310589,1.4887620828250836,1.4851839731395722,-0.08401081421489054
267.4599999998293,pick_play,pick,0.0,0.0,0.0,0.986345549755208,0.24581008019437134,1.038360573939555,-5.1588217876298375,-0.004226011865788212,-0.006867779320176531,-0.00033992158315254706,0.0026760468980241907,-0.003129945064288887,-0.003995290187727172,0.08118066829948604,0.2664890226704758,0.5895000111963383,0.4060560848960877,-33.02024969171518,0.6445642688470882,0.5497113999376297,-17.076640466571483,-0.05562425762308353,-0.012247297167778018,3.4710435818225367,1.488599459323038,1.4849838132918358,-0.0848908592707065
267.47999999982926,pick_play,pick,0.0,0.0,0.0,0.9863466596567106,0.24868617036659613,1.0347328773535014,-5.163638589118255,-0.004254268947407923,-0.006827167769372214,-0.00035853945046182984,0.002572095844969561,-0.0031913850550289178,-0.0042156249122255966,0.08090495207854446,0.265204642670489,0.5895087000392805,0.40611384179687504,-33.01175105507781,0.6446048237775062,0.5493770476827622,-17.14402407678382,-0.05564035922327509,-0.01224317327141762,3.472658385366425,1.4884353565316293,1.4847882951558113,-0.08562723194618661
267.49999999982924,pick_play,pick,0.0,0.0,0.0,0.9863475226968269,0.2514419245392604,1.031046825372905,-5.168688661908434,-0.004271620189182131,-0.006770194436151046,-0.00037661987700567383,0.002470510239416128,-0.003242075029322573,-0.00441640341277884,0.08063243150789387,0.26392186559080055,0.5895216900501768,0.40617368486022953,-33.003640969530935,0.6446443229058783,0.5490442898521424,-17.210951292012588,-0.055656376180554266,-0.012240643799304965,3.474137790042417,1.4882700440356238,1.4845974410832405,-0.086225836553726
267.5199999998292,pick_play,pick,0.0,0.0,0.0,0.9863481267364839,0.2540749356462092,1.0273246208827782,-5.173947376801365,-0.004278737255343633,-0.00669837738861878,-0.0003928487383183674,0.0023664595422066698,-0.0032739648134497558,-0.004596273768761394,0.08036370200772282,0.2626438402971059,0.5895390094008097,0.4062355544815064,-32.995946240757384,0.6446828499955886,0.5487146910676957,-17.27714068126708,-0.0556723255291284,-0.012238967418670657,3.4755442601698094,1.4881037705958415,1.4844109605014801,-0.08669939826901689
267.5399999998292,pick_play,pick,0.0,0.0,0.0,0.9863484574128842,0.25658204005405383,1.0235974596161623,-5.1793883643275915,-0.004276782590547901,-0.006613302180160841,-0.00040618006129545484,0.0022579542875735205,-0.00327086423437078,-0.004750748533597883,0.08009933782275762,0.26137392340921295,0.5895607970176641,0.40629936125373844,-32.98874156313162,0.6447204705339443,0.548390322590828,-17.342234323964266,-0.05568820425585647,-0.012237861007452014,3.476898953848266,1.4879367604201548,1.4842285255849839,-0.08706090673304627
267.5599999998292,pick_play,pick,0.0,0.0,0.0,0.9863485492935109,0.25896119005414026,1.0198980127332493,-5.184982884133938,-0.00426571057980376,-0.006515548093459971,-0.0004140902697593787,0.0021477541963773675,-0.0032428888811679357,-0.004880867950205343,0.07983961737220047,0.2601143754642884,0.5895867896590133,0.40636593964195256,-32.9817467979219,0.6447568992771402,0.5480727192411423,-17.405863761124902,-0.05570401482502612,-0.012237380445003512,3.47819855736703,1.4877692151455773,1.4840498606622696,-0.08732151566541499
267.57999999982917,pick_play,pick,0.0,0.0,0.0,0.9863485457349649,0.2612098228510857,1.0162578526307147,-5.190695612914146,-0.004246293770930253,-0.006407243040256268,-0.0004111048928754319,0.002034602698016576,-0.003188821869031954,-0.004978623541837318,0.07958420702352167,0.2588646173772011,0.5896158635153674,0.40643493201828007,-32.97478799036177,0.6447910064631566,0.5477613147745133,-17.467872898521694,-0.05571976624550684,-0.012237495929002765,3.4794462611381216,1.487601326836736,1.4838750253379822,-0.08748429654244724
267.59999999982915,pick_play,pick,0.0,0.0,0.0,0.9863484379863824,0.26333069257700925,1.0127007228343117,-5.196503025851512,-0.004219625729777334,-0.006287216091483857,-0.0004076149319787015,0.0019249064229255176,-0.0031146877005027115,-0.005059739406100127,0.07933333433458328,0.25762704361280114,0.5896478546706575,0.4065068152198792,-32.96783453878948,0.6448228281266453,0.5474577036151886,-17.52808735165887,-0.0557354378934701,-0.012238173931837085,3.4806412927839787,1.4874332661332752,1.4837036768854142,-0.08756123560334249
267.61999999982913,pick_play,pick,0.0,0.0,0.0,0.9863481105972179,0.26532904586530315,1.009240066788585,-5.202394508869692,-0.00418534318900173,-0.006154811516903046,-0.0004094397308833367,0.0018197556161779077,-0.0030298072750505017,-0.00513304736902527,0.07908802583985464,0.2564055755591455,0.5896833767806383,0.4065801289329529,-32.96130210821739,0.6448532885059526,0.5471617367515564,-17.58674769155066,-0.05575101276638452,-0.012239306420087817,3.481791245173017,1.4872651793336489,1.4835354129732132,-0.08756527136984338
267.6399999998291,pick_play,pick,0.0,0.0,0.0,0.9863475022302597,0.2672080558703989,1.005875360881475,-5.208361218662602,-0.004142463959603611,-0.006010773559476711,-0.00041352771398077995,0.0017166427972646974,-0.0029471129442459137,-0.005197851236572002,0.07884922924792763,0.2552037126528468,0.589722692702507,0.4066533830413819,-32.955479358958144,0.6448829889595323,0.5468732502708435,-17.6439662011999,-0.05576649797775063,-0.012241176515817645,3.482875591404428,1.4870971205458434,1.483367819613266,-0.08755470521095421
267.6599999998291,pick_play,pick,0.0,0.0,0.0,0.9863466282736169,0.2689667352645369,1.0025913224530965,-5.214391485818162,-0.004090587539863498,-0.00585660797609286,-0.00041817025212545077,0.001612051942225885,-0.0028793542060628844,-0.005252256527386448,0.07861778545983568,0.2540254162393711,0.5897654882570684,0.40672508742904667,-32.95053648389847,0.6449119183375926,0.5465916034231186,-17.699812291214347,-0.055781920546096056,-0.01224593371152878,3.483725557301601,1.4869286683837888,1.4831877316296578,-0.08783048667998195
267.6799999998291,pick_play,pick,0.0,0.0,0.0,0.986345450892486,0.2705780735949214,0.9993620615298636,-5.220469734703465,-0.0040307935288257535,-0.005696115580028306,-0.0004282022925236117,0.0014780214858770395,-0.002834761500276922,-0.005292296089143847,0.07839492828558942,0.25287473315106046,0.5898126485228589,0.4067927983055115,-32.94720531970359,0.6449399355277706,0.546315663720131,-17.754461808761892,-0.05579728508136174,-0.012256558239459994,3.484103389512412,1.4867586387604088,1.482976120239544,-0.08881242673029198
267.69999999982906,pick_play,pick,0.0,0.0,0.0,0.9863439417860037,0.27200688834034237,0.9961470175679242,-5.226584695885369,-0.003963203234162127,-0.0055299701851732035,-0.00044353595590160467,0.0013139347427962866,-0.002827338158529802,-0.005323056050568335,0.07818205228116759,0.25175589112059504,0.5898649659818107,0.40685442950820927,-32.945918840369785,0.6449666736992616,0.5460448351154328,-17.80792771786633,-0.05581267658165106,-0.01227378770709038,3.483959548612989,1.4865852841797005,1.4827203567088127,-0.09075407063269525
267.71999999982904,pick_play,pick,0.0,0.0,0.0,0.9863421376872149,0.2732310505871482,0.9928932214452776,-5.232735157650191,-0.0038878141029840396,-0.005356797005297913,-0.00046154101967040223,0.0011345666532675128,-0.002867916642097805,-0.005354112995703641,0.07798010691040677,0.2506715417999535,0.5899221101563453,0.40690923597908024,-32.946701304834576,0.644991532634068,0.5457779851207734,-17.86029221335909,-0.055828209701811675,-0.012297812104225161,3.483288406507781,1.4864065619473295,1.4824135194480896,-0.09376824243912908
267.739999999829,pick_play,pick,0.0,0.0,0.0,0.9863401711693434,0.27425795455664886,0.9895413372295101,-5.238933787672508,-0.0038045450479940704,-0.005174426442686501,-0.00047835327252729803,0.0009649151311752474,-0.0029606226332109333,-0.005397384793631952,0.07779011863280992,0.2496263260197834,0.5899821457919935,0.40695671107864384,-32.94917644566648,0.6450137562798698,0.5455153968582154,-17.911357413627638,-0.05584400027968039,-0.012329268455505374,3.4820481935994505,1.486220305454776,1.482051570242691,-0.09789809544591371
267.759999999829,pick_play,pick,0.0,0.0,0.0,0.9863382213614226,0.27511366155315975,0.9860360834630624,-5.245207989540092,-0.003713778861837804,-0.004982015659084326,-0.0004914108456198804,0.0008199053378793785,-0.0031010139220179534,-0.005466073471474545,0.07761275250507997,0.24862360301057101,0.5900423285592464,0.4069960203418732,-32.95294030077452,0.6450325634230445,0.5452565785894394,-17.961069292034,-0.0558602117986083,-0.012369136512279513,3.4801704937898075,1.4859776291649065,1.4816324825346947,-0.10010614745308566
267.779999999829,pick_play,pick,0.0,0.0,0.0,0.9863363802723049,0.2758093392124879,0.9823816686233324,-5.251566426797031,-0.0036193123818026997,-0.004784864292636805,-0.0004993335438143803,0.0006812523291146677,-0.003227963553426769,-0.005538537843304102,0.0774469645571988,0.2476546725726948,0.5901016911181252,0.40702743198966984,-32.95783490730485,0.6450474059793283,0.5449991014251709,-18.009775728750135,-0.055877304677297526,-0.012417524307966235,3.4777118088571575,1.4856417382526164,1.4811716715753556,-0.09982845600744612
267.79999999982897,pick_play,pick,0.0,0.0,0.0,0.986334563209644,0.276307654361078,0.9787125177921199,-5.257966045970192,-0.0035275566359369327,-0.00459150607815702,-0.0004971438682058595,0.0005059795429667963,-0.003227766031970377,-0.005570081014224564,0.07728863734626848,0.24669462184882773,0.5901626785630362,0.40705037977790837,-32.9648209230015,0.6450578675210958,0.5447356488952637,-18.058748819821787,-0.055896880786619224,-0.01247285604476929,3.4749952946125333,1.4852196504460693,1.4806805889070511,-0.09868936752168136
267.81999999982895,pick_play,pick,0.0,0.0,0.0,0.9863328754921232,0.2766174058572072,0.9750886251722051,-5.264394002868312,-0.003434032500590424,-0.004393405710293423,-0.0004838656047995375,0.00034344010689194037,-0.003183980471999507,-0.005594601014827174,0.07714052955331076,0.24576886126680908,0.5902240819624219,0.4070696916828156,-32.9724291017422,0.6450632244554562,0.5444825228700638,-18.104888740734324,-0.055921903139046394,-0.012532542645931247,3.4725303592138035,1.484724993184566,1.480119850760746,-0.09788021144757043
267.83999999982893,pick_play,pick,0.0,0.0,0.0,0.986331451055678,0.2767635974468286,0.9715431014087427,-5.270859790975733,-0.0033383852770744217,-0.004189525812001943,-0.00046070437581397834,0.0002037319649455151,-0.003112373813969106,-0.0056297394772749495,0.07700348615425903,0.24488184471584784,0.5902841301229658,0.40708357956504826,-32.98063466188918,0.6450628803866071,0.5442362364778519,-18.14872698632642,-0.055954932711070667,-0.012595477700233462,3.4705872390077017,1.4841577839192734,1.479479480809021,-0.09720527889400767
267.8599999998289,pick_play,pick,0.0,0.0,0.0,0.986330415526499,0.27677299481021983,0.9681041025063215,-5.277385417389247,-0.00324106699135815,-0.003980974730743584,-0.0004285357761459035,8.860617824832104e-05,-0.0030164614387377356,-0.005685137160498228,0.07687835612313718,0.2440385726659296,0.5903411002574993,0.4070917752037049,-32.98917793544976,0.6450563177118157,0.5439974006662369,-18.190068199386875,-0.05599785639003295,-0.012663173675537112,3.4691582978659294,1.4835149605893176,1.4787604476273537,-0.09650091196384088
267.8799999998289,pick_play,pick,0.0,0.0,0.0,0.9863299149944293,0.2767368165908114,0.9648201390920668,-5.284004878395868,-0.0031449328764558823,-0.0037639008759811597,-0.00038349260794152615,6.362410627913241e-05,-0.002874013117359654,-0.005769491208876644,0.07676531282581625,0.24324071606137115,0.5903917097163789,0.40709302690124516,-32.99756226563974,0.6450440433307878,0.5437648680458069,-18.229301019961856,-0.05605229610974112,-0.012737638503313067,3.4682017320054555,1.4827942991410563,1.477962140268135,-0.095760541669016
267.8999999998289,pick_play,pick,0.0,0.0,0.0,0.9863298475588118,0.2766814977035542,0.9617032528169004,-5.290819320194397,-0.0030558154481555855,-0.0035405989954621513,-0.0003466179430597047,5.026050129868538e-05,-0.0027309935056127775,-0.005958559180667022,0.07666392925921531,0.24248596047500787,0.5904361429145758,0.4070885267505646,-33.00589629618152,0.6450271964607671,0.5435379680643082,-18.26676343058093,-0.05611871885996592,-0.012822634726762774,3.4673806100351485,1.4819941017424838,1.4770830388129235,-0.094993626472231
267.91999999982886,pick_play,pick,0.0,0.0,0.0,0.9863300029886031,0.2765998315704476,0.958719917491771,-5.297952352959251,-0.0029766333449647337,-0.0033156286974276978,-0.0003227301383113984,3.087161072787143e-05,-0.0026195902854575376,-0.006249560844082181,0.07657288364360217,0.24177657027127622,0.5904764992129984,0.4070857253322602,-33.01336254934315,0.6450072160009097,0.5433153298149109,-18.30300656897378,-0.05619675707675704,-0.012914928793907168,3.4668815770721424,1.4811114124592015,1.4761173616111756,-0.09422102133013605
267.93999999982884,pick_play,pick,0.0,0.0,0.0,0.9863304889306851,0.27648882762194305,0.9558431901520663,-5.305329046741138,-0.002908232091660379,-0.0031096736255226526,-0.00029427232555319344,8.095828375987376e-06,-0.002529989850088747,-0.006446361185738164,0.07648894200423581,0.24110837453290826,0.5905124351666616,0.4070935931453705,-33.01807963330172,0.6449834186865309,0.5430922892341614,-18.338578268429277,-0.05628568686785072,-0.013010434061288836,3.4669570971439647,1.4801412387915314,1.4750573824108124,-0.09343990271566524
267.9599999998288,pick_play,pick,0.0,0.0,0.0,0.9863314516594107,0.27635035181544465,0.9530592982062818,-5.31284861780751,-0.0028508861620400497,-0.0029189638663685517,-0.00026018462487216795,-1.396166603589985e-05,-0.002450490085447649,-0.0065626446888157825,0.07641458525609059,0.24047636757314284,0.590542881378781,0.40708360936737065,-33.0249393553038,0.6449547935648292,0.5428646590957642,-18.374032790450737,-0.05638458350977673,-0.013116206228733066,3.466957804225573,1.479079170593301,1.4739021847904206,-0.0925957254145113
267.9799999998288,pick_play,pick,0.0,0.0,0.0,0.9863331132755547,0.2761847302967959,0.9502810777621485,-5.320477456428501,-0.0028024278676082965,-0.0027330780796064025,-0.0002247718172844342,-3.58984261749671e-05,-0.0024606785391187015,-0.006656236817168518,0.07634871132835322,0.2398703954547056,0.5905654843461182,0.4070496049175263,-33.03452113251728,0.6449197318773695,0.5426294293651581,-18.40956223280415,-0.056492849917305875,-0.01323332563042641,3.4667703819473226,1.4779220801358655,1.4726497496426583,-0.09170355597083543
267.9999999998288,pick_play,pick,0.0,0.0,0.0,0.9863358597331626,0.27597332432919586,0.9472473702261086,-5.328303847414459,-0.0027501311455953316,-0.002540657214529126,-0.00019763735169019627,-7.13917795751337e-05,-0.0027216296619793057,-0.006845077990090572,0.07629171903941656,0.23929209073000804,0.5905758484023403,0.4069952752838135,-33.045198208272716,0.644875100672055,0.5423863467226029,-18.444516789108935,-0.05660966225092828,-0.013360656052827838,3.4664067130811964,1.476667683890307,1.4712971190870285,-0.09080881718643762
268.01999999982877,pick_play,pick,0.0,0.0,0.0,0.9863400347587951,0.2755873689194052,0.9438449004034983,-5.33637546876738,-0.002689718092799397,-0.002374774093410711,-0.00015990998040675864,-0.00024498074637286575,-0.003039270844690703,-0.007063587910637453,0.07624219804897073,0.2387370971971825,0.5905731486312579,0.4069246437797547,-33.056468479026826,0.6448150239678032,0.5421331610927582,-18.478023468268045,-0.056733168348302596,-0.013499333709478381,3.4655514133165104,1.4753164038522826,1.4698507304251671,-0.08986177656316362
268.03999999982875,pick_play,pick,0.0,0.0,0.0,0.9863454224258386,0.27507722992579203,0.9403839434584799,-5.344754506187076,-0.002632857896984857,-0.0022177749811308264,-0.00010143342360341381,-0.0003397567437930848,-0.003046177154473709,-0.00734114347110661,0.07620186264985217,0.2382083567064287,0.5905589084064345,0.4068213787326813,-33.07163779064126,0.6447425718606027,0.5418693509349823,-18.511582760291564,-0.05686228849211811,-0.013644959032535556,3.464540357183751,1.4738697563021605,1.4683115671337128,-0.0889035470095692
268.05999999982873,pick_play,pick,0.0,0.0,0.0,0.9863522461099674,0.2744433856965213,0.9370707509998086,-5.353423263962234,-0.0025901309563475926,-0.002080409248133641,-1.0408242178378055e-05,-0.00044813362857772424,-0.0029018726055059655,-0.007591060244793625,0.07616750760261923,0.23769258169381796,0.5905324667377173,0.4066968646297455,-33.08835993504321,0.64465489205744,0.5415972110280991,-18.543650042479015,-0.056996691915506624,-0.013799189776182177,3.4632463425547306,1.4723262853821235,1.4666720296204567,-0.08796825138515221
268.0799999998287,pick_play,pick,0.0,0.0,0.0,0.9863608838797896,0.273638443070283,0.9339946098714926,-5.362362636889485,-0.002566014426235599,-0.0019615287489586027,0.00010723069376660578,-0.000597828051581581,-0.0026893970584731036,-0.00782151845095305,0.076140971252756,0.23720501998626187,0.5904925921872116,0.40656066801643376,-33.10467479539952,0.6445474458102443,0.541323849225998,-18.57202311134458,-0.05713604986407095,-0.013956601917743686,3.4620752706916695,1.4706790616804677,1.4649188036978722,-0.08702338440908237
268.0999999998287,pick_play,pick,0.0,0.0,0.0,0.9863724903147957,0.27278939685192405,0.9311689111465157,-5.371608392897476,-0.0025517398666139368,-0.0018356452829102281,0.00029055161075734347,-0.0006001363410574384,-0.002460507822437468,-0.008104044933566179,0.07611960566740154,0.23673341724731778,0.5904247995884919,0.4064116266021729,-33.1171634574025,0.6444133233466316,0.5410380300531388,-18.597309457461133,-0.05728145292341909,-0.014113656431436541,3.4614848928219173,1.4689176782987627,1.4630400503933907,-0.08599464873317456
268.1199999998287,pick_play,pick,0.0,0.0,0.0,0.9863892671505889,0.2719472443712321,0.9283627250083083,-5.38119658765816,-0.002532486515439794,-0.0017181465499829746,0.0005639878381549461,-0.0006063387479231768,-0.0025085266813020183,-0.008398953284681224,0.0760978796699732,0.23626296387732804,0.5903071883683765,0.4062577572116852,-33.11979873739502,0.6442346884508239,0.5407350298414231,-18.616126135992822,-0.05743395377770413,-0.014272659271955493,3.4613632771162597,1.4670321148938108,1.4610275815189362,-0.08486606362801068
268.13999999982866,pick_play,pick,0.0,0.0,0.0,0.9864131609610385,0.2710086764340296,0.9253028841330333,-5.391473601945685,-0.0025089555934603896,-0.0015842184580352856,0.0009029181376275799,-0.0006967887611117075,-0.002767319769884146,-0.00906004953443249,0.07607372551775392,0.2357870503377955,0.5901231200866875,0.4060819831142426,-33.11322752435282,0.6439933622609676,0.5403990533599854,-18.62837541963833,-0.05759243384896985,-0.014429281651973727,3.461842677400227,1.4650115581547856,1.458869044011879,-0.0836366831686235
268.15999999982864,pick_play,pick,0.0,0.0,0.0,0.986445402021704,0.26986280098501775,0.9218125280654531,-5.402873617511437,-0.002483798217103251,-0.0014343059107053023,0.0012822905038131895,-0.0008723737777571981,-0.0031646780190517283,-0.01008213731304895,0.07604796761446214,0.2353069343914754,0.5898623850263379,0.4058645155677796,-33.09957699093138,0.6436768115457435,0.5400219347724915,-18.63353585433406,-0.057754365677615487,-0.014582134038209918,3.4627581686292976,1.4628456421052964,1.4565550203383446,-0.08230800180069814
268.1799999998286,pick_play,pick,0.0,0.0,0.0,0.9864866301097363,0.26845329424696235,0.9178469041974306,-5.415522443899171,-0.0024631706109487276,-0.0012932805121462414,0.0016879560890096647,-0.0010898373175285746,-0.0035887274462006406,-0.011162849261027865,0.07602051210859712,0.2348169650687435,0.5895199916611931,0.40558899309730534,-33.081293493794654,0.6432783344737154,0.5395893540630341,-18.633417702070176,-0.05791691053570477,-0.014731801301240924,3.463820184999049,1.4605258319788967,1.4540790284932137,-0.0808956997413619
268.1999999998286,pick_play,pick,0.0,0.0,0.0,0.9865375178348885,0.26683764991646397,0.9134660553164249,-5.429137588810099,-0.002456793142229577,-0.001181910422116647,0.00213652283528663,-0.0012455912770888726,-0.003948303376985857,-0.011968316050956735,0.07598796318982143,0.23430909692922727,0.5890894858587673,0.40525473024940495,-33.057230647564346,0.6427933598622858,0.5390915807733536,-18.629114792677804,-0.05807828098138607,-0.014880470186471942,3.46477482355816,1.4580456654560832,1.4514369483054161,-0.07941151389909748
268.2199999998286,pick_play,pick,0.0,0.0,0.0,0.9865985648576914,0.2651021952719038,0.9088135874040004,-5.443526721004426,-0.0024668080133338835,-0.001085664592341,0.0026220643669797074,-0.0013312759697361772,-0.004174556079773586,-0.012629536576833108,0.07594369530491775,0.2337678920484712,0.5885654224131374,0.4048714723834992,-33.02473267650253,0.6422191391753425,0.5385217305669785,-18.621508900863248,-0.058237083392403265,-0.015031258761882785,3.465276426968815,1.4554009785860114,1.4486280719697953,-0.07785020564084508
268.23999999982857,pick_play,pick,0.0,0.0,0.0,0.9866698537325649,0.2633161862497663,0.904069339630934,-5.458625650710934,-0.002490464545024359,-0.0009966333838151299,0.0031277617469812986,-0.0013597967163724786,-0.004239785988535773,-0.013244464190617018,0.07588629175908462,0.23319413233750796,0.5879462340354106,0.4044391300926209,-32.983829771033236,0.6415559049562974,0.5378868069896698,-18.609601870592563,-0.0583920153102784,-0.015186119079589847,3.4650711023778045,1.452589061522985,1.4456500451028824,-0.07624775820707305
268.25999999982855,pick_play,pick,0.0,0.0,0.0,0.986751094886577,0.2615683404931822,0.8993783355588462,-5.47445199436145,-0.002523628083815705,-0.0009077806321029997,0.0036301433046513404,-0.0013065477689803923,-0.004186335177054157,-0.013884794876477612,0.07582000763156399,0.23262363908886008,0.5872327372196822,0.40395990874862675,-32.93445438651879,0.6408075494621837,0.5372101750621796,-18.590189699725826,-0.05854247662218544,-0.01534734591841698,3.4639681501219983,1.4496064236248813,1.4424972276151657,-0.0746218991022157
268.27999999982853,pick_play,pick,0.0,0.0,0.0,0.9868418861011634,0.25994158259624245,0.8948360107678204,-5.491051061915708,-0.0025654105062134685,-0.0008188293011843449,0.004121362697588435,-0.0011830562860136993,-0.004053525768587042,-0.014565985631181156,0.07574569955158549,0.2320410323463745,0.5864266539241025,0.4034185197601319,-32.8797347765608,0.6399787202254253,0.5364779916057587,-18.566645007447686,-0.05868850927430775,-0.015510945767164233,3.4623243772755017,1.4464541434833043,1.4391795436800003,-0.0729368708561077
268.2999999998285,pick_play,pick,0.0,0.0,0.0,0.9869418842787394,0.2584905661859219,0.8904950376788046,-5.508460419961362,-0.0026148743608392236,-0.0007333638124568533,0.004600572796521742,-0.001014835694207308,-0.0038800284228596494,-0.01527865669460259,0.07566532045079517,0.23144937982543118,0.585529696724013,0.4028139498481751,-32.82015938758766,0.6390729902614714,0.5356928047189713,-18.539065909242797,-0.058830441910238195,-0.015674646198749545,3.4603626339110445,1.443135423646453,1.4356989453495026,-0.07127631312268493
268.3199999998285,pick_play,pick,0.0,0.0,0.0,0.9870508017358678,0.25724653782373963,0.8863742543377908,-5.52670588410616,-0.0026695014438847934,-0.0006550892433719097,0.005067133501633879,-0.0008212177147347041,-0.00369316706593305,-0.016012728005639656,0.07557949371886175,0.23084818954652192,0.5845434908662821,0.40214703347778324,-32.7558642648449,0.6380930517856159,0.5348541822681427,-18.507948452146863,-0.05896873441883266,-0.0158372700214386,3.4582211029402923,1.4396510558417115,1.4320514838159561,-0.06966114255141442
268.3399999998285,pick_play,pick,0.0,0.0,0.0,0.9871683818281697,0.2562261211346443,0.8824741828266681,-5.545807656501961,-0.0027265144796396043,-0.0005869033622920119,0.00552090915347611,-0.0006140870131453707,-0.0035073992395308973,-0.016764025530425927,0.0754883314411755,0.2302357498767224,0.5834696011953652,0.40141803886985783,-32.687078340819475,0.6370410780173636,0.533960351015091,-18.473964402119968,-0.0591038956208494,-0.015998105704784396,3.4560000084494478,1.435999134972909,1.4282331804693222,-0.06805397854171308
268.35999999982846,pick_play,pick,0.0,0.0,0.0,0.9872943929840158,0.2554318290652403,0.8788164163535384,-5.565788037067802,-0.0027845796332107335,-0.0005311602217109545,0.005965977954106976,-0.00040634746405836887,-0.003298354762470947,-0.017535518804956324,0.07538702588326733,0.2295805026129668,0.5823097373284579,0.4006198730716706,-32.615397316685346,0.6359186353497344,0.5329969462404252,-18.439935954530792,-0.05923635346845242,-0.016155417263507846,3.4538674421440843,1.4321756914789723,1.42423828346138,-0.06643026453909737
268.37999999982844,pick_play,pick,0.0,0.0,0.0,0.9874286563950884,0.254843832197892,0.8754055140376154,-5.586668067544578,-0.002841365849150455,-0.0004893870196344426,0.006402357564807459,-0.00019272892119317353,-0.003090747467792388,-0.018324477425912675,0.07527972359364964,0.22891126276253645,0.5810654925564951,0.399763413930893,-32.53899042134195,0.6347264692845546,0.5319830265293122,-18.4026543312301,-0.05936321233136606,-0.016310337185859683,3.4512821753340646,1.4281759739887685,1.4200627694786072,-0.06474972084153346
268.3999999998284,pick_play,pick,0.0,0.0,0.0,0.9875710674373246,0.25435451996645764,0.8722173335502947,-5.608776040162786,-0.0028939900484681435,-0.0004385971422184518,0.006831186821894309,-0.00010536408438987583,-0.002908301020266149,-0.019463270351478237,0.07516665954715229,0.22822344787101836,0.5797389038981695,0.3988483634243012,-32.45858361025687,0.6334625597201361,0.5309101131210328,-18.36279163188673,-0.05948539555707742,-0.016463305056095126,3.4485781660488954,1.4239963634709143,1.4157017509401322,-0.06306257810970772
268.4199999998284,pick_play,pick,0.0,0.0,0.0,0.9877215726216735,0.25389323001952885,0.8692129925896693,-5.632800130632653,-0.0029398375545158307,-0.0003408352242197502,0.0072539604695784025,-6.477799219886888e-05,-0.0027635142154591435,-0.02122708087863815,0.0750521638149286,0.22752725107403696,0.5783294583707315,0.39785982039070134,-32.37646403537096,0.6321249635079282,0.5297886964330674,-18.318234187198225,-0.05959892087273315,-0.0166176475584507,3.4448813370207723,1.4196347776900284,1.4111602793395996,-0.06131863125148293
268.4399999998284,pick_play,pick,0.0,0.0,0.0,0.9878802703995276,0.2534345788820757,0.8663457413208223,-5.659255656971503,-0.0029803749049904945,-0.00021490196924180445,0.007677961976637304,-3.868374535967754e-05,-0.00266224965755038,-0.023394962090149258,0.0749381853161355,0.22681815295892094,0.5768345900786253,0.39678732421493534,-32.29388908654191,0.6307114735835363,0.5286210116395951,-18.268163513831528,-0.05970442031194571,-0.016762043535709384,3.4413498484112797,1.4150865634573582,1.406422395533371,-0.059629624539223686
268.45999999982837,pick_play,pick,0.0,0.0,0.0,0.9880473537385723,0.25297701138999734,0.8635784167687267,-5.688317627710744,-0.003018568823693967,-8.911501275776256e-05,0.00810846784234956,-9.744262473091608e-06,-0.002592250556735912,-0.025683101725830347,0.07482409585026978,0.22608945514630313,0.5752513227398544,0.3956311133155823,-32.21023597006095,0.6292197753378651,0.5274035420665741,-18.212797149927365,-0.05980420487447605,-0.01689155697822571,3.4386638097194213,1.4103434096765206,1.4014774898946762,-0.057940899110829336
268.47999999982835,pick_play,pick,0.0,0.0,0.0,0.9882230108524768,0.25251009745610703,0.8609059428129813,-5.7199549458793095,-0.0030565965633730426,1.8413340630304035e-05,0.008548255884124549,1.4958658044296924e-05,-0.0025223184078275685,-0.027926646409805005,0.0747084197984575,0.22533805055239903,0.5735776232372252,0.3943946745643616,-32.1245787195064,0.6276474514866174,0.52612786855793,-18.153212108884674,-0.0598994110983414,-0.017005822807550433,3.4368824949125623,1.4053955401550953,1.3963168154418946,-0.05618845065552236
268.49999999982833,pick_play,pick,0.0,0.0,0.0,0.9884074072945036,0.25205913193144985,0.8583639056543293,-5.754047692706014,-0.0030957859849447085,0.00010129197974167528,0.009000530697708392,4.2255039246221556e-05,-0.002416719682044277,-0.030060425800358094,0.07458946346719442,0.22455983850196265,0.5718111016995697,0.3930783953914643,-32.03652203813818,0.6259930189567326,0.5247864511260987,-18.090442073880723,-0.05998998110563679,-0.017105902731418612,3.435845053253829,1.400231855104238,1.390927452868271,-0.054372085967327344
268.5199999998283,pick_play,pick,0.0,0.0,0.0,0.9886007134131977,0.25169701246816323,0.8560230488598107,-5.790464406546071,-0.0031370632798496815,0.00016584037625553028,0.009469184276412707,0.00015340451542039245,-0.0022452969181261996,-0.032080842823448585,0.07446644760034517,0.22375370277222364,0.5699481869951237,0.3916798618087769,-31.94561175554536,0.6242559336245215,0.5233764883527756,-18.025113357638613,-0.0600752901042578,-0.0171933688223362,3.435357299268801,1.3948396918345876,1.3852950672567368,-0.052478390719556234
268.5399999998283,pick_play,pick,0.0,0.0,0.0,0.9888031228929632,0.2515275566387163,0.8539782886755876,-5.829107737129196,-0.003181229993139439,0.00021922243160606665,0.009957480790014253,0.00037275995042529246,-0.0019886304765031845,-0.03402146477532607,0.07433756560101358,0.22291371769413484,0.5679842552843842,0.39020229246711735,-31.85034811606023,0.6224359942145602,0.5218919452676773,-17.95832012655057,-0.060154250690188434,-0.017270731925964358,3.4351095321382243,1.3892037431404602,1.3794009874523163,-0.050496041532469144
268.5599999998283,pick_play,pick,0.0,0.0,0.0,0.9890147614953211,0.2517967396105253,0.852307766881275,-5.869923728877032,-0.003228210583813753,0.00028053282237015077,0.01046104760314082,0.0008174015063987211,-0.0016328635307640883,-0.035916836966425426,0.0742000071873864,0.22203096163410369,0.5659115455586498,0.38865003850555424,-31.748402214430172,0.6205367166137796,0.5203380074748993,-17.890052458214857,-0.06022678269443197,-0.017340275645256045,3.4349469205624916,1.383309918218302,1.37323511046772,-0.04837920768531884
268.57999999982826,pick_play,pick,0.0,0.0,0.0,0.9892356773622389,0.2527442158307764,0.8509706598767,-5.912913500265755,-0.0032801956981085684,0.0003493045449416354,0.010964847583997012,0.001460622070965841,-0.0012862449493755838,-0.0378195270913171,0.07405709668216681,0.22112069801394332,0.5637224152412407,0.38702318933105473,-31.638397205736783,0.6185623971277947,0.5187249567756653,-17.819238853499307,-0.06029226652480408,-0.01740514785051346,3.43450378457245,1.3771453184964118,1.366785440868187,-0.046140819089948604
268.59999999982824,pick_play,pick,0.0,0.0,0.0,0.9894658825881678,0.25452355792710096,0.8498810265632202,-5.958112115961708,-0.003340396680235603,0.0004170735059979857,0.011456516867712287,0.0022283985802905295,-0.0010598599120774988,-0.03975598759964098,0.07392009863431964,0.22023526462551232,0.5614113003815335,0.38532356288528447,-31.519002782230725,0.6165158603834654,0.5170671578893662,-17.74365087274403,-0.060349493575185875,-0.0174641527235508,3.433824524589139,1.3706957606502501,1.3600340525568009,-0.04384391274913996
268.6199999998282,pick_play,pick,0.0,0.0,0.0,0.9897053665222277,0.2571767746783027,0.8492360074129117,-6.0055762595729965,-0.0034100778424393263,0.0004669683691583135,0.011969234533084232,0.0030194235891076123,-0.0006573241987458329,-0.041747126188265135,0.07376805365931614,0.21923178857807066,0.5589767226007039,0.38351244595146183,-31.397295992863842,0.6143966298225738,0.5152905669460297,-17.6763009316009,-0.060400345662968265,-0.017507909983396533,3.434063498460861,1.3639434808064532,1.3529561500013352,-0.041533262845680874
268.6399999998282,pick_play,pick,0.0,0.0,0.0,0.989954185018201,0.2606754706280309,0.8491401702158933,-6.055348178449717,-0.0034934644813712397,0.0004889226176206353,0.012480569304000075,0.003781916722020131,-0.0003277566074556511,-0.043775528722055444,0.07360141026839087,0.21813997097170656,0.5564179142186438,0.3816284623394013,-31.26614278284813,0.6122023666061686,0.5134463694343567,-17.607379388356502,-0.06044603518452928,-0.01754061803221703,3.4348013051098043,1.3568663604868254,1.3455294261634827,-0.03902611605341805
268.6599999998282,pick_play,pick,0.0,0.0,0.0,0.9902122880862014,0.2649586730036065,0.8496814010156566,-6.107441041980934,-0.0035832272769417525,0.00047380744009365626,0.013009112975343365,0.004489026638935153,0.000211500248885603,-0.045809482588423205,0.07342339457155916,0.21695986785348864,0.5537359536090873,0.3796627011547089,-31.12772822160548,0.6099310728064109,0.511525162721634,-17.5383392039929,-0.06048376118879289,-0.017563226819038394,3.4355458566338206,1.3494377479773443,1.337722722715187,-0.03630217728786006
268.67999999982817,pick_play,pick,0.0,0.0,0.0,0.9904795652391701,0.26995894761927736,0.8508997920304313,-6.161856876786557,-0.0036827956893692713,0.0004238386283570005,0.01353226603933953,0.005137712238702816,0.0007508407697397596,-0.04784523492352699,0.07323409798134607,0.2156898991959936,0.5509323956114581,0.3776226129779816,-30.98088999082321,0.6075811713948621,0.5095387783298493,-17.46674587255814,-0.0605117630851969,-0.017578001320362094,3.4360395714098266,1.341627068264714,1.3295003066719056,-0.03335316524081583
268.69999999982815,pick_play,pick,0.0,0.0,0.0,0.9907558928193817,0.27560263592784434,0.8528016682989114,-6.218594020666518,-0.003792219623570388,0.0003457499107711135,0.014052826546404235,0.00572886117735896,0.0013285192881841179,-0.04987877684407609,0.07303817048113702,0.21433433283765563,0.5480089104069029,0.375500479007721,-30.827324559723376,0.6051510260709332,0.5074776050100327,-17.394090991930348,-0.060533785047103626,-0.017581987380981448,3.4371555475767295,1.3333985370725947,1.3208211849391938,-0.030124616432205098
268.71999999982813,pick_play,pick,0.0,0.0,0.0,0.9910411403395895,0.2817763950068336,0.8553476096594299,-6.277659337926618,-0.0039150303167612985,0.00023428336658386033,0.014565891524979528,0.006214142949562696,0.0019091920518237004,-0.05191739317879505,0.07283620376825041,0.21289152435103303,0.5449681481369283,0.37330428626632695,-30.666231961448478,0.6026380995176606,0.5053373363265992,-17.320541395541067,-0.06055179482464567,-0.01756783872842789,3.4395113445821575,1.324718843108806,1.3116603086650849,-0.026533484575503252
268.7399999998281,pick_play,pick,0.0,0.0,0.0,0.9913350175969804,0.2883766058378364,0.8589077286571446,-6.339024285545962,-0.004044269668909562,8.749813015720542e-05,0.015102877217979266,0.006598879021015241,0.0028133770876089675,-0.05392910364075252,0.07262861445255427,0.21135400691204792,0.5418156864770053,0.37103269364929203,-30.499090088185028,0.6000405991237682,0.5031097915420533,-17.247266693145967,-0.06056731556561385,-0.017535484582185748,3.4432554541120224,1.3155605972611695,1.3019969950378418,-0.022621781989168643
268.7599999998281,pick_play,pick,0.0,0.0,0.0,0.9916373423062669,0.2953030097059934,0.8637566518580234,-6.402590561068861,-0.004175492266834185,-9.773743019804523e-05,0.01565682843029896,0.006901112611886808,0.003939372560495587,-0.0558456196198557,0.07242308533985198,0.20977744865713874,0.5385556549787566,0.36871404316520695,-30.321309392786898,0.5973561773540945,0.500834637547493,-17.166782155647955,-0.06058104312244522,-0.017489708214998248,3.447964634338042,1.3059079454303366,1.2918307076156617,-0.018426447859206052
268.7799999998281,pick_play,pick,0.0,0.0,0.0,0.9919480500045212,0.3023892997237698,0.8701186386794202,-6.468191395331489,-0.0043063361938463825,-0.0003342548391344157,0.01623112261566115,0.0070516059202619975,0.0052618921852736434,-0.05761109428880839,0.0722113231516086,0.20809444287017476,0.5351928008303348,0.36632976796722416,-30.13718946153575,0.594579755961926,0.4984664258012772,-17.086086968598917,-0.06059302594314284,-0.01743303164839745,3.4534081478778487,1.295742363286714,1.281127680367279,-0.014160709656531878
268.79999999982806,pick_play,pick,0.0,0.0,0.0,0.9922672226319955,0.30953506409026715,0.8781856912284781,-6.53553163012958,-0.004433755915858871,-0.0005964551628581877,0.016829119043882866,0.007124758287637392,0.006746351016430144,-0.05910107761212355,0.07198898108952698,0.20627697655575447,0.5317287008358986,0.36388374235725407,-29.946052386281313,0.5917065183620073,0.49601032700634007,-17.003421401668017,-0.06059936977691206,-0.017361945658922198,3.4592786246891536,1.285031033502458,1.2698642502487183,-0.009100588314848168
268.81999999982804,pick_play,pick,0.0,0.0,0.0,0.9925950583753458,0.31666827201240033,0.8881197483460135,-6.6042589141023065,-0.004554271293686391,-0.0009087552193231998,0.01745372126623528,0.007132075597630538,0.008370605613043331,-0.06028405163218654,0.07174747832718668,0.204246032529058,0.528162681050541,0.3613514092216492,-29.752047859104426,0.5887313568258139,0.4934628095874787,-16.918465794173994,-0.06060197473103044,-0.017224184423685077,3.470303143016338,1.2737495567771464,1.2579883228004456,-0.004276452211653348
268.839999999828,pick_play,pick,0.0,0.0,0.0,0.9929314535271894,0.3236982109864657,0.9000841725289,-6.673985625132867,-0.004654709254149273,-0.0013072656217838906,0.018086872513338827,0.007053428447582923,0.010139657652445339,-0.061123059449471696,0.07147232119419544,0.20196040459050127,0.5244979249019668,0.3587796774158478,-29.54763072279295,0.5856513953322192,0.49081827070808415,-16.83188966344282,-0.06060384379313709,-0.01703639999032021,3.4854197751601523,1.261886292172615,1.245514501160431,0.0004892613098184673
268.859999999828,pick_play,pick,0.0,0.0,0.0,0.9932754471103504,0.3305257016166656,0.9142537153485834,-6.744189367461357,-0.004720520266458012,-0.001812762365096802,0.018684173085522893,0.006884567786760211,0.012066499604404136,-0.06148545582181256,0.0711527936896556,0.19941123834216556,0.5207473693463596,0.3562355723628998,-29.32380487095514,0.5824716577705641,0.48807729151344303,-16.745110234720986,-0.06060077629994873,-0.01682938933372498,3.5015119654612654,1.2494710802218045,1.2325537095726014,0.005634109825049971
268.879999999828,pick_play,pick,0.0,0.0,0.0,0.9936253671318448,0.3370913186061793,0.9308204564962461,-6.814283911765362,-0.004745066665416751,-0.002423943376868276,0.01921492600799356,0.006664083973845701,0.014168281759172103,-0.061321102756884176,0.0707749547607257,0.19650695994750772,0.5169303238731954,0.35371492173767094,-29.085279309855828,0.5792046806740208,0.4852016356239319,-16.667840236440075,-0.060589398761362934,-0.016599673032760623,3.51868892720032,1.2365526631221389,1.2191432009399414,0.010404443370970018
268.89999999982797,pick_play,pick,0.0,0.0,0.0,0.9939791493710709,0.34343577963314564,0.9498590068381171,-6.8840886036434075,-0.004720230176037099,-0.0030831199295707364,0.01964669269025459,0.0064919879983010575,0.01631785419481983,-0.06102546559857981,0.07034807378123903,0.19328285096375544,0.5130654555763834,0.35124737885093693,-28.830013201329216,0.5758695339832082,0.48224137094116215,-16.594990970475823,-0.060567851894582116,-0.01635200083255768,3.536375691997017,1.2231770725030522,1.2053142975032807,0.01458786619668384
268.91999999982795,pick_play,pick,0.0,0.0,0.0,0.9943345847165957,0.34973595664925283,0.9712254044643521,-6.953270636306118,-0.004639614754905892,-0.0037770920010196103,0.01995077870469039,0.006492000181120072,0.01831838666037989,-0.0605160386701305,0.06988938190080828,0.1897796321224558,0.509168950962401,0.34884447720146183,-28.558614533474902,0.5724912563531774,0.47922889258956913,-16.525693056590498,-0.060536675669800255,-0.01609114855527878,3.5543540767990187,1.2093747511841797,1.191080916947174,0.018320868476719543
268.93999999982793,pick_play,pick,0.0,0.0,0.0,0.9946893993737502,0.3562417699593122,0.9947645828223907,-7.021397202289096,-0.004504209366212015,-0.004518810538006758,0.02012770668824965,0.006709284955441372,0.020201291410176233,-0.05960886246253618,0.06938038329040822,0.1900113870577007,0.5052564411188362,0.3464631822357178,-28.281686568992182,0.5690976854859556,0.4760956552276612,-16.477524771753483,-0.060493365151703254,-0.015814329683780673,3.5724375456663164,1.1951593985238158,1.1764398704231263,0.021763818090143494
268.9599999998279,pick_play,pick,0.0,0.0,0.0,0.9950412895092657,0.3632875117252026,1.020281746172944,-7.087704812420359,-0.004313361542267485,-0.005316912176604432,0.02016823239245897,0.0072242762430079766,0.021901508249765767,-0.05806344557410546,0.06883265643062597,0.19040352685147527,0.501342671752167,0.3441503730068207,-27.993368081438735,0.5657206542962125,0.4729191150913239,-16.44258850952021,-0.06043415649537582,-0.015536199510097506,3.5890881076829038,1.18052599974877,1.1613708029449463,0.02517819076879002
268.9799999998279,pick_play,pick,0.0,0.0,0.0,0.9953878261951891,0.3712913119758859,1.047504954245475,-7.151209888701671,-0.004062432304729586,-0.0062141086561427385,0.02006151493827525,0.008093452411227699,0.023371537398774404,-0.05535289828280269,0.06825582361045018,0.1908988228932536,0.49744221481480067,0.34192276861763005,-27.69336383004511,0.5623967454265097,0.4697285082588196,-16.42256399590019,-0.060358523286458174,-0.015257331728935244,3.604488722984374,1.1654597853276207,1.1458535681427002,0.0288085145732897
268.9999999998279,pick_play,pick,0.0,0.0,0.0,0.9957262704412081,0.3807439336558135,1.0760940484949413,-7.210883893263705,-0.003747262091307071,-0.007160374370494785,0.01978039215937198,0.009380439018669145,0.024538448225651665,-0.05184717313654629,0.06766096458995934,0.19154263149195067,0.4935712908522116,0.339826890493393,-27.376076635056915,0.5591685889520795,0.4665692832717896,-16.417346786543376,-0.060266055005444,-0.014938472956418994,3.6217103892316382,1.1499459676576094,1.1298750529945374,0.03256954028663661
269.01999999982786,pick_play,pick,0.0,0.0,0.0,0.9960535724182086,0.3920623987210707,1.1054793811700294,-7.265980815928507,-0.0033684952935411796,-0.008123136289045298,0.01928594101498535,0.011001819906637553,0.025180520212300918,-0.047810977016620994,0.06706032615350731,0.19241299323792804,0.48975006036224117,0.33789319660758976,-27.040140401475018,0.5560808254797521,0.4634530928382874,-16.433111125285258,-0.06015409114533819,-0.014579783380031588,3.6400722618591326,1.1339831936927658,1.1134539435565949,0.03651576886309649
269.03999999982784,pick_play,pick,0.0,0.0,0.0,0.9963674003409314,0.40552481483822533,1.134884946642157,-7.316702796293451,-0.002907589438089976,-0.008951539897844436,0.018602946245378123,0.012854425740536062,0.025125912411668356,-0.044044836286937984,0.06648709514547071,0.1936265864034264,0.48599039559792295,0.33606989052391056,-26.69638440307222,0.553167184776926,0.4603191998252869,-16.48615249841117,-0.06002024306370465,-0.014231889694929126,3.6554909699828886,1.1176114085233646,1.0966919253528595,0.04065578535262271
269.0599999998278,pick_play,pick,0.0,0.0,0.0,0.9966675210154076,0.42113800317650024,1.1634415804750424,-7.3639713914390335,-0.0023549823480582504,-0.009611073142361306,0.017837662296868752,0.01469338931898932,0.02430097831698546,-0.041148155604546426,0.06597661842219356,0.1952959066161527,0.48228610902027896,0.33427322771644596,-26.357311786347065,0.55043492118884,0.4571999099502564,-16.569780591165795,-0.059865553426061716,-0.01390221640467644,3.6679281848413527,1.1009106986943928,1.0797001908481598,0.04438732771071674
269.0799999998278,pick_play,pick,0.0,0.0,0.0,0.9969559793605695,0.43857129585489424,1.190294589289145,-7.409065336950211,-0.00171910999525726,-0.010179140456535016,0.017107128489588858,0.01621726619400858,0.02272674757330831,-0.03938137435215417,0.06555487602304187,0.19744894189562034,0.4786149920968666,0.3324377324829102,-26.02947121632299,0.547860759590835,0.4541352477321625,-16.670111188474596,-0.05969155682151915,-0.013579270988702777,3.6784163226341957,1.08397158947916,1.0625619779289246,0.047289793967228766
269.0999999998278,pick_play,pick,0.0,0.0,0.0,0.9972357539549492,0.45734706943902487,1.2146625699544507,-7.453513296265145,-0.0010191491771080587,-0.010640703146122662,0.016455149662033916,0.017366890783788662,0.020469523703453542,-0.0389759961859937,0.06524664876759136,0.20010087560353207,0.47494859098515496,0.33054653670883183,-25.71008041282569,0.5454076240219013,0.4511886027107239,-16.768452551711118,-0.05949920241923591,-0.013266085833311084,3.68709932821531,1.0668685640457758,1.0453243146598816,0.04929489145586918
269.11999999982777,pick_play,pick,0.0,0.0,0.0,0.9975096210721921,0.47691236376469165,1.2361014165643764,-7.4986455634113875,-0.0002859836794824856,-0.011037192159549777,0.01590042015418729,0.018029369141858403,0.01786653062130629,-0.03967154911513428,0.06502780738062697,0.20296129353143222,0.4712656100244049,0.3285345819244385,-25.408070961394735,0.5430360501125756,0.4482944991836548,-16.868751198840975,-0.059287139426560456,-0.012943196296691897,3.694907823399661,1.049657143842283,1.0280226360023499,0.050565686854345704
269.13999999982775,pick_play,pick,0.0,0.0,0.0,0.9977795299027966,0.4969788174722983,1.2544336561122171,-7.544963616032446,0.00045329419521002173,-0.011377378584208587,0.015422779666354565,0.01847151861021138,0.015119263229430703,-0.040723135515889415,0.06490440717115555,0.20597150333348563,0.46754965113146263,0.326422372127533,-25.116858952614603,0.5407208874404249,0.44552458193397526,-16.954970958558768,-0.05905703846294352,-0.01261342987418175,3.7019222316091245,1.0323858359691118,1.0107096920669556,0.051395126470985986
269.15999999982773,pick_play,pick,0.0,0.0,0.0,0.9980466394605612,0.517363742463606,1.2696500783390088,-7.592532939510435,0.0011744878699446644,-0.011657399040150968,0.014999888455434344,0.01877250127644943,0.012382621489017566,-0.041793491197416946,0.0648749587099446,0.20901282429858287,0.46379208080858675,0.3241958108196259,-24.83799536372859,0.5384468026428636,0.4428547408828736,-17.029475340329665,-0.05881159975140112,-0.012277680635452273,3.7083520162655987,1.0150989139092967,0.9934239278495789,0.05178996286574855
269.1799999998277,pick_play,pick,0.0,0.0,0.0,0.9983114324670256,0.537901060583125,1.28195864939414,-7.641199720962997,0.0018553209165163413,-0.011868311670662695,0.0146202419993633,0.018925197588857197,0.009855372245357945,-0.042710156164777933,0.0649299442070914,0.21194861941610593,0.45999348530285017,0.3218410697231293,-24.574809428945386,0.5362046559623216,0.4402663197765351,-17.094387157951722,-0.058555129310804366,-0.011928781121969226,3.715204809990567,0.997857459145232,0.9762591014564515,0.05188916749947747
269.1999999998277,pick_play,pick,0.0,0.0,0.0,0.9985738835764864,0.5584253692170518,1.2917726387622137,-7.690690439623573,0.002412493869204395,-0.012005725230284276,0.014276155432643978,0.018917662918892547,0.007710256662122507,-0.04337814310023439,0.06505231484492319,0.2146444746509975,0.4561629798542127,0.31935379769897465,-24.33057693674784,0.5339891580270467,0.4377507057437897,-17.15056232690335,-0.058292818304409265,-0.011565230041742328,3.723039690439242,0.9807354033809492,0.9592927585304261,0.05139637288248222
269.2199999998277,pick_play,pick,0.0,0.0,0.0,0.9988338505123266,0.5787907004062551,1.2996272611905633,-7.740661435523414,0.0028834868293351823,-0.012049615148772015,0.013977910295462567,0.018779237715072828,0.00604614844149167,-0.043743210819638945,0.0652242257909484,0.21700213860359668,0.45231135929002947,0.31673700478172306,-24.106630442319585,0.531796140195247,0.4353080775985718,-17.197341457777878,-0.05803028839620755,-0.011195074021816256,3.7317098856161786,0.9637960434755399,0.9425624499977112,0.05012528005387695
269.23999999982766,pick_play,pick,0.0,0.0,0.0,0.9990912829045994,0.5988502619680972,1.3061180507865253,-7.790709841823679,0.0032899246365925383,-0.011989274751769882,0.013735232477799609,0.018500652994230808,0.004910702962136992,-0.04375422723868172,0.06543159072749825,0.2189744685449218,0.4484482291846378,0.31400523450469975,-23.90205827232256,0.5296206648842613,0.4329400446662903,-17.23348391642885,-0.057774224353461585,-0.010823267698287967,3.741405567719997,0.9470862423726939,0.9260988126457215,0.0482340194701264
269.25999999982764,pick_play,pick,0.0,0.0,0.0,0.9993462419453195,0.6185029040515991,1.3117829389377542,-7.8403817517570396,0.0036388450150831777,-0.011811473423782625,0.01354598833514661,0.018133392418492555,0.004236999601201701,-0.04340466266073413,0.06567151938003608,0.22063875013924478,0.4445803664651742,0.3111890342483521,-23.712341845430387,0.5274584751989561,0.43069616820907597,-17.24934095914067,-0.057532310241055845,-0.010472393780946734,3.7509877490870513,0.9306365215853136,0.9099162707984925,0.04588171863115842
269.2799999998276,pick_play,pick,0.0,0.0,0.0,0.9995989163512654,0.6377041235338397,1.317179563915675,-7.888716669864865,0.0039329512428883774,-0.011575124448097433,0.01342216496849528,0.017709181160340835,0.004072604784633206,-0.042098568952054626,0.06592405215798024,0.22194057419178143,0.4407135325667054,0.30827031400299076,-23.5417237882587,0.5253058447123229,0.4285327580223084,-17.252150924722617,-0.057312158831875286,-0.01014736592769623,3.7606629523949646,0.9144604284886674,0.8940118442237854,0.04323875032700697
269.2999999998276,pick_play,pick,0.0,0.0,0.0,0.9998496147644119,0.6564373593596193,1.3228923564366923,-7.934186281704543,0.004177494064189115,-0.011324258120856285,0.0133716226563081,0.017243776760976454,0.004432665745799716,-0.03944368407930444,0.06617586825286927,0.2229123144976244,0.4368534837551449,0.30528611805534367,-23.384574811712643,0.5231592722055254,0.4264586951980591,-17.239718936027725,-0.0571209535189604,-0.00985657721757889,3.770308641779501,0.8985608561348265,0.8783824334800721,0.04049130027736492
269.3199999998276,pick_play,pick,0.0,0.0,0.0,1.0000987634290606,0.6746679812283186,1.329439561690513,-7.975645986532676,0.004382311344189423,-0.011032808626887568,0.01339229489330832,0.016721355313968282,0.005248343939010101,-0.0358491092133499,0.0664178523458089,0.22360224918755017,0.43300343467834845,0.3022689607391358,-23.235411573509396,0.5210134071444718,0.42447591688728337,-17.21057287988778,-0.05696435695537135,-0.009609061479568484,3.7795668547349135,0.882936604420083,0.8630268464744568,0.03775780892917413
269.33999999982757,pick_play,pick,0.0,0.0,0.0,1.0003468288612418,0.6923216832016261,1.3372399238729116,-8.012420935579133,0.004559405937925539,-0.010678670246060897,0.013476086940710615,0.016120796381548824,0.006426455496256673,-0.031716718908877714,0.06664531029066711,0.2240659959895212,0.4291651306296924,0.2992326405296326,-23.091886726245765,0.5188610441571847,0.42258802917099003,-17.162621759448623,-0.05684413105327947,-0.009408737719058993,3.7883774643124646,0.8675793857541096,0.8479269037902832,0.035032564099192864
269.35999999982755,pick_play,pick,0.0,0.0,0.0,1.0005942442272093,0.7092996081803435,1.3466030549758683,-8.04422480278781,0.004722746638113704,-0.010254220860015671,0.013609887098318682,0.015429521614479143,0.007867198864088914,-0.027375008949160576,0.06685518910605966,0.22436024612723016,0.4253394279041579,0.2961864557514191,-22.952445444171335,0.5166943755026495,0.420798250699997,-17.093831800484793,-0.05675710868347604,-0.009271453320980075,3.7947727094624066,0.8524731119377644,0.8330558429420472,0.03233187048648445
269.37999999982753,pick_play,pick,0.0,0.0,0.0,1.0008413123681184,0.7254666625374856,1.3577969000323182,-8.07104467396957,0.004885756976148434,-0.0097719162647439,0.013782291510336404,0.014604284256823275,0.009545706377490172,-0.023055816366011294,0.06703673800938126,0.2244613722688324,0.4215287347260842,0.29312417771911625,-22.818883293040876,0.5145054550166915,0.4190732922801972,-17.00876056429603,-0.05669445969326977,-0.009199152886867526,3.7967932226907375,0.8375950358405562,0.8183878551185608,0.029897044376533177
269.3999999998275,pick_play,pick,0.0,0.0,0.0,1.0010882866689252,0.7407231147980623,1.370914586773485,-8.093028493189024,0.00506419218381094,-0.009219481593097201,0.013972588108439843,0.013703801560739763,0.011276381297259578,-0.0188799450780443,0.06720014363038966,0.22451238537286594,0.41773299651099016,0.2900859203586579,-22.683689467080498,0.5122883812401758,0.41746655967330937,-16.896876521937198,-0.05665112595293393,-0.009204848855733874,3.793885815302975,0.8229242528028706,0.8039080391586304,0.027689844766738192
269.4199999998275,pick_play,pick,0.0,0.0,0.0,1.001335378260022,0.7550339044347752,1.3857837522039236,-8.110431925969896,0.005270228666064509,-0.008598573980569452,0.01415218859812019,0.012782434718351077,0.012827601587883394,-0.014936773095784011,0.06736220032843195,0.22465394586761478,0.41394850868789623,0.2870870914707184,-22.543148674093256,0.510040237068348,0.4159854140529633,-16.756551022697263,-0.05662190867051646,-0.009277201443910602,3.78642842444962,0.8084377329405688,0.789589572972107,0.025685999108622903
269.4399999998275,pick_play,pick,0.0,0.0,0.0,1.0015825934999034,0.7683195337097065,1.4022931890396484,-8.123604867161303,0.005506041127406969,-0.007923018232627295,0.014322310856130751,0.011787364662982868,0.014305918960734514,-0.01130934427127874,0.06750980548901744,0.22476072153993204,0.4101757507249627,0.2840710368404389,-22.407847124280018,0.5077582271187125,0.4145191397914887,-16.60722871997865,-0.05660277242731998,-0.009393564611673358,3.7760197923449517,0.7941082446619325,0.775398899143982,0.02389195585880255
269.45999999982746,pick_play,pick,0.0,0.0,0.0,1.001829839221909,0.7804913580864034,1.4203312783368762,-8.132963195253017,0.005776259794191075,-0.0071996842560785815,0.014474762968322327,0.010726521477199918,0.015667289753424473,-0.008049253144636068,0.06765001990898502,0.22493021843537575,0.4064160463359056,0.28107965853309635,-22.27053274522298,0.5054405037520561,0.41312796738243107,-16.437803249519025,-0.056592595510464694,-0.009555529057979587,3.762636740828311,0.779908680655124,0.761313308304596,0.02240205859326061
269.47999999982744,pick_play,pick,0.0,0.0,0.0,1.0020769389977495,0.7914966038779394,1.439716863905798,-8.13895184146984,0.006083969548851188,-0.006439921710263343,0.01459954148107205,0.009631355044232003,0.016862882277488524,-0.005177029427665308,0.06778915356829845,0.22519162302468687,0.4026701546786336,0.2781074431190491,-22.132302975090457,0.5030872946060407,0.4117957737693787,-16.25137483576984,-0.056590899997770894,-0.009746602922677997,3.7475844469068624,0.7658157646853437,0.7473148594558716,0.021205821416953374
269.4999999998274,pick_play,pick,0.0,0.0,0.0,1.0023236182696855,0.8013001390592421,1.4602773741113038,-8.141994715032048,0.006427800937624166,-0.005661256639836063,0.014693892939085292,0.008519068263622493,0.017906697799285793,-0.0026665765691462197,0.06793392239998386,0.2255687117364371,0.3989397886579566,0.27514643337821965,-21.99497118928577,0.5007003487324398,0.4105162706623078,-16.04951044714379,-0.056594329424395885,-0.00995699614286423,3.7312734359927964,0.7518130635061535,0.73339395625,0.020210544798412666
269.5199999998274,pick_play,pick,0.0,0.0,0.0,1.0025695146311369,0.809903761248438,1.4818772196412993,-8.142721412843468,0.006803539100034796,-0.00486498419998852,0.014757438184289089,0.0074260832479059406,0.01883081457893148,-0.0005873187106564462,0.06808896150143977,0.2260787690202174,0.3952260294420891,0.2721959736595154,-21.858930433108174,0.4982830201962801,0.4092903819332123,-15.8328405467016,-0.05660081399571103,-0.010185773670673373,3.7136607789691185,0.7378893813467788,0.7195436845481873,0.019364852600842197
269.5399999998274,pick_play,pick,0.0,0.0,0.0,1.0028141595440396,0.8173287122521716,1.5044207824442235,-8.142531332195048,0.007209157402693209,-0.003942466301548017,0.01478620293557287,0.006384709155431965,0.01965472323251797,-6.556707628331496e-05,0.06825690274927115,0.22672724117532306,0.39152793959375587,0.2692586269626618,-21.723124423840673,0.4958390159138971,0.4081150379428864,-15.60246032551742,-0.056611505695358354,-0.01042929217219353,3.6951973842830927,0.7240342160199253,0.7057525406539917,0.018646044166024223
269.55999999982737,pick_play,pick,0.0,0.0,0.0,1.0030569916997807,0.8236501997413858,1.5278374008953701,-8.142206288126523,0.007633651839207083,-0.0030032937723213126,0.01478016601811838,0.005433988815784068,0.020411882312312585,-2.3549306153267005e-06,0.06844590626449817,0.22753512384612978,0.38784721375056713,0.26632417109107975,-21.59007464387376,0.4933752006677192,0.40701533224678044,-15.355427311271765,-0.05663022675769001,-0.010676740854978564,3.677365815978604,0.7102333541776279,0.6919983516395569,0.017975138517391742
269.57999999982735,pick_play,pick,0.0,0.0,0.0,1.0032974410684259,0.8289486618538061,1.5520732818018583,-8.141835299352909,0.008067773180295898,-0.0021013623050115016,0.014741516604706177,0.004553185769014177,0.021123357267087948,2.210070125451349e-05,0.06865887512583602,0.22851207158639036,0.3841887184735293,0.26340655353164677,-21.458382233549774,0.49089972044222085,0.405978777671814,-15.095543851750044,-0.056659251806257284,-0.01092202886939049,3.6606427113348974,0.696475820266545,0.6782811175048828,0.017493173466152312
269.59999999982733,pick_play,pick,0.0,0.0,0.0,1.003535081829094,0.8332969322649266,1.5770196721664924,-8.141356673590426,0.008509806058909419,-0.0012488788690818175,0.014671825941628023,0.003733263327665153,0.021729588416730533,4.79763600608238e-05,0.06890755159358326,0.22974368382422378,0.3805559275266278,0.26053673889732365,-21.3229476083041,0.4884197033912643,0.40503314998245243,-14.818958911478155,-0.05670419275471103,-0.011174994707107547,3.6449674923379645,0.6827578333247984,0.6646028052032471,0.017113491770965772
269.6199999998273,pick_play,pick,0.0,0.0,0.0,1.0037695417084769,0.8367765381564872,1.6026288029141518,-8.140615461637859,0.008952580890536044,-0.00047408583149913513,0.014582266363172936,0.0029800307756836487,0.022313763187951217,0.00027515926288583254,0.06918815817815986,0.23115812383081003,0.3769523305123527,0.25768015649414067,-21.19068992577439,0.4859418375459216,0.4041348781833649,-14.534760736291224,-0.05676804835666582,-0.011424380540847781,3.631263688375984,0.6690773324253141,0.6509594808280945,0.016731725564926858
269.6399999998273,pick_play,pick,0.0,0.0,0.0,1.0040005563517018,0.8394358990660417,1.628994142470582,-8.139420062624529,0.009382912469413859,0.00020915101132623282,0.014493036409509321,0.002240735298567432,0.022999159133665903,0.0007171303340923325,0.06949151916386413,0.23267820769903075,0.37338268490432336,0.2548344817409516,-21.06302745261975,0.4834699862911478,0.40325487520790104,-14.248616661736854,-0.056853113430387923,-0.011671166121959689,3.6195569905255813,0.6554369380007291,0.637363363331604,0.01642456589948116
269.6599999998273,pick_play,pick,0.0,0.0,0.0,1.004228120236104,0.8413441141210917,1.6561538514015308,-8.1372073578375,0.009795114956499349,0.0007788353089219168,0.014408216529207893,0.0015489029132363728,0.023707017745988695,0.0016606295058176459,0.06982939084573621,0.23439165217730962,0.369848774108555,0.25204245116806034,-20.93231061844572,0.4810067441202944,0.40245408680534367,-13.949944983237387,-0.05696742631112136,-0.011928203701972964,3.6097536407100868,0.6418423358302168,0.6238215456665039,0.01615860712110373
269.67999999982726,pick_play,pick,0.0,0.0,0.0,1.0044523590439651,0.8425994745841461,1.68406551302419,-8.133592567405072,0.010191553812166208,0.00123097152600087,0.01432722493843309,0.0009379676537732067,0.024378074737175816,0.0029026202356180406,0.07020667178406813,0.2363058795096049,0.36634834771942204,0.24930343892669682,-20.797838144018357,0.4785541212846965,0.40170959498977665,-13.643265862833585,-0.05711376017932894,-0.012185908108949664,3.602620864655001,0.628297558171339,0.6103320012748719,0.015820821667586027
269.69999999982724,pick_play,pick,0.0,0.0,0.0,1.0046734197658538,0.843319849097008,1.7126826011130354,-8.12849241626749,0.010577259465199601,0.0015457318396531743,0.014251139279874417,0.00043329633227770915,0.025010595475742966,0.004194453007854492,0.07062394660472439,0.23841246821905276,0.36287688261460443,0.24661824967956547,-20.658595367195304,0.4761139147459166,0.40100915100669865,-13.330965672046434,-0.05729037612581552,-0.012453730404376986,3.596981804986953,0.6148042016682602,0.5968931804359436,0.015412441106959496
269.7199999998272,pick_play,pick,0.0,0.0,0.0,1.0048913680700382,0.8436927259760728,1.741990090690008,-8.121939209275673,0.010938704853223968,0.001795043476126784,0.014177639285056751,8.993553874379767e-05,0.025639046809338848,0.005446754808377466,0.07108114293049934,0.24069598496089045,0.35942811537613606,0.24398259189224247,-20.51413037425767,0.4736904863457876,0.4003506984958649,-13.01443151928937,-0.05749784662976617,-0.012735518813133243,3.592749899555952,0.6013657283769643,0.5835137258232117,0.014984295418685512
269.7399999998272,pick_play,pick,0.0,0.0,0.0,1.0051061388303515,0.8439427244466614,1.772006116090577,-8.11405047628125,0.01127216720595825,0.001982685166193888,0.014101847364206905,9.029926513728827e-06,0.026289678363247145,0.006593767531544065,0.07157417836640562,0.24313034580640613,0.355995964893588,0.24139884975051884,-20.362382674818907,0.47129052788000375,0.3997304823646546,-12.696214086477847,-0.05773517168762898,-0.013031701743602755,3.5897345340916336,0.5879877893008009,0.5702012072265625,0.01451263265301439
269.7599999998272,pick_play,pick,0.0,0.0,0.0,1.005317682256989,0.8441398512789592,1.80263353282351,-8.104935868069447,0.011576920768050879,0.0021081495731787793,0.014012372105729058,-3.152522230885754e-05,0.0268233458645981,0.007648520571433804,0.0721128829070856,0.24577818412970742,0.35257893334350937,0.23888502385711674,-20.20074677872404,0.46891681837588833,0.39918095734214787,-12.370052862600154,-0.058000679423836105,-0.013351964950561526,3.586943603217002,0.5746777180529953,0.5569643269241333,0.013980963222661291
269.77999999982717,pick_play,pick,0.0,0.0,0.0,1.005525914683724,0.8443185283791111,1.8338142634139112,-8.09469814467552,0.01184964172030862,0.002166531457698007,0.013914980274579518,-7.085741966255657e-05,0.027313527977169145,0.008613160026101772,0.07268575399668671,0.2485417816085913,0.34917791461476017,0.23639563586807255,-20.037777295573196,0.466571148362771,0.3986441281089783,-12.04664436649041,-0.05829178539166124,-0.013684722781181338,3.585032860343202,0.5614390598646274,0.5437989721954346,0.013351533947675298
269.79999999982715,pick_play,pick,0.0,0.0,0.0,1.0057307503311483,0.8444861553096265,1.865549869698432,-8.083430805988362,0.012086410243309965,0.002157640912375757,0.013814106841676168,-0.0001197927780579686,0.027807122879163596,0.00949550405949775,0.07328783229047493,0.25139578982417643,0.34579539493122163,0.23393873241043095,-19.87251759380951,0.4642543789215922,0.3981335845241547,-11.72372337367089,-0.05860498352374321,-0.014032750576734546,3.5834616685111538,0.5482751862120201,0.5307124148071289,0.012700846477421424
269.81999999982713,pick_play,pick,0.0,0.0,0.0,1.005932134862794,0.8446054414842823,1.8978462947416657,-8.071208533866743,0.012286005306733582,0.002069814894815192,0.013711422559916036,-0.0002029012960488106,0.028310143112980815,0.010316174286826928,0.07391457488425518,0.25431607823563307,0.34243563773884056,0.2315245654830933,-19.703996569294034,0.4619656118923041,0.3976397302398682,-11.402789138531666,-0.05893568836064129,-0.014395523071289065,3.5818542896834615,0.5351900040821305,0.5177087078750611,0.01201663439784073
269.8399999998271,pick_play,pick,0.0,0.0,0.0,1.0061300288537935,0.8446781922281584,1.9307299348937976,-8.058011827208812,0.012446458290780177,0.0019061331347999312,0.013610645767185604,-0.00030751997350833874,0.028840930815053286,0.011164322164017606,0.07456010208189995,0.257279201993453,0.33910228436521206,0.22916982438659672,-19.5299942532668,0.45970468272701637,0.39713440206146244,-11.088763349215254,-0.05928012556595576,-0.014764475822448733,3.5806214551945574,0.5221874135456128,0.5047915468872071,0.011293762441740851
269.8599999998271,pick_play,pick,0.0,0.0,0.0,1.0063244370738529,0.8446983094217483,1.9642256739059278,-8.043752130900629,0.01256807064269263,0.0016706856766049794,0.013513364981743624,-0.0004544523873683177,0.02939526583534985,0.01209013385123367,0.07521970547767227,0.2602532066009295,0.3357985238032951,0.22686831023788456,-19.35218039985733,0.45747114338650324,0.396626332069397,-10.77995906676679,-0.05963543913446865,-0.015145140886306765,3.579139845675383,0.5092685087323536,0.49195556742553714,0.010487189303733158
269.8799999998271,pick_play,pick,0.0,0.0,0.0,1.0065154022011789,0.8446696738824273,1.9983221392814383,-8.028374425109092,0.012651319618885113,0.0013885807428067726,0.013415214970348094,-0.0005350109294375578,0.029931612491959587,0.01306339726749959,0.07589033017454923,0.2632193554128593,0.33252601307314,0.22461757924652104,-19.17076059018788,0.4552647430491301,0.3961235370883942,-10.475270144017964,-0.05999881082718349,-0.015540450066328051,3.57701748152021,0.4964313803965176,0.4791981468856812,0.00967763172229763
269.89999999982706,pick_play,pick,0.0,0.0,0.0,1.0067029916373664,0.8446101407039185,2.032959609382485,-8.011907524272791,0.012694728460650073,0.001078500927985988,0.01331203417747141,-0.0005399445284159034,0.03040727126674576,0.014007505810979575,0.07656998548393784,0.2661668422373803,0.32928482556794836,0.22241834666824345,-18.985265028090616,0.4530853750643335,0.3956224706420899,-10.175540988557877,-0.06036789557927734,-0.0159499004483223,3.5741553148667107,0.4836744263826738,0.4665207157791138,0.008915473326805867
269.91999999982704,pick_play,pick,0.0,0.0,0.0,1.006887297791853,0.8445383619170993,2.068044169278545,-7.994463390150674,0.012696287584670419,0.0007395970290842043,0.013203647752209476,-0.0005697172812844214,0.030798917334859018,0.014842643180030576,0.07725524964171022,0.2690791974020139,0.3260742820796202,0.22027192380523686,-18.795793292528803,0.4509324528758474,0.3951118078479767,-9.882197859741455,-0.060741004724334954,-0.01636920049786568,3.5707150014770024,0.47099786291543017,0.4539254198730469,0.008180921920160678
269.939999999827,pick_play,pick,0.0,0.0,0.0,1.0070684625542707,0.8443218760839926,2.1035498386000313,-7.976207464836812,0.01265311765531263,0.00035993268551595204,0.01310169563864965,-0.0007801776603023151,0.031182100380938726,0.015524129780686804,0.07792984019429736,0.27186876313118713,0.3228995347178413,0.21815297868347172,-18.60840813093781,0.4487995617630962,0.39455197122192387,-9.600660366854662,-0.061115673412705115,-0.01678835898637772,3.5672368015855493,0.4584007503325767,0.4414073715866089,0.007430168146784266
269.959999999827,pick_play,pick,0.0,0.0,0.0,1.0072467572699269,0.8436030679843474,2.1393462170358792,-7.957299024251082,0.012564399887963897,-2.6231045649024206e-05,0.01299583354854875,-0.0012741422064736175,0.03142015608529177,0.01608033034853151,0.07862131459365117,0.27469834586572817,0.319772148999029,0.21611044671630864,-18.41675029567597,0.4466729904661991,0.3940439906368256,-9.309806747184108,-0.06149004401199061,-0.017217016965150836,3.562880494148081,0.44588643535588274,0.4289792071044922,0.006720216309832883
269.979999999827,pick_play,pick,0.0,0.0,0.0,1.0074224803362533,0.842161691575149,2.1752673724502727,-7.9378739998505035,0.01243409963556375,-0.00042437573871867,0.012888655292642711,-0.0019643807029891347,0.031522752510707255,0.01651068842502209,0.07932075340014644,0.27750766310078573,0.31669813998459867,0.21409622695541386,-18.23006745428807,0.4445424317045228,0.3935132708797455,-9.021539688576057,-0.061863398363940524,-0.017634715139865878,3.559264006757532,0.4334547670589968,0.4166296015441895,0.005936692315748948
269.99999999982697,pick_play,pick,0.0,0.0,0.0,1.0075958965102756,0.8398354813977105,2.211222502288516,-7.918091715682207,0.012268464590840685,-0.0008635209483243149,0.012784647653709142,-0.0027757111958268115,0.03154532988139979,0.016807590504050052,0.08002322310359265,0.28028367007502686,0.3136821752145439,0.2121217038879395,-18.047046856437724,0.4423992000049942,0.3929621067295075,-8.733965514868618,-0.06223278799595279,-0.018049298971891406,3.5554166090699773,0.42110766002871713,0.40436916453247074,0.005187008682048078
270.01999999982695,pick_play,pick,0.0,0.0,0.0,1.0077671509174981,0.8365917713787443,2.247262207227573,-7.898071626383537,0.012070659077485517,-0.0013327939534161662,0.012693638327231683,-0.0035969731574607483,0.03163778254216635,0.017003484008920294,0.08071039081536868,0.28293328516166677,0.3107264155723386,0.21016869809722905,-17.871170470172245,0.4402391145888534,0.392347106004715,-8.454531149099603,-0.06259651333603529,-0.018457460403442386,3.5515413046507205,0.4088491740513674,0.39220182997589115,0.004404095198187297
270.03999999982693,pick_play,pick,0.0,0.0,0.0,1.007936329525658,0.8325358910488645,2.283446127897453,-7.877900031487951,0.011840789118808972,-0.0018184119245473705,0.012610075461353874,-0.004309187643231777,0.03176517756714534,0.017128017929579586,0.08139659623288342,0.28552616245274476,0.3078275800008024,0.20826623704528813,-17.696196072657585,0.4380635186337723,0.39172960188484196,-8.172912230445831,-0.06295448064265236,-0.018868555501103404,3.5469771237563914,0.3966901203839369,0.38014977080230716,0.003619901582759155
270.0599999998269,pick_play,pick,0.0,0.0,0.0,1.0081035261564988,0.8278004739246972,2.3196802725586947,-7.857681127908207,0.011567541264868402,-0.00230857039694453,0.012517796497986535,-0.004902683186979256,0.03179579190015064,0.01715854629784693,0.08208391304353481,0.28806566222378927,0.3049805847614058,0.20641569163894657,-17.52081530527352,0.4358751194235494,0.3911024716148377,-7.8909071602581955,-0.06330659099167156,-0.019280691817402842,3.5418509225409274,0.3846383870147939,0.36821012598876957,0.002713576183446864
270.0799999998269,pick_play,pick,0.0,0.0,0.0,1.0082686827021383,0.822512760554901,2.3558519086472014,-7.837509093370125,0.011252160520670266,-0.002801527262862466,0.01240835142454231,-0.005382866422452904,0.03172918056190174,0.01711301073191636,0.0827681162605846,0.29054043430307386,0.30218308797971843,0.2046180155525208,-17.344649788613456,0.43367819387613643,0.39044598605728154,-7.612973201321107,-0.06365283181211268,-0.019687616452574733,3.5366686017386715,0.3726985832033344,0.35638551813964847,0.0017330843352501568
270.0999999998269,pick_play,pick,0.0,0.0,0.0,1.0084316774397382,0.8167769647608621,2.3918749783323365,-7.817405285833289,0.010898068197832877,-0.0033027382436489,0.012282434498047444,-0.005774729964641244,0.03159036720844449,0.017059618255248005,0.08344355010557886,0.29293281005680494,0.2994350208936571,0.2028705265769959,-17.168345207187375,0.43147706226898064,0.3897441711673737,-7.342771215135655,-0.06399352832039765,-0.02008415870368481,3.5318915390322974,0.3608761462222051,0.34468405348663333,0.0007038093688161995
270.11999999982686,pick_play,pick,0.0,0.0,0.0,1.008592419392244,0.8106684231675102,2.4276835292072967,-7.797313730075001,0.01050799742598138,-0.0038173397214503633,0.012143886416181394,-0.0061060389468604445,0.031396506392109974,0.017063608092777238,0.08410416689134771,0.29522242897455303,0.29673732901076577,0.20117209222412114,-16.99235437658487,0.4292749778206933,0.38899100687599186,-7.0818898912194985,-0.06432893270937776,-0.020469562336802485,3.5275954562882674,0.3491780016323959,0.3331143150985718,-0.0003827539864379448
270.13999999982684,pick_play,pick,0.0,0.0,0.0,1.008750883223553,0.8042457093968629,2.4632174616171065,-7.777134547918894,0.010084962188244643,-0.00434597260925457,0.011996613714788626,-0.006391111475496986,0.03115141575342527,0.01715878239194869,0.08474385999801155,0.29738685512997204,0.2940905741366648,0.1995205667266846,-16.8171332839862,0.42707410507639093,0.3881843772182465,-6.831015989501672,-0.06465910098437376,-0.020844099298119548,3.5237524661450657,0.3376115061293539,0.32168345553283695,-0.0015414415365208045
270.1599999998268,pick_play,pick,0.0,0.0,0.0,1.0089071146139164,0.7975599931038352,2.498413338483278,-7.756759151299864,0.009632385545902847,-0.004887524720926282,0.011843813177061294,-0.0066361168091733655,0.030851551223037038,0.01734926521561493,0.085357380689585,0.29940543188215163,0.29149429193446014,0.19791249301528935,-16.64314151441526,0.42487566183550723,0.38732320931053166,-6.590487754663643,-0.06498381309939276,-0.021208022907376292,3.5203090456839945,0.326183785139427,0.3103981505096436,-0.002773766116894505
270.1799999998268,pick_play,pick,0.0,0.0,0.0,1.0090611830632665,0.7906568521637549,2.533205400355575,-7.736087135226272,0.009153461697095638,-0.005437648197670865,0.011686091177448354,-0.006845885298811145,0.0304952512041118,0.017626934932096463,0.08593982342004693,0.3012572889225187,0.2889476796630179,0.1963467982063294,-16.47040122830451,0.4226804330326881,0.3864055958042145,-6.36075704848363,-0.06530249927310605,-0.021560863777995112,3.5172375257917197,0.31490244988818206,0.2992672215164185,-0.004070248383455377
270.1999999998268,pick_play,pick,0.0,0.0,0.0,1.0092131447387827,0.7835778453827226,2.5675302391339727,-7.715036033338987,0.008651192615079283,-0.005990436608517435,0.011522886988860724,-0.007022879454051384,0.030084845060053277,0.01797507770352389,0.08648688200570348,0.30292416211176304,0.28644999318816217,0.19481829669570927,-16.299717616618405,0.4204892840667359,0.38543141749000553,-6.142008575290209,-0.06561442384253033,-0.021903627738356593,3.514389793090886,0.3037758053572085,0.2882994900405884,-0.005440774181495023
270.21999999982677,pick_play,pick,0.0,0.0,0.0,1.0093630199964962,0.7763622283837169,2.601332735734536,-7.693541820273486,0.008128516174788802,-0.006540276906809525,0.01135319894801473,-0.007168495600407769,0.029628059761567578,0.01837793858417238,0.0869949909279073,0.304392753593858,0.284000978601191,0.19332365062332157,-16.131684872923024,0.41830346779308747,0.38440109160041813,-5.934422871507174,-0.06591879182053441,-0.022236888483166697,3.511653127980679,0.29281165390177105,0.2775013933837891,-0.006896986537748284
270.23999999982675,pick_play,pick,0.0,0.0,0.0,1.0095107978731621,0.7690458196916609,2.634565000917517,-7.671558878826678,0.007587936720395366,-0.007081692619961703,0.011176380028489644,-0.007285147603878452,0.029130564577403175,0.018819007880560377,0.08746163654295552,0.3056549756793103,0.28160091991308905,0.1918607142219544,-15.966776281574447,0.4161245082453949,0.3833148565540314,-5.738248727856149,-0.06621480783642864,-0.022559804096817973,3.5090324072509937,0.28201601987775377,0.26687650782470707,-0.008435301914694326
270.25999999982673,pick_play,pick,0.0,0.0,0.0,1.0096564144402305,0.7616877301596714,2.6671203148302114,-7.649056818462662,0.007032881050036424,-0.007606335931548359,0.010982263797291296,-0.00734715357958823,0.028529492038890877,0.01928655546279689,0.08790034643135343,0.30677653956996054,0.27924926730036914,0.19044653442001347,-15.801759228543082,0.413956025004129,0.38220767047500614,-5.548006269668868,-0.0665019432569917,-0.022876379266381267,3.5061794821793053,0.2713954492508087,0.2564341316879273,-0.010017176110668602
270.2799999998267,pick_play,pick,0.0,0.0,0.0,1.0097998300027544,0.7543131595449618,2.6989288094548756,-7.626028966928615,0.006463636297035458,-0.00811309037099138,0.010779381830240336,-0.007395855821593109,0.02787991813849407,0.019757059095579434,0.08829491096185792,0.30768741786615705,0.27694698390392974,0.18905005719757084,-15.642522381113054,0.41179949050549386,0.38102207448577885,-5.3741409684796375,-0.06677980638839452,-0.02318159602582455,3.5034719978476825,0.2609533536925053,0.24617068869476322,-0.011687714841733143
270.2999999998267,pick_play,pick,0.0,0.0,0.0,1.009941061141244,0.7469122174774675,2.7299777295420453,-7.602488661839161,0.005881399145796928,-0.008598755382152256,0.010574845080139278,-0.007454202805529799,0.02722156408079196,0.020214479082242203,0.08864139030220368,0.3083785515355403,0.2746957397584462,0.1876792695770264,-15.487979121791343,0.4096543388201534,0.3797736850032807,-5.213587339637389,-0.06704801999416862,-0.023477898165583613,3.500684848731771,0.25069324526043396,0.23609380823974613,-0.013370022816283411
270.3199999998267,pick_play,pick,0.0,0.0,0.0,1.0100801266406425,0.7394760838874797,2.7602628855880367,-7.5784574508705065,0.005288680378031316,-0.009057627535054916,0.010369031209541576,-0.007518657873448827,0.02655918374747526,0.02065249712348337,0.08893889368408858,0.30884964389606445,0.27249695388966183,0.1863369729766846,-15.337861996941196,0.4075201524147083,0.37847001221275334,-5.0649281383399,-0.06730642181470699,-0.023764983937144282,3.4978413243112487,0.2406183149724971,0.22620480162506107,-0.015090922827365794
270.33999999982666,pick_play,pick,0.0,0.0,0.0,1.0102170014453373,0.7320083280708553,2.7897740487583667,-7.5539544260944895,0.004688546733431318,-0.009484662706699955,0.010158856746258138,-0.007577748313518596,0.025886534069635144,0.021074684108171843,0.08918808631655503,0.3091021616871591,0.27035209211179523,0.18502239253616337,-15.1925783585414,0.40539765208609146,0.37712047364807133,-4.92668457478374,-0.06755500904851766,-0.02404013387858868,3.495167087100217,0.23072984317681497,0.21650223833923343,-0.016848493638963735
270.35999999982664,pick_play,pick,0.0,0.0,0.0,1.01035161226021,0.7245231228814305,2.8184907938093713,-7.528991354781768,0.004084274865425118,-0.009876137065257763,0.00994109912816016,-0.007623177568222855,0.02519468853379018,0.021487596043413215,0.08939021075324224,0.309140977562228,0.2682628557576716,0.18373511102294926,-15.052528086051574,0.4032886619667986,0.37572989728546147,-4.798400075924521,-0.06779383597991544,-0.024302381277084353,3.4927467473120744,0.22102879542376472,0.20698814494018558,-0.01861428177153729
270.3799999998266,pick_play,pick,0.0,0.0,0.0,1.0104838584666023,0.7170406097850502,2.846383102626532,-7.503575395547953,0.003479193072796428,-0.010229008738403057,0.009713758537245801,-0.007650237200546036,0.024475500602739345,0.021894846271271126,0.08954688206528688,0.3089736075857211,0.2662309957907545,0.1824748304138184,-14.918083523323286,0.4011956975528812,0.374302455450058,-4.679829566555768,-0.06802298404726863,-0.02455178573727608,3.4905837488585387,0.21151632135236967,0.19766371352081302,-0.020392946990571315
270.3999999998266,pick_play,pick,0.0,0.0,0.0,1.0106136402184205,0.7095818286428549,2.8734139578143676,-7.477716204909117,0.002876292462079948,-0.01054053869735853,0.009476568215110446,-0.007658581086481589,0.023723191834272437,0.022293345023161066,0.0896600032242599,0.3086087532842335,0.26425801110754604,0.1812410738716126,-14.789580120869342,0.39912141281492103,0.3728412773857117,-4.570897942186889,-0.06824254956197026,-0.02478836588561535,3.488685257355525,0.20219384218331635,0.18853073222045902,-0.022185216244774597
270.4199999998266,pick_play,pick,0.0,0.0,0.0,1.0107408764361558,0.702170111727665,2.89954307454543,-7.451434597154676,0.002278593668361891,-0.010807327173093755,0.009230427267692664,-0.007644997297411329,0.0229351787941049,0.022672380557392593,0.08973144207229503,0.308054516166822,0.2623446413784682,0.18003235128021244,-14.667359153104455,0.39706841588289615,0.3713510718593598,-4.471223514414795,-0.06845269295363472,-0.025012920796871188,3.4870042242072063,0.19306218307156628,0.17958872420196537,-0.023998677563025483
270.43999999982657,pick_play,pick,0.0,0.0,0.0,1.0108655362011634,0.6948075945311321,2.924784480022896,-7.424771341549068,0.0016883363530341615,-0.011027897995517306,0.008984851415071918,-0.007631515336828445,0.022168453586473385,0.023012757833275665,0.08974892907240915,0.3072570023235636,0.2604918971360567,0.17883239057159428,-14.55455721953561,0.39503738863198185,0.36980632808303837,-4.385374674218012,-0.06865335028694394,-0.02522317618131638,3.485707770233492,0.1841219058492037,0.17083864313964847,-0.02581975780814011
270.45999999982655,pick_play,pick,0.0,0.0,0.0,1.010987551326843,0.6875258924902533,2.949137655398875,-7.3977752780372095,0.001150414914968438,-0.011189484092327442,0.008735846036506598,-0.007580091060938504,0.021393163283733724,0.023310302613999346,0.08972773249421509,0.306283348807726,0.2586979812236215,0.17766670253372197,-14.446034362645253,0.39303159203699783,0.36826405789947514,-4.303868771377089,-0.06884475730385639,-0.02542427107691765,3.484420898631521,0.17537522219549045,0.16228573424224857,-0.02763680676906738
270.47999999982653,pick_play,pick,0.0,0.0,0.0,1.0111067279019077,0.6803752626794644,2.972569187214111,-7.3704994451726344,0.000673858922286146,-0.011289201372498064,0.008474173520186477,-0.007483837119082184,0.02058533912713869,0.0235615229460249,0.08967814314149652,0.3051765027533707,0.2569611727688205,0.17653063800430302,-14.34232177772702,0.391057283925116,0.36672512557601933,-4.227913392107888,-0.06902744735793305,-0.02561428137123585,3.483350422947223,0.16682527649160986,0.15393285853271488,-0.02948066071699812
270.4999999998265,pick_play,pick,0.0,0.0,0.0,1.0112228314035165,0.6733946249038057,2.9950340717433424,-7.343002234079523,0.0002116452701162745,-0.01133539165693113,0.008196401023144027,-0.00735113494107507,0.01973796585596977,0.02376091130832618,0.08960558228153306,0.30396378246657707,0.25528366230347144,0.17542050149536137,-14.244792136324222,0.3891201698597701,0.3651903357753754,-4.158344355732271,-0.06920148550449226,-0.02579400055110455,3.4824134366679322,0.15847535458742437,0.14578299624328617,-0.031362428913106644
270.5199999998265,pick_play,pick,0.0,0.0,0.0,1.0113357333843762,0.6666146471665537,3.0164926908073983,-7.315344992472102,-0.00023396817293554103,-0.011329860245979817,0.007909021509538193,-0.007189516732496767,0.018856178003960167,0.02390700941260369,0.08951233180825126,0.30265887522894896,0.2536658867913424,0.17433504130935673,-14.153606432506136,0.38722415928498677,0.36366198327636723,-4.095315648983069,-0.06936694497591976,-0.025964136421680453,3.4815607090069243,0.1503279555715179,0.1378374586761475,-0.033281159436958696
270.5399999998265,pick_play,pick,0.0,0.0,0.0,1.0114453889679096,0.6600571888297428,3.0369161923637376,-7.287582316935983,-0.0006616584356741693,-0.011275488962583454,0.007617164983893704,-0.007006754737004729,0.017950059548145252,0.024006467249767367,0.08940063246001292,0.30127402804648185,0.2521071571614173,0.17327533032989506,-14.068361213064842,0.3853717755436409,0.3621458199272156,-4.038140434136281,-0.06952391180187693,-0.026125119253993037,3.4807653094342537,0.14238509839961946,0.13009827238922123,-0.035222760870919856
270.55999999982646,pick_play,pick,0.0,0.0,0.0,1.0115517945594892,0.6537355401490941,3.0562888175779395,-7.259759636786552,-0.0010708351813410494,-0.011175428053950779,0.0073241474244508335,-0.0068108050483911865,0.017031226547392326,0.024067064553418022,0.08927282867946874,0.2998213196345788,0.25060651192189576,0.17224238183593754,-13.988680281609975,0.3835646594956765,0.3606461670646668,-3.9862683204167157,-0.06967241831605736,-0.02627678327262402,3.480039621340248,0.13464832519264963,0.12256639105682376,-0.03718474611140876
270.57999999982644,pick_play,pick,0.0,0.0,0.0,1.011654955824841,0.6476570359529507,3.074608843673283,-7.231915448806768,-0.001461212526818481,-0.011032429377152056,0.007031746594833954,-0.006606662310513737,0.01611211734888224,0.024094394350694052,0.08913118923687872,0.2983118304755678,0.2491631907845383,0.17123679187393193,-13.914335822154827,0.38180406933973043,0.35916806128120427,-3.9389903058503304,-0.06981242091009704,-0.026418847218155864,3.4793982534501158,0.12711926090870268,0.11524396044616703,-0.03915971980184901
270.5999999998264,pick_play,pick,0.0,0.0,0.0,1.011754891496233,0.6418273462399179,3.0918865759277643,-7.204082875607552,-0.0018324262062758188,-0.01084886854697015,0.00674202247394327,-0.006395547252100802,0.015202926642484259,0.02409296937085398,0.08897801603898514,0.2967565413667575,0.24777624425660866,0.17025796439743046,-13.845248668087338,0.38009094662208764,0.3577147510299683,-3.8958664729175596,-0.06994381925441438,-0.026551398634910586,3.4788231034565134,0.1197993603501769,0.10813193423156742,-0.041152247843238066
270.6199999998264,pick_play,pick,0.0,0.0,0.0,1.011851620594611,0.6362515561679152,3.10814272335245,-7.176289738982085,-0.002184354401713675,-0.010627253384830336,0.006455896620506656,-0.006178274996219037,0.014312708104219802,0.024067350544261453,0.0888154015309538,0.29516581771105244,0.24644483098998274,0.1693074491271973,-13.780998415347648,0.3784261556020351,0.3562905874500275,-3.8562638732290857,-0.07006646652869437,-0.026674608886241916,3.478286157437901,0.11268963605135718,0.10123078925018314,-0.0431599315496109
270.6399999998264,pick_play,pick,0.0,0.0,0.0,1.0119451701927122,0.6309350485356274,3.1234050535663056,-7.1485598459611905,-0.0025168173217260566,-0.010369983164201185,0.006174688377564962,-0.00595456762965003,0.013447186427425496,0.024020799082056322,0.08864545738123084,0.29355023488789667,0.24516790399196733,0.16838453080749516,-13.721508026038055,0.3768103995451957,0.3548983719596863,-3.819792093449878,-0.0701802218396487,-0.026788710802793506,3.477758460776304,0.1057901740462045,0.09453933340911869,-0.04518084692729313
270.65999999982637,pick_play,pick,0.0,0.0,0.0,1.012035578484856,0.6258812114281488,3.137704716183157,-7.120915995578323,-0.0028299245965947126,-0.010079681397786415,0.0058990642912614116,-0.005726395843487859,0.01261071176688308,0.023955360384389023,0.08847005227400104,0.29191932866833215,0.24394428891946485,0.1674906995544434,-13.666332573168077,0.375244113929487,0.35354096558189396,-3.7860179835741268,-0.07028486807796312,-0.026893808692693713,3.4772152507694103,0.09910137585203056,0.08805947405700687,-0.047195518674027215
270.67999999982635,pick_play,pick,0.0,0.0,0.0,1.0121229232850977,0.6210911024731859,3.151061755372029,-7.093394423024308,-0.003123547942490973,-0.009764444003874207,0.005629778625249719,-0.005501062142520048,0.011800363574935238,0.023862734904137525,0.08829120035031943,0.2902822336557491,0.24277170378944485,0.166626491809845,-13.615142975016957,0.3737271411587585,0.3522220638046265,-3.7542315029107525,-0.07037993732552376,-0.02699021361768246,3.476567942447041,0.09262285071798919,0.08178882700805667,-0.0492186914637196
270.69999999982633,pick_play,pick,0.0,0.0,0.0,1.012207263582635,0.6165671391019033,3.163480731500608,-7.066055578244143,-0.0033967098376643107,-0.009429358727822029,0.00536407688114992,-0.0052724592570337755,0.010995779656258068,0.02371638204161748,0.08811265331413873,0.28865365683005306,0.24164822049718335,0.16579464938735966,-13.566838334419229,0.3722597154254749,0.35094849135971073,-3.7231875230042433,-0.07046467265718068,-0.02707774117588997,3.475746044981844,0.08635367640771884,0.0757264385879517,-0.05123562623978328
270.7199999998263,pick_play,pick,0.0,0.0,0.0,1.0122885449246117,0.6123229704545033,3.174984391981641,-7.038942476956227,-0.00365078752173397,-0.009067233022449599,0.0050984519415435,-0.00502767456962912,0.010213007875315467,0.023535246649478814,0.08793567631541231,0.28703896697369136,0.2405739496750918,0.1649901654968262,-13.522492731228803,0.3708438707221024,0.34971932437515263,-3.6936009834607013,-0.07053914221342304,-0.02715660929679871,3.474803563958014,0.08029394023816877,0.06987421614532474,-0.05324205260277473
270.7399999998263,pick_play,pick,0.0,0.0,0.0,1.0123667324121617,0.6083749431652331,3.1856032252744346,-7.012076087016199,-0.0038867891035732596,-0.008679532172888913,0.004835330543649681,-0.004767454560955945,0.009457123887036132,0.02333751722067944,0.0877612612210522,0.28544448041727016,0.23954846177457234,0.16421184804534916,-13.48218005113278,0.36948139860399565,0.3485345926532746,-3.665762225784492,-0.07060378896232575,-0.027226754650473597,3.473797483001783,0.07444341913358482,0.06423060995941166,-0.05525253136522906
270.7599999998263,pick_play,pick,0.0,0.0,0.0,1.012441839991922,0.6047318022183807,3.195373061531329,-6.985462679049642,-0.004105749175287653,-0.008270308942528773,0.004577642556959091,-0.004499757444643011,0.00873291083139431,0.023134856029347776,0.0875900914799711,0.28387498848814985,0.23857087089063173,0.16346053149795536,-13.445559148336367,0.36817310568440403,0.3473961439380646,-3.639408128245479,-0.0706590899070695,-0.02728807106614113,3.47277657667142,0.06880130902997307,0.05879430872802738,-0.05726083381755015
270.77999999982626,pick_play,pick,0.0,0.0,0.0,1.0125139405465655,0.6013977480229871,3.2043255674386764,-6.9591119963150545,-0.004307455888986533,-0.007840762889310248,0.004328414170573081,-0.004222963850271268,0.008026296675777169,0.022916046177993185,0.0874227069581103,0.2823344809788607,0.23763910613193856,0.16273657348251347,-13.411931091553924,0.3669187931310949,0.3463053193340302,-3.6141599621799676,-0.0707055182235484,-0.027340592071413997,3.4717817912797186,0.06336646417001532,0.05356400114898685,-0.059260491252425634
270.79999999982624,pick_play,pick,0.0,0.0,0.0,1.0125831546100696,0.5983772321781725,3.2124828642939005,-6.933046671692385,-0.004491576585242437,-0.0073914480563918835,0.0040892860048805536,-0.003932711278927026,0.007322619223825976,0.022665581172110403,0.08725926666504405,0.28082419730708713,0.23674983988216788,0.16203878190612797,-13.38069723895699,0.3657175880361449,0.345262863899231,-3.5896581378154084,-0.0707435862438585,-0.027385208010673526,3.470789119014735,0.05813742793441797,0.04853789908294681,-0.06124888661955366
270.8199999998262,pick_play,pick,0.0,0.0,0.0,1.012649576753724,0.5956698885118897,3.2198744002803217,-6.907284849167615,-0.004660565044744809,-0.006925573300995915,0.0038583381292216787,-0.003643591026043984,0.006647733338714994,0.0224005775289475,0.08709959112431302,0.2793436210491095,0.23590097999399043,0.16136572625732426,-13.352141519578197,0.36456869467569314,0.3442683305988312,-3.565892283043801,-0.07077609016451443,-0.027422140538692477,3.470105616013807,0.053112242275276264,0.04371433359985355,-0.06319249057860385
270.8399999998262,pick_play,pick,0.0,0.0,0.0,1.012713272161153,0.5932657645491173,3.2265390346323812,-6.8818409727127134,-0.004815429439399919,-0.006447952860421572,0.0036353432330474733,-0.0033627979012873133,0.006007112585868361,0.022122575446973835,0.08694405606796861,0.27789470723042914,0.23509159002099078,0.16071621444320683,-13.326385017190148,0.36347125076819464,0.34332195785140995,-3.5426536770363266,-0.07080457504389065,-0.027448591962456706,3.4700229819940827,0.04828876723737882,0.039089966839599644,-0.065125326017173
270.8599999998262,pick_play,pick,0.0,0.0,0.0,1.012774301306748,0.5911715977292088,3.232475894942331,-6.856736017242175,-0.0049556583963763084,-0.005960562981540001,0.0034152151761723685,-0.003071566012999223,0.005358975684149931,0.02182561334938495,0.08680024928409433,0.27651389999019105,0.2343194473681491,0.16009972360229496,-13.301149047604591,0.3624255012747736,0.3424417462596894,-3.516817495471857,-0.07082983888761511,-0.02746757231652737,3.470326620221822,0.04366569716644926,0.034665037220764194,-0.0670423843809892
270.87999999982617,pick_play,pick,0.0,0.0,0.0,1.0128327382747733,0.5893792029932746,3.23769799638939,-6.83199774520691,-0.005082637203975833,-0.005468189846455971,0.0032020301932677913,-0.0027882564309210855,0.004725397867649791,0.02150161831384435,0.08666005754246035,0.27516543796817555,0.23358311761818207,0.159499445224762,-13.279303994041031,0.36143039430399393,0.34159750607109074,-3.493535662625295,-0.07085216916454141,-0.027479007095098498,3.471023018091709,0.03924073988357138,0.03043477637176517,-0.06896435185297811
270.89999999982615,pick_play,pick,0.0,0.0,0.0,1.0128886659296361,0.5878712512860114,3.2422451096016127,-6.80765563891071,-0.005197718334892447,-0.004972872672138842,0.0029977721356285987,-0.0025177580199499355,0.004127854022468284,0.02115205114946889,0.08652270033658928,0.2738465790588737,0.23288158330407763,0.15891806151962284,-13.260245465047344,0.3604842966554105,0.3407985952148438,-3.470794739580194,-0.07087239169562641,-0.027485625073313716,3.4719996627679963,0.035011197100865095,0.02639739615325931,-0.07085397417473685
270.91999999982613,pick_play,pick,0.0,0.0,0.0,1.012942197173597,0.5866465964143676,3.2461384473046997,-6.783749340427671,-0.005300448037817367,-0.004476127194638877,0.002801433250848713,-0.0022481808078217273,0.003554026557186087,0.02077223180140364,0.08638842166457121,0.2725577177442803,0.2322117218483601,0.15835664537048344,-13.24310844458471,0.35958590609877855,0.34004718926048283,-3.447997308691241,-0.07089075594576906,-0.02748706489801407,3.473252347701482,0.03097418464191059,0.022549558705139194,-0.07272059407589682
270.9399999998261,pick_play,pick,0.0,0.0,0.0,1.0129933700398601,0.5857097610772802,3.249405383802668,-6.760301551987561,-0.00539140850855458,-0.003977234457152646,0.0026101303711365403,-0.0019732163565349013,0.00300659722385012,0.020374924325697617,0.08625743524871653,0.2712998672131548,0.23157218297964186,0.15781507756805424,-13.227762295268823,0.3587351427018104,0.3393426325569153,-3.425347714282318,-0.07090736209366144,-0.027484941482543948,3.4746481022359936,0.027127136356942305,0.018888879841613804,-0.07457068485115922
270.9599999998261,pick_play,pick,0.0,0.0,0.0,1.0130421922803448,0.5850608728586384,3.252071465980994,-6.7373262629157376,-0.0054712957592005845,-0.0034812205393546097,0.002422444807063493,-0.0016971423056969177,0.002481569567503866,0.019965700170921957,0.08613072504682791,0.2700802548684067,0.23096256374238242,0.15729353692626957,-13.21416621856302,0.3579322113947542,0.33868647482490544,-3.402608257619858,-0.0709223631897305,-0.027478403598070147,3.4762908874979535,0.023466587941321337,0.01541082960968021,-0.07639447820465115
270.9799999998261,pick_play,pick,0.0,0.0,0.0,1.0130886758862192,0.5846879449510733,3.2541572544003956,-6.714846656532282,-0.005540371996899523,-0.002992701613232632,0.002237953988004534,-0.00142432210900974,0.001974524765829983,0.019540902222164067,0.08600889609601367,0.2689042035665664,0.23038287964410892,0.15679321553802494,-13.202095936267526,0.35717677434726164,0.33807847764587406,-3.3798198789874783,-0.07093585442378147,-0.027467020973563197,3.4782557654346915,0.01998837882050375,0.012111235684204136,-0.07817197913825788
270.99999999982606,pick_play,pick,0.0,0.0,0.0,1.0131328859628224,0.5845202118539027,3.2556772811069883,-6.692948215207867,-0.005585673894689465,-0.002604924612444856,0.0020611522504696937,-0.0012316864165863293,0.0014722403772178506,0.01902247834725586,0.0858914345223561,0.267770430907569,0.22983454843803527,0.15631512668228154,-13.191864263404101,0.3564653154828428,0.33751518395042424,-3.3564315701559937,-0.07094774372857739,-0.02745475545525551,3.480094410185234,0.01668993058957625,0.008991170948791538,-0.07987618108074887
271.01999999982604,pick_play,pick,0.0,0.0,0.0,1.013174817731508,0.5845672399980423,3.256654436180916,-6.671642130157309,-0.00562038815307845,-0.002221463615114858,0.001885493258753364,-0.0009889694800460664,0.0009993815393673686,0.0185155418664837,0.08577960474038511,0.2666802408599034,0.22931726457549492,0.15585736301040654,-13.183397363306826,0.355798331199961,0.3369949546108246,-3.333727165499629,-0.07095879582645852,-0.027435929700732234,3.482448651559204,0.013569254363484254,0.00604646307830814,-0.0815766287498928
271.039999999826,pick_play,pick,0.0,0.0,0.0,1.013214733520309,0.5846289808620082,3.257105848566631,-6.650978940153868,-0.005640197096178125,-0.00188513715859393,0.0017310817057508009,-0.0009855508340995815,0.0005195508075304903,0.017936842121196478,0.0856677730755982,0.26560909070389,0.22883510619798514,0.15541408326721196,-13.178627506495888,0.35516429710719555,0.3365036335239411,-3.310532320938999,-0.07096895435145446,-0.027411026135087016,3.4852061684058895,0.010624185690614144,0.0032738934219360694,-0.08328811316596121
271.059999999826,pick_play,pick,0.0,0.0,0.0,1.0132530391356158,0.5844436574971649,3.2570880157589497,-6.631020657449825,-0.00564070318731436,-0.0015996919783186259,0.0016053804890121472,-0.0011765784868344809,0.0001087372234422475,0.01731164224396113,0.08555894865564434,0.26457293798793197,0.22839364628157224,0.1549894001731873,-13.178284346224828,0.3545469483990225,0.33605203893280033,-3.281799453059639,-0.07097804818797648,-0.027378766983747485,3.4884571855863045,0.00785209588823989,0.0006726275146484717,-0.08494839460122372
271.079999999826,pick_play,pick,0.0,0.0,0.0,1.0132898599425464,0.5840486118923877,3.2569411439063605,-6.611756192475706,-0.005618005138328591,-0.0013457045116127217,0.0015204968731729724,-0.0013276677804345952,3.989448492051713e-05,0.016720008644361063,0.08545159270040154,0.2635593612353222,0.22798991378143674,0.1545834329376221,-13.181609019599513,0.35394392202680003,0.33563254144287114,-3.2497219058474864,-0.07098614311826383,-0.027337429299950602,3.4923527929778246,0.0052488359295257804,-0.001765679293823208,-0.08660525400491911
271.09999999982597,pick_play,pick,0.0,0.0,0.0,1.0133245885305215,0.5837016547384981,3.2567926661469033,-6.593004124197549,-0.0055921990417291635,-0.0010967314751345618,0.0014096377658014215,-0.0012209688832286567,3.848038663260546e-05,0.01629632949602495,0.08535004546572166,0.262579145249757,0.2276273675547778,0.15421316888427739,-13.186259478149127,0.35337350887485014,0.3352591481456757,-3.2167648114762084,-0.0709934606112202,-0.027291529998183253,3.4965676836886552,0.002809174266905855,-0.004046510630798306,-0.08823351646096265
271.11999999982595,pick_play,pick,0.0,0.0,0.0,1.013356750708718,0.5836799828477537,3.256649030496581,-6.5746237642562,-0.00556257714624812,-0.0008488177361439334,0.00127781530081942,-0.0008937069077408474,3.905480957376738e-05,0.015984221470890143,0.0852561933380807,0.26164066048648593,0.22730059989814816,0.15387759473419194,-13.190652216398517,0.3528538331857714,0.33491847779846196,-3.1884591182421045,-0.07100013919198418,-0.0272479422390461,3.500553031227999,0.0005313754385518774,-0.006165336543273892,-0.0898147051519551
271.13999999982593,pick_play,pick,0.0,0.0,0.0,1.013386230759938,0.5840999569916289,3.256506585549144,-6.556569978244487,-0.005527429085603444,-0.0006078555624550705,0.0011420752835740442,-0.0004770252663978227,3.688434190690591e-05,0.015701345327370393,0.08516893484179579,0.26074132934462446,0.22700448459762193,0.1535739686737061,-13.194340035902949,0.35239155691989926,0.33461160328483586,-3.164990781242463,-0.07100616806862088,-0.027209445089101794,3.504079851382345,-0.001584995578197041,-0.00812275307769772,-0.09138285843952523
271.1599999998259,pick_play,pick,0.0,0.0,0.0,1.0134132623205945,0.5847273731042061,3.2563594814842016,-6.538875716027537,-0.005480931431946111,-0.0004190527150896297,0.0010213118171999594,-0.0003257340291831798,2.8723504702523727e-05,0.015381588398828439,0.08508670661107835,0.25988215376387835,0.22674578019701364,0.15329942967987065,-13.200092347936318,0.3519747539672135,0.3343421902904511,-3.1420220279278905,-0.07101121349803834,-0.0271745502948761,3.507217461143184,-0.003542271413001872,-0.009924243861389126,-0.09294160173156323
271.1799999998259,pick_play,pick,0.0,0.0,0.0,1.0134382711353536,0.5853010366970559,3.256204314920777,-6.521591826959944,-0.00541753229093129,-0.000275653073625903,0.0009233947081089667,-0.00036452973914381434,1.793185066886597e-05,0.015018732154678917,0.08500822743085243,0.2590634860879275,0.22652931703495036,0.1530500438461304,-13.209342219854683,0.3515871956956684,0.33410812285041813,-3.1166288292184525,-0.07101521071910542,-0.027134644985198977,3.510670901713242,-0.005346152753059855,-0.011579226428222622,-0.09446367929960903
271.1999999998259,pick_play,pick,0.0,0.0,0.0,1.0134615478417202,0.5858107924671456,3.2560411962409335,-6.504746092009463,-0.005338289854409112,-0.0001559045466929771,0.0008402831564061308,-0.000395905539492512,7.071254040577651e-06,0.014634149550647454,0.08493406482527786,0.2582855695118042,0.22634877360625835,0.15282724168396,-13.219739062284404,0.35122424468669866,0.33390630152320866,-3.089524895739196,-0.07101829558206382,-0.02708740830421448,3.5146443956538946,-0.00700268656069072,-0.013093661242675747,-0.09594889144442982
271.21999999982586,pick_play,pick,0.0,0.0,0.0,1.0134832572293782,0.5863066172724607,3.25587016380377,-6.4883441130920945,-0.005244690289756937,-5.7328530945926545e-05,0.0007659935177740188,-0.0003851147771231559,-3.852060564400029e-06,0.014246604864353493,0.08486393447270263,0.25754260656069333,0.22619713122019544,0.15263066556549076,-13.230173057336843,0.35088534902958385,0.3337286200771332,-3.062248756961278,-0.07102051339207428,-0.027036869153380397,3.5188133954410326,-0.008517361078940579,-0.014471363002014126,-0.09737608171315648
271.23999999982584,pick_play,pick,0.0,0.0,0.0,1.0135033724994726,0.5870085817436056,3.255693608750141,-6.472367926866347,-0.005143302912800098,5.2527633183888744e-05,0.0006887301273868702,-0.00013867733483627072,-1.1845503530064642e-05,0.013877176445170615,0.08479781439413467,0.25682759835297364,0.22606231555326226,0.15245870616531376,-13.238015476768284,0.3505792579848094,0.3335710253963471,-3.0382015884677456,-0.0710220821175876,-0.02698459215462208,3.5230878645211963,-0.009894230244788232,-0.015714835101318325,-0.09875969772833768
271.2599999998258,pick_play,pick,0.0,0.0,0.0,1.0135219445961081,0.5878493702096756,3.255510411494929,-6.4567860027548445,-0.005034318125985625,0.0001430306881352297,0.0006165789842837992,-3.027852083544141e-05,-2.126098128211318e-05,0.013537681089646798,0.0847344123838595,0.2561355879640238,0.22594617342904777,0.1523079660186768,-13.245759613159768,0.35030287144117955,0.3334309544811249,-3.015904694702955,-0.07102289106755531,-0.02693637385964394,3.526965532785761,-0.011136281768097988,-0.016825865679931606,-0.10010258609180284
271.2799999998258,pick_play,pick,0.0,0.0,0.0,1.013539117300129,0.588720787902867,3.2553189273217327,-6.441570503587889,-0.004916344238332235,0.0002241207508095525,0.0005519201657721582,1.0326449479021666e-05,-3.169153076173256e-05,0.013221101724722484,0.0846734164688076,0.25547051016004496,0.22585144563930334,0.1521730807075501,-13.254676006692359,0.35005005570326636,0.33331120874977116,-2.9937595789719373,-0.07102297028743405,-0.026887332275509837,3.530855239412465,-0.012248166451890427,-0.017812441760253872,-0.10142097174893686
271.2999999998258,pick_play,pick,0.0,0.0,0.0,1.0135550093558112,0.5896126252871365,3.2551183285447243,-6.426700611834318,-0.004789709054258199,0.00030130290072171394,0.0004935427635131852,4.52448423511302e-05,-4.2596743077775605e-05,0.01292228553331625,0.08461515185117552,0.254834342584508,0.2257758656751561,0.15205548074340824,-13.263739749192787,0.3498188203350374,0.3332091954002381,-2.9721620446419115,-0.07102237359746377,-0.02683711722493172,3.53478745635044,-0.013235537868838828,-0.018680762225341763,-0.10269884530050796
271.31999999982577,pick_play,pick,0.0,0.0,0.0,1.0135696980969158,0.5905547196580101,3.2549082158678644,-6.412155883268876,-0.004655335045499177,0.0003794417939540179,0.00043915178550487684,0.0001082431865167563,-5.379539836721146e-05,0.012642144133307125,0.08455965106847838,0.2542274607371925,0.22571590225126226,0.15195576217269902,-13.2722191876206,0.3496092422743849,0.33312256004905705,-2.9516305940150493,-0.07102117805752478,-0.02678763046860695,3.5386174221591133,-0.014104455914834006,-0.019436906748962368,-0.10392611338963756
271.33999999982575,pick_play,pick,0.0,0.0,0.0,1.0135832307533021,0.5916979153226093,3.2546905489990374,-6.397953134832501,-0.004519788291793413,0.00046944782665933425,0.00038754898750585176,0.00031999432148962625,-6.303591719882725e-05,0.012339442842492065,0.08450691423797829,0.2536481733193038,0.22566191776256542,0.15187267329788212,-13.277934275417186,0.3494261913250068,0.33304969337081913,-2.933860423477543,-0.07101946120641422,-0.026740365847945216,3.5422351185732213,-0.014860875466925308,-0.020086358958435024,-0.10509787848662114
271.35999999982573,pick_play,pick,0.0,0.0,0.0,1.0135957119217478,0.5930946699683234,3.254467997086332,-6.3841475570934785,-0.004389288172609195,0.0005610087546246502,0.00034121777267583255,0.0005629914869848204,-7.03822768107995e-05,0.011986781511441284,0.08445527842783461,0.253088466203539,0.22560827970578845,0.1518039491424561,-13.280680099879692,0.3492698917838542,0.33298937347030644,-2.918631610449688,-0.07101718243074936,-0.026698251441121104,3.5453925817145553,-0.015510008522312426,-0.020633052760314907,-0.1062098164934865
271.3799999998257,pick_play,pick,0.0,0.0,0.0,1.0136072674394605,0.5946917682511281,3.2541863281265533,-6.370762609409427,-0.0042647294986660035,0.0006412945489140037,0.0002951715665580141,0.0007498104512362171,-0.00013425693077106322,0.011619385432219756,0.08440387702652936,0.25254585738651986,0.22555490862252817,0.15174517896270756,-13.281698524051166,0.3491364081578798,0.3329421963939667,-2.9049062109775896,-0.07101431610632003,-0.02666035406291485,3.548164888320142,-0.016057202948818114,-0.021083067828369106,-0.107267824978472
271.3999999998257,pick_play,pick,0.0,0.0,0.0,1.0136180589675894,0.5963771417852606,3.2537009398357446,-6.357770595048148,-0.0041461979864326716,0.0007016839938592977,0.0002411796362417034,0.0008352019696332477,-0.0003307989287507135,0.011282017151845592,0.08435421314060773,0.25203068249989113,0.2255044070299101,0.15169558789825444,-13.281736177528465,0.3490200065372196,0.332907625699997,-2.8914348759109534,-0.07101088866269445,-0.026624233648180964,3.5507517920805767,-0.016508161100716217,-0.021442841464233364,-0.10827871048996822
271.4199999998257,pick_play,pick,0.0,0.0,0.0,1.0136280541280434,0.5981098239607762,3.2529457403016395,-6.345156946291985,-0.004036488253455825,0.0007506591366172978,0.0001795530860624373,0.0008942918675304279,-0.0005741201644943283,0.010954777045977184,0.08430374483534564,0.25153287722045325,0.22545955387285233,0.151651122833252,-13.282162497299145,0.34892042964470993,0.3328719523200989,-2.8812025982710034,-0.07100695220196385,-0.026586187258362773,3.553455361162477,-0.01686805467356738,-0.021716545993041958,-0.10924011970222479
271.43999999982566,pick_play,pick,0.0,0.0,0.0,1.0136373515741617,0.5999135362189497,3.251913038878391,-6.332906699947481,-0.003937622536301323,0.0007917001005460604,0.00012274959651228893,0.0009764045012471396,-0.0008188453958643697,0.010643147058520023,0.08425072085883299,0.251040818258772,0.22541686357321994,0.1516099360237122,-13.282047174032385,0.3488369932041505,0.33283359673118595,-2.8743063521678778,-0.07100261451302127,-0.026549733430147174,3.556007222603848,-0.017142972489785975,-0.02191240685577389,-0.11016707990322189
271.45999999982564,pick_play,pick,0.0,0.0,0.0,1.013646038905519,0.6017943589278122,3.2506243508476818,-6.320954638546221,-0.003855768576702044,0.0008183356048213335,7.191360212483171e-05,0.0010583367610394025,-0.0010415473827814744,0.010394147235047894,0.08419323116273085,0.25054349906908013,0.22537574146879522,0.1515709545860291,-13.281779039599884,0.3487680951092895,0.3327920224914551,-2.8704839979499397,-0.07099800198943344,-0.02651733830571175,3.5582177488136937,-0.01735373474288471,-0.022042344981384243,-0.11037000469443711
271.4799999998256,pick_play,pick,0.0,0.0,0.0,1.0136542031304074,0.6037440353734226,3.2491185572959465,-6.309205807927207,-0.003786966093142025,0.0008275689498359407,2.898890408629205e-05,0.001126813209024342,-0.0012277358776562005,0.010229640686651983,0.0841294012931036,0.25003702354200463,0.2253363497014425,0.15153733756637577,-13.280870509161577,0.3487116002732624,0.3327412393341065,-2.8703921431711095,-0.07099300484208486,-0.02649020701646805,3.5599676082976814,-0.017540789252812078,-0.02209992306823727,-0.10770690505731471
271.4999999998256,pick_play,pick,0.0,0.0,0.0,1.0136619400851008,0.605740937424289,3.247444873797039,-6.2975930603476495,-0.0037281649488127796,0.0008230141673123829,-4.772457436353283e-06,0.0011729903141572805,-0.0013708735841856314,0.010118635854047235,0.08405842123201442,0.24951673589465181,0.2252989495294629,0.15150926377868656,-13.279343254600974,0.3486647266767136,0.33268392946815495,-2.873044103655733,-0.07098761043174164,-0.02646608576178551,3.5614393884983717,-0.01771894483926559,-0.02209825413818356,-0.10350070878106872
271.5199999998256,pick_play,pick,0.0,0.0,0.0,1.0136694135963078,0.6077346054663173,3.245680725790775,-6.286111024004752,-0.0036771776025973663,0.0008095378809571256,-2.144888196827237e-05,0.0011707194673597982,-0.001439769207191931,0.010003037771963113,0.08397911590437027,0.24897373076765067,0.22526363048862635,0.15148393180465702,-13.27770345233237,0.3486221490601684,0.33262119557952885,-2.8769851352736664,-0.07098188597638037,-0.02644467651844025,3.562670119772145,-0.017887723161018033,-0.022057722979736294,-0.09858571259344395
271.53999999982557,pick_play,pick,0.0,0.0,0.0,1.013676732952922,0.6096872306404583,3.243833631008949,-6.274748993692188,-0.003628399984915697,0.0007892706181087518,-3.41984877294665e-05,0.001138179627170748,-0.0015156662394472064,0.009901430010698247,0.08389267730584286,0.24841016333297597,0.2252303647291975,0.1514614608535767,-13.275913221014461,0.3485808276663276,0.3325585212955475,-2.8809140664677297,-0.07097588776212642,-0.026425679400563243,3.5636891989987487,-0.018046460642265165,-0.021995376521301235,-0.09339725304394411
271.55999999982555,pick_play,pick,0.0,0.0,0.0,1.0136839289391044,0.6115855641022855,3.2418787975517924,-6.263497341941131,-0.0035796289605447527,0.0007664497922642321,-4.82076019333685e-05,0.001095909500137938,-0.0016131579605130069,0.009806937842821708,0.08379981836558033,0.24782842693668328,0.22519912823508212,0.15143785741424565,-13.274690298116738,0.34854010036278094,0.3324886348495484,-2.8862049357613255,-0.070969701163878,-0.026408518850803378,3.564551458496619,-0.01819500696947366,-0.02192265885467526,-0.088207927433927
271.57999999982553,pick_play,pick,0.0,0.0,0.0,1.0136910153126943,0.6134240606718393,3.239792469765654,-6.252355621416243,-0.003529866379611664,0.0007434497189272717,-6.382308051610641e-05,0.001048895717493563,-0.0017309722702558983,0.009712276736386725,0.08370118622565521,0.24723215961616254,0.2251697886904876,0.15141169097518925,-13.274260044913143,0.3484996988414611,0.3324087050209046,-2.8933416733423476,-0.07096337282852808,-0.026394616067409518,3.5651505343618886,-0.01833366780230023,-0.021848868304443325,-0.08322957921939254
271.5999999998255,pick_play,pick,0.0,0.0,0.0,1.013698007058435,0.6151970487223928,3.237553025439942,-6.241328008794865,-0.003478793430822588,0.0007212459134095874,-8.074501242473245e-05,0.0009970855278316217,-0.001867526922619521,0.009613878377007211,0.08359730305287291,0.24662484060020323,0.22514215919351996,0.1513822462806702,-13.274713467658229,0.3484592987882892,0.3323170926818848,-2.902556891637552,-0.07095701272195265,-0.02638431377708912,3.5654646551640177,-0.018463069311467593,-0.021781753474426235,-0.07862704873213475
271.6199999998255,pick_play,pick,0.0,0.0,0.0,1.0137049239324567,0.6168980559052092,3.235140564482288,-6.230415642899467,-0.0034261633272348016,0.0007002339103858288,-9.85763878382808e-05,0.000939499498400956,-0.002021745608542605,0.009515415368612787,0.08348869519700794,0.24601077950255587,0.2251160124841654,0.15134940412139897,-13.27602780257535,0.34841847757632016,0.3322120096931458,-2.9140880107739027,-0.07095069300507205,-0.026379053667187694,3.5653823702182517,-0.018584182776461525,-0.02172918217773434,-0.074561312523174
271.6399999998255,pick_play,pick,0.0,0.0,0.0,1.0137123407029727,0.6184997763782261,3.232436258928939,-6.2196374855804395,-0.003366286327376204,0.0007035725295856867,-9.615850721430479e-05,0.000853186753370043,-0.002296099600099036,0.009399595629105039,0.08330646679542007,0.2450986249595939,0.22507954689516743,0.1511863258132935,-13.29795413757983,0.34836514341279967,0.3318242218742371,-2.9732346520579855,-0.07094514773873353,-0.02642132453620434,3.5616040470367527,-0.018697645220832067,-0.02168173688049313,-0.07079495174127923
271.65999999982546,pick_play,pick,0.0,0.0,0.0,1.0137235796394957,0.6196273966887365,3.2295974817775708,-6.209063641509983,-0.0032884388265620873,0.0007217694573141326,0.00012135390710436633,0.0003819606554296579,-0.002366009108587219,0.009218664283716916,0.08303505457591104,0.24369044916962093,0.2249729269652448,0.15078393485641484,-13.345560796545195,0.3482274069043336,0.3309949722537995,-3.091039964955092,-0.07093890955060524,-0.026290965452790263,3.571484553615322,-0.018811995922220524,-0.021868657046508755,-0.07254329865225255
271.67999999982544,pick_play,pick,0.0,0.0,0.0,1.0137337929695336,0.6203899028061821,3.227107094244326,-6.198412923038224,-0.0032322964181096515,0.0007307494696862628,5.563908947750924e-05,0.00012560279391056223,-0.002028353535877801,0.009316416615871596,0.08293220213071432,0.2430174975920472,0.2249177332611963,0.1509857561836243,-13.304069778496284,0.348101716200743,0.33131284382438664,-3.0125800663624265,-0.07093139917617332,-0.026231021806597712,3.575609367705881,-0.018934955524857338,-0.022218178683471645,-0.07789210822609395
271.6999999998254,pick_play,pick,0.0,0.0,0.0,1.0137392500318663,0.6217183456269382,3.2250944274475555,-6.186609051656195,-0.003149608839269628,0.000646090371137268,-0.00013763595072190468,0.0006494220239966824,-0.0015954173152480729,0.010499413385163385,0.08305113355932202,0.24358298372043366,0.22494266361356158,0.15164450671768193,-13.195987340622024,0.34808247837473244,0.33267984654998783,-2.7715844241979517,-0.07092681092110231,-0.02649898007512093,3.5539964799154116,-0.019048963586979883,-0.02202219861145016,-0.07052571699714524
271.7199999998254,pick_play,pick,0.0,0.0,0.0,1.0137438553382618,0.6233859083959653,3.222974668053879,-6.173284260356002,-0.003068532815895211,0.0004933453039071665,-0.00016122822418168284,0.0008143140177138237,-0.0017561514585122367,0.01178778873258175,0.08309016516020303,0.24379044710835332,0.2249681499316361,0.15144220855331425,-13.236505749098724,0.3480873827595437,0.33253664639091496,-2.799513675493855,-0.07092238140674084,-0.02643350996077061,3.5588605984803934,-0.01914287494239287,-0.021629165583801235,-0.059060020193703607
271.7399999998254,pick_play,pick,0.0,0.0,0.0,1.013753707007877,0.6245460615379869,3.220134145527089,-6.160053428790025,-0.0029529527824035872,0.00046726255523154637,7.73057162717255e-05,0.000241917220786522,-0.0024444776143103548,0.011466122182789572,0.082816812748168,0.24248422461285993,0.22488731548145713,0.15063414838409428,-13.358749324407245,0.3479831371320968,0.3308503713855744,-3.0752425910136236,-0.07091514410179432,-0.026170849055051806,3.5791244036696814,-0.019229038057564207,-0.021635126048278774,-0.05725693314622057
271.75999999982537,pick_play,pick,0.0,0.0,0.0,1.0137677644799947,0.625132957965952,3.2174679414064196,-6.147683409515725,-0.00290906793511221,0.0005417628289836904,0.0002975311287956833,-0.00014151024101579051,-0.0021449106970526724,0.010696411933586576,0.08245360154010843,0.2407912707086075,0.2247482767666797,0.15049902465438847,-13.354230420068927,0.34778457466297713,0.3300615337142945,-3.1747385554174277,-0.07090738075734933,-0.02628298401832581,3.5695242687903344,-0.019319289087643157,-0.021867226535034145,-0.060627653088403795
271.77999999982535,pick_play,pick,0.0,0.0,0.0,1.0137768836221992,0.6259045237599374,3.214717965455245,-6.1357268465603205,-0.0028193690026307493,0.000626990145028097,-4.381514811403693e-05,0.00015192880394227534,-0.0023465382576843053,0.010436800628425008,0.08238608364098657,0.24052114270883965,0.22470445719293328,0.15113268163299565,-13.240379970875338,0.3476936804253019,0.3310663190135956,-2.986975206442197,-0.07090270987060601,-0.026534586399793628,3.5492112703064658,-0.019411747046915374,-0.02199311154479977,-0.061405726338416886
271.79999999982533,pick_play,pick,0.0,0.0,0.0,1.0137824580184127,0.6269441145779432,3.2117465417128375,-6.124021133303769,-0.002689572386384938,0.0006748920015114477,-0.0001888070759243231,0.00035445737404961753,-0.002482678835623514,0.010200036634427293,0.08239861193814879,0.24049954308057245,0.22470889522562887,0.15109107759094242,-13.251683753914278,0.3476688463782997,0.33121661212539677,-2.959679045311339,-0.07089810212366263,-0.02634534351527691,3.563959970450215,-0.019502214171479133,-0.022020648890686,-0.05991406334304995
271.8199999998253,pick_play,pick,0.0,0.0,0.0,1.0137885688945416,0.6277896308547782,3.20894251352111,-6.113220133601355,-0.002583419216340882,0.0007403001854141124,-0.0001135608375701436,0.00017312336539835444,-0.002312592488674586,0.009304931434746203,0.08224483810513758,0.23955407196131612,0.2246990225520214,0.1506588247070313,-13.326350374730355,0.3476192351509809,0.33044714596366886,-3.0870854254626336,-0.07088952263467897,-0.026003969088196757,3.590347670722996,-0.019596748870565207,-0.022243808680725063,-0.0629637354438412
271.8399999998253,pick_play,pick,0.0,0.0,0.0,1.013795110954118,0.628421737823118,3.206374230313506,-6.10298015318712,-0.0024769181273973217,0.0007455219476202667,-7.343226737692234e-05,4.06785902536006e-05,-0.0021225317018966996,0.008909798362856951,0.0821678858165046,0.2391180413374182,0.2246881774602386,0.15068719651794438,-13.319374467522907,0.34755401924532603,0.3305352714309693,-3.058412623135666,-0.07087952653894244,-0.026017098873853686,3.588440520673163,-0.01969377127460372,-0.022374819689941372,-0.06374213206828246
271.8599999998253,pick_play,pick,0.0,0.0,0.0,1.0138011934047877,0.6290718325876706,3.2034291272443096,-6.092530982248313,-0.0023438787317094324,0.0006945401039387116,-0.00014170049113361888,6.169626131058079e-05,-0.0025483260358076256,0.009183969472858657,0.08214945613234294,0.2391975613813115,0.22468118290951863,0.15078006055450444,-13.301697956978654,0.3475041748164886,0.3308011379489899,-3.0028953907168243,-0.07087206462851284,-0.026286014541983607,3.5664889745485504,-0.019783522964956505,-0.022249888354492153,-0.05865892104428713
271.87999999982526,pick_play,pick,0.0,0.0,0.0,1.0138074657229108,0.629890478930047,3.199825003113533,-6.081502725781807,-0.0022072643155676063,0.0006756206910577366,-0.00018191506924381708,0.0001962827007010022,-0.0031010956386018965,0.009725479531587816,0.08202123386278239,0.23888947189568469,0.22465850559702238,0.15056542422866825,-13.33491052835581,0.34745975655580863,0.33038351800537114,-3.070362668799269,-0.0708686798998766,-0.026522345095872882,3.547541281034922,-0.019860138529840057,-0.022021244937133755,-0.051487417324099796
271.89999999982524,pick_play,pick,0.0,0.0,0.0,1.0138169277207352,0.6304921780249716,3.196685049251962,-6.070000953077572,-0.002116626874896743,0.000682166312049868,7.720505278431265e-05,-7.595009403271909e-05,-0.0025130566591248255,0.010086338618437829,0.08175719195274897,0.2376894547079715,0.22458314595434795,0.1500934746513367,-13.402316564493017,0.3473416217494048,0.3291825738201142,-3.25927809436661,-0.07086492440985818,-0.026352434605360034,3.5607848677530582,-0.019935383239055717,-0.022145937854003872,-0.05271655246762416
271.9199999998252,pick_play,pick,0.0,0.0,0.0,1.0138285053993716,0.6305068763739927,3.1942780252144125,-6.058821666050157,-0.0020213329384965576,0.0007470903911874823,0.0002334960443425121,-0.0005981268010580639,-0.001931680051015839,0.009688788999051727,0.0815183747191329,0.2363851236010663,0.2244873626712575,0.1501739409217835,-13.369209757855497,0.34716899860155587,0.3289091375122071,-3.2734783057887027,-0.07085796227994788,-0.026144302636384967,3.5766913357260437,-0.02002322687085194,-0.022575210505676235,-0.06077941057232977
271.9399999998252,pick_play,pick,0.0,0.0,0.0,1.013835409550365,0.6308772307580459,3.192696253115724,-6.048474668078296,-0.0019124580741271195,0.000911357250157067,4.013712706040232e-05,-9.341016223513948e-05,-0.0011748861244944007,0.008928605763798428,0.08145995680233847,0.23596091725984053,0.22446306900040192,0.15059302117919926,-13.295246099445812,0.34709925249977774,0.3296555664787293,-3.1354336148899566,-0.070850741187319,-0.026134158670902255,3.576931498866117,-0.020122510534849085,-0.022909354144287075,-0.0662800262446108
271.9599999998252,pick_play,pick,0.0,0.0,0.0,1.0138397747878762,0.631625787052077,3.192086749059487,-6.0386312305052625,-0.0017738133051093073,0.0010274983184532579,5.498628309568636e-05,0.0002176090107068093,-0.00029739766669908366,0.008542377837599674,0.08136615604837492,0.23546373015063,0.22446347770636335,0.15045420196151738,-13.321758639263638,0.34707379021136325,0.329527863527298,-3.1564631335857984,-0.07084527699804118,-0.0262438926845789,3.567819582745333,-0.020224631955733895,-0.023025583201599087,-0.06656975535888707
271.97999999982517,pick_play,pick,0.0,0.0,0.0,1.013848855779141,0.6323234045360918,3.1913577127189754,-6.028154233645615,-0.0015646994697089377,0.001068413284117107,0.0003226300772950235,5.953967510908089e-05,-0.0005811900062441513,0.009273473584513815,0.08101626876518722,0.23393884367728615,0.22435432457410137,0.14980159070587162,-13.410590535847211,0.3469570838371676,0.3281824972877503,-3.3698947959154553,-0.07084347558767724,-0.026571630686521533,3.5416667841830565,-0.0203201482901993,-0.022921513491821255,-0.061834975366381925
271.99999999982515,pick_play,pick,0.0,0.0,0.0,1.0138624602459592,0.6327251237563608,3.190473175825164,-6.016795698931693,-0.0013474049328868914,0.0011546275569182308,0.0005301996029516771,-0.00024834800068603935,-0.0006823452221547509,0.00998650405939732,0.08074772122741795,0.23267885004506675,0.22416405295716135,0.1497123029479981,-13.386322627261226,0.34676136127612506,0.3275459494838715,-3.4435428329004565,-0.07084291104172136,-0.026590160280466082,3.54019152007466,-0.020417578111268198,-0.023127626353454556,-0.0644443881710847
272.01999999982513,pick_play,pick,0.0,0.0,0.0,1.0138710169516396,0.6330112951303927,3.18979059170643,-6.005970289398517,-0.0011663856047411222,0.0013801890612782678,0.00022436071524034796,-0.0002291126162128743,-0.0004635534528438446,0.009293247544697226,0.08079856610486424,0.23263995318215752,0.2240907126937871,0.15021667745208744,-13.292766972114102,0.3466640822129887,0.32827458646392826,-3.3036249540859344,-0.07083953990408355,-0.026221734657883647,3.569221277523227,-0.020527153129606332,-0.023564409190368618,-0.07218140467961254
272.0399999998251,pick_play,pick,0.0,0.0,0.0,1.013875571966285,0.6334652779686105,3.1895802254162007,-5.996199229999876,-0.0010238366733983553,0.0016009861251941534,0.0001244974966153458,-6.664740795833706e-05,-3.404820770822621e-05,0.008398882399779163,0.080789949288547,0.2322773022859036,0.22407418812737567,0.15004984405136113,-13.323278125456644,0.3466328493129739,0.32826183106994633,-3.3045845398408487,-0.07083251433003064,-0.02595273330807686,3.5899797225743044,-0.020650224784192456,-0.023972581797790493,-0.07885557510075247
272.0599999998251,pick_play,pick,0.0,0.0,0.0,1.01387941680506,0.6339709689747769,3.1894996984549464,-5.986353589232675,-0.0008878025172762724,0.0016994256588954287,0.0001149362982359866,-3.363234090525641e-05,2.800515810182727e-05,0.008619682798826966,0.08071895232981191,0.2318194329310893,0.22406173618236422,0.1499367740402222,-13.341549438045785,0.34661205101715536,0.32826278474426274,-3.301328009723187,-0.07082556870877006,-0.02610488720238209,3.5772777233856465,-0.020781005257579612,-0.02423162358398434,-0.08182477875933969
272.0799999998251,pick_play,pick,0.0,0.0,0.0,1.0138841866040593,0.6343858945301223,3.188724753388224,-5.975486639814753,-0.0006659670991527166,0.0016998081446665744,0.00010007777225235187,-0.00019392025066815273,-0.0006910175210063138,0.009622119118739208,0.08071191309736203,0.23196276260560514,0.22402894246911806,0.14989820983505253,-13.340918608651426,0.3465797272373392,0.3282292571315766,-3.3005595446657257,-0.07082137839093439,-0.026417154073715213,3.552120979711029,-0.02090442404552606,-0.024102519923400845,-0.07581851341137408
272.09999999982506,pick_play,pick,0.0,0.0,0.0,1.013892175043514,0.6337646663755182,3.187183409539492,-5.963407964813976,-0.00042828260851639124,0.0016129606510486367,0.0002256398811528921,-0.0013232614001246422,-0.0012913889312902178,0.010668487753633552,0.08068841658054371,0.23202398920362655,0.22398055563260116,0.14971248176193241,-13.364538328674996,0.34646164089869536,0.3277179684886933,-3.3643425596009218,-0.07081674091301615,-0.026349091157317164,3.5571418292027928,-0.021023584211525618,-0.024165581637573208,-0.07453350807853694
272.11999999982504,pick_play,pick,0.0,0.0,0.0,1.0139003072162183,0.6325816359094051,3.185595355521276,-5.951633607089336,-0.0002969051922599226,0.0017333629646313089,0.0002062452332374155,-0.0016217940975795909,-0.0012585844299121602,0.010142889338362344,0.08069233520628163,0.23212789461960323,0.22394903186894163,0.1499448206672669,-13.318478675903775,0.34633338833107125,0.3279088225612641,-3.3067518514302585,-0.07081101646350599,-0.02620431520044804,3.5682123581327265,-0.021143143345895548,-0.02432150738830563,-0.07541574041664767
272.139999999825,pick_play,pick,0.0,0.0,0.0,1.0139082859417745,0.6312433956091285,3.183501004316428,-5.9390645557440145,-0.00015112689962013402,0.0017060809937484735,0.0001553481192832104,-0.001809212353018307,-0.00179798343462961,0.01119230105421144,0.0808171892645844,0.23307096834174512,0.2239280600899902,0.15002635982131962,-13.300710656336953,0.34620608821622245,0.32820654776191716,-3.230169627338977,-0.07080570940346459,-0.026402938365936282,3.551930142923017,-0.02124607185697425,-0.023935150080871548,-0.06382081297256334
272.159999999825,pick_play,pick,0.0,0.0,0.0,1.0139181339972874,0.6292706585259886,3.1798803700744953,-5.924652912842948,5.019084176480357e-05,0.0015699231730428279,0.00010967431411323982,-0.002539335305676865,-0.0032438091343147,0.012800048045447997,0.08098725967232889,0.23440369211233264,0.22389923596599273,0.15006253984069828,-13.28831937954041,0.3460363765327226,0.3283406284103394,-3.172126836581462,-0.07080127939732485,-0.026489258930087092,3.5447148562222477,-0.021328503246580293,-0.02357370751495358,-0.05341565299981176
272.179999999825,pick_play,pick,0.0,0.0,0.0,1.0139245596580488,0.6276059147115507,3.1770276225834646,-5.912472555573399,7.20865103130694e-05,0.0018813536828177332,1.0004332157028181e-05,-0.001914883741031207,-0.0021397626686749456,0.010099743278781194,0.08109030487693575,0.23499480179734233,0.2239095423361403,0.1503543641815186,-13.24103422464068,0.3459424202546524,0.3285021569976807,-3.132671449652972,-0.07079605482849381,-0.026094394922256473,3.575834922796874,-0.02142240566144749,-0.02415199177856442,-0.06500204355385655
272.19999999982497,pick_play,pick,0.0,0.0,0.0,1.0139279475886833,0.6268803182670761,3.176057137722604,-5.903555437432876,0.00011043547826816195,0.0021667205515980316,7.300866668654487e-05,-0.0009326037996861799,-0.00048793143640575684,0.007458261311389553,0.08103714402790733,0.23488931562819493,0.22391852279240287,0.15031806495285038,-13.248737482495468,0.34590640189915844,0.32827944424247746,-3.170273456942189,-0.07079127065943687,-0.026255141198635104,3.5626393111945536,-0.021528584317548977,-0.02447850602264401,-0.07012403904015126
272.21999999982495,pick_play,pick,0.0,0.0,0.0,1.0139322386554834,0.6266432137856007,3.175239067266222,-5.893995039166493,0.00021629179762893642,0.0021150007185393553,0.0001263621648981585,-0.000659488748260668,-0.0006911469980184872,0.008566979461873347,0.08095596009598072,0.2351196597103897,0.22389100592029654,0.1501211312065125,-13.276256105760782,0.3458584609053106,0.327916273141861,-3.2257383210737145,-0.0707925546591609,-0.02692917846143246,3.509177269489897,-0.021615964666028796,-0.023956250125122036,-0.055642289261669954
272.23999999982493,pick_play,pick,0.0,0.0,0.0,1.0139367816774647,0.6262019934078396,3.173960692123346,-5.883520890040177,0.00030242101808892563,0.0020395824641910635,8.706243940705081e-05,-0.0009332820940256082,-0.0010652740862870118,0.009185866894960804,0.08108983746803913,0.23597299142428899,0.2238706350315382,0.15042451884841923,-13.21883271358723,0.3458104655374305,0.328162410522461,-3.1730306040091505,-0.07079290847747907,-0.02666033543646336,3.530610195264571,-0.021694733368769852,-0.023955773287963833,-0.05388211391720317
272.2599999998249,pick_play,pick,0.0,0.0,0.0,1.0139400558227472,0.625546855266335,3.1732851986463646,-5.874147275453179,0.00032768053272967977,0.002074028625287579,9.837970197535006e-05,-0.0010256501841257874,-0.0003531791494966387,0.0079320829339361,0.08132441378126054,0.23701209917763563,0.22387774943441086,0.15068022277450566,-13.176247103817726,0.34578007196070787,0.3286271181354523,-3.08535146265999,-0.07078715588691536,-0.02610525041818619,3.5742047223250766,-0.021785537452199303,-0.024419974261474575,-0.0627400165211071
272.2799999998249,pick_play,pick,0.0,0.0,0.0,1.0139434998324395,0.6250401721561131,3.1731522657988096,-5.865459912606959,0.00034298873803880543,0.002049185405909428,0.00016363873654611343,-0.0008357219611789871,-8.118029292374156e-06,0.007542448957867113,0.08134638456530216,0.23734352133123068,0.22386719808996136,0.15038398768997197,-13.226018419148009,0.3457436762167207,0.3282637980232239,-3.143561896067105,-0.07078060792120845,-0.026229730993509295,3.5637130323538924,-0.02188317770296545,-0.024606417590331997,-0.06476504881569382
272.2999999998249,pick_play,pick,0.0,0.0,0.0,1.0139485642838337,0.6245785484289069,3.173056037091824,-5.856526918137718,0.00036846832366438094,0.0019875454388374046,0.00025617477256966896,-0.0008464262696574357,1.6247323957868095e-06,0.00782844736679803,0.08126497848107293,0.2373236286222789,0.22382337895167437,0.15015713241195683,-13.256442007016698,0.345674556074966,0.3278193559894562,-3.208500117569302,-0.07077712794932708,-0.026495984941720965,3.542318122259037,-0.021981326290597285,-0.02469057934875485,-0.06441645880949624
272.31999999982486,pick_play,pick,0.0,0.0,0.0,1.0139531771593218,0.6244326108509638,3.1729088679606257,-5.846989267136669,0.00040602101774399747,0.001958210703777335,0.00020838654923501857,-0.0005384122789552368,-4.455093164226007e-05,0.008387371555715856,0.0812692015265488,0.23774746222923818,0.2237772881797915,0.15041098859405522,-13.202506662909155,0.34562964521699624,0.32801837589836125,-3.166846625730041,-0.07077739182185872,-0.02674328461289406,3.5227626856365517,-0.022072717304161563,-0.024597357684326138,-0.06005636821758768
272.33999999982484,pick_play,pick,0.0,0.0,0.0,1.0139575689296536,0.6243014592808848,3.172618425674739,-5.836802138437344,0.0004557133451973067,0.0018859276822019214,0.00019403585532403638,-0.0006281549916276814,-0.00017750888883116575,0.0089523259044205,0.08133286830002226,0.2383196694986021,0.22373428434134413,0.15050075318908696,-13.178802025899156,0.3455920613824539,0.32796246674156193,-3.170471864200242,-0.07077770724801918,-0.026724086329340938,3.524302521519152,-0.02215031186678458,-0.0243322362243652,-0.051978931220461
272.3599999998248,pick_play,pick,0.0,0.0,0.0,1.0139631909398108,0.6238350809188337,3.1724274023935126,-5.826445678713058,0.000485300009888755,0.001820059863630244,0.00028379154469111657,-0.0009591031392156466,-4.646206409764793e-05,0.009018672105812149,0.08141087773785367,0.23885804204084438,0.22367867477024667,0.15025977161026005,-13.211103336966035,0.34552232111350656,0.32769716646766667,-3.20311820431242,-0.0707749570705531,-0.02642285190522671,3.547998046792783,-0.022225827929526522,-0.02444536584014889,-0.05293485806898383
272.3799999998248,pick_play,pick,0.0,0.0,0.0,1.0139687156791561,0.6239244969022996,3.173045267603018,-5.816321343336837,0.00043895240943563627,0.001895620562556883,0.0003535744577935904,-0.0002782528047774771,0.0007724053367441669,0.008794261748595962,0.08149950837959109,0.23938980070791735,0.2235940325348002,0.15007273223495488,-13.227418907011042,0.34547480439459977,0.32755721476173405,-3.221887564380685,-0.07077062942635395,-0.026196276023983958,3.565708466371532,-0.022325866149217766,-0.025240968638610806,-0.06939427266145554
272.3999999998248,pick_play,pick,0.0,0.0,0.0,1.013974091949154,0.6245710509749125,3.1756679404296024,-5.805402823247512,0.0003371877748498176,0.0018843438770705125,0.0005606461102696476,6.095911230977983e-05,0.002659304584924925,0.009639849626532524,0.08165134745120567,0.23985809701706728,0.22349693772469328,0.14980272319412236,-13.257645490346015,0.3454384688469362,0.32747439410781864,-3.2309432907791744,-0.07076149331042086,-0.02572560049593449,3.602340619631343,-0.022466893438285538,-0.026342462474060024,-0.09197462394041075
272.41999999982477,pick_play,pick,0.0,0.0,0.0,1.013978864579231,0.6253561126737698,3.1806791239288414,-5.792184671503282,0.0001704990080016859,0.0017115015940120269,0.0007582687956727065,4.484970377920041e-05,0.004794145425330044,0.011744616205198209,0.08197563514773239,0.24092576269317634,0.22344541154634082,0.14966205623245243,-13.27742280242676,0.3454034651400229,0.3280105080852509,-3.1282161499434764,-0.07071662270026338,-0.02514903172850609,3.642658775092039,-0.022641540038395514,-0.027148674899291958,-0.10669991443782004
272.43999999982475,pick_play,pick,0.0,0.0,0.0,1.0139837362222972,0.62617073199716,3.186510624815156,-5.776811641580668,7.475015428051108e-06,0.0014086516770880522,0.0008114556947817187,-4.7853653616059325e-05,0.005211656898430248,0.013504441456865598,0.08249776483354164,0.24330423690008363,0.22340994983855456,0.149955668712616,-13.21915388556076,0.34537102528743446,0.32914654281234745,-2.918033836743924,-0.07062850440684494,-0.02497302480041981,3.647202411697791,-0.0228062395107543,-0.02684230702514645,-0.09543929270405091
272.45999999982473,pick_play,pick,0.0,0.0,0.0,1.0139924686763395,0.6270510432493366,3.191184375878585,-5.760451724668862,-8.012461545350067e-05,0.0011143960140517675,0.00090101088444774,-1.2561162642797468e-05,0.004062614920046933,0.014212636184939441,0.08307168653332908,0.24627292540604717,0.22326461505232822,0.14978996780014042,-13.21347204127585,0.3452979691664764,0.32961592938995365,-2.8169622992056693,-0.07053050315418387,-0.024893955513834956,3.6453821843825627,-0.02294530373373906,-0.026438306742858853,-0.0827407635337569
272.4799999998247,pick_play,pick,0.0,0.0,0.0,1.0140085231614835,0.6292482381424312,3.197048532529321,-5.74369714383929,-0.00021789933655176746,0.0010628924759490898,0.0014602282981016265,0.0013004090769384693,0.005575554198638421,0.014591716733903486,0.08336748796269815,0.24785554028735135,0.2228822315350118,0.14897171523666386,-13.27430083549684,0.345147612788133,0.3288218763122559,-2.927342663466892,-0.07044762303873481,-0.024713582545518878,3.6541249999193894,-0.023100432024699094,-0.027228783541870083,-0.0978993124356468
272.4999999998247,pick_play,pick,0.0,0.0,0.0,1.0140311087734963,0.6335276743006293,3.207244862962049,-5.726417475751235,-0.0003645833815620745,0.0011076667830331466,0.0022245048191523397,0.0031827728319607828,0.009636185013208025,0.014974786003970708,0.08371684035188026,0.24906001692152854,0.22226734273810245,0.14846596982574467,-13.236617997109388,0.3449408731832058,0.32842604186630253,-2.956956155777317,-0.07034337026712376,-0.024086893722414973,3.6945593142009083,-0.023379318138798375,-0.028306435519409145,-0.11361866077167196
272.5199999998247,pick_play,pick,0.0,0.0,0.0,1.0140735936648133,0.6392701870197074,3.2332889152518716,-5.726178434390827,-0.0017425929633511721,0.004438061661938472,0.005077710393283909,0.005236903691195002,0.025133172920966593,-0.0030242111772625212,0.08874583161546763,0.25277192439929624,0.22113572940968465,0.13920656707382206,-14.660219063523664,0.34429932260155127,0.33311478164291386,-1.9646083438115387,-0.06989888450847023,-0.011712572723627093,4.629803946665801,-0.023597072256768287,-0.02698881524200436,-0.07930720974944798
272.53999999982466,pick_play,pick,0.0,0.0,0.0,1.014158971185115,0.6485899189251576,3.283694503090496,-5.721676913418399,-0.00442008229469646,0.004806407692161344,0.009663933693530162,0.008363883311787095,0.04688017172950124,0.005231187615823556,0.09231996390718916,0.2695030841469863,0.21904911913372094,0.13278774287796025,-15.365875691408613,0.3429478546333317,0.33752847578620915,-0.8724868370052893,-0.06899451405898079,-0.009535360336303714,4.706321041369914,-0.02350750515452101,-0.021330069476318325,0.050130157398701865
272.55999999982464,pick_play,pick,0.0,0.0,0.0,1.0142773101485167,0.660480590293856,3.3466903848234537,-5.65932401860995,-0.006565722495247425,-0.0020635998925580524,0.012085734539657833,0.006915887998804447,0.05629627613775966,0.06288340862211524,0.08995997361875904,0.2638666957186583,0.21653549132051822,0.13893190887069706,-13.774098238182829,0.34119790247045667,0.33530695107078556,-0.9269803198013493,-0.06770766948138658,-0.02128201834857464,3.640924849453487,-0.023367542836164358,-0.021382044726562466,0.045208521698865745
272.5799999998246,pick_play,pick,0.0,0.0,0.0,1.0143601957872483,0.668232097886256,3.44905185304274,-5.571321617012831,-0.01009190187760547,-0.003093602474599755,0.014130730420446854,0.0013351095252179994,0.09681717375443241,0.0751836362154652,0.09137823135317,0.2735578421029731,0.2157241861557424,0.1361254241714478,-14.281148278727784,0.33956760944824976,0.32972589995956425,-1.6516436494811497,-0.06600965837028754,-0.016187711805105212,3.8907008983213056,-0.023414082161269195,-0.026176642352294888,-0.06692806685077332
272.5999999998246,pick_play,pick,0.0,0.0,0.0,1.014422483392667,0.6770209623011976,3.6109714574626386,-5.485696133553787,-0.013826007980101623,-0.001419430615978458,0.01917057198941345,0.0034342502483744528,0.1489593651272411,0.07263202533698138,0.09127983489896246,0.2745915284921381,0.2155874765374278,0.13246045377349858,-14.960888707019048,0.33775362732250236,0.32738138105964665,-1.7331112422563013,-0.06412774476146006,-0.014024584740400317,3.903289935964886,-0.02359500457209283,-0.027728151255798306,-0.09768182405825807
272.6199999998246,pick_play,pick,0.0,0.0,0.0,1.0144934357502795,0.691956375470069,3.8206852247645924,-5.385313282422672,-0.01674338793415315,-0.0013463605033405316,0.023985656732627092,0.00789884737053756,0.1886836161110808,0.08772261794955746,0.08902872869584418,0.26655291474409265,0.21509362376040358,0.13399229314422612,-14.569444165332035,0.3355905335892807,0.32636416819190983,-1.5005871154696284,-0.062302414397847984,-0.015306211262941363,3.6589485437470266,-0.024768511253835376,-0.03137690919036862,-0.12114897382696302
272.63999999982457,pick_play,pick,0.0,0.0,0.0,1.014554573176904,0.7080103357237418,4.0951243538619275,-5.278764601983713,-0.020464922691211324,0.0006383493414561182,0.02984495792383926,0.007298764297035261,0.24948731076565983,0.08923730905460957,0.08805398367089552,0.2622881920197805,0.21513329387411506,0.13047347333526615,-15.255234672417417,0.33293484601779044,0.3198778715381623,-2.155211777561772,-0.06035153081430897,-0.009787741303443911,3.936127883934207,-0.027299898735401937,-0.0352040042221069,-0.10827863395227523
272.65999999982455,pick_play,pick,0.0,0.0,0.0,1.0146218253944042,0.7223814720348803,4.441788321132864,-5.167786010577213,-0.024020379068326516,0.002224594279764085,0.03702039083737601,0.004845082134744242,0.3116552682166357,0.0935692013393866,0.08541287327953777,0.2509973685341271,0.21519707377502703,0.1281968739280701,-15.679081010299459,0.32923632909654216,0.3158521142253876,-2.135064400630131,-0.05825466009243498,-0.0070944681763649015,3.975474503239154,-0.02973854639129283,-0.036671232157897915,-0.09298382725217291
272.67999999982453,pick_play,pick,0.0,0.0,0.0,1.0146802188733974,0.740057554401307,4.844397901943975,-5.044841273900766,-0.02726987902539771,0.003930809005904767,0.04112531540344107,0.007075495859834873,0.358432176645458,0.10378462251070608,0.08223824576969217,0.2380406485846268,0.21512204681509883,0.12941239144897465,-15.438287223168317,0.32507807448720183,0.3161434617290497,-1.300281519114813,-0.05604406871021343,-0.0064400389790535,3.8446819859320454,-0.031193351378622607,-0.03675146000976559,-0.09436466024072886
272.6999999998245,pick_play,pick,0.0,0.0,0.0,1.0146956754575225,0.769194829544568,5.274973254492871,-4.909215350245108,-0.029674160330541814,0.006669449605889499,0.04063604459752034,0.016215938918423434,0.37948948035461355,0.11420557159227344,0.07977104473341858,0.22965793944453466,0.21497986990415532,0.13231054809188847,-14.886797386826292,0.3215431561456975,0.3193803217658997,-0.129468814308288,-0.05397102610202093,-0.006548005342483523,3.678587233249799,-0.031814602528763745,-0.036675762110900845,-0.10466377878186528
272.7199999998245,pick_play,pick,0.0,0.0,0.0,1.0146587327446337,0.8089247238374371,5.7098623305025145,-4.772930628131246,-0.031348227687414215,0.010913749579036283,0.03769924167124897,0.02423351432720057,0.3812502595810661,0.11243904930467936,0.078898432019132,0.22966050372384228,0.2149130614663214,0.13438723352050785,-14.504142492508509,0.31888559640774466,0.3213220622787476,0.6308038531849689,-0.05213953153282203,-0.0052087821066379575,3.652412506294312,-0.03221937721293921,-0.037168811732482876,-0.11213723926991902
272.7399999998245,pick_play,pick,0.0,0.0,0.0,1.0145700746229167,0.8525203718343892,6.145836581621825,-4.649090489189232,-0.03249237252725069,0.015608382671553876,0.034840696409250166,0.027251759615520385,0.38263077156929937,0.10004579760178163,0.07772686535031931,0.2281692477900012,0.2152573746662944,0.1352616932640076,-14.438810615030611,0.31680353045494836,0.31979704763984684,0.6879508459345935,-0.050559716559929524,-0.004445920884609225,3.600705016541556,-0.032676277718657096,-0.037662934237670864,-0.11089756360692213
272.75999999982446,pick_play,pick,0.0,0.0,0.0,1.0144258710382943,0.8953272222335138,6.593814843659647,-4.543732564821686,-0.03349573932794662,0.020178488957349864,0.03280875313597223,0.027069472542110562,0.3945292771597774,0.08301253425055949,0.07615890596951458,0.2234633921215692,0.2163420830498772,0.13548342254257206,-14.660825544682872,0.31502281390715187,0.3172029342899323,0.5158833333831656,-0.049234584437920725,-0.0034836597740650205,3.5852963828305744,-0.032936169941352025,-0.036932062083435024,-0.09276562480304267
272.77999999982444,pick_play,pick,0.0,0.0,0.0,1.0142500058398616,0.9357153871568932,7.062399143204856,-4.459289230026435,-0.03441592947889449,0.024819678866847664,0.0330405526226677,0.026342051028756343,0.41292358245892935,0.06396466052036053,0.07528292152177092,0.2214852500652483,0.2175373243579671,0.1342372086296082,-15.107361189869433,0.31288340538252973,0.31525916721916203,0.5778104037637649,-0.048048595719317314,-0.00045834407210350314,3.7393312315946563,-0.03301293469824177,-0.03463227646942135,-0.03857632122399964
272.7999999998244,pick_play,pick,0.0,0.0,0.0,1.0140367865224005,0.9730239373357562,7.563945434221419,-4.397780422807721,-0.03587632644825099,0.02969541903837466,0.03377084094962011,0.025603570254258985,0.4431759530820548,0.04292295274174329,0.07395461260154002,0.21670616268914406,0.21897771786872075,0.1330680635223389,-15.599867414831927,0.3102260454303527,0.31341717507934574,0.7635483019609639,-0.046933976703297325,0.0014474436640739413,3.8061496616172494,-0.032966920174609164,-0.0320229043304443,0.021359073016681086
272.8199999998244,pick_play,pick,0.0,0.0,0.0,1.0137236366815594,1.0112022279234156,8.116978729453654,-4.357722660503943,-0.037832618720335415,0.03491447112245084,0.03271101491846969,0.02903382446725361,0.4900472015232905,0.023503977541089877,0.07157722818096966,0.2036249846952157,0.22174523992187745,0.13288030889129643,-16.24038711343836,0.3079118148547274,0.31198797490692143,0.8928002180513193,-0.045997940572748135,0.0008995465934276553,3.69748505702501,-0.03264855934072931,-0.029098223620605435,0.07613848634913388
272.8399999998244,pick_play,pick,0.0,0.0,0.0,1.013299080649092,1.0573114978719778,8.724089079425246,-4.326448092732206,-0.038977975361334086,0.03920013313376979,0.03167212437007091,0.03725626040815957,0.536383517043339,0.01673739058146853,0.06986925556250226,0.1905084828992029,0.2252879570969632,0.1332705405006409,-16.867607113716595,0.3062147420089044,0.3132416394004822,1.375087267352542,-0.04535191754831896,0.001565438508987424,3.715972881221714,-0.03118239932176578,-0.02553160088653561,0.08294013512862883
272.85999999982437,pick_play,pick,0.0,0.0,0.0,1.0127938656942346,1.1142437305997908,9.370534832955736,-4.294011157097967,-0.03897463376927442,0.04244066341693032,0.030746742694416414,0.04631068100131911,0.5686316742892086,0.01728803655441269,0.0695056771576042,0.1841006043642061,0.22858321400277398,0.1355123903999329,-17.03694262696337,0.30487758749557825,0.31782908108329777,2.4136193869683265,-0.0449454164291281,0.0035876750946044894,3.8601544389277542,-0.028564592823305483,-0.022212337428283657,0.06270321078951861
272.87999999982435,pick_play,pick,0.0,0.0,0.0,1.0122054747967781,1.1762876075345285,10.043687602232406,-4.266682487079328,-0.03867214220791014,0.0452650304220272,0.028218977408205358,0.050401923964101786,0.5908919432523703,0.010213088191182298,0.06994375282642182,0.1837093400535271,0.2320937589042379,0.1396722581634522,-16.93905714407334,0.3038320127246625,0.32265604403114323,3.4473929571502757,-0.044601201959212744,0.004536949843168256,3.9112284005974702,-0.025385414105198872,-0.018703650408935513,0.052704369652863486
272.89999999982433,pick_play,pick,0.0,0.0,0.0,1.0115360000750313,1.2393102091004222,10.735612505920232,-4.248021198627136,-0.03826656046022597,0.047228720338900416,0.02524744608154752,0.05220630634665922,0.6062873838647821,0.001755357942683053,0.07083157510249644,0.18557860044347654,0.23593241049230046,0.14313415553665165,-17.031504707211923,0.30290007977360883,0.32720581557846073,4.425429954016828,-0.0442260087048494,0.005053893476724622,3.9200446633587473,-0.021532542735082927,-0.014088581973266567,0.04738320850169844
272.9199999998243,pick_play,pick,0.0,0.0,0.0,1.0108113566189625,1.308447489804519,11.437657914025817,-4.227556408519373,-0.03738095743300068,0.04800755619298482,0.0229274698547331,0.05768945973655044,0.6141016580535515,0.004030184445451194,0.07181461128963994,0.18848971793811384,0.2392118194585142,0.14577684667205815,-17.10028284830761,0.3020070603333701,0.3325297620544434,5.542677783580724,-0.04377370715005449,0.006266449391841886,3.9757829834192977,-0.016825636532916383,-0.008684467250061001,0.03543422557088652
272.9399999998243,pick_play,pick,0.0,0.0,0.0,1.0100470882328294,1.3827068861573857,12.143407251230308,-4.198831994500975,-0.035982826900677625,0.0479215101408374,0.020798445897227444,0.059714580811581715,0.6169713890522681,0.010390100246159993,0.07301954664239578,0.1938499576575937,0.24181602648214032,0.14869103696441655,-16.992246907633103,0.3009614441914248,0.33707068231201176,6.560626883550891,-0.0431482860622283,0.00768468230962753,4.028162403119345,-0.012200356667943911,-0.004780839854431118,0.02416810258971297
272.9599999998243,pick_play,pick,0.0,0.0,0.0,1.0092565170413668,1.453548484051635,12.849089538282328,-4.161311330625685,-0.03423155751059661,0.046972808736380024,0.019178024906162425,0.053648515559216986,0.6168038068892117,0.01700383900383597,0.07429533370336826,0.1983782500744114,0.24402865329421727,0.15040115382766728,-17.052109590455622,0.29925447167278213,0.34020484354591374,7.4835641169422,-0.04237660035784991,0.00864956974983215,4.033725929707976,-0.008466029997996682,-0.0023579110443114892,0.024517612205622374
272.97999999982426,pick_play,pick,0.0,0.0,0.0,1.0084537792078168,1.5185714822763947,13.54945520456043,-4.1100833527737075,-0.03233707137092152,0.04523277139326642,0.017802210413928578,0.04540846681421931,0.6118114796766531,0.029053301798491995,0.07545399896631737,0.20120977328238177,0.24575593007921612,0.15165076520538334,-17.09778075845975,0.29676529327741397,0.34338740375137333,8.564579300895868,-0.04168341552425178,0.008762691915035245,3.9946829278489555,-0.005793874648307736,-0.0008521785079955713,0.03268042309737827
272.99999999982424,pick_play,pick,0.0,0.0,0.0,1.0076017222834917,1.5781689178768947,14.247162622743172,-4.048127059762602,-0.03032270842489938,0.04371057920677632,0.014507486280734465,0.03809151968893637,0.6105215170563882,0.03625863108894395,0.07683901128797668,0.20861312971292748,0.24781835803288702,0.15438524749374394,-17.004429603460363,0.2941800522795507,0.34672681357955937,9.637595727835018,-0.041132103287778776,0.01074482202529907,4.118619918621876,-0.004413882309267497,-0.0009701957046508447,0.04053137952284639
273.0199999998242,pick_play,pick,0.0,0.0,0.0,1.0066253942420211,1.6327236715529356,14.9601350184701,-3.984511655015231,-0.028217355940078587,0.04245275992572881,0.009172511326541188,0.03293205733873509,0.6265267523337104,0.03561885917775161,0.07802190526611825,0.21874505387894577,0.25144385891296284,0.15763948228454594,-17.196185225994512,0.29229099835477446,0.3483521428356171,10.213946904270685,-0.04059041356937729,0.0141636848449707,4.3475044184349025,-0.003911674284795352,-0.0017129887878417627,0.04079786786304371
273.0399999998242,pick_play,pick,0.0,0.0,0.0,1.0055014705480165,1.6899648652609793,15.71318048514063,-3.9118089163614216,-0.025797785356313902,0.04059392476449688,0.005700564628055996,0.03328274977203913,0.664616893432027,0.0429291085499995,0.07714647866363306,0.216158394925015,0.2559652238212719,0.15946952369308476,-17.75069157438209,0.290974125173054,0.34546546008682255,9.886453916587518,-0.040026561372235335,0.013642397522926328,4.258959019961878,-0.003752579847918894,-0.0031572093307494775,0.010316931869891677
273.0599999998242,pick_play,pick,0.0,0.0,0.0,1.0042020489643566,1.7566733794021725,16.52980626318688,-3.8131471799830026,-0.022851248139947513,0.03711366563265398,0.0027790291488356284,0.034289164719056645,0.7234410704185873,0.06371159403948919,0.0746052734435321,0.20246945678531014,0.2609279274208972,0.1639869597206116,-17.86862549985796,0.2902176862432726,0.3414453056106568,9.252716840399415,-0.039515350650916256,0.011359547078609464,4.039022326460798,-0.003937530962194922,-0.00849063294525143,-0.10806799536951617
273.07999999982417,pick_play,pick,0.0,0.0,0.0,1.0026317766355322,1.8290630538852248,17.429165251231925,-3.694933584208888,-0.01896540124231918,0.03368385052168115,-0.0037000508655881522,0.032603357236963185,0.7979642018808141,0.0744480158869192,0.07228570511961524,0.19533826608458818,0.267746896991008,0.17270372178649906,-17.6762207652551,0.29069091847237466,0.34041149284935,8.880915202168206,-0.039059117709976596,0.011075292527675626,3.982571995030972,-0.008158174088056554,-0.01996643441314694,-0.1346183866788368
273.09999999982415,pick_play,pick,0.0,0.0,0.0,1.0007278614225634,1.9134716293519942,18.41960434223329,-3.565422647842999,-0.013889210868886484,0.031187835717002704,-0.012085235283822306,0.040081837730874245,0.8780390531596969,0.07933018679198836,0.07065920601471186,0.2023180404531012,0.2764549475457964,0.18133536841964726,-17.836791293548494,0.2930258137393773,0.3413019266376496,8.473043112990734,-0.03880855053487138,0.012119320034980771,4.060173808288861,-0.01587028387760602,-0.030046295100402798,-0.08081703460934792
273.11999999982413,pick_play,pick,0.0,0.0,0.0,0.9985244621576448,2.0269894159030493,19.499251305499627,-3.415405132415054,-0.008027464462523892,0.02884919392104628,-0.01818816242641924,0.05920567327018108,0.9561332685967724,0.09305133268669304,0.06973096953086894,0.20704189619563965,0.28494408927013254,0.18969402577972416,-17.84208188965219,0.29683545521459026,0.34352011349296574,8.072016090339195,-0.03880937660602557,0.013601955771446225,4.191429656386255,-0.023792909679901875,-0.03620786564941403,-0.04192052215230485
273.1399999998241,pick_play,pick,0.0,0.0,0.0,0.996031101503687,2.1765133621459065,20.667092915652635,-3.226256811955794,-0.0012668732890057308,0.024474481000455756,-0.024197324641772988,0.07567802172223498,1.0346451501709806,0.12125416024496946,0.06911475242098142,0.2113366900936781,0.2924727466174596,0.20013711717224125,-17.245730399779795,0.3018415524145027,0.347060480381012,7.713407172233273,-0.03889004368349996,0.013339538872241971,4.180038619557215,-0.03210137118285238,-0.04558260338897702,-0.050338394082832194
273.1599999998241,pick_play,pick,0.0,0.0,0.0,0.9932058137263905,2.3564452247918,21.917583722930697,-2.989614115922638,0.006655003121246704,0.018178732359342555,-0.0329520870661885,0.08262569775514453,1.107693661498082,0.15293936832551003,0.0699075684181158,0.21613115687546652,0.299865511994308,0.21219883229827885,-16.397051101902587,0.30826479343519164,0.35500774648284916,7.875520916717139,-0.038926103975173036,0.013459254801273343,4.190246015702642,-0.041373391058757564,-0.055778335505676235,-0.03974764069891412
273.1799999998241,pick_play,pick,0.0,0.0,0.0,0.9899357616299058,2.5639551333024206,23.22005689753832,-2.710535126056171,0.017713174236708054,0.011640362554443968,-0.050655604661752764,0.08853287785831693,1.1499530180276634,0.17886333950282052,0.07437434155539445,0.22310386819244088,0.30971254737731685,0.2324994590530396,-14.70799998657476,0.3186637131060005,0.37960866954422,10.119017147993173,-0.03886492146699801,0.013697464764118192,4.197881022511589,-0.04642897720672969,-0.05259401696319577,-0.0036737127257592816
273.19999999982406,pick_play,pick,0.0,0.0,0.0,0.9861548002773242,2.80427135359084,24.53881682826934,-2.3979550874238127,0.031074563249361375,0.006302152363463026,-0.07348438759786183,0.10127976804517398,1.1623480007473883,0.19743161315036833,0.08109364304629271,0.22978860440701618,0.32341849530477285,0.2521292951354981,-13.937610948709713,0.33501286106143807,0.4089634802589417,12.000246154023369,-0.03886257940912773,0.014817309379577634,4.291446503934148,-0.047404742763202216,-0.04994220631713864,-0.043536744624753716
273.21999999982404,pick_play,pick,0.0,0.0,0.0,0.981928850813087,3.0708112674046113,25.87008540129238,-2.0742018130714723,0.04432460793205675,0.0031194628868583298,-0.09157339037931438,0.11397026531753654,1.1754830781096335,0.1945729607855515,0.08445601929065745,0.23195503731885925,0.33975906685252716,0.2668343570480347,-14.429961858025663,0.35492553762546636,0.4260487046489716,11.215134869096518,-0.0388367244498905,0.016305972635746,4.40718783730393,-0.04976469448655503,-0.05804319279785153,-0.12043055860545362
273.239999999824,pick_play,pick,0.0,0.0,0.0,0.9772495052216341,3.3148047253032678,27.239727526445428,-1.791494679931215,0.05973014586700214,0.0014977372077655737,-0.10772634415278425,0.10017783332854434,1.2111631851459963,0.14557646400677632,0.08155727114408268,0.22778381564062275,0.3598033646340695,0.29036355879402165,-14.09088436991149,0.3747196525580943,0.4323088910827637,8.805597638712264,-0.03865235592563889,0.013662461936473844,4.1721781656049,-0.054165026435982914,-0.06418104069824215,-0.09653526985498342
273.259999999824,pick_play,pick,0.0,0.0,0.0,0.9721326045045673,3.505996624461807,28.666053337087202,-1.579648308403268,0.07609863313253346,0.0011084979298806603,-0.12008831466671684,0.07725984361468456,1.2586747546165387,0.0799100425626319,0.07827185036303252,0.2209765213632429,0.38298805768091043,0.3115363803157807,-14.688823312290124,0.39267553548566,0.4381479110965729,6.767430108867492,-0.038239437002487935,0.01368729472160339,4.129033899316829,-0.058632484449834286,-0.06752533810729977,-0.07405164813749296
273.279999999824,pick_play,pick,0.0,0.0,0.0,0.9667728861562128,3.69169929341206,30.12698269054935,-1.388554990056256,0.08983986998090887,0.0004381670871931465,-0.12383851928567993,0.08172551934111176,1.283950612661408,0.06473753304834713,0.08032506921100512,0.21482946660765856,0.4047964973148719,0.3267816093215943,-15.749980403705393,0.4090122313250977,0.4578787472496033,7.505447756968328,-0.03775924216537777,0.019499045610427854,4.551056446240033,-0.06250965483962383,-0.07092161076660153,-0.08121615445201291
273.29999999982397,pick_play,pick,0.0,0.0,0.0,0.9613708737658451,3.920381726889276,31.584611644805708,-1.1585190488556854,0.1007011205751317,-0.0017147913575765459,-0.12142762753293075,0.09895370080392901,1.279334073879789,0.0916220839532122,0.08493957808464908,0.23470658406995137,0.42264318694903164,0.34400258329010014,-15.553833264309567,0.4243007388003692,0.48050017025566105,8.909371007226728,-0.03730172318259014,0.025074441730976102,4.961727394853506,-0.06637755379123432,-0.07517964738006588,-0.08825998068370627
273.31999999982395,pick_play,pick,0.0,0.0,0.0,0.9560629152979219,4.201093091952746,33.01808012775239,-0.8715163973126406,0.10781326651480622,-0.004405991227347504,-0.11471723428729959,0.11274925690270682,1.2603890217193723,0.1271513115587473,0.09057384296081802,0.24536520934535822,0.43603804215388076,0.3581446495304108,-15.076560134626149,0.4381243430258719,0.497493305469513,9.597151614318141,-0.036909403741562735,0.028783363103866574,5.231741299784125,-0.07068586607547522,-0.08022839921112057,-0.08980772190396039
273.33999999982393,pick_play,pick,0.0,0.0,0.0,0.9509571758865205,4.50988439472412,34.4177120527469,-0.5466587354854272,0.11068872085014572,-0.006077760326162728,-0.10484865196329238,0.1116377756047927,1.2321207261113367,0.14364637923726886,0.09606326584226947,0.25729575049665776,0.44533953454718345,0.3712984111557007,-14.068971118341452,0.44910215432280876,0.510095142985344,10.113473726110241,-0.03675086645952749,0.03168257027864456,5.46400631058718,-0.073556328446165,-0.08019001381988522,-0.07601941052206054
273.3599999998239,pick_play,pick,0.0,0.0,0.0,0.9461185326640132,4.804215743717628,35.77488169551719,-0.22406684301959737,0.11072912862442846,-0.006437799989533736,-0.09376338613049635,0.092069374331138,1.1944071447408398,0.1306014093762942,0.0998414879543451,0.2705726142439644,0.45168735413716,0.38231078651046757,-13.002888724819723,0.4562233068610685,0.5188145872602463,10.701575996044888,-0.03674543910212353,0.03506151288747787,5.742544054794646,-0.07411463195413182,-0.07661850350494381,-0.05100823636153218
273.3799999998239,pick_play,pick,0.0,0.0,0.0,0.9415749304728669,5.063249011927736,37.08632795210166,0.0698780148838907,0.1088144934573063,-0.0056066848565540384,-0.08242512500515149,0.07117623900872422,1.1530187963082648,0.10286747025691502,0.10229957037375155,0.2790816881843603,0.4556766293233778,0.38722006347274784,-12.655294466127367,0.4592047576014376,0.523705908323288,11.366772193556036,-0.03661430291060954,0.04019158780574798,6.136225714240105,-0.07403503626061426,-0.07157118218536374,0.057409997811990306
273.3999999998239,pick_play,pick,0.0,0.0,0.0,0.9372958084304591,5.2958021796451415,38.3461783069638,0.33561018975791496,0.10748141037770774,-0.003977086628675146,-0.07360399102832091,0.06001941124201812,1.1054758810390635,0.0805139215980736,0.10386108818844934,0.2843890321904192,0.4578716529628906,0.39282120134925846,-11.903932794078814,0.45929333799217303,0.5278537508497239,12.322058221167062,-0.03632621482397293,0.044859831035137174,6.478514271907078,-0.0703842494628987,-0.06120831864471432,0.08468487317769297
273.41999999982386,pick_play,pick,0.0,0.0,0.0,0.9332018874107925,5.528166591752117,39.54085880650175,0.6070343461108155,0.10854831574130834,-0.0062236334653016576,-0.06873817907456192,0.05289138951554294,1.047883619985873,0.08646604148621538,0.10525167186699297,0.2908772663401533,0.4591561873885448,0.39732859399414067,-11.252900036418183,0.4589194803701743,0.5336552944431305,13.473844048331854,-0.03565487556116844,0.04583903849124908,6.481240683224881,-0.06561713663824387,-0.05818087952728268,0.020939087428753278
273.43999999982384,pick_play,pick,0.0,0.0,0.0,0.9292546057279496,5.778323436470277,40.66145404924155,0.9197012165382584,0.11069231597070145,-0.012971079249544343,-0.06461863305846621,0.040823308652025256,0.9860558498096013,0.11595583449207014,0.10797372171832391,0.3015154913203788,0.45995619169365465,0.3991106834659577,-11.029952847906015,0.4596289100959153,0.5418156024465561,14.731375713744436,-0.034373445898917936,0.04741173684597015,6.469678096172606,-0.06334526016672098,-0.060273360186767544,0.009509332793547362
273.4599999998238,pick_play,pick,0.0,0.0,0.0,0.9254487480962879,6.040558504493816,41.7046109654748,1.2809900897979791,0.113103649869951,-0.022269537450946536,-0.060028507419579547,0.018086797664689652,0.9219879706309638,0.1460435106124432,0.11199791799066496,0.3125236701072809,0.4607587682058744,0.4012231316814423,-10.797989751340802,0.46187657113958286,0.551408180261612,15.929298585255667,-0.03226958127391952,0.050305475294589994,6.48660738040602,-0.06308473167188333,-0.06600601571197506,-0.07709167905116149
273.4799999998238,pick_play,pick,0.0,0.0,0.0,0.9217815323331833,6.288996098529333,42.66778798769805,1.6585756104457736,0.11545847222624639,-0.029046952320102862,-0.05568276706093964,-0.007695142109905517,0.8530937303952301,0.15232681771135875,0.11686177472120766,0.31683064543067685,0.46256828633814334,0.40974054601287846,-9.666507049202753,0.46550804074348356,0.5613999154815674,16.969123186546337,-0.029421522135989336,0.055873666703701017,6.664734456596425,-0.06304514436483998,-0.06357605355377194,-0.014700883396625076
273.4999999998238,pick_play,pick,0.0,0.0,0.0,0.9182810542350262,6.4966305447788555,43.549390746449184,2.0123425126826198,0.11585503035076686,-0.033721707992408055,-0.05051211058444135,-0.03295483862801053,0.7805426058808933,0.1354707248142539,0.12206677159120816,0.3232404339060768,0.46595336359310474,0.417226233745575,-9.047819658246777,0.46983336000737264,0.571080261136055,17.881251883472185,-0.02552813819711585,0.06137633770704269,6.730595651711492,-0.06306893395268716,-0.06559748547668454,-0.062042520283249705
273.51999999982377,pick_play,pick,0.0,0.0,0.0,0.9150511245307514,6.649806450144784,44.34719204671352,2.3272086931396614,0.11149829738704659,-0.03872265660922612,-0.04170428725297736,-0.06080929154220492,0.7048883841993646,0.11394446674463246,0.12532242822350814,0.3350980663883678,0.4702285223497867,0.42091632750129704,-9.218396906536722,0.47370247539902227,0.5774528023252488,18.36728656288709,-0.020245601287865633,0.06287318170070648,6.345629093933336,-0.06702726606315637,-0.07913441556091305,-0.14844640752067487
273.53999999982375,pick_play,pick,0.0,0.0,0.0,0.9121708054864279,6.6913940626760535,45.05734897014022,2.5515800099269366,0.10452257604617202,-0.039577477831981574,-0.03106290897672112,-0.10797988853880885,0.6209684876651493,0.057614405633705165,0.12834832035595795,0.34786192211933353,0.4760990453685348,0.43016923334693913,-8.733166535899715,0.475763214392052,0.5845097687492371,19.411126479667736,-0.014455955707496823,0.06872773617506027,6.327245661076693,-0.07341070167289705,-0.08618099587554928,-0.09485018342087681
273.55999999982373,pick_play,pick,0.0,0.0,0.0,0.9097308584878613,6.500357311816985,45.679361046292925,2.5728757690145287,0.093611113602643,-0.03547053672829108,-0.017444104171091497,-0.19186423676424397,0.5291583721228974,-0.0688894380097875,0.13268830617106667,0.3752011022886512,0.48530964096403556,0.4390915122280121,-9.042730399036895,0.4732614017698494,0.5880877014646531,20.86399947729584,-0.00807051617810061,0.07637650966644287,6.392523333778328,-0.08056088300721287,-0.09309382336730954,-0.06867629526548752
273.5799999998237,pick_play,pick,0.0,0.0,0.0,0.9077905002334536,6.040790295868939,46.181066429007025,2.3491340931311653,0.08134208451008448,-0.02866122284314087,-0.005408557030608795,-0.270750764907314,0.4036010472002575,-0.20110245092762474,0.13583034515915107,0.402627587971061,0.4989578065989402,0.4510697212467194,-9.682506984327148,0.46692275538564093,0.5992793526897431,24.319986932032553,-0.0022935550734932636,0.08086122274398803,6.331517081154249,-0.08310418824392798,-0.0879315842926025,-0.05718628314093821
273.5999999998237,pick_play,pick,0.0,0.0,0.0,0.9062559219973998,5.468813771289641,46.48684327071558,2.011179204866607,0.07481096580921706,-0.021215373714959407,-0.0030861595467414557,-0.28604420080983245,0.22016152142421405,-0.2320118046723028,0.13708107312828985,0.4031717074047132,0.5171065787209184,0.4750354674110413,-8.977552915418375,0.46474657002871056,0.6165890779743195,27.5030469458513,0.0006174464151567464,0.08216474652290344,6.376970401482516,-0.07151557814733282,-0.048611234599304165,0.11542166798472686
273.6199999998237,pick_play,pick,0.0,0.0,0.0,0.9050214213617428,4.944440222278194,46.58375374173501,1.72941283276509,0.07086730491571872,-0.024736971905221127,-0.003867289265801453,-0.27829751391399865,0.04768891658876304,-0.16678934639172913,0.1369140126485535,0.3933250985806145,0.5376008263087452,0.486654647851944,-10.750654622476901,0.4704012985556531,0.622582786942482,26.964658523016567,0.002394718684867641,0.08543318212032318,6.5445285924695575,-0.05436226186329883,-0.03365118401641842,-0.07904747817591962
273.63999999982366,pick_play,pick,0.0,0.0,0.0,0.9040817679027384,4.524632693753515,46.49821010532656,1.582060701694223,0.06600174813138186,-0.03544268295186997,-0.0022389974033487567,-0.2727759289972174,-0.10002685091919748,-0.07040525899561208,0.13650792741855947,0.39945682053597564,0.5583881299810175,0.5081387248287201,-10.640280070570476,0.48272702411839236,0.6260067757616044,24.84971390823544,0.00532474399965105,0.09014770090579986,6.612283098167415,-0.04425551142592825,-0.037338088923644985,-0.1390542652759612
273.65999999982364,pick_play,pick,0.0,0.0,0.0,0.9034182286568551,4.181117007281096,46.221650551602416,1.5146047193008854,0.06271138272543676,-0.03573836401410198,-0.003620470559801088,-0.2544785162588231,-0.2661125679695598,-0.017111150628113317,0.13448666826170028,0.3999664423405074,0.5806377273957655,0.5425641622791291,-8.555001833914861,0.5017641489182435,0.6366223555455208,22.819535144801026,0.008368656726244017,0.09406013488769531,6.684530140557268,-0.03147836123384584,-0.012227128916931118,0.01750976089609524
273.6799999998236,pick_play,pick,0.0,0.0,0.0,0.9030008931686233,3.850986389755443,45.77901936894725,1.4291011390074637,0.05759077937544593,-0.02795100949719124,-0.006542903137157188,-0.23165852671699783,-0.4059067969167089,-0.027499139712681128,0.12699345954122288,0.3770313358825301,0.6048352645456249,0.5563083973178864,-10.581989308105506,0.5245279520591538,0.633282923365593,17.838625208053696,0.010919930748430682,0.0961712121963501,6.676486910498731,-0.01598026579221515,0.003088880604553257,-0.06177297934832282
273.6999999998236,pick_play,pick,0.0,0.0,0.0,0.9028298934501905,3.5068296242869152,45.25104526429694,1.2929684303122837,0.04851355586275355,-0.0189656369894119,-0.00603771868960137,-0.2135259030007457,-0.47166660569182123,-0.05765781396567235,0.11804727515216998,0.3462773684024081,0.6286574993171092,0.5547358032712937,-15.123184526549752,0.5462596689846023,0.6274340611348153,12.953845914100736,0.012853266834213178,0.09927075803279876,6.805114187419808,-0.0030844045428916425,0.010599185055542026,-0.08755167782124973
273.7199999998236,pick_play,pick,0.0,0.0,0.0,0.9028888361755739,3.17101512434319,44.72967958273345,1.142429149326924,0.03695958839063909,-0.01313451640285263,-0.0013415168758712896,-0.19844604069628033,-0.45587400441066905,-0.0669609463544333,0.11065696944166807,0.31521901606296243,0.6491334387912087,0.5485839780817032,-19.659515160140376,0.5639518431755038,0.6239629622945786,9.454668873689648,0.01420486368734392,0.10271024405956268,7.005472881927441,0.005427673239055276,0.014807749813842808,-0.04174889461758513
273.73999999982357,pick_play,pick,0.0,0.0,0.0,0.9030947582919878,2.8613019535957207,44.282724909253396,1.004604791907176,0.026410605570496827,-0.009661814812308333,0.0037802940830481534,-0.18434357836607468,-0.38398409470516426,-0.06510814613704399,0.10383279660900438,0.28406612928492225,0.6651180866601871,0.5473664489040375,-22.414084815787454,0.576617362564055,0.6210706171045304,7.037639737269963,0.015166805818912214,0.1028843492269516,6.963770605677978,0.011301328539799687,0.019953061169433628,0.021485823359501027
273.75999999982355,pick_play,pick,0.0,0.0,0.0,0.9033575357717756,2.6004333450088457,43.95541369379126,0.9038856833600077,0.017622548581379988,-0.008333712215846015,0.008900881249821961,-0.16377137415097376,-0.27372997381926756,-0.04693435253300257,0.09855846821408602,0.2541786736081759,0.6761216591913362,0.5440000530729294,-24.621583790929048,0.5842989748909698,0.616458513999939,5.20375811339776,0.01567737436382363,0.10199644863605499,6.877483482366473,0.01513830380169255,0.021774817532348667,0.04129215690800711
273.77999999982353,pick_play,pick,0.0,0.0,0.0,0.9036483970534818,2.43277277761334,43.775515125725185,0.8867919997649395,0.009026608973876304,-0.010352233939700277,0.01557240643874517,-0.1317185102486753,-0.14008500034915572,0.002964973617458483,0.0971394913241255,0.24603235372231672,0.6811989506347492,0.5369339075336457,-26.356136732227352,0.5873845717866026,0.6131985720643998,4.409477066878955,0.01544735240153827,0.10176677703857422,6.9208734613048195,0.015848294939710322,0.015792776173400913,-0.015112868870462697
273.7999999998235,pick_play,pick,0.0,0.0,0.0,0.9039871607257729,2.3906638638913362,43.74752217418723,0.9780468774408793,-7.938284689893403e-05,-0.013728937314318028,0.023734453890838926,-0.08560978019937969,-0.005295232518347456,0.06701314917458927,0.10069434986403465,0.2668461712678432,0.6797687847721029,0.5281796094427109,-27.180053137282645,0.586305326589231,0.6141569253454209,5.093194949066542,0.014484630858565339,0.102925044298172,7.132258442358129,0.015026813958324102,0.008963156765747105,-0.11452907449648728
273.8199999998235,pick_play,pick,0.0,0.0,0.0,0.9044142661841633,2.479570700647881,43.857498841432864,1.1695790650015947,-0.00945574336241477,-0.016607099203404675,0.033333752523782255,-0.030937472853954935,0.11601546026603093,0.12357885140176855,0.10759599565250083,0.30625065417366604,0.6718680638033497,0.5208272722015381,-26.58983614640203,0.5813282012123206,0.6171579000005722,6.822448165683563,0.01317376817348106,0.10417391061782837,7.354751345980192,0.012663247186400077,0.005355764454650913,-0.09327243994461613
273.8399999998235,pick_play,pick,0.0,0.0,0.0,0.9049333111287976,2.6451357937687967,44.09276313183228,1.3898098566171075,-0.017461553761979106,-0.01625892277217206,0.04274536536371397,0.016886350897370984,0.22498917312928282,0.12805249702256344,0.11294619717585609,0.3419606779649812,0.658661487303179,0.5150883283863068,-24.842690395150107,0.5718362923201641,0.6110851552734375,7.784998861154552,0.012007427238388704,0.10124540030956268,7.204695894522383,0.008413176520526432,-0.0009321679412841455,-0.07882080177568207
273.85999999982346,pick_play,pick,0.0,0.0,0.0,0.9055115544939542,2.8509522686485163,44.43544744866461,1.5927947266402425,-0.022855820731521568,-0.015295582504500808,0.050465720762081084,0.061727163940328005,0.3161625381430787,0.10985704319662078,0.11725647278213357,0.364250466314055,0.6412732821404389,0.5061302569160462,-23.00671454469897,0.5579842846244941,0.6032107111463547,9.195671712314317,0.011123889353980392,0.09831668138504028,7.024618803805659,0.002916696376014186,-0.007358621531677212,-0.06296050954873819
273.87999999982344,pick_play,pick,0.0,0.0,0.0,0.9061462657752155,3.134038185359084,44.85098331156652,1.827491974846158,-0.026492161529736418,-0.019708272631134453,0.05708341714522563,0.10934038861265596,0.37695356410832387,0.1310765165725173,0.12273452380594038,0.38010105899395047,0.6196565592068283,0.4928010490188599,-21.192243688249608,0.5415479306975034,0.6024892416248322,12.224844256717592,0.010518767470834066,0.09935173094272613,7.140504261667002,-0.0028165505521076098,-0.012987088137817349,-0.055648374592431965
273.8999999998234,pick_play,pick,0.0,0.0,0.0,0.9069346587558569,3.5744546375612014,45.27331146927861,2.204082642847032,-0.030373045517121368,-0.0319502847641895,0.06569762609923589,0.15813864100322686,0.38066912300166317,0.2250507599390337,0.13165659287442727,0.39564644180056796,0.5929808791876968,0.4879782881984711,-16.871176001602127,0.5252936528844999,0.6081887569675446,16.16643019093429,0.010082600651781454,0.10163411200046539,7.349731297256638,-0.006950355868088741,-0.014532278948974575,-0.05347964219007689
273.9199999998234,pick_play,pick,0.0,0.0,0.0,0.9080667958469752,4.264873366004166,45.58888359155639,2.841688371535268,-0.03638216243011114,-0.05038541845575649,0.0766128609806945,0.21369317963082585,0.28720305158519616,0.39644722161103585,0.14591992340049723,0.4190580342910628,0.56062032839691,0.4977812704095841,-8.839969695790964,0.5135877924567697,0.6234513383755684,20.671115215084654,0.00940956688396407,0.10092724561691284,7.362179095918973,-0.007747135718931051,-0.009259294444274868,-0.02174233489900544
273.9399999998234,pick_play,pick,0.0,0.0,0.0,0.9097904662001929,5.1685030318643115,45.68821027129537,3.7054056948896004,-0.048603735423742384,-0.0651979363790124,0.090697791362882,0.25509622413193506,0.10491890240962919,0.5376503470302941,0.16197783953188416,0.46198462017352804,0.5234422874567014,0.5090263124952317,0.2541903164331929,0.5082065126314614,0.6311667126069069,22.53757774057267,0.008577736249717955,0.10071907639503479,7.419157907644973,-0.006710615073097482,-0.0023600568115234033,0.07429202904339918
273.95999999982337,pick_play,pick,0.0,0.0,0.0,0.9123016705213409,6.079121338517961,45.526922936013335,4.570118959305984,-0.06777460770968691,-0.06753770679387008,0.1074535703460202,0.25477375645350797,-0.11624598629761275,0.5382980283415586,0.17500262693605678,0.5168842471854802,0.4842323945840693,0.51300431158638,8.195929029695908,0.5058547470871275,0.6262930196175576,21.858244313078796,0.007981480370663473,0.10354055166244507,7.677138457816889,-0.004519430083429371,0.0016738663375854834,0.0784092209633587
273.97999999982335,pick_play,pick,0.0,0.0,0.0,0.9156682673770454,6.755221051178759,45.12007068061814,5.177045658852493,-0.09058117315773709,-0.05761395209243815,0.12449111263879896,0.20647200174809577,-0.3381437809047891,0.3899107953918886,0.1813870021307644,0.5479263359110313,0.4467096810851527,0.5046286371002198,13.3248004613923,0.5013975927857097,0.6158203419694901,20.94446895613789,0.008062672966299877,0.10412284433841705,7.6799184941081,-0.0037845797832027034,-0.001125883036804165,0.050126716536599045
273.99999999982333,pick_play,pick,0.0,0.0,0.0,0.9198379347265481,7.013893428103102,44.50702425132073,5.3394654127581545,-0.11165480557780721,-0.04061698915425983,0.14040276632270376,0.11290281386774124,-0.5435343687403823,0.12974981451537398,0.1788455012655264,0.5383496764125295,0.41513094988829735,0.4854310837039948,15.102790791303978,0.4904959697972252,0.6006420340785981,20.681153440921392,0.009093176778762887,0.10116246044635772,7.305195031597341,-0.0054554626577797555,-0.013124774867248501,-0.12559058375553744
274.0199999998233,pick_play,pick,0.0,0.0,0.0,0.9247423678634932,6.8797820267705125,43.713996521286305,5.095726922567277,-0.12992013528813454,-0.028548440440763333,0.15595922550037056,0.019410481763237675,-0.7268221443501367,-0.09384034941083205,0.17139794819892934,0.5143070326797344,0.38980393142675185,0.45644048717117314,13.972315536305771,0.472724802282711,0.5830253746757508,21.235315504251172,0.01069590191211276,0.09828699827194214,6.917503698741159,-0.012804463636796942,-0.02863342660064694,-0.12017468258232744
274.0399999998233,pick_play,pick,0.0,0.0,0.0,0.930260122933978,6.500687917653576,42.75427603803299,4.612311445768435,-0.14289216682741557,-0.025493788525493614,0.16811310632437015,-0.04999063653904953,-0.8860601206099752,-0.22102841252595135,0.1626065939473318,0.4963746012181243,0.3683662310216547,0.4283895578632355,12.490282511291383,0.4501769759219599,0.5608432975063324,21.67803522862551,0.012094612459273417,0.09866074919700622,6.851490464085771,-0.02290264946659682,-0.038779806071472134,-0.044308954642902965
274.0599999998233,pick_play,pick,0.0,0.0,0.0,0.9361703782230225,6.002039041591411,41.639251370125365,4.029271868659625,-0.14762441788637504,-0.028578556285830215,0.17259426072907194,-0.09909169173370438,-1.0243911753576644,-0.27452739149611494,0.15262626072229651,0.47808593576909897,0.34983585973491715,0.40536666777229313,11.460126912926206,0.4254700523226072,0.5343201991567612,21.52315849241685,0.013353525824937179,0.09976473152637481,6.846859967491686,-0.031208649309594463,-0.042709063464355435,-0.012082425104177452
274.07999999982326,pick_play,pick,0.0,0.0,0.0,0.942288030692774,5.483174689971599,40.38883566394521,3.462023650180485,-0.14638862911945882,-0.03588888927568587,0.1722756958156329,-0.131508935136455,-1.1354809928069398,-0.2597095748777431,0.1430890839162486,0.4595211995890108,0.3325945299189138,0.38127271201705937,10.137046279724693,0.40050753325625355,0.5036362048635483,20.524825453820732,0.014798610196158978,0.09982090890407562,6.724556375977611,-0.035399766701051674,-0.04187340634460446,-0.03298685705133056
274.09999999982324,pick_play,pick,0.0,0.0,0.0,0.9484367174618851,4.982978366986698,39.033443655486245,2.9557250101956485,-0.13974092879837552,-0.0427530072502289,0.16648656597516379,-0.15731941010019834,-1.2178102123734,-0.2270185878305866,0.13354878601183018,0.43962590481779656,0.316370706694616,0.35976825025177006,9.115321909501882,0.37674500652797027,0.47325224545097355,19.244242024684343,0.016415262849673182,0.10075333416461944,6.66250462438932,-0.03625389289488118,-0.04048318760986325,-0.08647904382114391
274.1199999998232,pick_play,pick,0.0,0.0,0.0,0.9544201872845517,4.495677505186356,37.60915633554181,2.5023864000165363,-0.1285117526311462,-0.049102079592033575,0.15443068948167718,-0.18339258914492143,-1.2694989223562902,-0.20511463724532064,0.12463057701642048,0.4193698366506727,0.30267810210969576,0.33974976208305363,7.783386704740474,0.35450599671108934,0.4434155907878876,17.76001655223941,0.01865266597756012,0.10243414044380188,6.581217621762337,-0.036810882578956594,-0.04259056943054196,-0.12288166721629955
274.1399999998232,pick_play,pick,0.0,0.0,0.0,0.9601918725858675,4.031378181002874,36.158772912505434,2.109795169079992,-0.11786302324886011,-0.05525987106422231,0.14445454709428002,-0.20165023868542198,-1.2830397987972064,-0.17517715724449012,0.11796919725172927,0.4035246516424307,0.28963335518369615,0.3166589226970673,5.9319540893577525,0.3325358368145758,0.41146869328117375,15.952562611249842,0.021326965895154967,0.10212969481945038,6.320522404974971,-0.037422333943147194,-0.043070982867431606,-0.11861638529797125
274.1599999998232,pick_play,pick,0.0,0.0,0.0,0.9657522508857234,3.5961619334809427,34.71114714553128,1.775826745734883,-0.10783980527381681,-0.05964474377869286,0.13603759629779966,-0.2121186205334892,-1.2745423910461873,-0.15059718071455186,0.11214795481438476,0.38813585154666136,0.2756144106660217,0.2991103914031983,5.376782520543701,0.30926329988122375,0.38074834015464787,14.724232637727273,0.024327004633134874,0.10089373290538788,5.9637736076862815,-0.03806497719905899,-0.043531726771545376,-0.11306021506955605
274.17999999982317,pick_play,pick,0.0,0.0,0.0,0.9710095490991212,3.1793103143052055,33.269620434491664,1.4651811247230564,-0.09588821436127906,-0.059867089413893064,0.12218902026885375,-0.2123203154100121,-1.2681844785956968,-0.15191496109156896,0.10537873233270152,0.3682558189348679,0.26287928575394354,0.288606711889267,5.678311894106439,0.2856621758316846,0.35413662459945683,14.21016628098181,0.027646439895034083,0.10029370784759521,5.631639130365442,-0.03833056133857637,-0.04124946492309567,-0.06612668485461991
274.19999999982315,pick_play,pick,0.0,0.0,0.0,0.9758094502703512,2.7658270811734935,31.836250976072716,1.133699113421872,-0.08071754726258673,-0.055645166746615876,0.10106245339748768,-0.20451283977911544,-1.2606866025166723,-0.1845360445858804,0.09467303391837505,0.33138957120840207,0.25555579898242076,0.27947387960052494,4.925110308781997,0.26379975621281176,0.32699144747352604,13.122412396797388,0.03095098291679532,0.09566212892532348,4.9977384734704895,-0.03841554652441352,-0.04063911336059567,-0.052804193759407925
274.21999999982313,pick_play,pick,0.0,0.0,0.0,0.9800900191043952,2.3672473491774206,30.42437274524491,0.7765369588014222,-0.06526900042707304,-0.049846674969672176,0.07926083543371085,-0.1844303375329106,-1.2395947242559135,-0.21630689815088366,0.08197367625945318,0.2812786213581843,0.2540932564313948,0.2665335622081757,2.3985029904363278,0.2448438144342014,0.29993803169822697,11.444377824495163,0.03336782521819658,0.0898102194070816,4.388348973351296,-0.038697800705610144,-0.043731283122253384,-0.11482972659992652
274.2399999998231,pick_play,pick,0.0,0.0,0.0,0.9839329829140055,2.0210832440934783,29.05154545241239,0.43295560474792383,-0.052366398578692026,-0.04581733350538192,0.06352051652916278,-0.14889222541562958,-1.2021673093039964,-0.21349877517297272,0.07330398493163806,0.2418308515479101,0.25415532932394236,0.2509267416248322,-0.5361633422858674,0.22921249265757823,0.2792362060794831,10.277705780756456,0.034488395960046235,0.08937851786613464,4.336314716593861,-0.04065191654722167,-0.04866678612823483,-0.1236351795601777
274.2599999998231,pick_play,pick,0.0,0.0,0.0,0.987421122927027,1.743048679742021,27.727284348086894,0.12520560089772773,-0.041685470849083105,-0.04337444585514609,0.05194846552583882,-0.1105698674054193,-1.157283958865347,-0.19637838199027657,0.06861667863422988,0.21677104830926847,0.25312053705282594,0.23990831639862065,-2.250161488894314,0.21658626778972576,0.2641091432819367,9.592713898156331,0.034646809356741824,0.09090445637702942,4.49676189365691,-0.045320575287105085,-0.056382488185119595,-0.10486382261435095
274.2799999998231,pick_play,pick,0.0,0.0,0.0,0.9906255978954953,1.5234929436326101,26.450100293892074,-0.15302194314932446,-0.032913593057354376,-0.04103948988725235,0.04351898708583861,-0.07720263248681909,-1.1154629418449165,-0.18300797622275491,0.06669139825768386,0.20175419625341745,0.25030262663519837,0.23087946441268925,-3.226597528102125,0.20609973100889395,0.2524690118083954,9.219630887475791,0.03408182331541831,0.09086151123046875,4.579187157305229,-0.0527250462514193,-0.06648559468383786,-0.07882998179742501
274.29999999982306,pick_play,pick,0.0,0.0,0.0,0.9935656536944809,1.3466428580066137,25.215504302686426,-0.415481967661496,-0.024692226131725357,-0.038637441658285046,0.03496114182609594,-0.05167177260081529,-1.0779421662272137,-0.1788642795344895,0.06498254814435693,0.19038312899304807,0.24650644974295857,0.22436282899475102,-3.642970840034997,0.19770441479200093,0.24275223281478886,8.815776132182636,0.03302362859159892,0.0896557092666626,4.5943093599252975,-0.060858657395984346,-0.07371182339782711,-0.040881430974421706
274.31999999982304,pick_play,pick,0.0,0.0,0.0,0.9962219214428408,1.1986702925323427,24.022202546499926,-0.666982328141043,-0.016726205471014773,-0.03743899221973359,0.025158777651108886,-0.03608520640546445,-1.0412939318645418,-0.1758107393906877,0.06259007440486396,0.17894918153717804,0.24298730303451066,0.21810905006027226,-4.158695793621032,0.19200920628431226,0.23437402513122563,8.117116233331469,0.03153936802015109,0.08793382048606872,4.599147469988769,-0.06675796861572182,-0.07557959454650875,-0.027686992211398143
274.339999999823,pick_play,pick,0.0,0.0,0.0,0.9986271949770725,1.0774137298081425,22.87063510864121,-0.8913737173319861,-0.00949474800150086,-0.03832039442158412,0.017618404088674537,-0.02674729358150668,-1.004053982149652,-0.156346967817446,0.06255464569432223,0.17744859127308277,0.23904883777223424,0.2084172156105042,-5.160241715184876,0.18881351695500892,0.23122624423599247,7.928451389341878,0.029753486825563634,0.08718695938587188,4.698966787687569,-0.07136192586989319,-0.08057553666229245,-0.07363246016476832
274.359999999823,pick_play,pick,0.0,0.0,0.0,1.0008387269068693,0.9848646721028174,21.759927992022032,-1.072084878824202,-0.003312538561163163,-0.040360677965558936,0.012602464435794835,-0.019666328814011952,-0.9676981739190321,-0.12336998270202947,0.06355762713829621,0.1848253746859971,0.23354060093586773,0.1985193279037476,-5.828824701577455,0.18739424589008605,0.23041949536895756,7.8854691270686565,0.027806293921274833,0.08652123510837555,4.810564805350176,-0.07630569876169166,-0.08681960003967282,-0.08939402978356584
274.379999999823,pick_play,pick,0.0,0.0,0.0,1.0028923468437092,0.9175244103325889,20.690420113841782,-1.2113926943828972,0.0020334721046448142,-0.041619356909337345,0.009146672469226971,-0.013475225173044975,-0.9309190106019108,-0.09374906638000273,0.06346100859228626,0.19080322132324434,0.22606247792750175,0.18854162957763676,-6.12467721968688,0.1868719629244872,0.22759536769485478,7.403473499509979,0.025714005683546527,0.08480332493782043,4.849158620096631,-0.08037558125523366,-0.0888243426620483,-0.07463997948172124
274.39999999982297,pick_play,pick,0.0,0.0,0.0,1.0047445244511657,0.870244318572804,19.662874644842653,-1.3160318308228167,0.00809271146818224,-0.04221744485009528,0.003000002220148175,-0.00878997678808592,-0.8937844660696257,-0.06778859804832775,0.06426658756937599,0.19897879594677845,0.2181061185571599,0.18092338111495976,-6.028762218630464,0.18850709745840843,0.231734552646637,7.688568593804251,0.023372242373160795,0.0806813508272171,4.721674161577413,-0.08220914180590552,-0.08789689438934323,-0.08636936422040661
274.41999999982295,pick_play,pick,0.0,0.0,0.0,1.0063133919236529,0.838849201239279,18.67611617267057,-1.3802582882681955,0.015202550433334593,-0.043500627558202755,-0.00729762118204922,-0.00873287328231474,-0.8578455085309526,-0.03499535208190348,0.06710537339516821,0.21660346702064948,0.21217945204943467,0.17607805993652348,-5.998102607060435,0.19466299953841915,0.24222085740661625,8.105466268459281,0.02068673359856229,0.07499196082353592,4.500991788603634,-0.08251466169785845,-0.08329160111541745,-0.01363500558790597
274.43999999982293,pick_play,pick,0.0,0.0,0.0,1.0076175814459203,0.8150900571755508,17.73474552744246,-1.4010640995492785,0.021815745118838197,-0.04481103495119782,-0.015174942331001893,-0.015689816187705513,-0.8166874934905,-0.0005276397598089344,0.06990881894855702,0.23590588531564716,0.20852263138340818,0.16966197755432133,-6.673492131482988,0.20379614502700266,0.24668250348663334,7.034069892254996,0.017727711346658005,0.0702453151345253,4.37200743888348,-0.08183333717466433,-0.07806415455932614,0.07348510685748535
274.4599999998229,pick_play,pick,0.0,0.0,0.0,1.0087431666145188,0.7930052029570392,16.856653610328177,-1.3767133476778917,0.02814102732283759,-0.04580645193963892,-0.01649037996585109,-0.02666048785730666,-0.7584461455586453,0.03666433269105369,0.07239741810624657,0.24995508964095853,0.20523276138556187,0.16110173728561406,-7.650810809995126,0.21250364637553415,0.24667979147529606,5.503322562266931,0.014743229507986191,0.06764654517173767,4.401831251817717,-0.08122047963712938,-0.0782718171417236,0.05840493137749493
274.4799999998229,pick_play,pick,0.0,0.0,0.0,1.009734922291468,0.7719301041463288,16.056959386315864,-1.3158295351815268,0.034294953329219294,-0.04517963086404543,-0.014735796848977498,-0.033884686868619396,-0.688269969857388,0.06445651097323554,0.07463965364252217,0.2612402278879359,0.20127423647302176,0.15484193828201298,-8.015126682795566,0.21964636792404746,0.24869782593345646,4.700235605092034,0.011918932977648223,0.06688873916864395,4.557213537315227,-0.08110033028624165,-0.0810256709396362,-0.0007624375411924341
274.4999999998229,pick_play,pick,0.0,0.0,0.0,1.0105912877420862,0.7553436227669588,15.33138372046384,-1.2426928093727587,0.03949736378989085,-0.04189034839667404,-0.014251755054052172,-0.03076418321196577,-0.6249126660818488,0.0708432279271544,0.0766871128769482,0.2741902887168452,0.19701446305381093,0.15191171434021,-7.755583451229909,0.2261659023206953,0.2543679263839722,4.591790997349438,0.00935998769986135,0.06531899869441986,4.621356690078164,-0.08089634256977245,-0.07932765381927487,0.03386762135675312
274.51999999982286,pick_play,pick,0.0,0.0,0.0,1.0113169808086317,0.7450620024179424,14.661938375384,-1.1807542787427339,0.043884710961738814,-0.03687223815060473,-0.015439475020822106,-0.02136435172789067,-0.5783532842560558,0.05851086805697754,0.07912690632793226,0.2910460883421133,0.19297641612208322,0.15078578260040287,-7.251316646332354,0.23287710658108618,0.2621578660259247,4.769078309347002,0.007044212397130782,0.06325815320014953,4.627376396609899,-0.07900291623875556,-0.07317931550140377,0.07639019126190046
274.53999999982284,pick_play,pick,0.0,0.0,0.0,1.0119254179681825,0.734290874543086,14.035476431515498,-1.147953499797426,0.04823405452315968,-0.03164341922517991,-0.017058425431439466,-0.015673140669589435,-0.5421658040300159,0.03158751590601158,0.08124595038488057,0.3089441572380739,0.18980826765665867,0.15147660043334965,-6.626845534567382,0.2396009013215611,0.26810849573707585,4.627776443427411,0.00483764549746012,0.06010342091321945,4.546219000139956,-0.0753048427189966,-0.06799454587097165,0.051469625263996205
274.5599999998228,pick_play,pick,0.0,0.0,0.0,1.0124260461391723,0.7138566914312311,13.447912390689,-1.1565389161464597,0.05279890827583039,-0.02704797723041355,-0.018495322388728426,-0.016213872775562424,-0.5087808989573744,-0.0047652981102930545,0.08296599887321486,0.32528161356155055,0.18812438255581573,0.15310380723571781,-6.155301440663748,0.2458751552080428,0.2726572242031098,4.350754250875784,0.0026782499340928974,0.05678596049547195,4.450981044288081,-0.07096693626922809,-0.0639975776016235,0.026174483980712177
274.5799999998228,pick_play,pick,0.0,0.0,0.0,1.0128223576171091,0.6839228950641906,12.896992246547688,-1.2056959665618543,0.057072857512032005,-0.02326513381276718,-0.020035034916745402,-0.016068784924790608,-0.4775082481082828,-0.039776576796699374,0.08474317535566091,0.34016795561269353,0.1879944746822945,0.15492556359863285,-5.924591772993166,0.25190022573982007,0.2782348182449341,4.287544499769863,0.0006559572415259667,0.05428020358085632,4.404134007952993,-0.06595285910164886,-0.05790491002197262,0.027641519624891864
274.5999999998228,pick_play,pick,0.0,0.0,0.0,1.0131370040837944,0.6520841619674346,12.379352585122627,-1.287100862478139,0.061042213219176536,-0.020402342944196954,-0.02064829247679682,-0.011313066579366947,-0.44913277801223356,-0.06675020896351398,0.08678087749853426,0.3533818305022168,0.18839445376951716,0.15581498410797123,-5.873924535223264,0.2578230624499536,0.28397859003639225,4.263081141215691,-0.0012539879008267663,0.05200978815555572,4.369275414687653,-0.0600322195697951,-0.0511804332077026,0.016450355445528864
274.61999999982277,pick_play,pick,0.0,0.0,0.0,1.013391166078501,0.6233257331518682,11.891844992228355,-1.3853998985926845,0.0649292385720195,-0.01935180862799532,-0.02054595922452681,-0.006121386073411124,-0.4232787713752431,-0.08013675112492674,0.08909270893409092,0.3648772312400722,0.1886222408390822,0.15685198571777348,-5.717750409102585,0.263654588106047,0.2897383358726502,4.25721912681886,-0.003091991133298615,0.04998616576194763,4.350743372530058,-0.053898431250058165,-0.04554445641632077,8.37881664194906e-05
274.63999999982275,pick_play,pick,0.0,0.0,0.0,1.0135675759259282,0.6008929677980064,11.43233377163442,-1.4823630875306997,0.06845397503040745,-0.020520529951393147,-0.021994458733278217,-0.0017483395120332576,-0.39887139390640525,-0.07769700417819785,0.09179670578929823,0.37576329062016167,0.18923513018288762,0.1611212280044556,-5.091918900525117,0.27011440016102656,0.29708463814353947,4.36501180893277,-0.004822340364147515,0.047797051072120664,4.308024143768231,-0.047691272283750245,-0.03905112641448971,0.003941567156330511
274.65999999982273,pick_play,pick,0.0,0.0,0.0,1.013636309346936,0.5829384817598565,10.999334342519699,-1.5670593665930153,0.07145963658383545,-0.023487524209323287,-0.025061381974206848,-0.0010106732077753665,-0.3756950219313853,-0.06663974421416208,0.09478618431319466,0.3863292443573481,0.19134840744220039,0.16612170007324223,-4.69300843711981,0.27773935983019876,0.30419040587043766,4.178970245695521,-0.006418425083822139,0.045098108053207395,4.212541313286166,-0.04113773991724931,-0.03194947140808102,0.004896143083075788
274.6799999998227,pick_play,pick,0.0,0.0,0.0,1.0136234280321708,0.5663977280010896,10.590617800095707,-1.6386314608723171,0.07426136338068713,-0.027090677196308973,-0.026572028235635856,-0.0028383943944870083,-0.35460353281522333,-0.056112719771429564,0.09737866541520711,0.3952922365663547,0.19440084295140445,0.16973803308105473,-4.664081593008424,0.2858351175535619,0.3089873578796387,3.549701045471433,-0.007940073056625715,0.04200478345155716,4.083305008320824,-0.03479635164853544,-0.026349853450012173,-0.0030940941001565136
274.6999999998227,pick_play,pick,0.0,0.0,0.0,1.0135744918733252,0.5473639971338279,10.20470029819434,-1.7059796696799805,0.07699929636292445,-0.030213017065616347,-0.02594318959169889,-0.006289729833308307,-0.3347776764597025,-0.05425981767270615,0.09956333129224405,0.40228743558720365,0.19743345135075085,0.1730291631469727,-4.61542071695045,0.29339551149072934,0.31284166243171696,2.9252346399542306,-0.009368481035581178,0.039993461966514585,4.03140477083733,-0.028825677779813628,-0.020602535182189907,0.003732822679021669
274.7199999998227,pick_play,pick,0.0,0.0,0.0,1.0135184628531995,0.5246313400751931,9.838379226707858,-1.7789131739340724,0.07947350184243099,-0.032617341214026915,-0.024382311496536656,-0.008903539560756986,-0.31821987848734723,-0.060281142710147305,0.10161159557233103,0.40843312011818433,0.19984446437335485,0.17581311729049687,-4.499225490536282,0.29998168344469794,0.31701601412391667,2.5670535347746624,-0.010601495167927813,0.0392697274684906,4.0608878319009145,-0.022800670575247085,-0.014141868525695767,0.010733401815664706
274.73999999982266,pick_play,pick,0.0,0.0,0.0,1.0134664363945085,0.5002552846124575,9.483833920024896,-1.8691614863586874,0.08134368899470094,-0.03380485078218845,-0.023320233396730228,-0.007625864284006169,-0.30917211181081056,-0.07692223264687345,0.10416567912029519,0.41690211671962446,0.20129376395095927,0.17792985704040531,-4.302992849268305,0.3057192765876131,0.32257054116821293,2.6004456512813414,-0.011514168366828807,0.03945909887552261,4.130767096086476,-0.01771406600597713,-0.010982703143310513,-0.00037832933136369706
274.75999999982264,pick_play,pick,0.0,0.0,0.0,1.013412296063226,0.4778074820049157,9.132185098596581,-1.9831916183406744,0.08288143564347902,-0.03445400723196554,-0.023617745947733693,-0.002614917259928809,-0.30780639207940313,-0.09796598686712325,0.107246458367712,0.42618778642970034,0.20179705774530007,0.18015132215118412,-3.919356610396093,0.31105184210479825,0.328652152086258,2.766998050183981,-0.01206686051008135,0.03883458375930786,4.104507510958532,-0.014510480172478833,-0.010178755694580044,0.006557544618216671
274.7799999998226,pick_play,pick,0.0,0.0,0.0,1.013330447396505,0.458874024454998,8.778071344315926,-2.115900608037635,0.08474899426866923,-0.035722710596043795,-0.025761044874940638,0.002336679197770898,-0.3105201191345873,-0.11327108116746946,0.1101507736234176,0.43222584660963764,0.2020008845645429,0.1832389619598389,-3.3786557977290643,0.3165602792170458,0.33398310210800175,2.720962082002566,-0.012404521327473864,0.035903719067573545,3.8842121354271613,-0.012318560942043132,-0.008013795787048306,0.03553198298453299
274.7999999998226,pick_play,pick,0.0,0.0,0.0,1.0132098558032838,0.4428862283387242,8.415331703744528,-2.257899836971906,0.08696788805823948,-0.03782188046608377,-0.028915113662255118,0.005089536857622541,-0.3188815707395257,-0.12046843018062935,0.11384345894105652,0.44048130970598653,0.20220750577246213,0.1861790802726746,-2.8864782319993028,0.3224622102139708,0.33967176940536503,2.652573214471691,-0.012591558215823405,0.03478685468435287,3.7995474480752187,-0.008846186353039999,-0.0015958060562133447,0.055833342856899754
274.8199999998226,pick_play,pick,0.0,0.0,0.0,1.0130615838014845,0.42477840437111886,8.034698064509728,-2.406593555000067,0.08893447814439119,-0.040261019561793066,-0.032406288112247786,0.0024668672704277264,-0.3356955618510374,-0.12648293945049421,0.11889400265879733,0.45567606743855704,0.20243211448312332,0.18866274621582035,-2.4801390842780937,0.32843363795183544,0.34614191320037846,2.739301106960744,-0.012605223316155632,0.03613766729831695,3.901125193366073,-0.00239468509391753,0.008536029881286655,0.04038608912340064
274.83999999982257,pick_play,pick,0.0,0.0,0.0,1.0129100248839495,0.3967362378712094,7.631352237534746,-2.5652380469720057,0.09075184429915532,-0.04324223462617719,-0.03508062230678756,-0.006990374182300259,-0.35569743165573425,-0.13576032505498037,0.12412713868677572,0.47330942053432873,0.20247822780794753,0.1897569086799622,-2.2804004965783182,0.3337275946849865,0.3501882937202454,2.568595403925388,-0.012615056932803027,0.036172923445701596,3.9055329856218663,0.005288971487971841,0.015418220585632358,-0.011592500382028303
274.85999999982255,pick_play,pick,0.0,0.0,0.0,1.012751881109901,0.3569016377671367,7.212361501387709,-2.7330673177218014,0.09245075358682184,-0.046414981813928495,-0.03742751783989417,-0.017023623202800243,-0.3681131168845554,-0.14364765239298077,0.12941969529081654,0.4904505812141985,0.20245448806829702,0.19030956294631962,-2.168484454013133,0.33826543473713816,0.35406876471138005,2.5078381073193285,-0.012670002253042585,0.0362828716635704,3.921821484078882,0.012657841898121611,0.021585751599121128,-0.026925964246438505
274.87999999982253,pick_play,pick,0.0,0.0,0.0,1.01253522122201,0.3164533866507739,6.792886897320951,-2.9039144960916756,0.09264485697244466,-0.04872918062838247,-0.04139432284102466,-0.016566286896574824,-0.3665512252609967,-0.14586343044743116,0.1352000518878528,0.5088521775987433,0.20302370016684312,0.19106278684234623,-2.1796315950078404,0.34326299883755645,0.3603620615253449,2.7045137488337367,-0.012581069550612594,0.03826088160276413,4.064341367151253,0.02103728535788644,0.03228252035980228,-0.011604892181755089
274.8999999998225,pick_play,pick,0.0,0.0,0.0,1.0122436762158544,0.2835915138359844,6.384274450130313,-3.0745165829630405,0.09126592463780113,-0.050947187602566384,-0.04478462896982782,-0.010579404722151502,-0.3560467590998506,-0.14602893868659395,0.14065047290069022,0.5280956165900835,0.2041703291700809,0.19117055204010014,-2.411632859282546,0.3490977425608893,0.36393130686378483,2.232710955533373,-0.012419609816025065,0.038209927082061765,4.044147128768831,0.029627694607059867,0.0396783838928223,-0.041667480438168314
274.9199999998225,pick_play,pick,0.0,0.0,0.0,1.0119287017490979,0.2533824167644903,5.993319173395454,-3.2466935921924396,0.08959696035126502,-0.053685150146038266,-0.04454438811888543,-0.010250151090578991,-0.33995209438010665,-0.14813165452383026,0.1454546229341643,0.545047166861386,0.2049179141949647,0.19153288867568974,-2.4480067147204485,0.3546213237060807,0.3637855139026642,1.2375161560964223,-0.012449078181277806,0.03626227080821991,3.9014124632257006,0.03579264528910023,0.04145925146942142,-0.05789708525813583
274.9399999998225,pick_play,pick,0.0,0.0,0.0,1.0116069283383269,0.22364623129365988,5.6323467691181275,-3.416393817698234,0.0877711378038482,-0.05636565191182632,-0.042581090696724534,-0.010792780525261145,-0.31202194486436713,-0.14560852377773106,0.14940654518504598,0.5557857151798868,0.20518371130736768,0.19186047580337529,-2.402607956855459,0.3595763197395405,0.3647908952484131,0.5685855875742072,-0.012653973939190273,0.03534117043018341,3.8517670745545822,0.040164427336030935,0.045413542813110386,-0.013345643466861179
274.95999999982246,pick_play,pick,0.0,0.0,0.0,1.0112630876975601,0.20055974873085097,5.312197898989182,-3.572631318890441,0.08469750371088036,-0.058840810142800404,-0.040490304075170805,-0.006200438250986089,-0.27525883740908963,-0.1328911342525046,0.1529694606602472,0.5650038073785031,0.20538131418111807,0.1922823574790955,-2.359125274821291,0.36452167011917885,0.36668754484748844,0.018878534728169916,-0.013020136412822986,0.03516644686460495,3.8785083668936617,0.04391956027014092,0.0490475187957764,0.0017524004730984366
274.97999999982244,pick_play,pick,0.0,0.0,0.0,1.0109012674802382,0.1810231326577452,5.035382059048995,-3.708379840266927,0.08023761382052949,-0.06212509008300829,-0.03787459338693589,-0.006571148683747566,-0.23736362270642614,-0.11489411801110136,0.15717367839064036,0.5791846119564512,0.20606265638650478,0.19495759275054936,-2.040809014363731,0.3692849856004302,0.3679311659584046,-0.6011983394606923,-0.013547876068965797,0.0355499729514122,3.960996327594077,0.04558131193492385,0.04685502154235843,-0.012344877717581193
274.9999999998224,pick_play,pick,0.0,0.0,0.0,1.0105379163318846,0.1586198688133424,4.802119226057679,-3.82645184102137,0.07514671172017207,-0.06542862681464752,-0.0342923089850236,-0.011340197044252893,-0.1991819279964626,-0.10046777090470113,0.16111205623031433,0.5925686903313692,0.20735022475966686,0.19755313661193852,-1.8539866737553938,0.3734724547211998,0.36856801178550724,-1.1973693151941123,-0.014168773828842459,0.035234850645065305,3.990688775051047,0.04571810387060707,0.04242389304046634,-0.08435019499306183
275.0199999998224,pick_play,pick,0.0,0.0,0.0,1.0101938907667307,0.13535542463077366,4.614736668181907,-3.9336493394221055,0.0702928184261505,-0.06750815368600077,-0.029263678184029532,-0.012583965160843629,-0.15870689702342425,-0.09196980930399112,0.16376637665166613,0.6010025889562307,0.20853860024548468,0.1989572432289124,-1.807618872102214,0.37697909187709,0.3682418849716187,-1.8363693050809484,-0.01486966804593197,0.0335663303732872,3.91758219347989,0.04522655172361797,0.038018990582275425,-0.16023634330583056
275.0399999998224,pick_play,pick,0.0,0.0,0.0,1.0098724961344838,0.10787133039470914,4.469086621856407,-4.029602242911169,0.06560036284490238,-0.06964781764500375,-0.024707220640727997,-0.018273976497750487,-0.12312119507763276,-0.08187908750430992,0.16595423173567944,0.6091183351436469,0.21003521838614098,0.20464179780578617,-1.082934396338259,0.37970286911143647,0.3681696441421509,-2.2806928819460386,-0.015586633265664462,0.03189798146486282,3.8414115223229506,0.043347775342150216,0.03442828757171634,-0.15191470010448133
275.05999999982237,pick_play,pick,0.0,0.0,0.0,1.0095607989692241,0.0693059049918367,4.3534090232533185,-4.115443390746386,0.061052276270431784,-0.07142646642133459,-0.022057986507125548,-0.029525772384599174,-0.09836634919843235,-0.07359230062558254,0.16840375641947955,0.6190413759639309,0.21270132489051838,0.21225301292037968,-0.2869550416018866,0.38168163029896474,0.36900691058731083,-2.430521451021297,-0.016197350333648112,0.031202358007431027,3.827505149399036,0.04128964218960881,0.03356986147766117,-0.12265089948407142
275.07999999982235,pick_play,pick,0.0,0.0,0.0,1.0092467446885336,0.025484201786354604,4.261350059433362,-4.202514112509685,0.05644583256943121,-0.07049893213205347,-0.020414619421422833,-0.03265184737104186,-0.07787174645422465,-0.07640309856665024,0.17083657218221948,0.6294078789874078,0.21613428506418478,0.21610484387969975,-0.2718707645420367,0.38343954859590895,0.37031255033111576,-2.49613142825546,-0.016710546689508023,0.032212105393409726,3.9436549083321353,0.04071851476630163,0.0358326922119141,-0.10902330154383853
275.09999999982233,pick_play,pick,0.0,0.0,0.0,1.0089334873366225,-0.014259960868926544,4.191082194125546,-4.297039862149191,0.05139680789832984,-0.06804306687465238,-0.018661711339505203,-0.027878184163992556,-0.05893938335353224,-0.08315931142657512,0.17328404899485889,0.6411492352084134,0.21959783641498304,0.21915970113372807,-0.3479646599740333,0.38530099677057256,0.37131429579353337,-2.6590701520455844,-0.017258657679870937,0.032711920142173764,4.03006329299734,0.04061425111031316,0.03679602248077396,-0.09233464152049284
275.1199999998223,pick_play,pick,0.0,0.0,0.0,1.0086376021179524,-0.05122497760423339,4.143088436449089,-4.395491082630633,0.04597954790688345,-0.06609961924696404,-0.01586310862338794,-0.025864389024588624,-0.03927451534739768,-0.08590584765746667,0.17587746651053246,0.6537448000380979,0.22302579842942935,0.2232211020240784,-0.2402666270006259,0.38694417646971097,0.3706319716224671,-3.060099159239639,-0.017958357560193348,0.03206226676702499,4.043450968441802,0.04030892810630332,0.033433605259704624,-0.1604515646391204
275.1399999998223,pick_play,pick,0.0,0.0,0.0,1.0083732415596651,-0.09362857044310008,4.120156620553468,-4.494251519475125,0.04057673832003329,-0.06497562158027191,-0.012146661302644152,-0.03178544772971831,-0.016908331974199307,-0.0860216008169574,0.17763810714384576,0.6628718035931156,0.22572946920471282,0.2265608694801331,-0.059344771637776406,0.38785324004930843,0.3674937572727204,-3.733838765953059,-0.018917558290646404,0.029831764101982114,3.9567958392428877,0.037193687947404144,0.02524046999816898,-0.17691309212525091
275.1599999998223,pick_play,pick,0.0,0.0,0.0,1.0081624247670817,-0.1402296352123466,4.121782320381282,-4.589154207097682,0.03527323415812749,-0.06391525917028423,-0.0073616941878528325,-0.03501273145395094,0.004170239430000372,-0.08192937092632233,0.17791928464458154,0.6655322744791666,0.2278475163593755,0.22956106927490239,0.14232825201905394,0.3878204824244035,0.3637332406291962,-4.333232676140405,-0.020030725586691,0.027926330268383023,3.901078499566663,0.031153041553045487,0.017593551701355015,-0.12074450866369302
275.17999999982226,pick_play,pick,0.0,0.0,0.0,1.0079949760205429,-0.18616872608775115,4.143427293350262,-4.6813302303582836,0.030106028720391188,-0.062072970505316516,-0.0037915942879603133,-0.0341981894610596,0.02119509608107117,-0.08003566229841885,0.1771396934222437,0.6644705487213713,0.22963322791961055,0.23285541799163822,0.43854647809396985,0.38721498210304167,0.3619339254150391,-4.504154821830427,-0.02089328580799354,0.029151384532451627,4.051513382306598,0.026061016736040523,0.016706038540649448,-0.06576672395302316
275.19999999982224,pick_play,pick,0.0,0.0,0.0,1.0078569195278682,-0.23014165988198487,4.177371022266349,-4.771929760574086,0.02513049772409927,-0.059775184053085254,-0.0016649926286038887,-0.03249231363954263,0.030978594781596324,-0.07846217374955475,0.17551014476125473,0.6611315016031007,0.23109725218981644,0.2358336236724854,0.7364642977343571,0.3862672166684362,0.3588441696414948,-4.863784373471773,-0.021494916891885534,0.028894272446632382,4.064763742722779,0.022732695800869108,0.014518786495971714,-0.09539795694420702
275.2199999998222,pick_play,pick,0.0,0.0,0.0,1.007759116601156,-0.2737053570452413,4.211496057019466,-4.8612808159667305,0.020682591666027185,-0.0571905400285728,3.5704127314727455e-06,-0.03245999892913139,0.029613863267098764,-0.07749315808933811,0.17340335801300935,0.6548261933729077,0.23190365760652865,0.2383149650344849,1.0942258106929301,0.3847581768869983,0.35396871831512455,-5.4258640705130885,-0.022121666950379724,0.026162964105606076,3.8989435577246074,0.018901637383947106,0.00843303305511478,-0.12441615719153035
275.2399999998222,pick_play,pick,0.0,0.0,0.0,1.0076872069191865,-0.31367347845670157,4.237607349678762,-4.949031597730026,0.016711634140065938,-0.05395332564095826,-8.662430920797985e-05,-0.02867422220167928,0.022128236135913467,-0.07595864120915141,0.17138282841720237,0.6468774102541943,0.23247857878327677,0.24089644219970707,1.4700377382398175,0.3831028780805987,0.35155830648040776,-5.550923454925845,-0.022799937294681827,0.024602477252483365,3.830082633105904,0.015626015476426055,0.007586647099304233,-0.09172637596706573
275.2599999998222,pick_play,pick,0.0,0.0,0.0,1.0076086603940122,-0.3441233407400053,4.249806837376622,-5.036041977132791,0.013083973743813777,-0.049743919174359025,-0.0023613457357835534,-0.01966971205340929,0.009283200864968368,-0.07561987639517595,0.16967739503287366,0.6394173448757585,0.2327282526987087,0.24131993320083622,1.529741213397286,0.3820330668843185,0.350417413974762,-5.609312813731046,-0.023482225340185094,0.024626430869102475,3.8858276239608283,0.014907492207988326,0.011377264088439976,-0.07286983000460832
275.27999999982217,pick_play,pick,0.0,0.0,0.0,1.0075245298344462,-0.36566908671661524,4.239121474392567,-5.121646522922013,0.009496353774102078,-0.04541514953295184,-0.005191520861697817,-0.012467103877663373,-0.011785698147858528,-0.07433533258750696,0.16841725708489683,0.634535438123174,0.2321931245650415,0.23959825303649906,1.3815456549568559,0.38150734248893603,0.34888444211578373,-5.831196191348744,-0.024186075824828554,0.025349256396293637,4.0011647398782655,0.01490194344102067,0.014355588978576694,-0.014486068886607455
275.29999999982215,pick_play,pick,0.0,0.0,0.0,1.007450616603475,-0.3819891279464329,4.201848093960401,-5.2041816545481385,0.005911174803992447,-0.041190758821526056,-0.007490583801989735,-0.008507910355346761,-0.03501272803275673,-0.0717433055393409,0.16715614403580087,0.6302478105434304,0.23119623773356215,0.2386041667709351,1.4184637235187272,0.3811675342100909,0.3456810798892975,-6.35942274146396,-0.02499175585875742,0.02496102154254913,4.040015597567541,0.014995780095607977,0.015044976300048862,-0.002081074117903671
275.31999999982213,pick_play,pick,0.0,0.0,0.0,1.0073895576206586,-0.3958091747270278,4.14709612552707,-5.276234135978089,0.002549658827837733,-0.03765538977963976,-0.008674132539690562,-0.007494077685099923,-0.04881482366617319,-0.061501011247701534,0.16570055659205338,0.625038092807052,0.23077489408687468,0.2380146172294617,1.3304849775663599,0.3808473432912044,0.3403049793491364,-7.271147184952905,-0.025993729663295634,0.02357823848724365,4.021174706144694,0.01503298545757378,0.013103533810424839,-0.04915059919971166
275.3399999998221,pick_play,pick,0.0,0.0,0.0,1.0073435343239343,-0.4116086246306373,4.085268986096,-5.334010271892958,-0.000731358589255393,-0.03455991610196363,-0.008706739004304095,-0.01072568356181568,-0.05412372136657131,-0.04918072557551598,0.16454342676799694,0.622034646035758,0.2307739830876235,0.23696986701583866,1.1175514261043602,0.38032707614868405,0.335346647764206,-8.054696764739047,-0.02712370523582001,0.023968246579170224,4.149884245838129,0.01510028511501622,0.01443128687744144,-0.01909913205114553
275.3599999998221,pick_play,pick,0.0,0.0,0.0,1.0073051490170348,-0.4309476581251,4.02366382208132,-5.376293944512857,-0.004088503561245676,-0.03158505906285213,-0.00853835277483555,-0.01481581125213274,-0.05332344777921385,-0.03525361531352831,0.16378543503474005,0.6213566989034986,0.2309109662021093,0.23597035672760014,0.9037503767181063,0.37967365475314235,0.3331439581165314,-8.324062985821884,-0.02814695581509734,0.025136877596378324,4.3185505318095885,0.01621355306379963,0.01965265375976566,0.043671423808250995
275.3799999998221,pick_play,pick,0.0,0.0,0.0,1.007255156486574,-0.4481822941902638,3.9649422068585145,-5.401529390548943,-0.007611563566665369,-0.027725345878945762,-0.009211954174485037,-0.013027016857769372,-0.05078907602657858,-0.020617063087178318,0.16320190376144172,0.6204256020104755,0.2309995374630402,0.235205331111908,0.7537434172730872,0.37941147860104785,0.33334369328117375,-8.27501796372077,-0.028931875820301663,0.024972704052925107,4.354391764120693,0.019091006909219763,0.024647642201232944,0.033672955444758665
275.39999999982206,pick_play,pick,0.0,0.0,0.0,1.0072117997191008,-0.4576703029631986,3.9078189647841737,-5.40915584977547,-0.011251983932931614,-0.02332692101799024,-0.008614965173156273,-0.0065603037677689205,-0.049826178541566096,-0.00493529615268572,0.16267400307481988,0.6193574848621712,0.23104702788878118,0.2342672732124329,0.576257199136087,0.37945669597351417,0.3323409047374726,-8.483343561045169,-0.029648544982544444,0.023591083288192746,4.298752432899439,0.022104640831777708,0.0262583981216431,0.002486117886174727
275.41999999982204,pick_play,pick,0.0,0.0,0.0,1.0071994615999686,-0.4585567552495568,3.852674494821263,-5.400405584520653,-0.014849158452890745,-0.018794201638683963,-0.007057531889756606,-0.0007933573807670272,-0.04788487213143005,0.009176192199008216,0.16165158594682494,0.6158899709834608,0.23105585658138653,0.23296091821289067,0.343806514081592,0.37947968491334994,0.3288008656749726,-9.123392367854489,-0.030494958763866348,0.021586132049560544,4.213896418209296,0.02333243179696852,0.02467303377990726,-0.00011026316037043155
275.439999999822,pick_play,pick,0.0,0.0,0.0,1.0072175213307135,-0.4561311850991763,3.802432638272405,-5.368984272410633,-0.018088926675294586,-0.015378728962080318,-0.005170377185180966,0.0002777345712269945,-0.043441714625806115,0.029786746499401977,0.160218402713468,0.6110209561041637,0.23112525693341723,0.23292092349624638,0.31891526531663766,0.37927180091871987,0.3250923838863373,-9.735736117528567,-0.03137766405001867,0.02042542845010757,4.1931222164721405,0.023573769075931575,0.024518300122070347,0.016886610223749456
275.459999999822,pick_play,pick,0.0,0.0,0.0,1.0072575671115065,-0.45199998318355966,3.760423730807714,-5.31410826190675,-0.02112813194671669,-0.011946156247094653,-0.0034321661412654797,0.0005736322196480039,-0.03616891463827545,0.04985348694597082,0.15846073691448986,0.605367262870911,0.23132397121154372,0.2324330594787598,0.18551205829057146,0.3789091461172401,0.3228534546146393,-10.063456992058022,-0.032178268619410866,0.020265442132949826,4.239528017967454,0.024256526111503588,0.027108837193298374,0.04615508301670751
275.479999999822,pick_play,pick,0.0,0.0,0.0,1.0073086221768783,-0.440929378366455,3.7282561551850857,-5.243800268581416,-0.024423431887612687,-0.007293656692538049,-0.0021293854506665827,0.006652604336549619,-0.02735200033679429,0.06240338422504064,0.15640223593261676,0.5984720815511514,0.23137536013023385,0.2297056105384827,-0.3035038677252913,0.37879286124647354,0.32277078297233586,-10.07745651987355,-0.03285615815889104,0.020666089653968808,4.318972036780482,0.026497853720507055,0.03147523505096439,0.04122510655665877
275.49999999982197,pick_play,pick,0.0,0.0,0.0,1.0073724665987644,-0.4231960612800228,3.703523963995924,-5.159884824232987,-0.027509443639853262,-0.0027311118788201747,-0.000907936054055659,0.01120919381503216,-0.02157433505296349,0.07451579355006592,0.15437082427291118,0.5931939696160753,0.23136166250617954,0.2284185674438477,-0.528611904941236,0.3788256898032965,0.32293260958290104,-10.063592538860384,-0.03336788859883571,0.02040293514728546,4.329524919240792,0.029551718577975398,0.03452985388641361,0.018185350862933478
275.51999999982195,pick_play,pick,0.0,0.0,0.0,1.0074552363784575,-0.40378598886828443,3.681121835573506,-5.061222004369005,-0.02973529070427704,0.0009996148409953099,0.00013808902734118865,0.011227933193093327,-0.02012523472990615,0.08750756588404023,0.15239152396325928,0.5892908266609571,0.2315405537603392,0.22909001376724247,-0.4568806488104585,0.3787353403635485,0.32194806006050114,-10.214684693964907,-0.03375992344353726,0.019020159542560575,4.244108496809348,0.032052975609557104,0.03565018278961185,0.00777833806877494
275.53999999982193,pick_play,pick,0.0,0.0,0.0,1.0075422159135556,-0.3843665742267549,3.6608038971941705,-4.956369007316817,-0.031516647579562976,0.005551812544512493,0.00036019871056831767,0.011064090399508949,-0.01805561033793666,0.09147968019002617,0.1502206450108903,0.5843451086548814,0.2320384674604752,0.2291642811546326,-0.5583323904785455,0.37870301599144107,0.3223700311431885,-10.138533626814938,-0.03413038165068187,0.017339479923248288,4.138727940407743,0.034138087899485435,0.037727404660034214,0.01956345325478208
275.5599999998219,pick_play,pick,0.0,0.0,0.0,1.0076277490349603,-0.36255685861906817,3.6423917483030355,-4.856817491249408,-0.03301841444017009,0.011115809716262064,0.0004211134454394803,0.013970706556798832,-0.01641672108903172,0.08572427976590706,0.147959679217444,0.5770021724869001,0.23258485520780894,0.228100576663971,-0.850997862699852,0.3788873750579776,0.32249004509544377,-10.166722662581112,-0.03448068277892473,0.016376127302646634,4.088338259969599,0.03566187212264234,0.03871362311248783,0.026470540252001608
275.5799999998219,pick_play,pick,0.0,0.0,0.0,1.007727039793848,-0.33937985777454227,3.6207410740386936,-4.764003498190975,-0.03375996838195291,0.015904605062853468,0.0008362937584356126,0.015117285117970376,-0.02002418128193421,0.08018955725769104,0.14637471119845197,0.5697687536775832,0.2328450422585563,0.2273184445152283,-1.0146004450325439,0.37899142573959244,0.3227968600044251,-10.121861828963109,-0.03478837835155312,0.01581788510084152,4.065809901318672,0.036112856586614075,0.03754060370330814,0.024676929691615127
275.5999999998219,pick_play,pick,0.0,0.0,0.0,1.0078348467912026,-0.3169899556627675,3.592804469627224,-4.670059885338338,-0.03400390690663033,0.0195529223410373,0.0005174431300353872,0.014175139287220324,-0.025632979240665016,0.08229323207873884,0.14449504616538938,0.5604588688072448,0.23307572095474727,0.2271065500030518,-1.09272962316139,0.379021610364706,0.3230303313980103,-10.080332180463436,-0.0350035855704988,0.014721725881099698,3.989712195775316,0.03627017361437739,0.037410069531250034,0.023521510408760642
275.61999999982186,pick_play,pick,0.0,0.0,0.0,1.0079322529289174,-0.29443606816568835,3.5606840181553796,-4.566436190493997,-0.03392705954972973,0.02291636279713926,-0.0004710648648606156,0.014059256394550418,-0.028830315062918468,0.09160191971270577,0.14151798016912295,0.5465611654770635,0.23370035192523722,0.2265180137405396,-1.3431405836923653,0.37927278757989247,0.32204759981727604,-10.320904168496826,-0.03516470949459498,0.013277341425418851,3.8839811465511755,0.03670746552916623,0.039717246121215855,0.058756727320539506
275.63999999982184,pick_play,pick,0.0,0.0,0.0,1.0080235231378543,-0.26802558583842456,3.523784579013237,-4.4542910193657335,-0.03347253896111481,0.02702736609557987,-0.0011276246336081332,0.017593124181025224,-0.033268642635645614,0.0983796779405292,0.13843481095926924,0.5314466769936259,0.23427883069834396,0.22449574735260014,-1.8061716874989069,0.37982457733821196,0.32108826305961613,-10.615577203530098,-0.03539519331126457,0.012719807028770444,3.861870536655847,0.03832318700055251,0.04305415255432132,0.0577314362934528
275.6599999998218,pick_play,pick,0.0,0.0,0.0,1.008119203474487,-0.236398251028031,3.480177390158981,-4.34243753184174,-0.03270705303773807,0.03189794608073638,-0.001482941062318353,0.022260519869338177,-0.039220630988697165,0.0970249804354613,0.13596272231533052,0.5192215333375139,0.2343719452851381,0.22205910947418217,-2.2208764094033007,0.3805956732616269,0.321237304473877,-10.742815296958085,-0.03576880998031499,0.012619991600513455,3.892111276018612,0.04023529358852861,0.04419510466461185,0.03364463032336104
275.6799999998218,pick_play,pick,0.0,0.0,0.0,1.0082178049195558,-0.20416848759605621,3.4285626065005648,-4.234967706927415,-0.03161738858319314,0.03618370845702712,-0.002062742449414836,0.022425130435699048,-0.0464978469012721,0.09291342755594686,0.13422971573202425,0.5108555604837848,0.23423436029955658,0.2203824904212952,-2.478500506047611,0.3814183750966982,0.3223557856330872,-10.69389109923791,-0.03624777367063563,0.012437459826469419,3.9217922782438066,0.04077160687624219,0.04173331362609867,0.011695991553854222
275.6999999998218,pick_play,pick,0.0,0.0,0.0,1.0083194977252965,-0.17756858859242955,3.3688999414401875,-4.131789388109786,-0.03029960247832918,0.03940521273798462,-0.0025974561206712904,0.017132485731521506,-0.05320901327143135,0.08935662317906866,0.13279983895231182,0.5039361165911079,0.23419304057509724,0.2189404156455994,-2.742777516629241,0.3820327511190105,0.32336471345520024,-10.607410759882493,-0.036705509893665944,0.012130630016326902,3.9320331716095693,0.040848880455616216,0.039647270268249546,-0.03196872054446492
275.71999999982177,pick_play,pick,0.0,0.0,0.0,1.0084243552902474,-0.15704358082485181,3.304946584807226,-4.034698109055434,-0.028858715422643528,0.04256521711691479,-0.002701415743757994,0.012476471902648355,-0.05631561977907317,0.08376583597976596,0.13110236161595995,0.4961884628402416,0.23424660783118834,0.21723745133972172,-3.06412163830854,0.38241454443629913,0.32346931960678105,-10.6390079846843,-0.037122714054944043,0.011600856482982633,3.9209253743698427,0.04088104295188524,0.039676238125610386,-0.031158194872510373
275.73999999982175,pick_play,pick,0.0,0.0,0.0,1.008526855374154,-0.13865753166665049,3.2444517859105932,-3.9450759424076343,-0.02753658015273876,0.04593612597751421,-0.0022997658054255124,0.011607960145091693,-0.052248638011970806,0.07720694768908982,0.12888787481071146,0.4854169813970078,0.23436410902226965,0.21464321878051762,-3.5576128581759052,0.3827680063104656,0.3226059463272095,-10.85621177711467,-0.037527117752913834,0.010449615120887754,3.860454959946368,0.04087443271946938,0.03875391585235599,-0.05263605864823993
275.75999999982173,pick_play,pick,0.0,0.0,0.0,1.0086230529462645,-0.11782473274379553,3.192751771484931,-3.862830598837677,-0.0262962190471334,0.04948081231510196,-0.0016277864638168996,0.014681360985973894,-0.0441074745987233,0.07091400780520149,0.12654772953722931,0.4740262563195158,0.2344164388231364,0.2122989681015015,-3.9848994480426665,0.3833112323057712,0.3225049462566376,-10.987175728932362,-0.03795863190785336,0.009902213513851163,3.852654950426292,0.0408566588684982,0.03867583376770023,-0.053905893805115755
275.7799999998217,pick_play,pick,0.0,0.0,0.0,1.0087073844140855,-0.09328170970790067,3.1466830590709876,-3.788020829769371,-0.025093059206491415,0.052786648642223565,-0.0017210000610098479,0.0183100139546849,-0.03993830287319609,0.06438490855652486,0.12508447109869525,0.4673056753412743,0.2344268835343705,0.21103189256286625,-4.2116798545082474,0.3841807936983044,0.3259066727409363,-10.556828039114668,-0.03833726090454693,0.01122377514839172,3.9855498786142256,0.041185128085520495,0.04387598139648441,0.054244734630460915
275.7999999998217,pick_play,pick,0.0,0.0,0.0,1.008781377696083,-0.06762909300325842,3.1002362586923073,-3.721350094855298,-0.02351585150994398,0.05531244469359309,-0.0022341672335543378,0.019310116595962323,-0.04087283528784643,0.05712306596875493,0.1242864031170412,0.46408798478071805,0.23442178169410863,0.2100850131759644,-4.3799658131984565,0.3852399152928279,0.32935441401100163,-10.14123307430437,-0.03847132035373982,0.011523787677288053,4.005869836539458,0.04294862002650967,0.04796521765594486,0.0581990834523092
275.8199999998217,pick_play,pick,0.0,0.0,0.0,1.0088526080850124,-0.04442335419821816,3.051976172720251,-3.664906241526326,-0.021533249343189224,0.05712978448984356,-0.0023872815339941117,0.017316960968127185,-0.04232438979324963,0.047930268012496786,0.12369254784914062,0.4615027565974368,0.23437875803272157,0.20890192058181767,-4.582155485423956,0.3862167199096993,0.3308728721389771,-10.036697685114408,-0.03853811348015088,0.009884242713451383,3.8776914271966745,0.043921138194460696,0.04589634043579105,0.022256329084192783
275.83999999982166,pick_play,pick,0.0,0.0,0.0,1.008929349904249,-0.026939323804036477,3.0044790397970456,-3.6177985918165763,-0.019469062946174318,0.05804742845688829,-0.0018224791552930238,0.012385263184335141,-0.04124201377700242,0.040145622416240964,0.12268452567297732,0.45618713757525253,0.23432130064951925,0.2079717901000977,-4.738277608389423,0.3868418538092139,0.3300510730991364,-10.269936029731548,-0.03857792805518259,0.007856343686580655,3.716825581767639,0.04404129839409488,0.042699028080749546,-0.03607863530038088
275.85999999982164,pick_play,pick,0.0,0.0,0.0,1.0090151489123476,-0.016657643608318853,2.9608335316506404,-3.5771155440898292,-0.017225847117300425,0.05847695129775941,-0.0008123214649675625,0.006263519011823434,-0.03757596125663885,0.03494208836918862,0.12164483913549512,0.4499287215092942,0.23426668363636555,0.2069515970001221,-4.912231563312975,0.387023292612312,0.3296727028141022,-10.334884963987315,-0.03865710994463255,0.006809827685356137,3.641683688132413,0.04397534458137278,0.04029386145477298,-0.08935117175075458
275.8799999998216,pick_play,pick,0.0,0.0,0.0,1.0091024965106237,-0.01089247089561536,2.9199506217232702,-3.5413045315184206,-0.014877845475110204,0.058992552382007776,-0.00046117171514898557,0.003084133829515734,-0.035531947895552,0.030753233423189523,0.12156883654035222,0.4477751739708152,0.2341806059338545,0.20641956594085697,-4.989435712484911,0.3870151620954978,0.33196286227798466,-9.908566048395311,-0.038784853954619794,0.007602033019065854,3.7180201577526475,0.04386642345371093,0.03967683417205814,-0.10097573048675643
275.8999999998216,pick_play,pick,0.0,0.0,0.0,1.0091858198305208,-0.007031335600123033,2.8766502469860233,-3.5106862214108516,-0.012749425805547382,0.05939189166788769,-0.0008783868539732275,0.0019152161040368362,-0.03832302448872609,0.026113450515738715,0.12229915813579474,0.44904436701975137,0.23401658626946825,0.20621303584671025,-4.98993487242283,0.38698723633280363,0.3353390481719971,-9.294597751401772,-0.03889890770000853,0.008359421789646146,3.786902328926068,0.043774488184715396,0.04017775160675052,-0.0869004689978888
275.9199999998216,pick_play,pick,0.0,0.0,0.0,1.0092637092046015,-0.003708771129320641,2.828710310806378,-3.484743370448861,-0.010996967699914095,0.05944123594401812,-0.0015271418558941655,0.0018120232121064163,-0.04236642829915759,0.022162784879504762,0.12305847579418028,0.450363714435586,0.2337678091273271,0.2057871010551453,-5.015480030252838,0.38698419476468626,0.33759988215065007,-8.889061602021878,-0.03896851484683893,0.00816157907247543,3.7742152261698636,0.043717190336335934,0.04096584421997074,-0.06697758713158923
275.93999999982157,pick_play,pick,0.0,0.0,0.0,1.009338548989705,0.0007604468476157181,2.780810736258474,-3.46203472769823,-0.009469986749617333,0.05918225846928543,-0.0014762323572077964,0.0032006569404834134,-0.041548486561429655,0.01951604517868483,0.12304383582023924,0.4487355101756535,0.23334128898531747,0.20423183705902104,-5.203985973862625,0.387012094933087,0.3378567185649872,-8.850069494641959,-0.039013060089267575,0.00755062401294708,3.727553569800765,0.04375332228974154,0.043478299206543,-0.008469478309666274
275.95999999982155,pick_play,pick,0.0,0.0,0.0,1.0094114219897992,0.0065442272425126095,2.7388982147771896,-3.4391040809372018,-0.008136302236498787,0.05833332406874643,-0.0008478444975417484,0.004253745522565366,-0.03574698455780606,0.02020173268493869,0.1224938220178861,0.44521538615482265,0.23281137524603698,0.20319495465850834,-5.287656208909571,0.3870452847603956,0.3372354593524933,-8.968135845544214,-0.03904720327976357,0.006969188153743741,3.683054929887129,0.04387163857511662,0.04530899626617435,0.03165195510547675
275.97999999982153,pick_play,pick,0.0,0.0,0.0,1.0094760610041518,0.00969837100855199,2.7019620871640124,-3.4109447613035746,-0.0069447015891183125,0.056270822460913715,-0.0008327633326667976,0.0009838586255385769,-0.031893326914551635,0.025381069204487017,0.12278146085841865,0.44466998077448294,0.23262212327718304,0.20491645600891117,-4.975351036184007,0.387029300104467,0.3378988590488434,-8.841848569324034,-0.03906856780708519,0.006700374931097028,3.6622018448873894,0.04389858537727435,0.04232733351593021,-0.03976678375543687
275.9999999998215,pick_play,pick,0.0,0.0,0.0,1.009538118549614,0.008304344033345923,2.6627499090624207,-3.3790656987356584,-0.005601601468456307,0.05407852283780414,-0.0011460972888531825,-0.0031168773783719146,-0.034841545867178435,0.028081012535021974,0.1239487325569137,0.4462798178750238,0.23259927931553867,0.20640913512802128,-4.712436681276675,0.38683186353152843,0.339460679555893,-8.511615191527799,-0.039107858359545146,0.00631018057465553,3.6355825113106266,0.04338967789847286,0.0369472990692139,-0.14137987913481342
276.0199999998215,pick_play,pick,0.0,0.0,0.0,1.0096048530102797,0.003591014237921258,2.616239579241787,-3.350077098280664,-0.004264836156005073,0.05254348566470098,-0.0015808942154988746,-0.005527511771408439,-0.04156131207558109,0.0247095915041051,0.12539906532527792,0.4480407227654248,0.2323761765548364,0.2064069297561646,-4.654456074563052,0.3864219590672206,0.34077981975173954,-8.183286683463644,-0.03921900752313363,0.006003466248512265,3.624389843736549,0.041227706200805736,0.032338310307312046,-0.14114170298128237
276.0399999998215,pick_play,pick,0.0,0.0,0.0,1.0096688036001817,-0.002731402000369265,2.5634224611512098,-3.3259304612415765,-0.003111799381785441,0.050979047394545736,-0.002324757522431055,-0.006574318778544313,-0.04674144310773495,0.020588377984020228,0.1268672603700408,0.45045137150004544,0.23207156391604103,0.20706407096481327,-4.475691787018817,0.38596498961023157,0.34191740419960026,-7.892914001409232,-0.03928255271013517,0.006627325713634488,3.6757403733318266,0.03899701087566625,0.0317130575836182,-0.1080011404454763
276.05999999982146,pick_play,pick,0.0,0.0,0.0,1.0097197810259786,-0.010059287124042972,2.509744495525125,-3.3044887298782633,-0.002352878222204727,0.04904553025416781,-0.002993282286731383,-0.0073181892517506135,-0.04673705493214159,0.018518506957493446,0.1280184548427894,0.4529726951674774,0.2319878130205789,0.20782653358078007,-4.343713329736094,0.38561155638061273,0.34232191112136845,-7.765350325906644,-0.03928553044265732,0.007262308895587918,3.7237578624021097,0.03816843825225331,0.03307275874023441,-0.10670779855819426
276.07999999982144,pick_play,pick,0.0,0.0,0.0,1.0097588748608362,-0.017997114420759387,2.461650329533725,-3.2848377406039675,-0.002062201844569723,0.046852304734204965,-0.0029044359024353564,-0.007762216698013491,-0.04112166396239285,0.017001148232158717,0.12859374789842581,0.4542965137422539,0.23214521659769694,0.2081854131469727,-4.3229609223186145,0.38535033168706734,0.3418172981987,-7.815889335247855,-0.039267942530808946,0.00734627693891525,3.7283496463340695,0.037902257701655034,0.032594610279846226,-0.12498530332838838
276.0999999998214,pick_play,pick,0.0,0.0,0.0,1.009797219922006,-0.028933868828166384,2.421629232471592,-3.2643989267177442,-0.0018124658239596445,0.04404084000113159,-0.002004292468094756,-0.01078977485231936,-0.03407977351680131,0.01806475794693956,0.12899493737851586,0.45464705173871456,0.2324983083620705,0.20871279504394535,-4.30703031014501,0.3849039594269345,0.3404902305850983,-7.959915343918337,-0.039289905187984885,0.006324150413274762,3.6502890675228494,0.03638622346753691,0.028380204266357456,-0.142446528611286
276.1199999998214,pick_play,pick,0.0,0.0,0.0,1.009857633511464,-0.04523191855538328,2.384693694185879,-3.2412230161247746,-0.0012361295007648398,0.04094875869473354,-0.0004972635688585425,-0.015830222489736655,-0.032246326053063504,0.02061000820547135,0.1298550022158901,0.45570327466938937,0.23261637204332963,0.20962391164398197,-4.145092048440433,0.3838712916427971,0.33979068067169194,-7.85418058650328,-0.03943067259662996,0.005028691887855527,3.565475121474044,0.03252273514834046,0.02168362242584232,-0.12928117567621972
276.1399999998214,pick_play,pick,0.0,0.0,0.0,1.0099305016223818,-0.06306120816048295,2.3476521714943566,-3.2183409218164423,-0.0005794023407486832,0.03882559069191308,-1.59180449898896e-05,-0.016297322248581592,-0.032498348092448996,0.019713601596215373,0.13020765906478382,0.45819588555893076,0.23243369165764632,0.20887849595642094,-4.223384914677293,0.3825892082877242,0.3406743791351319,-7.4459569796468115,-0.03951846621591365,0.005499620735645291,3.6054437556250334,0.029450881462993985,0.02243464095001224,-0.07760416982711517
276.15999999982137,pick_play,pick,0.0,0.0,0.0,1.0099904051374422,-0.07246322300859027,2.313398183116256,-3.196775760244208,-0.000512351618689214,0.037710489136612305,-0.00048002968753428995,-0.007570724751925879,-0.0294003972183517,0.018709748161261246,0.13023476113325752,0.458845492049991,0.2319773141357354,0.20641944673156742,-4.562911214197506,0.3818242878070145,0.34231758978462223,-7.052795114523387,-0.039553191222378936,0.007124778628349301,3.7350408748228747,0.028921486614326204,0.02747123343353275,-0.025916666362819283
276.17999999982135,pick_play,pick,0.0,0.0,0.0,1.0100214114241852,-0.07226139114067638,2.2916521787493034,-3.1740224819520586,-0.0012093229216579304,0.03617625659009003,-0.000604146309069093,0.00011159737283730829,-0.01723763005712641,0.020082840329093583,0.13006281192403088,0.4583488244805912,0.2317999387331567,0.20576510694122319,-4.675465326119115,0.3817899827722123,0.34243164327239994,-7.082812098135368,-0.03958760714088728,0.007824000716209409,3.7946429348450095,0.02892585813017089,0.028297234600830112,-0.01651051039351972
276.19999999982133,pick_play,pick,0.0,0.0,0.0,1.010042535694043,-0.06850507842934656,2.2844533874648625,-3.149013988615856,-0.0014442872707064066,0.03393466415020845,0.00046856254143844855,0.002665908277455386,-0.00483559177515258,0.021969792446026495,0.12997691216102292,0.45916982563370967,0.23179597400658328,0.2063182380447388,-4.585984778304876,0.381951810739524,0.3422654059181214,-7.158133473335732,-0.03960192298641215,0.0072848916053771945,3.7515938214128375,0.028916154957790152,0.026987243717956577,-0.04773646757772361
276.2199999998213,pick_play,pick,0.0,0.0,0.0,1.0100677073170925,-0.06645503417867712,2.285430529926814,-3.1220031161313697,-0.0010283231960450795,0.030907088383911648,0.0014582374842895326,0.0005156661011616388,0.0015027216951192983,0.023773900311467623,0.13012769036144223,0.46182757250229045,0.231818057849754,0.20705125596618656,-4.4600453980474,0.38194575832427785,0.34267646935081486,-7.067961767936955,-0.03958806987404047,0.0070027120411396,3.726535976774344,0.028853273684653406,0.0259684811294556,-0.0698471363754748
276.2399999998213,pick_play,pick,0.0,0.0,0.0,1.010093528754246,-0.0673433654824457,2.2899486985686783,-3.0956828359158033,-0.0004287425687229645,0.027910554180232156,0.0017829622150180489,-0.00204527101644861,0.004197919752918981,0.022749723900076558,0.13063290971958916,0.4657470054481666,0.23195551885787002,0.20792368915176396,-4.337046525748025,0.38179954773428404,0.344432124162674,-6.7157708619583385,-0.03955627577413201,0.007164274156093595,3.7360425497786145,0.028754515794875705,0.025178719586181675,-0.08598538376643607
276.2599999998213,pick_play,pick,0.0,0.0,0.0,1.0101137064324022,-0.07025022634490362,2.2947473472584883,-3.073216760076634,-6.522712429378967e-05,0.025264894137809333,0.0014542075321121854,-0.0034428568243569206,0.004082980117716896,0.019110452978258533,0.1312757774386293,0.4698002560168836,0.23225333625932326,0.20859686400985722,-4.281983828691353,0.38164571195748254,0.346225896144867,-6.3642008363187745,-0.03949537786662945,0.007506181299686429,3.7564684703220266,0.02862655991486293,0.024467397755432163,-0.09960804554651814
276.27999999982126,pick_play,pick,0.0,0.0,0.0,1.0101269608751293,-0.07303401286230785,2.297017446689595,-3.057024547529654,0.0002512151527287517,0.022978844054525844,0.0008466957736795025,-0.0028764818073981962,0.001601581969100025,0.013340722601988228,0.13191719247653952,0.4731795306125508,0.23252933490254754,0.20881191756820683,-4.290663413174869,0.38158132816394236,0.3478512552032471,-6.067203510883546,-0.039401525394661976,0.007728104293346402,3.7646805618246884,0.028484843842511636,0.024141002720642124,-0.10383201261150571
276.29999999982124,pick_play,pick,0.0,0.0,0.0,1.010136819982616,-0.07412686565621049,2.297239123142087,-3.048438541578858,0.0006428627368223551,0.021032513818118846,0.0005445905889430962,-0.000978137857749073,8.133593200662427e-05,0.006692026220481198,0.13218989290581834,0.47492736049117307,0.23261901699787105,0.20840714242553715,-4.363412124743483,0.38159638247509103,0.3489157643566132,-5.884037389164888,-0.03932257534257816,0.007664759457111356,3.7546309467085983,0.028321830623716168,0.023404050892639194,-0.117400644943694
276.3199999998212,pick_play,pick,0.0,0.0,0.0,1.0101385235500864,-0.0718549139013138,2.2982877492918594,-3.046116843716963,0.0008405858195553722,0.019377795510572872,0.00019749577944935294,0.0024288232539034383,0.001111417335611969,0.0011979234739051602,0.13226525055150953,0.47573137954499706,0.23263302695634439,0.20751277473068241,-4.522594299065017,0.38181892217707186,0.34965653088188176,-5.806784768032231,-0.03929125753791155,0.007600572705268857,3.7500465457371672,0.027812980816478417,0.021781016415405308,-0.13224256293800668
276.3399999998212,pick_play,pick,0.0,0.0,0.0,1.0101367032653643,-0.06860328647174786,2.3001807881084306,-3.045681919199706,0.0011944576225318458,0.016869500977525587,0.00017289439139164608,0.0027602430895895045,0.0016989840367839398,0.00035738233409079567,0.13294904708696076,0.47886337216423347,0.23262100877591171,0.20740709569549565,-4.537516807660068,0.3820826619228289,0.3502745714435578,-5.745806830357585,-0.03925424897938657,0.008038957417011258,3.781676660595653,0.026369688354523704,0.018977094715881382,-0.13160983533482937
276.3599999998212,pick_play,pick,0.0,0.0,0.0,1.0101388333744072,-0.06833128571851356,2.30081265070647,-3.04353009974511,0.0018336969673050268,0.013608318818524315,0.0002612842145064374,-0.00021614122426903584,0.000323926640319453,0.002170312267401107,0.1339464987127961,0.48295484215714735,0.23260637628343628,0.20799074437713627,-4.429629393760714,0.38215290840576116,0.35117728378868107,-5.58013170038445,-0.03918177806638827,0.008281898498535153,3.7927767959786634,0.02435345068732759,0.016856957501220737,-0.11713755701134469
276.37999999982117,pick_play,pick,0.0,0.0,0.0,1.0101408439585502,-0.06911839614990624,2.300796503325608,-3.0399008415875595,0.002389032196684547,0.01099406944287324,0.00019635166118367318,-0.000842890791966169,-4.1776915319994395e-05,0.0032495841448336215,0.13402713138314065,0.4835197857973613,0.23259416070228314,0.2082817938575745,-4.375292944287452,0.3821700895346256,0.3510481801280976,-5.60322941810006,-0.03914043609173605,0.007525157928466794,3.731332655015091,0.023036464488884304,0.017131138867187534,-0.10627392352661708
276.39999999982115,pick_play,pick,0.0,0.0,0.0,1.0101417390963245,-0.06941880247478394,2.300788514887491,-3.037179838536035,0.0028933141368035938,0.009052664106950487,0.00016953980026198463,-0.0002527041340994723,-9.042450326331241e-07,0.002247646796357147,0.13362198661729088,0.4823604000565336,0.2325107766710694,0.20790068175888066,-4.423133506834409,0.38218500312344694,0.3499320831546784,-5.806619683146802,-0.03913607483466714,0.0069525696337223025,3.686935260185894,0.022722047918080916,0.018711615628051792,-0.0923153379391351
276.41999999982113,pick_play,pick,0.0,0.0,0.0,1.0101467605902719,-0.06935514096724196,2.3006716009956802,-3.0358890352780437,0.0036435350014417793,0.00714739914804357,0.00044001652083234215,4.022519842255904e-05,-0.00010183465491680617,0.0009904474551565988,0.13333513810612574,0.48192734673866555,0.23217579378087136,0.20702675845718388,-4.50001351127076,0.38213091616867734,0.34891439344978337,-5.974310220169139,-0.039138753620544406,0.006994367390871045,3.690792350225718,0.02265427232574394,0.020642210072326694,-0.04848033367935263
276.4399999998211,pick_play,pick,0.0,0.0,0.0,1.0101550800623635,-0.06970679834067921,2.299415546778204,-3.034740748395328,0.0043346863414202835,0.004980505362477103,0.0004643006827679393,-0.00043532804106506337,-0.0013079251583547262,0.0010576491100425438,0.13378794880967804,0.4846224064217973,0.2316962761866755,0.20669517781829838,-4.462513680544933,0.382005621385828,0.3498806443462372,-5.7727970916253355,-0.03913439121043757,0.007860761880874631,3.759317961950595,0.022645247646789487,0.021402526921081577,-0.030924192196647656
276.4599999998211,pick_play,pick,0.0,0.0,0.0,1.0101562850273755,-0.07162037171716257,2.2959140914114453,-3.03137647589343,0.004693132656782919,0.002564437489523355,-0.00020440949580631504,-0.001931170929379466,-0.003350052250433672,0.0032841372893179597,0.13468635848074076,0.48943401819621435,0.23144738682513039,0.20733038451766972,-4.3225916659522134,0.38192799055159443,0.35176903870201115,-5.423302064183844,-0.039072950158281695,0.008928847312927243,3.8362918755795463,0.022680099278420934,0.022408176487731968,-0.00816636504401273
276.4799999998211,pick_play,pick,0.0,0.0,0.0,1.0101491730045826,-0.07513215269720434,2.289683552134975,-3.0252041078341483,0.005105667052544438,0.0004341816876756433,-0.0008530655094242819,-0.003448836027078397,-0.0057737192519395335,0.005652279628187315,0.1349359720004077,0.49231586247825676,0.2314315281058457,0.2085068013916016,-4.126132456407164,0.3818901997058803,0.35198725130653385,-5.379596730724253,-0.03895200274193354,0.008926880359649655,3.822943485843564,0.02301687859282529,0.026398111408996616,0.07109152541431324
276.49999999982106,pick_play,pick,0.0,0.0,0.0,1.0101385759806778,-0.07904979543749682,2.282597946167917,-3.0168934164455106,0.005497636157501074,-0.0011965516840723076,-0.0010318738152779502,-0.0037364635799714504,-0.0061517121626896085,0.007469603535166883,0.1349339999166257,0.4941311482623876,0.2314776377474232,0.20846025016403202,-4.146456789935983,0.38185896041977446,0.35116324689483647,-5.522773118781406,-0.038887587182356534,0.008561228215694425,3.7925212800690598,0.02418068111619927,0.02857177359466556,0.06659420552076728
276.51999999982104,pick_play,pick,0.0,0.0,0.0,1.0101277511692812,-0.08223002120299999,2.2793706254296677,-3.007892307031711,0.005573285031467987,-0.002684860911403618,-0.0005608134927589033,-0.0029500681757572843,-0.002129892049013176,0.007894013428166568,0.1352173544855931,0.49643667706537054,0.2315047678785171,0.2071524050483704,-4.385256891556635,0.3818387627832714,0.350544401670456,-5.631444559327971,-0.038881270420911856,0.00840007960796356,3.7823184768708695,0.0245857542477982,0.026249815052795444,0.031706841863918936
276.539999999821,pick_play,pick,0.0,0.0,0.0,1.0101198405616922,-0.08339967669446911,2.2784148705378655,-2.999333314365273,0.0054304835857231495,-0.0037493512278078175,-0.0002510412871272274,-0.0010325532080128136,-0.0008102464935520781,0.007375752511533077,0.13567858693066925,0.4978295146273239,0.23135759099150618,0.2066934492835999,-4.427569614896805,0.38183596618911964,0.35104296472167973,-5.5424570608298795,-0.038889659476581274,0.008007299900054929,3.7522921251913046,0.024684501987140582,0.02468185526733402,-0.0029291590708150797
276.559999999821,pick_play,pick,0.0,0.0,0.0,1.0101154373759493,-0.08250321650314824,2.275130931741459,-2.992705797159361,0.005351514694643062,-0.00435913961675008,-0.0003701428359522242,0.0008044207518958009,-0.003317729946735111,0.005509157207721882,0.136371841383332,0.49960593924046937,0.23095332220094986,0.2071642663726807,-4.249975352502127,0.38186121983576526,0.3520147886524201,-5.374272402857099,-0.03889828579639986,0.008115325868129727,3.761557806246162,0.024753490233552836,0.024829197949218784,-0.00041061894979606663
276.579999999821,pick_play,pick,0.0,0.0,0.0,1.010098857492723,-0.08020516477381419,2.2739011968519143,-2.9855713799741106,0.004982529932759875,-0.005310277183473905,-0.0008109604023285384,0.001863658939147222,-0.0005923056337927788,0.00638032880350619,0.13713924362250166,0.502984511050609,0.23082879437426754,0.20783702399826054,-4.131647978169575,0.3821313848097687,0.3527505185852051,-5.309753135304027,-0.038888376192623676,0.00947061628103256,3.8680599827030813,0.024899963271977604,0.027267266339111362,0.053894368812752044
276.59999999982097,pick_play,pick,0.0,0.0,0.0,1.0100717730542337,-0.07674142479096431,2.2759084052864553,-2.978778867745242,0.004529902884510556,-0.006240896853257965,-0.0009981781204681064,0.002951263501987865,0.002088787199427356,0.005760902767757229,0.13770324549418325,0.5063082419026388,0.23089863007975903,0.20869145658111576,-4.003739666241814,0.3825967320948741,0.3532419588813782,-5.319766652028498,-0.03882291627478087,0.010133196413516996,3.912587955559153,0.025959395321880567,0.03039019209747318,0.07013574596839184
276.61999999982095,pick_play,pick,0.0,0.0,0.0,1.0100461557424814,-0.07501773123878004,2.277509817597072,-2.9722550459121755,0.004389170620065974,-0.00759821041815293,-0.0009480873867261157,0.0007987924096170212,0.001134497355706343,0.005711233260569163,0.13819352264922863,0.5092796987905487,0.23102771258201008,0.20973251130676274,-3.8432047856093337,0.38294462610885077,0.3536903646240235,-5.2910214848417185,-0.03872847694383848,0.009356980025768277,3.8414925260744335,0.02722893161607195,0.031145144528198276,0.05468900863244087
276.63999999982093,pick_play,pick,0.0,0.0,0.0,1.0100250088372709,-0.07824097626124907,2.2767904836220563,-2.9686310658013513,0.004360357075322646,-0.008969211792221167,-0.0009778129597112746,-0.0035796713185278074,-0.0009305623670083744,0.002716562918860005,0.13895555344034563,0.5128579509818852,0.2312896111479978,0.21108303334808354,-3.6568304011618578,0.38303534678456014,0.35395801928138737,-5.239447035662452,-0.038637251071252966,0.009083901345729825,3.812682643196484,0.027634681922456897,0.02978460890655521,0.04360739676138991
276.6599999998209,pick_play,pick,0.0,0.0,0.0,1.0100029339065923,-0.08569031069315816,2.272832613062045,-2.96818561039016,0.004333388767220028,-0.010168302025031883,-0.0014036074928702525,-0.006936348003351209,-0.003871471637388046,0.00018984287307732297,0.13959680578192607,0.5151715307349662,0.231738798665773,0.21201864745712284,-3.583625319628073,0.38298462843533826,0.3535621252307892,-5.291911658868804,-0.038562035087365866,0.008873862028121945,3.7907025878104754,0.02774290665547031,0.028120685643005405,0.006271915829971025
276.6799999998209,pick_play,pick,0.0,0.0,0.0,1.0099811824810991,-0.09231087629648162,2.2680619259056236,-2.9681979181859632,0.004080931505062832,-0.01078325124685072,-0.0013983080944746432,-0.0054374648435574074,-0.004084146232933828,-3.2274957242355555e-05,0.1394351951645726,0.5134280820486352,0.2321252109047175,0.21163062121963505,-3.7189167498651114,0.3829408578794855,0.35201604034996037,-5.563311255110663,-0.03854979628660027,0.00788333714008331,3.714285785799761,0.027815320765952646,0.028060842579650913,0.0037369581068227823
276.6999999998209,pick_play,pick,0.0,0.0,0.0,1.009963726957387,-0.09560637919347897,2.2646675212587946,-2.968205970839713,0.003592491774527956,-0.011046605902501136,-0.0010338435656237533,-0.002474383238717796,-0.002785193217725867,-8.86344663010127e-06,0.13949236844117646,0.5128121221719747,0.2322676432217667,0.21176240708923344,-3.7005718396912837,0.3829414213434792,0.35131970908737187,-5.691906802811443,-0.03856153132222882,0.008161593973636624,3.7385582700317155,0.027879317521586042,0.02785759074096683,-0.0026759550357304367
276.71999999982086,pick_play,pick,0.0,0.0,0.0,1.0099468517389767,-0.09908773019068887,2.261315961003748,-2.9681583050343754,0.0030463495706638285,-0.011674249889900134,-0.0011049135964432575,-0.003245739522660328,-0.0030488983536497987,4.157686765741953e-05,0.14054219786813058,0.5169783114118738,0.23244211785072477,0.21304986741638188,-3.5043209318622424,0.38294024956631467,0.3524841156253815,-5.481882201448132,-0.03855863308493613,0.009638984501361844,3.8555373471505803,0.027902805731949535,0.026796151226806675,-0.02828818160736354
276.73999999982084,pick_play,pick,0.0,0.0,0.0,1.0099333491761557,-0.10464732129619579,2.254639219016722,-2.968026508710817,0.0028043917075605586,-0.012508053185113234,-0.0012755810784658276,-0.005132022621961527,-0.006348228037595182,9.429206804549767e-05,0.14126436014166777,0.5194380163197396,0.23260325338442428,0.21373025443649296,-3.40911799574504,0.3828260246934341,0.3525725987205506,-5.436653234275306,-0.0385460162495261,0.009482909739017484,3.841586347973825,0.027944286571829315,0.027740408009338413,-0.006614521764313537
276.7599999998208,pick_play,pick,0.0,0.0,0.0,1.0099273160628641,-0.11203129885209205,2.243408962887227,-2.9674528781752785,0.0026191605405838894,-0.013312390579480355,-0.0013535007227966599,-0.006672077095552687,-0.010289446864251066,0.0005720299471574143,0.14140528416613202,0.5190673286156522,0.23265512466801563,0.2139883425483704,-3.363281536210907,0.3825263361265254,0.3513799991855622,-5.5826455076290795,-0.03854157645979059,0.00852255970239639,3.7649359973806376,0.027997860753271115,0.027922440594482456,-0.003719480986740308
276.7799999998208,pick_play,pick,0.0,0.0,0.0,1.0099210612869538,-0.12014972673296422,2.2304324724961795,-2.9672702104320954,0.001992143953652389,-0.013953551423572285,-0.0015878517991476694,-0.007134093166823894,-0.011348445831648372,8.296264886032063e-05,0.14183031581837469,0.5198868218316528,0.2327933402130379,0.21463052299118046,-3.279706361292711,0.38220391956918187,0.35058374073600773,-5.666543258923304,-0.038545048161465166,0.008494843542575833,3.763401791633292,0.02787979179311652,0.022854496067810093,-0.12089943864024129
276.7999999998208,pick_play,pick,0.0,0.0,0.0,1.0099096804337666,-0.12671606563161872,2.219529306772558,-2.967599138318113,0.0011729709693061284,-0.014198105767736582,-0.001641083374741436,-0.005454002776877771,-0.009167519795763199,-0.0003794304804358602,0.14219730117751175,0.5207491727397038,0.2330242233293012,0.21457801129913334,-3.3381360045008037,0.38201710125974064,0.34998671081161503,-5.7509651962021655,-0.038549621461605364,0.009039868414402005,3.8074140811881927,0.027169498098947233,0.020643998211669956,-0.13614068871647478
276.81999999982077,pick_play,pick,0.0,0.0,0.0,1.009897754130893,-0.12938706170794856,2.211833761556263,-2.9699888986588405,0.00035851517850494315,-0.013717469508625279,-0.0013316841418252034,-0.0017761679701519472,-0.006342096362316848,-0.002428051481712229,0.1420413528815429,0.5201668337023089,0.23308616728185969,0.21373681094741825,-3.486349445862344,0.3819789102469408,0.3494568553218842,-5.8514197850811716,-0.03854865900768833,0.00979153513908386,3.8671422676404625,0.026996567952003142,0.026030350750732456,-0.02108251807868141
276.83999999982075,pick_play,pick,0.0,0.0,0.0,1.0098880299137454,-0.1295712823804606,2.2075666869501025,-2.971445980318332,-0.0005880270813635977,-0.013708000087477057,-0.0009003222424519339,7.847585175325648e-05,-0.0032604850030248655,-0.000969391492123992,0.14184683782674917,0.5196797491268618,0.23306529781608237,0.213412859703064,-3.5357453532935326,0.38199868397255526,0.3490719285259247,-5.928781983841739,-0.03854127614407627,0.01006406247615814,3.8879962398876966,0.027110207154322673,0.029158402508544956,0.04674801819322315
276.85999999982073,pick_play,pick,0.0,0.0,0.0,1.0098808193269257,-0.1294947535755216,2.205631113580693,-2.971529342945222,-0.0013236197655514465,-0.013999631347260412,-0.0006017092920692526,3.558372525276559e-05,-0.0015128603950495475,-1.691798182686697e-05,0.14176047809800998,0.5195555409176713,0.23305089372506657,0.2140992667922974,-3.4104923564684655,0.3820009522022806,0.3487416591892243,-5.986693244870122,-0.03853037945577837,0.009976436197757718,3.8799301230531844,0.027230130540670718,0.028330136364746128,0.023558039637125033
276.8799999998207,pick_play,pick,0.0,0.0,0.0,1.0098753665777744,-0.13001744114078498,2.203597337582218,-2.971503627024188,-0.001935624034624837,-0.01432957386718386,-0.0005844919677314951,-0.0005413027352198955,-0.0018593958510967753,1.6555829640746006e-05,0.14170415553500193,0.5199713928210692,0.2330552797124475,0.21471247937774662,-3.3021474949079757,0.38196676726661,0.348433771396637,-6.033164362304509,-0.03851932374759913,0.009727169573307035,3.859114180921692,0.02731373580409644,0.027612258023071323,0.004767805291295144
276.8999999998207,pick_play,pick,0.0,0.0,0.0,1.0098721242283144,-0.13121074893279872,2.2008867019907252,-2.9714799269196845,-0.002505383422832466,-0.014593219657541385,-0.0005524253215482439,-0.0011346422895433894,-0.0024326484323823443,1.5050495175148755e-05,0.14128359166917862,0.5191166876876897,0.23307295389535748,0.21478758123016362,-3.2927568115396,0.38187332816025177,0.34760100510215763,-6.161608156287981,-0.03851618565628754,0.008936409652233121,3.796079481077993,0.027371814711366054,0.027192879742431675,-0.0063540359848435705
276.9199999998207,pick_play,pick,0.0,0.0,0.0,1.0098702141293556,-0.13186106263041025,2.1987292564665535,-2.9712545335895877,-0.0030333725592635273,-0.014582178702799067,-0.0004400876781624171,-0.0004676772857682144,-0.0017585889664361518,0.00023790666174617876,0.1403695934172323,0.516205872255664,0.23308362105481553,0.214445152545929,-3.3557127613546367,0.3817702193091478,0.3461008157978058,-6.4128095777624505,-0.038527080857883374,0.008008663356304166,3.7235353851070907,0.02740435521512137,0.026636410778808628,-0.020204747783660534
276.93999999982066,pick_play,pick,0.0,0.0,0.0,1.0098672581653956,-0.13148499630188218,2.1982304989005796,-2.971179230520596,-0.0037138858368379202,-0.014428355160098768,-0.000358579393965187,0.00046028044459199796,-0.00020810847021088705,3.329875345522939e-05,0.13999950408087397,0.515795478772793,0.2331175417636315,0.2142361190567017,-3.4014723220546954,0.3817301095722344,0.34605059888458256,-6.419635632326901,-0.03853353055954086,0.009218697249889371,3.8204891314772707,0.027415885928240423,0.026174117153930698,-0.03136288040128988
276.95999999982064,pick_play,pick,0.0,0.0,0.0,1.0098628434888448,-0.13074621230717007,2.199077314338001,-2.9711819913282715,-0.004541852133395698,-0.014372799427185627,-0.00033467415289030087,0.0006367517254919934,0.0009063670139113564,1.7452290259977527e-06,0.1401317726447181,0.517562125350824,0.23323945131699148,0.21421436336135868,-3.4345194597195547,0.3817380748760309,0.3466552284011841,-6.315714214360902,-0.03852116913437214,0.010641862452030179,3.9322759037585766,0.027415160084112294,0.025990415638732944,-0.03555825083149549
276.9799999998206,pick_play,pick,0.0,0.0,0.0,1.0098617461470922,-0.12971387247794955,2.1993145185019194,-2.971165417776967,-0.005071972455493351,-0.014173027888957778,-0.0002438812610634763,0.0009423620122064078,8.59914181243423e-05,1.4754193241329962e-05,0.13967137578564562,0.5164639983840369,0.23329540739515078,0.2141121413955689,-3.456645526081617,0.3817086324160372,0.3456106570014954,-6.495075396900171,-0.03851584112125481,0.009357546269893643,3.82965348746409,0.02741884188102021,0.026197124546814,-0.03069337536066891
276.9999999998206,pick_play,pick,0.0,0.0,0.0,1.0098634820594092,-0.12838004318379756,2.1982613912902793,-2.9711522326152977,-0.005511401282396573,-0.013874117714612794,-0.00026454291030306995,0.0011890941284616002,-0.001081492731420323,8.897372002189218e-06,0.13913318936289606,0.514863562461154,0.23329241420865654,0.21362779405212406,-3.5391881167414567,0.3816501680767832,0.344929554725647,-6.6049941244786625,-0.038519874453583576,0.008953262865543363,3.798111528966367,0.027424892814169967,0.026203085011291538,-0.03075192331318016
277.0199999998206,pick_play,pick,0.0,0.0,0.0,1.0098651636835168,-0.12625186735119812,2.1978146772478304,-2.97116039502405,-0.006063133285123287,-0.013576653590551565,-0.00020436523507582312,0.0019751094052128976,-0.00019788599098856965,-9.526101477937032e-06,0.13887600540648762,0.5148515478708182,0.23327844240497467,0.2128071573028565,-3.683834392890969,0.38164133745339124,0.3453038420925141,-6.540399856340677,-0.038513694138117165,0.010339242219924924,3.907822554448192,0.027425653634310546,0.026039768284606968,-0.034649775542703466
277.03999999982057,pick_play,pick,0.0,0.0,0.0,1.0098673314831947,-0.12284744090239295,2.199458314634982,-2.9711377645078234,-0.006686094520903411,-0.013136516497724429,2.8163624429047146e-05,0.003128573939913465,0.0017382595857576043,2.7341721525506437e-05,0.13798378709583325,0.5120546930470706,0.23325995279395748,0.21236858632659916,-3.759136371565714,0.3816690197105284,0.344179758096695,-6.750254923320331,-0.03851034675208114,0.009588328003883359,3.847749884877763,0.027438492554598612,0.026452709263610874,-0.025135580114411908
277.05999999982055,pick_play,pick,0.0,0.0,0.0,1.0098706355304883,-0.11798930536006778,2.2037296419879633,-2.9706400194698115,-0.007281820674536456,-0.012501639212775738,0.0003276077353087362,0.004390251474401698,0.0040271219557314695,0.0005027486805768805,0.13682096882379263,0.5076149351600348,0.23323937917979098,0.21239701774215702,-3.750202280843815,0.38172109608241384,0.3426085200557709,-7.044060172300116,-0.0385219650148723,0.008384597301483152,3.7532491298150865,0.027460059090979726,0.0266091118515015,-0.02202625718227249
277.07999999982053,pick_play,pick,0.0,0.0,0.0,1.0098736671426596,-0.11247784038127669,2.2100035777349536,-2.9704337732597077,-0.007823690776703742,-0.011865504605873843,0.00047182303031377066,0.004843155595870963,0.005663568939023591,0.0001266372538036237,0.1364507118874004,0.5067060770512963,0.2332441886813371,0.21262166764831547,-3.7127260360132848,0.3818205735151914,0.34278015163040165,-7.035139427401405,-0.038527475176090065,0.009534139931201932,3.845171803457778,0.027441148806209716,0.025389123982238804,-0.05048358927225415
277.0999999998205,pick_play,pick,0.0,0.0,0.0,1.0098780803014265,-0.10772057986273391,2.2164303543319956,-2.9704083609077006,-0.0082780256706736,-0.011512553680441082,0.0005335633582520978,0.003992185261511601,0.005550508240137342,2.4893249817243966e-05,0.13638825871476337,0.5074370624118018,0.2332717361216384,0.21268049743270878,-3.708695702708455,0.3818987628126482,0.34345207479095463,-6.926314779387602,-0.038516767042357465,0.01063597649335861,3.931541378424179,0.027384770435102387,0.02462689978485111,-0.06692236985188467
277.1199999998205,pick_play,pick,0.0,0.0,0.0,1.0098851982644712,-0.10404660120659087,2.2205991221421906,-2.9703944856182827,-0.00861171342345604,-0.011203213431840846,0.00039637538337299126,0.003101470943667841,0.003310079092108084,1.5331745652579984e-05,0.13598126919082903,0.5069097599272607,0.2332856331299521,0.21237216260528569,-3.765421569134727,0.3819152902334501,0.3434429850826264,-6.926092591936476,-0.038501597723865064,0.010511477291584012,3.920203967622474,0.0273660669239489,0.025906611508178745,-0.03604317635311175
277.1399999998205,pick_play,pick,0.0,0.0,0.0,1.0098956554053529,-0.10146471795715635,2.2216311044172827,-2.9703912403375425,-0.008752341341029828,-0.010830248874112026,0.000251998743686354,0.002100168041542986,0.0005327723221485842,-8.286194281993252e-07,0.13510603565256346,0.5043042718908368,0.23327425529832116,0.21195743348693852,-3.8360487764962654,0.3818365993799164,0.34191883471107487,-7.178966424239645,-0.03849954724807632,0.00923439562320709,3.8186813439378753,0.027362574666886897,0.02596693140869144,-0.03479385619713514
277.15999999982046,pick_play,pick,0.0,0.0,0.0,1.009910091484741,-0.1002210175298526,2.2203836896408307,-2.9704085550388286,-0.008874649342392278,-0.010411301486757198,0.0002354400616392573,0.0009207776078625938,-0.0013212074461754193,-1.730050227926887e-05,0.13430023253262544,0.5013698824233782,0.23325476703484121,0.21189192798233036,-3.8438578288922463,0.38164115160264606,0.3407322552452088,-7.348479933466444,-0.03850905990895354,0.008545440435409543,3.764931994441081,0.027316993099775106,0.024692345684814487,-0.06388932667103189
277.17999999982044,pick_play,pick,0.0,0.0,0.0,1.009922386572851,-0.09895366835072605,2.218809592554409,-2.970768618388549,-0.00906907126115077,-0.009865335893709202,6.76490189883933e-05,0.0012155425474217696,-0.001293631491832845,-0.00038091318839431195,0.13380365242681647,0.5003757172727182,0.23328060812294577,0.21174911525344853,-3.877988255875453,0.38150241257948553,0.3409722831497193,-7.285111111095941,-0.03851111894317374,0.009721410274505612,3.858656023827526,0.027258010319647915,0.0245876799285889,-0.06475024185152553
277.1999999998204,pick_play,pick,0.0,0.0,0.0,1.0099302785504987,-0.09644042510171262,2.21877844883677,-2.9721757206023516,-0.009338985335342102,-0.009157704190895885,1.3867080571263672e-05,0.0023766838106951712,0.00019061269779645007,-0.001372477647095315,0.13296941843569213,0.4983966225869141,0.23336059445955268,0.2110727217445374,-4.0186641517520805,0.3814777142069922,0.34056661393737797,-7.362652570310342,-0.038507426464027786,0.010032166540622708,3.882940839116775,0.02723766351918574,0.025685597485351597,-0.038283141338540265
277.2199999998204,pick_play,pick,0.0,0.0,0.0,1.0099382513095188,-0.09220039575538555,2.218918848759118,-2.9742918758526713,-0.009520141313261909,-0.008246730459987197,3.035130694058381e-05,0.003991926449720389,7.85710764060666e-05,-0.0018902947629278206,0.13189242842851098,0.49435993839017833,0.23337567652948413,0.21054533984756474,-4.110237255373416,0.38150257187132464,0.339811363483429,-7.506408178185722,-0.03851372871170616,0.00913695693016052,3.8124712359999617,0.02727297107802381,0.026962925022888218,-0.009142902678979018
277.2399999998204,pick_play,pick,0.0,0.0,0.0,1.0099464294409826,-0.0873172420860749,2.2177233395197526,-2.976099276142763,-0.009544734976216237,-0.007491751312729139,-0.00011780176988831294,0.004342337791973927,-0.001256909503152412,-0.0015066387434273772,0.13139045559923307,0.49261120393353586,0.23336425491337598,0.2107479360351563,-4.070095258640189,0.3815509894899374,0.3398736503372193,-7.505611421826162,-0.03852095387030142,0.009335403144359586,3.828897531476574,0.027306661751064224,0.02658336264495853,-0.019169614841076953
277.25999999982037,pick_play,pick,0.0,0.0,0.0,1.0099544095009616,-0.0833442480507985,2.2129649749295752,-2.977346979450144,-0.00947771574318581,-0.006959399848017513,-0.000510503099029141,0.00335416868423414,-0.004635083163041102,-0.001031050858549788,0.1312865867469712,0.49269937835292493,0.2333696861804892,0.21109727885818486,-4.00957591021655,0.38159065997311087,0.3403718557605744,-7.4223159786059565,-0.03852017363995554,0.00985363572835922,3.869814025089014,0.02731064589812348,0.025864173001098667,-0.036181900764503894
277.27999999982035,pick_play,pick,0.0,0.0,0.0,1.0099623647048857,-0.07978650397671574,2.205316721047958,-2.9784280224638704,-0.009379516426167257,-0.006249776054208986,-0.0007611183462397453,0.003140658197178949,-0.006880750436607185,-0.0009429537297948422,0.1306251577707949,0.49011306630129425,0.23337213981489305,0.2104994442710877,-4.117218101194467,0.3816237753832681,0.3393825974712372,-7.605877827402586,-0.03852614580233196,0.009001632034778592,3.8026046310914787,0.027334364058490445,0.026651550358581577,-0.01798011603860548
277.29999999982033,pick_play,pick,0.0,0.0,0.0,1.009970723172415,-0.07590548887126702,2.198108963757839,-2.9799389025844985,-0.009421912429865863,-0.005350872541005469,-0.0006444503068277739,0.003498254136245386,-0.006080650465528445,-0.0013932732106948396,0.1298378750278546,0.4866342206765847,0.23337259023085066,0.20985267427062992,-4.233652809647302,0.3816606715377048,0.3379471388111115,-7.871220832898333,-0.03854463875457377,0.008523342013359067,3.7665141186355293,0.027353220877759845,0.026314307278442417,-0.026562666028430916
277.3199999998203,pick_play,pick,0.0,0.0,0.0,1.009979971018297,-0.07211885117885113,2.1935730651085272,-2.982555669746873,-0.00953241777875652,-0.00451612330323041,-0.0003155172811018863,0.003362091254358185,-0.0036051566006118424,-0.00243824156206598,0.1295197201892869,0.4850893504458892,0.23339552837968103,0.20978937413787846,-4.251037540013022,0.3816927103710024,0.3375336315879822,-7.951056584487662,-0.03856327873732559,0.00896344035863876,3.8030852494206275,0.02728848060574849,0.023942400044250522,-0.08110932357277885
277.3399999998203,pick_play,pick,0.0,0.0,0.0,1.0099900197397322,-0.06839886675432003,2.1901280312594817,-2.9859994715833484,-0.00955209743520908,-0.003691999060512479,-0.00020827800701238,0.003362523919488445,-0.0030018507104641124,-0.0030712316764695516,0.12937124155082336,0.48420520037968007,0.23341031299462078,0.20969978835678105,-4.268946097144939,0.38173090508106305,0.3383145716438294,-7.817935813692608,-0.03857247106264924,0.00922386050224304,3.8241869917094546,0.0272072153379012,0.024078894680786167,-0.07547504853125933
277.3599999998203,pick_play,pick,0.0,0.0,0.0,1.0099998168706457,-0.0646908487895611,2.1842884385328833,-2.9893183335295292,-0.009480932989457402,-0.003006908204174067,-0.0005129473366379004,0.0033648452585077577,-0.005501550338691756,-0.0028434957702186546,0.12917358707578952,0.4832829991149147,0.23340346307225285,0.20965359475708012,-4.274284225651342,0.38178749151555713,0.33912844326591496,-7.683398346067857,-0.038577535347571024,0.009326320886611936,3.83257602556862,0.027201100496115273,0.026188422268676792,-0.02542989622935986
277.37999999982026,pick_play,pick,0.0,0.0,0.0,1.0100094663136179,-0.062094433587500546,2.175095118559108,-2.9920221033769963,-0.009290051552365347,-0.0026233584263884433,-0.000835172860364643,0.002193952244122428,-0.008384803811233832,-0.0022920419045590994,0.1289223436702954,0.4826605247147362,0.23342582486281999,0.2098691847572327,-4.241651376601635,0.38181110402552504,0.33903566863632206,-7.701165139733834,-0.03857846444490685,0.009455223381519315,3.8427252455582086,0.027242862527442128,0.027002502507019077,-0.007555538236720177
277.39999999982024,pick_play,pick,0.0,0.0,0.0,1.0100194421126358,-0.06017022258727741,2.1645146594920193,-2.994275789543953,-0.00915067811936754,-0.002186608347005777,-0.0009119531322444776,0.0017157661094238618,-0.00929815586828995,-0.0019367279836814547,0.12834363864187748,0.48031975717700853,0.23346764428318914,0.20924643542861943,-4.36286680443325,0.381801915085413,0.3381333437213898,-7.859476931663619,-0.03858292897390854,0.009057362377643582,3.8114948224410474,0.027336781307892924,0.028312851017761265,0.021036709442611448
277.4199999998202,pick_play,pick,0.0,0.0,0.0,1.0100303980403205,-0.057756771573902556,2.1546694299230698,-2.9969918880512765,-0.009087265922651718,-0.0014923654244019858,-0.0007550235548032096,0.0022994139424992277,-0.008430804986118095,-0.0024690740422759366,0.1273464424744423,0.47556659345886154,0.23347220475184516,0.20795712735748295,-4.592772608788739,0.3817861938475038,0.33684034016227726,-8.089175685832066,-0.038598855611512904,0.00833010375499725,3.7552633786536003,0.0276369873965972,0.030708123272705112,0.06557881375270254
277.4399999998202,pick_play,pick,0.0,0.0,0.0,1.0100405066779712,-0.05489516020315808,2.1455697297357363,-2.9999728733496247,-0.008959503929550422,-0.0008608833124339731,-0.0007460725099928799,0.0026440515954155074,-0.00788204063456966,-0.0025915593388332525,0.12662994771532812,0.4724707864452174,0.23348482836074855,0.20827929046249394,-4.538077988559404,0.38179915138454573,0.3368307438144684,-8.095460800563153,-0.03861291742587143,0.008743387460708615,3.7892427223398886,0.028063635686116244,0.03116695982818607,0.06260321027276662
277.4599999998202,pick_play,pick,0.0,0.0,0.0,1.0100451394809529,-0.05279470747092059,2.13785843888689,-3.0021554523157414,-0.00887296135900907,-0.0004943466362149207,-0.0008992634696184028,0.0017516460888539454,-0.0065157834174588035,-0.0017908631754915746,0.12640827576534866,0.47166639284508893,0.23371215367218023,0.20890841748809819,-4.483064950418025,0.3818693043988701,0.33728582527732853,-8.030736540706178,-0.03861647872291487,0.009467360377311704,3.8468400173344235,0.028231114637944223,0.028902102536010776,0.012173343477346232
277.47999999982017,pick_play,pick,0.0,0.0,0.0,1.0100525933672013,-0.051258722539801585,2.1313956402647145,-3.0039380924874575,-0.008633532123352768,-0.00018953918861205795,-0.0005360904956572095,0.0013808018746408403,-0.005517007129956923,-0.0015449520474747028,0.12621854583063885,0.4702720828482627,0.23387399379540139,0.20800725486373906,-4.667764062046488,0.38188630145995806,0.3364388730773926,-8.181448685962378,-0.03862223697394095,0.009111684560775754,3.819054056189398,0.02818090757519455,0.02464394671325687,-0.08602951179380458
277.49999999982015,pick_play,pick,0.0,0.0,0.0,1.0100653906699575,-0.049451371477840046,2.1254709774791873,-3.005370799181866,-0.008345563101209319,0.00015849601685984625,-0.00023055185710978035,0.001651483128420567,-0.0051316316901493806,-0.0012046739849557112,0.12586906040164902,0.46786485220908397,0.23388961048457999,0.20731315877532963,-4.784352278192102,0.38184326134796637,0.3358361211071015,-8.278004113338373,-0.0386372704795173,0.008349847793579099,3.7598484798212684,0.027910170584277524,0.02211384875183109,-0.13474723688497664
277.51999999982013,pick_play,pick,0.0,0.0,0.0,1.0100787561530367,-0.04694240121551352,2.118677571374054,-3.005736109089699,-0.00805512909952647,0.0007299246466703068,-0.0003357092472000913,0.0023020277098965854,-0.006115288601404315,-0.00018879252308128412,0.12529917035878615,0.46481977517135686,0.23386291447063123,0.20726756122207646,-4.784912109144648,0.38181505493932055,0.33599374559021,-8.245862437146068,-0.03867198866418255,0.00795575678348541,3.732225464613029,0.0277402816132868,0.023584056919860874,-0.09875444289085814
277.5399999998201,pick_play,pick,0.0,0.0,0.0,1.0100909752377207,-0.043897021412209865,2.11092073429117,-3.0057260544685978,-0.007753931730841431,0.0012605832027063092,-0.00046625862880293566,0.0027008648709292873,-0.006839037820690569,2.0518972297223727e-05,0.1248971980837016,0.4626238872408821,0.23382880509955334,0.20674667623138432,-4.8721344138064655,0.3818186546915869,0.33616707589721684,-8.217677976507789,-0.038707311876184404,0.00831290781497955,3.763525019831172,0.02765156912001328,0.024682808941650425,-0.07144048617653785
277.5599999998201,pick_play,pick,0.0,0.0,0.0,1.0101030726814477,-0.04047829775234532,2.1033702235677305,-3.005599531106461,-0.007456402849028459,0.0017306759236521076,-0.000412845513447809,0.0030328103668882046,-0.006523572954188532,0.00012210551162903033,0.12455569605261693,0.4609344194520818,0.23376301412221162,0.20589570071792607,-5.010888626451833,0.38184035658917154,0.3362129416713715,-8.214645907157895,-0.03872425778111325,0.008721274137496945,3.796484633018401,0.027589821671288105,0.024967003887939487,-0.06355165345894312
277.5799999998201,pick_play,pick,0.0,0.0,0.0,1.0101189409876,-0.03535926602606641,2.0969570347655755,-3.005525538041851,-0.007153558419048994,0.002360959490965322,-5.2285157323208204e-05,0.004747303354321311,-0.005435206855135634,4.687595834580643e-05,0.12395322056001128,0.45837226277307325,0.23349183371082835,0.20478830602264408,-5.1450514725873635,0.3818792539990861,0.33600092794990544,-8.261012353516222,-0.03873795381524304,0.008658957481384275,3.7925195491379746,0.027576919488555434,0.02620499235992435,-0.0340567980851404
277.59999999982006,pick_play,pick,0.0,0.0,0.0,1.0101349915796451,-0.029057683011585567,2.092120913343945,-3.0054858938265068,-0.006912224518887654,0.00285846785725422,7.095119814836385e-05,0.0055749073233212305,-0.004054645957948353,3.1545449753494034e-05,0.12361387167770728,0.45739813516573113,0.23317219300903894,0.2047495033988953,-5.0913232441081,0.38196501906789315,0.33632687594985966,-8.221460955825684,-0.03874771534649121,0.008860778808593747,3.8091967452284687,0.02759024468462671,0.026606846875000034,-0.025104625585397236
277.61999999982004,pick_play,pick,0.0,0.0,0.0,1.0101462719378085,-0.024728309015089964,2.086586044764459,-3.005433709195866,-0.0066265060044512535,0.002981874345145594,-0.00029509795666228327,0.0034172215362197923,-0.005097941481484206,4.285824626441285e-05,0.12380808336179801,0.4589184848379554,0.23306914380727572,0.2056369569549561,-4.931208881558598,0.3820479257025287,0.33723423745727543,-8.073069564526843,-0.03874777991317176,0.009283800423145291,3.842472869182949,0.027572073131088094,0.025598693913269077,-0.048572838800621486
277.63999999982,pick_play,pick,0.0,0.0,0.0,1.0101541029069476,-0.021711214174114108,2.0799445531209013,-3.00541874137203,-0.006297160873077615,0.003182104866466085,-0.0005290747102834559,0.002587785994678665,-0.0058575002356789875,5.704446499988321e-06,0.12390629979393802,0.45944617304592505,0.23307005904992237,0.20567945506668095,-4.9305706391809485,0.3821435652623535,0.33769805100059513,-8.007794570518719,-0.03874590048207186,0.009430949389934537,3.8540655693721986,0.027534805055644478,0.02528028590087894,-0.05506807727848032
277.65999999982,pick_play,pick,0.0,0.0,0.0,1.0101589394955899,-0.01767623266483693,2.073818421378584,-3.0054242028957163,-0.00601096796565622,0.003605157908965169,-0.0005966626132541507,0.003721691807867534,-0.0052320324956704025,-8.580428526770278e-06,0.12377113398104646,0.4583440993787749,0.23306752239385062,0.2050319102058411,-5.046130324366678,0.3823210309826,0.3377255287418366,-8.041005891957903,-0.038742581467301716,0.009454813599586484,3.8556009930082937,0.027535921974883054,0.02650086981658939,-0.026106980721770007
277.67999999982,pick_play,pick,0.0,0.0,0.0,1.0101653483761042,-0.014089507380330133,2.066836908118205,-3.0052037870734893,-0.0057052151119192495,0.0037231002012783295,-0.0005826034720128923,0.002937878289901115,-0.006311397080621451,0.00022140662966470384,0.12390707219379625,0.4585080391438841,0.23303960267660936,0.20482526090240483,-5.07628940362831,0.38244515957451874,0.33806014921760563,-7.9984462450934775,-0.03873819627580086,0.009567891061305997,3.864216136309853,0.02759930225538906,0.027964521473693882,0.006762910868681714
277.69999999981997,pick_play,pick,0.0,0.0,0.0,1.0101740663725889,-0.011908280980673444,2.0589312580209613,-3.005150016577253,-0.005409406926633127,0.003809573340390022,-0.0005452481607389613,0.0017847571272564162,-0.006930339863097312,3.011903457289867e-05,0.1239867906309035,0.45873729473526603,0.23300706563734047,0.2048214462051392,-5.070916038891316,0.3824917273642776,0.3380748119602204,-7.998380881172678,-0.038739492961891754,0.00918755382299423,3.834258548336266,0.02767299629924142,0.027864385670471226,0.002310476644009193
277.71999999981995,pick_play,pick,0.0,0.0,0.0,1.0101829077136038,-0.009545358852506134,2.0528836420587484,-3.005121716566099,-0.005187579781750012,0.0040840817166533745,-0.0003092425451267524,0.0021407423206557226,-0.004925305629653269,2.365625331261368e-05,0.12356915598953143,0.4567169594450555,0.23297899119972537,0.20428864028549198,-5.162431688602377,0.3825372144227763,0.33751902845001225,-8.106776502534286,-0.038749526818246616,0.008592632412910459,3.787978740724118,0.027710472106143212,0.026893902844238315,-0.021530292444375605
277.73999999981993,pick_play,pick,0.0,0.0,0.0,1.0101909344654374,-0.005393051883338666,2.0497830300476703,-3.005105832240289,-0.004985914289449017,0.004525079026011828,-5.4693700627958996e-05,0.00390484352663824,-0.0023687503788508753,1.144480136900129e-05,0.123131911641086,0.45438963184459036,0.23288480664227273,0.2039345290908814,-5.203788578903926,0.38265619187442235,0.3370405521640778,-8.220046742982722,-0.03876395557864862,0.008434255421161649,3.7766712428499547,0.027710155865302635,0.026121665066528355,-0.03957438931317566
277.7599999998199,pick_play,pick,0.0,0.0,0.0,1.010199138225659,-0.0013426031597437893,2.0491478348537475,-3.004967481353344,-0.004774269480366536,0.004681178092021983,0.00020896023808348446,0.003371115248772973,-0.00029569036555064627,0.00014592668519180005,0.12285488694789809,0.4530955344777283,0.23281346503076242,0.20421830680465702,-5.14226694860976,0.3827604916026032,0.3366566386470795,-8.306831946050048,-0.03877555588983021,0.00833412706851959,3.769388784145257,0.027676899608040203,0.02544038397674564,-0.05467636374196701
277.7799999998199,pick_play,pick,0.0,0.0,0.0,1.0102082567995052,0.0010580842559676047,2.0490457950184275,-3.0045469920005083,-0.004439320370042195,0.004671969283649522,0.0002929009728466367,0.0019041881927583364,-7.451476255365047e-05,0.00041094457981155,0.1227514730646004,0.45279474082903814,0.2327896293013584,0.20450542237854008,-5.089539348779588,0.38279855203564256,0.3372520294437409,-8.201096835488602,-0.03878464335405348,0.008360636234283444,3.772111197148442,0.02761775183498372,0.024855185574340855,-0.0669809481556795
277.7999999998199,pick_play,pick,0.0,0.0,0.0,1.010217488883738,0.002512844479824363,2.0478145949265993,-3.004420139255607,-0.004076775391876974,0.004765081012340498,0.00017004225780043936,0.0011846355860997814,-0.001265299574599727,7.954156141632752e-05,0.12249775481876939,0.4521035993630558,0.23277591483010582,0.20442877080535893,-5.10145963548258,0.3828026579807448,0.3372968223342896,-8.191279772132582,-0.0387946599416223,0.008287471532821652,3.767127193828994,0.02755041375127111,0.024709154194641147,-0.06874178787272067
277.81999999981986,pick_play,pick,0.0,0.0,0.0,1.0102267854467917,0.003661009631347212,2.0453568261225836,-3.004420691121576,-0.003735193654994069,0.00494608280002517,7.418852223955755e-05,0.000988445846729132,-0.0022491699000038944,-9.607020573771187e-06,0.12202065147165456,0.45052656983270745,0.2327534797942066,0.204032817150116,-5.167838456226968,0.3827856446166374,0.3364534166107178,-8.338422174742185,-0.038808817425095544,0.00803524702787399,3.74832706904727,0.027499142295805266,0.02512912852172855,-0.05759021943323788
277.83999999981984,pick_play,pick,0.0,0.0,0.0,1.0102358373102196,0.004901285503512933,2.0427115131919455,-3.0044525439567806,-0.0033951556048335946,0.005196859966197039,6.608734538703013e-05,0.0011074955023349974,-0.0022931175291631923,-2.9539709962322597e-05,0.12182757704549207,0.44967435360046426,0.23271375950538906,0.2034517910728455,-5.264032985898098,0.38277415956600835,0.3365354922065735,-8.322157431533803,-0.03883324227226586,0.007927168905735013,3.74223040033109,0.027471459136687654,0.02562217814331058,-0.04537921263193082
277.8599999998198,pick_play,pick,0.0,0.0,0.0,1.0102442436154027,0.006096167303722356,2.0403879385834367,-3.004491001123566,-0.0030195638747343304,0.005353378806316725,7.972875560357006e-05,0.0010302975817697085,-0.0019871782429901116,-3.3901304315123285e-05,0.12178784183519971,0.4495647945008445,0.23266639449593013,0.20320872333145146,-5.29872905702074,0.3827753818712488,0.33702463772392277,-8.235325012816807,-0.03885685656168932,0.008029033243656156,3.7521672242515294,0.02745438285033541,0.02574722868804935,-0.04212867421161174
277.8799999998198,pick_play,pick,0.0,0.0,0.0,1.010251106780547,0.006828117973740809,2.0395899412251612,-3.004551253360045,-0.002737051567332265,0.005379369600433596,0.00018740208725848102,0.0005820117062990102,-0.00041591390359878815,-5.6136404319551695e-05,0.1214745479303065,0.44923443683644315,0.23266958483922384,0.20360139873123173,-5.23287704879636,0.38278401060058,0.3369254853973389,-8.255291112975824,-0.038868338233461024,0.008362044394016263,3.779005688812308,0.027432853137753378,0.025582719868469272,-0.045504305943458084
277.8999999998198,pick_play,pick,0.0,0.0,0.0,1.010256930620215,0.007154570236574844,2.039581908014598,-3.004718462592478,-0.0024444315857928703,0.005434918141999627,0.00020029202659167501,0.00024621252771224174,2.0448621724798968e-05,-0.0001573449647157837,0.12120947043877721,0.44871656648744396,0.23270679697844798,0.20378146436309819,-5.209514078683984,0.38278865085633856,0.337008514667511,-8.240789120948,-0.03887679586216752,0.00825090408325195,3.7706789570319637,0.027400736092883387,0.025310326641845737,-0.05114541080272168
277.91999999981977,pick_play,pick,0.0,0.0,0.0,1.0102628088941539,0.0073148638629858265,2.0382032369068424,-3.0048923474208555,-0.00197992594763571,0.00551666284963385,5.907588025547711e-05,0.00012108118343737834,-0.0014326304496909692,-0.00010770763365492271,0.12137606678141862,0.4488568234810908,0.23271525840901333,0.20362863805389408,-5.235907991309312,0.38278297454279436,0.33757404353713993,-8.137026539775983,-0.03889646257904159,0.007745970785617826,3.732532491709187,0.027352435814372383,0.0248315821350098,-0.06132111127070997
277.93999999981975,pick_play,pick,0.0,0.0,0.0,1.0102676783685816,0.007076773309849077,2.0360650294519473,-3.0058305218363794,-0.001596228483696956,0.005523641183401529,-4.10621048953807e-05,-0.00022842024432468718,-0.0019101061085865336,-0.0009701911450630795,0.12188647014257632,0.4511655583937888,0.23273706158645782,0.2037451055297852,-5.220285924436073,0.38278199198102775,0.33835918572044377,-7.996044472740713,-0.03890791756927111,0.00847341567277908,3.791070385264256,0.027302179093034777,0.024846602505493198,-0.05969880108041319
277.95999999981973,pick_play,pick,0.0,0.0,0.0,1.0102714442245562,0.006495860924667027,2.034836339491755,-3.0079415863879344,-0.001311487564186553,0.005453827856875228,3.139533168969695e-05,-0.0004691212288346611,-0.0009113865705091265,-0.0019731796380605166,0.12217136991852492,0.4531960685997496,0.2327722257392022,0.2036104586372376,-5.251853738017489,0.3827895995757604,0.33885062601661686,-7.9096884100561144,-0.038906455969571964,0.009102505445480344,3.8405795566710905,0.0272700097807811,0.02536134821777347,-0.04671951333766613
277.9799999998197,pick_play,pick,0.0,0.0,0.0,1.010274513667154,0.00679774282987616,2.0355122468685596,-3.010890627136811,-0.0011173355376442593,0.005602550780287077,0.0002059830834056999,0.0005113595085474931,0.0008449134980796725,-0.002643407932768708,0.12173101360105394,0.4511950504183804,0.2327723267538353,0.20278994109725956,-5.396600940091823,0.38282751837610796,0.3382859614143372,-8.020363709814621,-0.03891800843248001,0.007944118976593015,3.749686933518209,0.02724256480406986,0.02525572878723148,-0.048736322010111625
277.9999999998197,pick_play,pick,0.0,0.0,0.0,1.0102755576292246,0.009469769946762149,2.0384029692531165,-3.013991779274104,-0.0009302386090253934,0.00599047061516373,0.0003159164903966375,0.0027702923657108064,0.0027595908079853754,-0.0027009251682906655,0.121340320287733,0.44870521442607514,0.23270336843720804,0.20242516067123417,-5.444801728974544,0.38297050866509896,0.33793444302177433,-8.117622416952756,-0.03897693566613807,0.007245559990406034,3.7012498083298544,0.027168162950073956,0.02390067679290775,-0.07897383936856801
278.0199999998197,pick_play,pick,0.0,0.0,0.0,1.0102747284630866,0.012715487732337357,2.041457456212538,-3.016588180226923,-0.0006456634562592761,0.0059679148703438,0.0002172623449473277,0.0028469741830610025,0.0025537556803715603,-0.0021845555490641586,0.12162383225123066,0.44923170342030905,0.23263486200279906,0.20293215777969364,-5.341435546502058,0.3831611251661004,0.3388588216552735,-7.989237834120918,-0.039040406498060495,0.00785630643367767,3.75518161692245,0.027023791256582608,0.022124339169311558,-0.11735670727054023
278.03999999981966,pick_play,pick,0.0,0.0,0.0,1.0102747055199282,0.013859034672204317,2.0424657776512176,-3.0185980577994074,-0.00032185551502123254,0.005576015436282623,6.632305190665476e-05,0.0006982254193974963,0.0005824582392099454,-0.0016909197695352176,0.12212987241663126,0.4512383260095776,0.23262210826385277,0.20352522399520878,-5.2367684307163165,0.3832661080821174,0.3398034062633515,-7.830781336514195,-0.03905879404596855,0.008182157576084134,3.7800663820910176,0.026881949508187286,0.02256744009857181,-0.10315535226036247
278.05999999981964,pick_play,pick,0.0,0.0,0.0,1.0102757261646844,0.013574637497437335,2.0424980587165598,-3.0206030445808865,-0.00011413364468926658,0.005331001036449594,4.7119570435828667e-05,-0.00028277956124324587,-1.2225198510549621e-05,-0.0017859106787118204,0.12242070661306005,0.45254519345756683,0.23264204231540728,0.20372358825302128,-5.206877774539692,0.383305760115907,0.3400993433246613,-7.78003771021245,-0.03906543891136985,0.008002680540084836,3.765786720929847,0.026808303115711994,0.024308730191040073,-0.060287776371461294
278.0799999998196,pick_play,pick,0.0,0.0,0.0,1.0102764061738279,0.013353508065656413,2.042723131564447,-3.0230556973152964,9.305878652108702e-06,0.0052897838715598375,5.772493987770827e-05,-7.136063799114515e-05,0.00024421163275923215,-0.002185628836213152,0.12230320090856686,0.45175655455995056,0.2326556468706704,0.2034183528671265,-5.263658021534165,0.3833476679201205,0.3398024525890351,-7.841390060935037,-0.03909474861376223,0.007451888918876645,3.7255247176436277,0.02676333224376637,0.024472762173461948,-0.05579720043505723
278.0999999998196,pick_play,pick,0.0,0.0,0.0,1.0102771110189723,0.013276110058900007,2.0433965219796906,-3.025860629000002,0.0001296681229196411,0.005304357582843632,0.00011325981729611264,2.8904433717163976e-05,0.00063726626974917,-0.002479356110957674,0.12216950781806646,0.45107460442139374,0.23265178110477133,0.20319179561233525,-5.302410073087531,0.38338675123283994,0.3395078268299103,-7.901114343403251,-0.03914384682068403,0.007240605354309079,3.713522698381225,0.02671546250949578,0.02429323298339847,-0.058916330193997335
278.1199999998196,pick_play,pick,0.0,0.0,0.0,1.0102782358642106,0.012805545399376743,2.043677517006571,-3.029031028229677,0.00031361436811885065,0.005174947468037386,8.548507265517257e-05,-0.0003793583883406321,0.00014289468726056532,-0.0028096131793483884,0.12226308895898531,0.45193434742976046,0.2326371201366558,0.20320967700576786,-5.295755082151985,0.38340256148812435,0.3396485831985474,-7.8767935674228475,-0.03918016673224438,0.007675346732139585,3.750375211764487,0.02668548397057811,0.024784732884216343,-0.046587433043940495
278.13999999981957,pick_play,pick,0.0,0.0,0.0,1.01027854893519,0.011853692554329666,2.0441288748617468,-3.03336550980045,0.0004272902780614114,0.005032748294875405,7.456805977395133e-05,-0.0007354437873960317,0.00045335823143443304,-0.0039586827310070195,0.12256238460870351,0.4537591123160738,0.2326408756316693,0.2032488372573853,-5.290972453851294,0.3834206165957397,0.34029758837318425,-7.763633399367896,-0.03919211002404258,0.008191947638988492,3.7912953888490244,0.026647334554552708,0.024359394139099155,-0.055856054778793705
278.15999999981955,pick_play,pick,0.0,0.0,0.0,1.010277741087986,0.011098657643766857,2.0458913380502857,-3.0384528501338983,0.00046991975150145304,0.004851812296645154,0.0001656477254034477,-0.0004412505097893167,0.0017193717973381505,-0.004500605424015926,0.1228300956383794,0.4552481476651762,0.23265228825593268,0.20330730941390995,-5.283057734547031,0.3834658508964549,0.3408395734081269,-7.676423683920577,-0.03919558158410221,0.008449432253837583,3.8117648932298214,0.02657185109853219,0.023349572247314487,-0.07786083247114799
278.17999999981953,pick_play,pick,0.0,0.0,0.0,1.0102766444666433,0.010429638648225563,2.048373153599125,-3.043634502272883,0.0005603395741334097,0.004577385746358588,0.00021690780378323888,-0.0004337765518523044,0.002204690786085907,-0.00451810214204508,0.12277386954424499,0.45535310019064257,0.23265741290181924,0.20343152549362187,-5.2610288229893865,0.3835097260917368,0.340970495010376,-7.660359585731234,-0.039197451551686815,0.008237694203853604,3.7949133391674406,0.026515330015432333,0.02412383658294681,-0.05799324575178149
278.1999999998195,pick_play,pick,0.0,0.0,0.0,1.010275797010068,0.009919296973092278,2.051201563368157,-3.0488140043903713,0.0006809741085182911,0.0043421124549477596,0.0002716742514286383,-0.00025366173903025103,0.0025115183870400718,-0.00451402746392812,0.12245674378569155,0.454142042013857,0.23264313239705955,0.20309464004135136,-5.31754235070205,0.38354197948009955,0.3404873397598267,-7.752225699822252,-0.03920608829127884,0.007644926011562345,3.748597068347914,0.02647120089117492,0.02420168024902347,-0.055273803295196655
278.2199999998195,pick_play,pick,0.0,0.0,0.0,1.0102760045515335,0.009943983803704272,2.0550159456462653,-3.054118068099608,0.0008039962857809166,0.004262853912707466,0.0004477111572835693,0.000270794783583217,0.003482002290332992,-0.004635809261163213,0.12224120171612157,0.4527887567583715,0.23257622944253978,0.20244363811111454,-5.418759322384843,0.38356801466147655,0.3398788657436371,-7.865988047674533,-0.03924263816617211,0.0070608079433441134,3.7064212576969546,0.026350386480745173,0.021853853291320835,-0.10799507319039015
278.2399999998195,pick_play,pick,0.0,0.0,0.0,1.010275978823162,0.010089773711780936,2.059134729478691,-3.0592592421006333,0.0009651968064988257,0.004109617420472757,0.0004351096792481537,0.0002654001127964182,0.0035606578460150016,-0.004461915205181456,0.12237285212758048,0.4530582553951147,0.23250509480388587,0.20288179185485844,-5.326809123123363,0.38360425497058354,0.3405242052326203,-7.757242233441714,-0.039283707896424144,0.007318851351737973,3.730455379327645,0.026198194520077173,0.02143817049865726,-0.11379999511089937
278.25999999981946,pick_play,pick,0.0,0.0,0.0,1.0102737574088334,0.009638055361128516,2.061792430013574,-3.063787320339791,0.0011542930272107372,0.003734067227683956,0.00015456762632771754,-0.00033878753583227005,0.0021094899259531262,-0.0038446856988038273,0.12276191920585768,0.45469993354530724,0.2324946191151415,0.20382759835815434,-5.159686664565709,0.38365598970352993,0.3416150000343323,-7.571583189800839,-0.03930014216069558,0.00766458064317703,3.757950446376466,0.026083974159639665,0.022523451870727573,-0.08532945921764375
278.27999999981944,pick_play,pick,0.0,0.0,0.0,1.0102716189992826,0.007985157745891053,2.0627440818906986,-3.068328458192405,0.0013433613405126675,0.003317613523855792,2.1779912640203017e-05,-0.0014393276275447451,0.0006765177437699776,-0.004014015408246775,0.12305069496368096,0.4558003730384963,0.23251380570227648,0.2040548708686829,-5.124105732529915,0.38365977545392843,0.3409479942569733,-7.68804903962982,-0.039312606601890156,0.007211108505725858,3.722589223061902,0.025923601860178707,0.020737100666809116,-0.12400813740713071
278.2999999998194,pick_play,pick,0.0,0.0,0.0,1.0102696698897853,0.005907372200201263,2.0633355459629907,-3.073662715181628,0.0014433621624026448,0.0030732751481085453,1.5182338400028456e-05,-0.0016528506976151637,0.0005175321225887528,-0.004747342865980642,0.12323768888747977,0.4564274048193917,0.23252678893078613,0.2038158562431336,-5.168886559973663,0.3836432259044731,0.34070760872459416,-7.727073255550888,-0.039326415639985755,0.00727945268154144,3.729235180374175,0.025637942530782578,0.019923735684204136,-0.13256885498675033
278.3199999998194,pick_play,pick,0.0,0.0,0.0,1.010266320851066,0.004265906173297004,2.063461914795347,-3.079705394217906,0.001551233508970503,0.002937473772129477,-0.00011891383619499709,-0.0011736391726179587,4.437462656144554e-05,-0.005329645029735604,0.12320936656421315,0.45679286979503864,0.23251489967741948,0.20342800881958012,-5.234582228839488,0.38366254444387676,0.34198553230857853,-7.503545818116627,-0.03933304207935445,0.0079117015004158,3.7799105048123476,0.025562648358379136,0.024013448780822788,-0.037130568242168795
278.3399999998194,pick_play,pick,0.0,0.0,0.0,1.0102619063285887,0.0032929641887861575,2.0630754516242615,-3.0854271131295756,0.0017216543181876696,0.0027337047698280676,-0.00021062139021914625,-0.0005859208408396125,-0.00040168458393259235,-0.004930036096733335,0.12299329125892415,0.4564854826570808,0.23246645872679003,0.20300743844604496,-5.298634162749408,0.3837136526611688,0.34221796062088017,-7.473112983061922,-0.03933653087654739,0.00770948529243469,3.763860266047933,0.02564958575547773,0.026996065205383335,0.030221393188098505
278.35999999981937,pick_play,pick,0.0,0.0,0.0,1.010258162339876,0.002887365282252603,2.0625147216050457,-3.091054390881129,0.001926618729641797,0.002542634905900959,-0.0001643958581515106,-0.00011751659796485818,-0.0004905771968185885,-0.00491527871548571,0.12280082187262008,0.45582858292852824,0.23235086022509147,0.20277521875000004,-5.314335298992861,0.3837657544263346,0.34177962806320195,-7.5613200890309615,-0.039359522706436,0.007330004870891568,3.7365693718649045,0.02577416363362246,0.02712969881896976,0.029647702301321622
278.37999999981935,pick_play,pick,0.0,0.0,0.0,1.010252996812254,0.003054600853924266,2.0617409178561203,-3.0965430634827187,0.002107439912199308,0.0024449455225781587,-0.00028267816649119477,0.00039648046939228215,-0.0007281820576302733,-0.004749088043576836,0.1228017056315144,0.4559069207572727,0.23222847597485569,0.2027162101516724,-5.302776480860604,0.38385892275612477,0.3422539618263245,-7.496049764397913,-0.03937539978391447,0.0075986802577972384,3.7587632664122426,0.025911155046738844,0.02757494551544193,0.03692064804361368
278.39999999981933,pick_play,pick,0.0,0.0,0.0,1.010243265886481,0.004054123906549627,2.061674858974105,-3.101578344010738,0.0021677235296373664,0.0024145057996268725,-0.0004374582240845351,0.0011508666333251386,5.100199879114191e-05,-0.004338809600815665,0.12285477273543646,0.45605429379073775,0.23218484563062505,0.20270101096725468,-5.304271002878668,0.3840460872081884,0.34220326807594303,-7.546127100986187,-0.03938684161777961,0.007705961167812345,3.768044056641982,0.026024485647327227,0.02695386511688236,0.019514659148069245
278.4199999998193,pick_play,pick,0.0,0.0,0.0,1.0102322372231907,0.00529482510026274,2.064466038368818,-3.106192706153382,0.002151672530360525,0.002306369855425363,-0.00014163199406605267,0.0012146648329954856,0.0028591705151791717,-0.003993843381003313,0.12282775493451728,0.45570565881439085,0.2321893120715469,0.2027596023330689,-5.298149702395518,0.38425081316985615,0.34143079187965397,-7.723342825517268,-0.039398541491543954,0.007386986911296842,3.743493553146793,0.026052981320956764,0.024823237484741245,-0.03137150509240027
278.4399999998193,pick_play,pick,0.0,0.0,0.0,1.0102212222484588,0.006378830202238082,2.069029319171649,-3.110917984963396,0.0022308203934586117,0.002201123021789126,-5.89938439503645e-06,0.0010908556206443401,0.004095726323157068,-0.004140662082313979,0.12304050307505475,0.4567491461935438,0.23219254787087662,0.20296672847366337,-5.260924439488472,0.3844607800922415,0.3424361136207581,-7.580763423827706,-0.039405144426355156,0.00788382142782211,3.7834482528356728,0.026045987592785286,0.02443819147949222,-0.039883470113152915
278.4599999998193,pick_play,pick,0.0,0.0,0.0,1.010209644926566,0.00683131648601787,2.0729312154015123,-3.1156637189764997,0.002326230108034944,0.0019295780121495348,-0.00012875803122055514,0.00044580543699559083,0.0032366238961114534,-0.004137313604186376,0.123500844909976,0.4593065726062847,0.2322132595779225,0.20332483317947392,-5.201485617069576,0.38466813105749004,0.344006338382721,-7.335178191754528,-0.039399111258120435,0.008488816022872922,3.8306358161166543,0.0260589107763124,0.02521758181457523,-0.021594029114728432
278.47999999981926,pick_play,pick,0.0,0.0,0.0,1.0102010130186663,0.005792986016108482,2.0748866087130615,-3.120514287486804,0.002502016229398669,0.0014851252638515275,-0.00014752952981826308,-0.0009930926065872757,0.0014095851760569354,-0.004251115571451772,0.1239477973275348,0.4615373182467434,0.23224039316996517,0.20365289714431767,-5.147735521387522,0.38476079204240116,0.3441765990505219,-7.311068345907912,-0.03939997971625907,0.008164879679679868,3.805287192350982,0.026049676976965686,0.0242592583358765,-0.04432437063981168
278.49999999981924,pick_play,pick,0.0,0.0,0.0,1.0101944561623173,0.004075597640557682,2.0755027610800307,-3.1260760910034153,0.002618445539289691,0.0012904198971238434,-0.0001751814143070835,-0.0013509726653441806,0.00043458186673014666,-0.004944010442900638,0.12418200731488467,0.4620464056340141,0.23224255783632644,0.20356796052551274,-5.161450400814083,0.38479303275998344,0.3435856189975739,-7.419540673038689,-0.0394102349397918,0.007260982692241666,3.7343125138870796,0.026015031964955908,0.02378814322357181,-0.05442152931063266
278.5199999998192,pick_play,pick,0.0,0.0,0.0,1.0101891524411966,0.0033000996713642085,2.075989251227195,-3.1320206754374396,0.0026492131418918955,0.0014313861514896058,-0.00010546183683222206,-0.0003157957840834282,0.00045844277181909137,-0.005205677356596591,0.12409557458440713,0.4605809960274343,0.232167515939665,0.2030836131820679,-5.228973745394916,0.3848300599422409,0.3428246464977265,-7.56387807368448,-0.03946016625271338,0.006623309850692746,3.68962416097617,0.02601836879882115,0.025022793835449253,-0.025178836949925783
278.5399999998192,pick_play,pick,0.0,0.0,0.0,1.0101818601894479,0.0030269609893244557,2.0782626763368586,-3.13739128371129,0.002544608853096774,0.001361211970475174,-3.359101291374956e-05,-4.770097428049818e-05,0.002270617684642252,-0.004590251651935928,0.12422836554555393,0.46066999971406986,0.23213832805761958,0.20318160321807865,-5.210514700867277,0.38491821870780657,0.3431826021919251,-7.519427450548913,-0.0395017731786958,0.007491116225719449,3.76163532352794,0.02604129457417532,0.025227356976318394,-0.021168864210921127
278.5599999998192,pick_play,pick,0.0,0.0,0.0,1.0101721870155655,0.002831216951893436,2.0829590284208788,-3.1424993693204053,0.002406704757443172,0.0011768464101334542,8.951727853341723e-05,-2.6393247992821417e-06,0.00435392615097498,-0.004457457942292019,0.1246177258551983,0.46265097170290514,0.2321631076439002,0.20362369086837773,-5.139218425265414,0.38505930439801445,0.3439917650470734,-7.403274910767108,-0.03950844556985826,0.00838753283023834,3.831913911381579,0.026029592779861884,0.02417223555450443,-0.04588255275360799
278.57999999981917,pick_play,pick,0.0,0.0,0.0,1.0101659128508391,0.0017202694808760178,2.0878654197763664,-3.1472368257084424,0.002446734833237627,0.0009258465254677041,0.00028529084319975356,-0.0009725853666583113,0.004177757495214907,-0.004102904222829271,0.12492114809562352,0.46414221757892804,0.23217263056225607,0.2038017895469666,-5.107197770592979,0.38510462585273997,0.34371573593711857,-7.452797097891661,-0.03951201916738442,0.007747371494770047,3.780961229959863,0.025963025538952984,0.022871781414794956,-0.07483285658753391
278.59999999981915,pick_play,pick,0.0,0.0,0.0,1.0101612256232968,-0.0001946204425936827,2.0916437136220343,-3.151932783512096,0.0024695729769985196,0.0007481879341300539,0.000221122811021029,-0.0015889662477151893,0.003154083184758515,-0.004085805536670665,0.12519457090762046,0.46526500897399614,0.2321778833869991,0.20384446647262577,-5.100431174322417,0.38510396818510134,0.3442504194030762,-7.353513079946502,-0.03951975582207356,0.007440727949142453,3.7572854079923506,0.02588550442598109,0.022840667790222202,-0.07349733815610728
278.61999999981913,pick_play,pick,0.0,0.0,0.0,1.0101535994471182,-0.001280930204955714,2.094337005757243,-3.1567327976444144,0.0024203470901523446,0.0007171302807544607,-6.243525731795298e-05,-0.0006535968370627816,0.0022500758657145277,-0.004201651380095307,0.12541947258878572,0.46633336440307466,0.23218260717295336,0.2038112070808411,-5.107225112234021,0.385186465244929,0.3456696954021454,-7.119585344636832,-0.03952398365683414,0.008005280792713163,3.8025439900481373,0.025874898420715404,0.0247247706115723,-0.028681977641239812
278.6399999998191,pick_play,pick,0.0,0.0,0.0,1.0101461099710907,-0.002252358019712004,2.095268011340855,-3.1614185866103757,0.002420715655247739,0.000612549542752306,-0.00020966498619228515,-0.0007325459522060548,0.0005900852146659523,-0.004078028950864415,0.1253931264330102,0.4661411561756796,0.2321630591788218,0.20377711322402958,-5.1077959909379596,0.38525463317476105,0.34515185024833683,-7.223141560492397,-0.03953022515165638,0.00753257870674133,3.765390405661986,0.025947336976109504,0.026620675152587925,0.014094191633203888
278.6599999998191,pick_play,pick,0.0,0.0,0.0,1.010140565778273,-0.0035460919963341956,2.0953038315646735,-3.1657675434324615,0.0024403801927478284,0.0005157734355629228,-0.00017354883466436138,-0.001031527142296099,-1.2286904073203862e-05,-0.003732709121571889,0.1253243680273366,0.4653502923280986,0.23211451846613318,0.20372412469482426,-5.106406692194457,0.38527366137461316,0.34411082532501225,-7.4103998499317845,-0.03954404730740119,0.00693283677101135,3.7189499431694357,0.02604354285010463,0.02683966261749271,0.016617795421473278
278.6799999998191,pick_play,pick,0.0,0.0,0.0,1.0101341298797613,-0.004720960615977384,2.0957982339994907,-3.170443484474632,0.0023207438652748462,0.0005149477992901243,-0.00018943196929737354,-0.0008441666371441027,0.0005112259238689143,-0.00411579514467268,0.12568089447547373,0.4664700505267439,0.23209054096909487,0.20365510251617436,-5.116790134118086,0.38531908879789434,0.3450955536613465,-7.243969732765429,-0.039554262844834216,0.007752892374992368,3.7851012979227736,0.02607304535038549,0.024885822361755405,-0.0303830062932399
278.69999999981906,pick_play,pick,0.0,0.0,0.0,1.010124949762348,-0.00503382576008213,2.0978365522178226,-3.174862286168792,0.002123042400857035,0.0004681093642712779,-0.0001707807452777619,-3.125054335805015e-05,0.002017534535452606,-0.00381345791757656,0.1260501009103091,0.4678144534196007,0.2320942625051021,0.20357862975692753,-5.13332821451002,0.38545093657201035,0.3459478404769898,-7.121034115580146,-0.03955887172421775,0.008029890060424802,3.8073284921308774,0.026036724026794765,0.02355270487670902,-0.0606578145057662
278.71999999981904,pick_play,pick,0.0,0.0,0.0,1.0101177191071244,-0.005254629791509556,2.0993915838684174,-3.1785636444282335,0.0020527040000791717,0.00036693437597336623,-0.0001309719241272546,-0.00010952656264951947,0.0011486511479291614,-0.0031316000185480915,0.12600873007556326,0.46743340648605464,0.23206773258205526,0.20367983844375614,-5.107554824916345,0.385537191612766,0.3455767419586182,-7.198984233340012,-0.03956861470227366,0.007214677333831784,3.7432426408473995,0.026015303947911406,0.024367381161499058,-0.04058579572926134
278.739999999819,pick_play,pick,0.0,0.0,0.0,1.0101117824035482,-0.006001495204140126,2.099865073498579,-3.182108389063085,0.0019728584248887683,0.00026197449103166286,-0.00018376279316734996,-0.0005922134697715968,0.0003354528735967594,-0.0031045396576881937,0.12602069482726616,0.4673463322419976,0.23203861079192956,0.20397237804031376,-5.049765040907231,0.38558585493294256,0.34540511038398747,-7.23603247175147,-0.039579269204113254,0.007251289486885068,3.747026694869461,0.02601208763912204,0.024678278988647495,-0.03329021138951722
278.759999999819,pick_play,pick,0.0,0.0,0.0,1.0101057166602683,-0.007264731773296851,2.100388726745696,-3.1857685458405216,0.001861865684424227,9.683028007622113e-05,-0.0001787130463382995,-0.0010521141614908852,0.0004989039181270052,-0.0032038561117387694,0.12605469611956102,0.46752380411933947,0.23203720914373305,0.20422426726913456,-5.006375809681488,0.3856234950709952,0.3453340914497376,-7.254909813015273,-0.03958477417459151,0.007688377797603604,3.782121253257121,0.025996249540768228,0.02421646220092777,-0.043895595912673085
278.779999999819,pick_play,pick,0.0,0.0,0.0,1.0100997959694644,-0.008947643264208494,2.101230671914996,-3.189526172982675,0.0017640344811455661,-9.560194740586972e-05,-0.00014172559756061513,-0.0013886730260556281,0.0007712251565701405,-0.003289580473910678,0.12598268488133746,0.46757928652784364,0.2320531984658421,0.20430157449340824,-4.9965510328538,0.3856455972496035,0.3452406015644074,-7.274526729887364,-0.039588497395909986,0.007691819965839383,3.7826246509373997,0.02597355030372885,0.02411739928131107,-0.045622157537002064
278.79999999981897,pick_play,pick,0.0,0.0,0.0,1.0100941944455435,-0.010151894424240018,2.1017703882342507,-3.193312603446683,0.001687962707939077,-0.00010623026821935244,-0.00017041494626182023,-0.0008391792335219047,0.0004071654590281609,-0.003300326765750669,0.1258638921006858,0.4669469459436515,0.23204298056118067,0.2040749576339722,-5.0332744927880935,0.38567341708989517,0.34510357048606877,-7.304689116410055,-0.039599284857457,0.007168528437614438,3.7420635894090695,0.025959972116847974,0.024364996975708042,-0.039456051787107524
278.81999999981895,pick_play,pick,0.0,0.0,0.0,1.0100887365347064,-0.010785476339699002,2.1018810271586577,-3.196950172535299,0.001604306204567944,-8.704311188871868e-05,-0.00020602790815025688,-0.00038782355927591305,6.277422777997837e-05,-0.003148518012714082,0.12586670234861713,0.46639884519457786,0.23200653918607053,0.2038848784217835,-5.0590236855621225,0.38571608206194197,0.34512467053031926,-7.309711325347463,-0.03961417582552631,0.006999351829290387,3.7299175165338374,0.02595455453022107,0.024510432308959995,-0.035944721796769524
278.83999999981893,pick_play,pick,0.0,0.0,0.0,1.010083048654323,-0.011323272085372019,2.1019488862005944,-3.200320406045565,0.0015023241804448062,-0.00013517200921022834,-0.00022454749500253797,-0.0003619856541444371,6.247144434734685e-05,-0.002905322988969087,0.1259784232460637,0.46677431993536966,0.23197903024522423,0.20391158130264286,-5.05015340417783,0.38576920062780784,0.34531260397529606,-7.286220039494007,-0.03962498002450468,0.007399690151214597,3.762541424828887,0.025951238798218767,0.024532247608947788,-0.03536736092980693
278.8599999998189,pick_play,pick,0.0,0.0,0.0,1.0100770421860406,-0.011783841357384939,2.1022443332401477,-3.2035192531105925,0.0013845798928823383,-0.00017951859383869494,-0.0002179528206477379,-0.00028690332667473563,0.0002967997165217781,-0.0027770623416385827,0.12605035454415206,0.46709178468561363,0.23196107008152136,0.20387116935348515,-5.054866263462316,0.38583481876672227,0.34545380737876896,-7.273596229362377,-0.03963307266994711,0.00748641490936279,3.7699943287293256,0.025952684013497297,0.024664212292480503,-0.03228042474668209
278.8799999998189,pick_play,pick,0.0,0.0,0.0,1.010070876012804,-0.012104263357473125,2.10296583103839,-3.2066444493787025,0.0012628291017661236,-0.00022278725730223844,-0.00018482993746570762,-0.0001624796230965409,0.0006821827182614394,-0.0027193699858196986,0.12609909866400795,0.4673393513237277,0.23194873139642108,0.203860857749939,-5.054916405946252,0.38590966535204657,0.34557712938880925,-7.265554681622845,-0.03964042213450205,0.007496011257171628,3.7713165057529627,0.025961330809659986,0.024839926785278355,-0.028353762312884164
278.8999999998189,pick_play,pick,0.0,0.0,0.0,1.0100646979581407,-0.012295960467568633,2.104140739664785,-3.209694554112897,0.00114448944598703,-0.00026860799720143,-0.00014398731814081032,-5.685851012430547e-05,0.0010737408493104548,-0.002649533939769983,0.12613089421620297,0.4675297426576936,0.23194125686586922,0.20387242105102543,-5.051856588654849,0.3859895835595201,0.34570304420089726,-7.257689963740691,-0.03964766666629058,0.007487890124320981,3.7712435673499325,0.02597875489209652,0.02505581480865482,-0.023693938413676525
278.91999999981886,pick_play,pick,0.0,0.0,0.0,1.0100586337281703,-0.012430962623703308,2.1057118074392815,-3.2126342669412202,0.0010348661936756512,-0.0003181777762976178,-0.00010256227983635476,-1.9538308319196456e-05,0.0014139504492152398,-0.0025501847438927296,0.12614754057492833,0.467670281492358,0.23193929539980498,0.20389369990921025,-5.048100540777825,0.3860699930152503,0.34583143260574345,-7.24907947870982,-0.03965491121144084,0.007478807866573331,3.771096167112608,0.02600659694600715,0.025319148129272495,-0.018164429464843774
278.93999999981884,pick_play,pick,0.0,0.0,0.0,1.0100527312510925,-0.01253220727150431,2.1075032134816167,-3.215474211605217,0.0009416092848361835,-0.0003651926700948156,-7.899033652757e-05,6.245918502754437e-06,0.0015769003999015322,-0.002466884918817667,0.126149016584259,0.4677630176292715,0.23194000286400823,0.2039163496742249,-5.044339887342073,0.38614936449296794,0.34595809247589115,-7.240480452605354,-0.03966213618976561,0.007473972439765927,3.7712863011284137,0.026046761132847897,0.025637556141662632,-0.011631516607170172
278.9599999998188,pick_play,pick,0.0,0.0,0.0,1.0100468858680896,-0.012599694621518135,2.1092884113174284,-3.2182265208761502,0.0008641769735767119,-0.0004071737953191849,-8.290186929780453e-05,3.32374056717338e-05,0.0015520606803903852,-0.0023897245004211136,0.12613916052799568,0.46782634865423117,0.23194247987828537,0.2039325621376038,-5.041993044440826,0.38622931104481545,0.34608114626502995,-7.232765111327253,-0.03966929563557119,0.00747316777706146,3.771790808187882,0.026101424447617084,0.026019264286804233,-0.0039530538702035375
278.9799999998188,pick_play,pick,0.0,0.0,0.0,1.010040965047214,-0.01262929353527029,2.110994426897429,-3.22087317204707,0.0007961942419220994,-0.0004459868585938053,-9.822328694392295e-05,6.345197048705798e-05,0.0014790970614686934,-0.002295380534518477,0.12611651940023713,0.467854943858226,0.23194829530884403,0.20393536355590824,-5.042790056244662,0.3863118248717934,0.34619227912521366,-7.227811782042929,-0.03967635387382314,0.007474799454212186,3.772480309068277,0.02617312431185236,0.026475359028625522,0.005072088995251339
278.9999999998188,pick_play,pick,0.0,0.0,0.0,1.0100347703635715,-0.012532431462770367,2.1126309048230727,-3.2233984662772284,0.0007337441513677431,-0.00047600754334034784,-0.00012235515656322854,0.00018329302143067379,0.0014221541509099177,-0.0021889709293454757,0.12608043281765063,0.46784876911115103,0.231957417778398,0.20392993953323368,-5.045654381210644,0.3864027033166983,0.3462990608463288,-7.2256068321868465,-0.03968335040113005,0.007478353381156919,3.7733208975783286,0.026264695882100897,0.027013946598815952,0.015566048582549558
279.01999999981876,pick_play,pick,0.0,0.0,0.0,1.0100282401920466,-0.01232024287477109,2.1142328259322465,-3.2258269396902968,0.0006791637201932451,-0.000518482948742235,-0.00014400497622615632,0.0002757702588286955,0.001396250021104922,-0.0021087987728898327,0.12603074991039248,0.4678087686355202,0.23197013984433468,0.203921892906189,-5.049669232905111,0.386502364101307,0.346407004858017,-7.224767775936514,-0.039690071021162815,0.007480178773403165,3.773988099715452,0.02637911145200877,0.02764217955474857,0.02762917636249783
279.03999999981875,pick_play,pick,0.0,0.0,0.0,1.0100213302628671,-0.011994153339697809,2.115828510572864,-3.2281794493619924,0.0006342477494869754,-0.0005728971809453451,-0.00016542757792474468,0.00037428526856236747,0.0013935337860208137,-0.0020443873355011676,0.12596786514799133,0.467736712803081,0.2319867343062796,0.20391372706985478,-5.054421295623786,0.3866112432226475,0.34652335312461857,-7.224122173921649,-0.03969649517630293,0.007484179735183713,3.7748057363031364,0.026519429322438486,0.028362799710083042,0.041250865356190464
279.05999999981873,pick_play,pick,0.0,0.0,0.0,1.0100139516570457,-0.011537243814543543,2.117439271151569,-3.2304668619972188,0.0006001730954542716,-0.0006391735311214024,-0.00018900911297318047,0.0004885652143514125,0.0014088596924700031,-0.001988726715965684,0.12589281741530092,0.4676373535525542,0.2320075879402237,0.20390669372177128,-5.059765719755151,0.3867310193322366,0.3466478076229096,-7.224107645398289,-0.039702615525213765,0.007490207254886624,3.7757607076463207,0.026688812527147842,0.02918176752929691,0.056497339537946646
279.0799999998187,pick_play,pick,0.0,0.0,0.0,1.0100059261462506,-0.010902975713466776,2.119283001579123,-3.2326317921223064,0.0005667488953028752,-0.0007206377233756358,-0.00019621320662104152,0.0006465843535856933,0.0016504229106283767,-0.0018720331493466836,0.1258063577591607,0.4675146991597065,0.23203754305235222,0.2039015677223206,-5.066822111289624,0.38686553699766296,0.3467815306434632,-7.225390124663147,-0.03970808836229721,0.007497948408126828,3.7767781321444533,0.027014903158795178,0.030102301663208042,0.06532726148977636
279.0999999998187,pick_play,pick,0.0,0.0,0.0,1.009997026287288,-0.00994789139800506,2.121716611217804,-3.234531237299159,0.0005408398644440126,-0.000801526625635029,-0.00017903671800137882,0.0009417629676154325,0.002207658562920565,-0.0016197209120237938,0.12571426988661213,0.46741741183689944,0.23207922210397824,0.20390115048980717,-5.0752936848121655,0.3870228730616839,0.3469461288700104,-7.2259100009197645,-0.03971314283578812,0.007502180337905881,3.777499470427293,0.027626116756593228,0.031079221791076694,0.06418761747047716
279.1199999998187,pick_play,pick,0.0,0.0,0.0,1.0099864894416695,-0.008690992778554773,2.125071131346043,-3.2359784928276825,0.000515060040968045,-0.0008912500243687057,-0.00017310269292857404,0.0011782962648892253,0.0030454779871166696,-0.001200371667972177,0.12563487305943227,0.46742124241436056,0.23216033538265476,0.20389799144363407,-5.093837564069887,0.3872125481098495,0.34716016914939885,-7.224066633935346,-0.039718408179786356,0.007480454444885251,3.7761966869051986,0.028479307468338908,0.03210668665771488,0.06059798115458764
279.13999999981866,pick_play,pick,0.0,0.0,0.0,1.0099738375940028,-0.00718621776071757,2.1294520375721357,-3.2368568147672274,0.00048292885584398285,-0.0009908934930442652,-0.00017943501657339693,0.001366946293130907,0.00394550847983815,-0.0006913883988754981,0.12556608439561445,0.4674902959360473,0.23229587987346836,0.20394037034606938,-5.114952517009856,0.38743935009106734,0.34743387367820744,-7.218491107905195,-0.039723927836870614,0.0074578195810317965,3.774839240803185,0.029516694714565906,0.03329699141387943,0.05824551027956389
279.15999999981864,pick_play,pick,0.0,0.0,0.0,1.0099590536038727,-0.005570242173362712,2.134726885602938,-3.2371944245535995,0.00043912187117021626,-0.0011120145802410645,-0.00020028275938051426,0.0014263625799872883,0.004704636176601665,-0.00022491528062420428,0.12550728441387834,0.46760734665393644,0.23249107745389655,0.20404187705612187,-5.136544791109204,0.38769884953881867,0.34775260951614384,-7.210336092086448,-0.0397293255759532,0.007440266013145444,3.7738552882487286,0.030726010211008778,0.034674335545349155,0.05654598839018725
279.1799999998186,pick_play,pick,0.0,0.0,0.0,1.009942271271563,-0.0038880720680726155,2.1406075711787222,-3.2373294214708253,0.0003836380518711595,-0.001194782496322918,-0.0002459501503316732,0.001479662630268717,0.005192658043110686,-8.48352917488593e-05,0.12545721807541557,0.4677565731704155,0.23273998148821728,0.20419613387680058,-5.157736857990759,0.3879878304692259,0.34809262421226506,-7.203431666884642,-0.0397346537118456,0.00742719769477844,3.773234554268454,0.032104110204111726,0.036216903752136265,0.05487030054430565
279.1999999998186,pick_play,pick,0.0,0.0,0.0,1.009923523933124,-0.0021324303331621314,2.1468529033418315,-3.237410312174187,0.0003382832771338383,-0.0012506660225670278,-0.0003118386173022242,0.0015430098798640158,0.005495916005331136,-6.400071181011057e-05,0.12541271292442382,0.46791812290087104,0.23303699025135194,0.20438651111221318,-5.180649995857422,0.3883061994977071,0.34844846394157414,-7.198975341954266,-0.03974008877017611,0.007412914931774137,3.772528227479944,0.033646773327941165,0.03791778189544681,0.0531922440926737
279.2199999998186,pick_play,pick,0.0,0.0,0.0,1.0099027268035579,-0.0003067754648015693,2.153342786441082,-3.2374708247592743,0.0003052750681166844,-0.001303168811396052,-0.00039274801114403676,0.0016037885372311277,0.0057019650078598385,-5.2137272345764165e-05,0.12537111513621949,0.46808514215200614,0.23338101688206575,0.2046049025306702,-5.206946346268111,0.38865495392858795,0.3488244500408173,-7.196432185741405,-0.03974562877741025,0.0073971793055534335,3.7717167439278385,0.03535302593393244,0.039784599369812046,0.05158516736441801
279.23999999981856,pick_play,pick,0.0,0.0,0.0,1.0098796471011586,0.0015866041928863355,2.160023556747366,-3.2375245552924232,0.0002876719978454345,-0.001356406291292165,-0.0004930642574904841,0.0016612517506466216,0.0058650727688396576,-4.689076382348056e-05,0.125331806986647,0.4682619547950536,0.23377489228130863,0.20484683778381352,-5.238376663181748,0.38903707414033983,0.34922785427665715,-7.195257311229826,-0.039751224051583385,0.007381026446819303,3.7708733678047275,0.037227379581323106,0.04182725054626468,0.049996071441662834
279.25999999981855,pick_play,pick,0.0,0.0,0.0,1.0098541028241088,0.0035525325352949674,2.1668524566305747,-3.237573858576224,0.0002844612395642435,-0.0014157346734474023,-0.000603945612303819,0.0017247587358072167,0.005990872774495601,-4.34689569178087e-05,0.1252966818828592,0.46846071059774225,0.23421990163328144,0.20511070754623417,-5.2749921571346015,0.38945517682556924,0.3496668126831055,-7.194291606756849,-0.039756861485463875,0.007363219559192655,3.7699008343533578,0.03927633674018402,0.044050980633544956,0.048342910793823565
279.27999999981853,pick_play,pick,0.0,0.0,0.0,1.0098258614206606,0.005602293106755784,2.173787514447895,-3.2376314111164146,0.00029673210677997204,-0.0014859765245769248,-0.0007311287673435486,0.0018002580119631196,0.006079424664854508,-5.243260376284236e-05,0.12526788099938788,0.4686938012573138,0.23471781940507838,0.2053969290504456,-5.317273985950103,0.3899128292633189,0.3501439478645325,-7.193882909598443,-0.03976250337124326,0.00734288692474365,3.7687238795031104,0.04150474183431327,0.046457220143127476,0.046608706516276494
279.2999999998185,pick_play,pick,0.0,0.0,0.0,1.0097948172314828,0.00775543094190022,2.180791170971304,-3.2377287803051846,0.0003227956188443527,-0.0015702798650108656,-0.0008648251286886677,0.0018925614337049405,0.0061361228831246575,-6.55260830842647e-05,0.12524748875383898,0.46897319707626994,0.2352676734766545,0.2057078864822388,-5.364385110814424,0.39041189088989187,0.3506595876464844,-7.194086908802609,-0.03976815865315934,0.007320185005664823,3.767361570150145,0.04391510532550526,0.049046326702880894,0.044814220933659735
279.3199999998185,pick_play,pick,0.0,0.0,0.0,1.0097609527535976,0.010037103474961779,2.1878382255019146,-3.237953571366406,0.00035983583205109743,-0.0016567423193721155,-0.001000418215517947,0.002010820768167609,0.006176933500418303,-0.00019230820381754658,0.12523645707250852,0.469306040906203,0.23586641667380348,0.206046977306366,-5.415000178748853,0.3909532183262719,0.35121391084289555,-7.194980815102978,-0.03977384547619813,0.007295836508274076,3.765868626203638,0.04650816550836772,0.05181782347564701,0.04299777339673559
279.3399999998185,pick_play,pick,0.0,0.0,0.0,1.0097242347333097,0.012516674752110709,2.194908255420853,-3.238555660260175,0.0004046241578178855,-0.0017213664228218283,-0.001140215724415697,0.002210500927214407,0.006196330897118331,-0.0005599205391561888,0.12523571809981138,0.46969671429874676,0.2365080363675131,0.20641354587173466,-5.467948396058579,0.39153961438200585,0.3518096592674256,-7.196667673187977,-0.03977964045163532,0.00726998299360275,3.7642681842358905,0.049283503210094365,0.05477039915924076,0.04116989254603198
279.35999999981846,pick_play,pick,0.0,0.0,0.0,1.0096844921981911,0.015372935957422597,2.2019811791834956,-3.239773625544181,0.00045283586864172914,-0.0017493360061551129,-0.0012914791840572658,0.0025831032210729167,0.006197396953681222,-0.0011173818702259783,0.1252480446038109,0.4701584505800428,0.2371842424512419,0.20680562522506718,-5.521812008561891,0.39217977352212857,0.35245473053550724,-7.199899277722938,-0.03978573743999417,0.007241104543209073,3.7624624201730485,0.05224171747780378,0.057905841893005405,0.03931415609541114
279.37999999981844,pick_play,pick,0.0,0.0,0.0,1.0096415623371686,0.018719730262050992,2.2090612020803264,-3.2417177758453173,0.000500646438700114,-0.0017578388161924305,-0.0014494777375158936,0.0030448831412480904,0.006206307128807757,-0.0017593095805327225,0.12527047323859797,0.47067884832799844,0.23789131773700986,0.20721606280899052,-5.577641241918272,0.39287973848800695,0.3531403329620362,-7.207066212918903,-0.039792223499371754,0.007203099131584165,3.7599614599550515,0.055383924747391115,0.061226297444152866,0.03744494239983792
279.3999999998184,pick_play,pick,0.0,0.0,0.0,1.0095953558976818,0.022575425046470858,2.2161596610224787,-3.2444255643762228,0.0005445757859443026,-0.0017607089867418054,-0.0016106916481030858,0.0035151124280648847,0.006223869827356417,-0.002428065219971961,0.12530556974879756,0.47126629538177384,0.2386298167565681,0.20765093829727177,-5.634772241135417,0.393641203488063,0.3538787749061585,-7.21592476315539,-0.03979911020793042,0.0071595951914787265,3.7570530082182714,0.05871200994377576,0.06473498446350101,0.03556626171272967
279.4199999998184,pick_play,pick,0.0,0.0,0.0,1.0095458533372905,0.026903001228346397,2.2232896797124475,-3.2479010405059285,0.00058200797680897,-0.0017654969341526442,-0.0017712308690358404,0.003948107097254122,0.006253768165223151,-0.003098009541792144,0.1253509305160287,0.47190674576081126,0.23940227683471882,0.20810923841094975,-5.693996971256462,0.39446283349600714,0.35466287400817875,-7.227294227297956,-0.039806408203955986,0.007111978530883786,3.7538489747394097,0.06222798206468376,0.06843333346252445,0.0336636260166594
279.4399999998184,pick_play,pick,0.0,0.0,0.0,1.0094931034106505,0.031639710140720076,2.2304647189774847,-3.2521425767484877,0.0006109224052242073,-0.0017749662357874978,-0.0019279674581516003,0.0043248025203370295,0.0062947335000994725,-0.0037677468146948873,0.12540515264250332,0.472590671849892,0.240211360961716,0.20859436061477665,-5.755190028423171,0.3953413807179675,0.35549045469856266,-7.240834789101853,-0.039814123840617284,0.0070629052817821475,3.750562003955376,0.06593276559281504,0.07232039076690677,0.031731850131512834
279.45999999981836,pick_play,pick,0.0,0.0,0.0,1.009437259593667,0.03669729894712643,2.2376775605569046,-3.2571129784297894,0.0006275092874445532,-0.001793999587742774,-0.002077730464671003,0.004619127730053265,0.006326153725080084,-0.004397571322539301,0.12546825757771052,0.473308586402609,0.2410594274701915,0.20911029841995243,-5.818032269850869,0.3962711101757904,0.35635203983879093,-7.257022275555836,-0.039822255546890103,0.007016253471374509,3.747501929591774,0.06982830604822395,0.07640092474823001,0.029794449886540064
279.47999999981835,pick_play,pick,0.0,0.0,0.0,1.009378503091709,0.041983994211287345,2.244931385558392,-3.2627293477733708,0.000632253792756412,-0.001824170334785369,-0.002218304883574144,0.004831459185866829,0.006363274778325969,-0.004951494348047797,0.12553728706792563,0.4740462108898029,0.24194885252744494,0.20965854194259648,-5.8826881302920535,0.39724591759808514,0.35724360611534123,-7.2754592651272425,-0.0398308175666182,0.006970506906509397,3.74454951039054,0.07391472913653634,0.08066980940704349,0.027800707202171815
279.49999999981833,pick_play,pick,0.0,0.0,0.0,1.0093169940355444,0.04742806440259224,2.2522597041011756,-3.268891579614886,0.0006269175111065317,-0.0018625281178508769,-0.002347605378368262,0.004980194008145889,0.006433175527757921,-0.005417167559808886,0.1256071504548492,0.47478315221608713,0.24288164281747446,0.21023915078735356,-5.9494812368047985,0.39826069504556677,0.3581558552036286,-7.296976234265652,-0.0398398428992076,0.006925177574157712,3.741669390424197,0.0781904138448311,0.08512501818542484,0.025793818251003686
279.5199999998183,pick_play,pick,0.0,0.0,0.0,1.0092528465999069,0.05298978374601083,2.2596928336160382,-3.275501745522483,0.000612763590114712,-0.0019032740905186346,-0.0024691652622235247,0.005094915165877578,0.0065269942032832534,-0.00579806157361672,0.12568112925914776,0.4755342408201106,0.24385882920859395,0.21085903909301762,-6.017274461273282,0.39931230083680924,0.35910124447441105,-7.318916361543135,-0.03984933723759567,0.006884042918682096,3.739162477935019,0.08265463565566919,0.08976845843200687,0.02379830793611551
279.5399999998183,pick_play,pick,0.0,0.0,0.0,1.0091861477466633,0.05864890658800237,2.2672638692236933,-3.282471902050352,0.0005900990038102312,-0.0019422412671656647,-0.0025831921232246408,0.0051900129047780874,0.006651786261321904,-0.006103486573038283,0.12575387502374608,0.4762788143706289,0.24488100672994384,0.21151290204620365,-6.087098238636913,0.40039850913944114,0.36006302502250676,-7.343963190586605,-0.039859312788867736,0.006842938065528867,3.7366972249293395,0.08730625692900938,0.09459726912384037,0.02179504654604117
279.5599999998183,pick_play,pick,0.0,0.0,0.0,1.0091169515557719,0.06439875980316899,2.274990367267177,-3.2897340176239855,0.0005591797985596527,-0.0019746761953396614,-0.0026938443787697243,0.005278922923109461,0.006787993487764799,-0.006352070859500581,0.12582967107395995,0.4770359713653133,0.24594830593237393,0.21220753457641606,-6.1577134107385785,0.40151823140703324,0.36105702188110356,-7.369160315501383,-0.039869748689787994,0.0068045303225517245,3.734483192473893,0.09214584617551556,0.0996158610046387,0.019808124116577258
279.57999999981826,pick_play,pick,0.0,0.0,0.0,1.0090453044829937,0.07023637681667283,2.282887688464467,-3.2972368787233477,0.0005200316401220231,-0.001998130002877536,-0.0028006427846510437,0.005362926167676556,0.006939624727066428,-0.006557753022784242,0.1259031316633619,0.4777839692714675,0.24706070726175328,0.21293518807983403,-6.23050395301474,0.4026704657139232,0.36206559207534794,-7.397507675307758,-0.03988071491233599,0.006764405220746991,3.732169296031588,0.0971730132283381,0.10482030016784671,0.017796696491326175
279.59999999981824,pick_play,pick,0.0,0.0,0.0,1.0089712264687998,0.0761623394126382,2.290955661528433,-3.3049451889800405,0.00047265691220425696,-0.002009618921260929,-0.002907618910661082,0.005446750452035583,0.0070873211753025465,-0.006735165882188498,0.1259790816870988,0.47854335281867266,0.24821819982500876,0.21370343234634404,-6.3041081913012755,0.40385491161223336,0.3631064679870606,-7.42581280377419,-0.03989245051288137,0.006726664304733274,3.7300951053171705,0.10238789411955031,0.11021332842712406,0.0157904918896635
279.6199999998182,pick_play,pick,0.0,0.0,0.0,1.0088947234705619,0.08217301318135926,2.299199400677184,-3.3128294664394233,0.0004394487114420971,-0.0020071717516534976,-0.0030129052856698044,0.005524848686026765,0.007242549428914394,-0.006887338626608274,0.1260516356060014,0.4792895568707535,0.24942008523177092,0.2145037439117432,-6.379864272646249,0.4050710065293292,0.36416057612991337,-7.457385952617262,-0.03990520074897451,0.0066879920661449405,3.7280365213893005,0.10779064312246533,0.11579387289886478,0.013770211981421865
279.6399999998182,pick_play,pick,0.0,0.0,0.0,1.0088157514449303,0.0882646419630455,2.3076104806564928,-3.3208731828260287,0.00042905546817221385,-0.0019880188743220967,-0.003121133599428838,0.005600063116968835,0.007387103411818116,-0.007026335767503597,0.12612780749926197,0.4800517575880086,0.25066605379568135,0.21534440782165531,-6.456229990216755,0.4063190971296477,0.36525002982711796,-7.488375241792091,-0.03991895779076136,0.006651867926120755,3.726263452769188,0.11338239564875796,0.12156491381530765,0.01174372729716805
279.6599999998182,pick_play,pick,0.0,0.0,0.0,1.0087342494092282,0.09443057001234721,2.3161800201268594,-3.3290705817628954,0.00041877120569941266,-0.001952926799235429,-0.0032328889970202387,0.00566840777114987,0.007526239300799358,-0.00716131466399903,0.12620357523559958,0.48081174871026544,0.25195711082381234,0.21621648337936406,-6.535148198020766,0.4075995422703451,0.36635575559234623,-7.5222878971313385,-0.03993369024341908,0.00661356449127197,3.7243928796670005,0.11916334405184514,0.1275241861999512,0.009692812370574289
279.67999999981816,pick_play,pick,0.0,0.0,0.0,1.008650152368245,0.10066610404642885,2.3248858817317086,-3.337422203743102,0.0003964432149036201,-0.0019014124127918744,-0.0033514904193932427,0.005733919237404049,0.0076409978041953154,-0.007298073628455423,0.1262851428257521,0.48159417876286137,0.25329434941600765,0.21712938811874394,-6.615181319147993,0.4089130253288284,0.3674980786094666,-7.555625815959331,-0.039949351583604416,0.0065772205591201754,3.722751601819716,0.12513412394278872,0.133674193447876,0.0076388366519189455
279.69999999981815,pick_play,pick,0.0,0.0,0.0,1.008563429547492,0.10696423585342195,2.3337149753762887,-3.3459254456911953,0.0003721194228076918,-0.001834063806799914,-0.0034722355881581647,0.0057921679124147635,0.007747987001756791,-0.007431992175452848,0.12636588957639958,0.48237019187815355,0.25467829791419494,0.21807352569198613,-6.698050174396142,0.4102594171447477,0.3686543789157868,-7.592361627881949,-0.03996593595159333,0.006538067758083341,3.720958820748049,0.1312945399144178,0.1400126705825806,0.005567698517383174
279.7199999998181,pick_play,pick,0.0,0.0,0.0,1.0084740485223331,0.11332041778997617,2.342645927733218,-3.3545776397628297,0.0003482782779334842,-0.001749463778347038,-0.0035973544412909327,0.005848058177914025,0.007832919969594464,-0.0075626035340755435,0.1264523317402194,0.4831667589571943,0.2561093259963822,0.21905998256301884,-6.781747155800737,0.41163895370022446,0.36984760429954533,-7.628428156818893,-0.03998371113686517,0.006500941514968869,3.719459755588079,0.1376448784348952,0.146542001789856,0.0035137637077926054
279.7399999998181,pick_play,pick,0.0,0.0,0.0,1.0083819996394132,0.11972799755088652,2.351667915636131,-3.3633744253681552,0.00031223212367667054,-0.0016498994971277728,-0.0037236832338640273,0.005896957802274786,0.00791267808903182,-0.0076887689943309495,0.12653695280925895,0.48395104404007316,0.2575881762208421,0.22007838752365116,-6.868357439401092,0.4130512728653031,0.37105301883316044,-7.668172290657388,-0.04000292879303276,0.0064614571630954715,3.7179023512480716,0.14418487331845398,0.15325980288391117,0.0014446456853579592
279.7599999998181,pick_play,pick,0.0,0.0,0.0,1.0082872928692745,0.12618086056489639,2.3607734525438953,-3.3723261744489204,0.00026433889878303154,-0.0015348460310401267,-0.0038510602725214285,0.005942049766570855,0.007983809442380543,-0.007815789195258646,0.1266219461028305,0.4847326471599257,0.2591149211365141,0.2211360123405457,-6.956542524686084,0.41449591723772383,0.37228600051498417,-7.708738456327376,-0.040023703279063565,0.006422814726829526,3.7165347416857055,0.15091415593367344,0.16016595465545658,-0.0006305466083353917
279.7799999998181,pick_play,pick,0.0,0.0,0.0,1.0081899320674794,0.13267519427378863,2.3699452435969164,-3.3814617218662817,0.00020440675601393783,-0.0014012474181265184,-0.003980649774781439,0.005984818796822581,0.008039230926634137,-0.00797447507211319,0.12670676229218236,0.48550895198738364,0.2606894053506684,0.2222317245254517,-7.046445672134278,0.4159726039204219,0.37354297306633,-7.750730748327299,-0.04004607913610158,0.0063839375972747775,3.7152821059626655,0.15783174469690303,0.16725866896514896,-0.002715717480910429
279.79999999981806,pick_play,pick,0.0,0.0,0.0,1.0080899147160682,0.13921057203512197,2.3791648448810294,-3.3908021871837453,0.000132504752630829,-0.0012498350729199393,-0.004112852592533083,0.006028413719933439,0.008078616806277285,-0.00815768231552188,0.1267908442993461,0.4862758068566475,0.26231147757483647,0.22336433198547367,-7.138253929996942,0.4174812089857755,0.37482366826629643,-7.794187966539105,-0.04007004784863307,0.00634413659572601,3.714086469861513,0.16493672542650892,0.17453794581298832,-0.0047957232732937505
279.81999999981804,pick_play,pick,0.0,0.0,0.0,1.0079872345136172,0.14578663209304255,2.388415808815088,-3.40037070451155,4.8532648828296485e-05,-0.0010812442314968506,-0.004247613230410291,0.006072243246627815,0.008103867043960978,-0.00836454170833221,0.12687348229948842,0.48702972069356754,0.26398105318427545,0.22453347709274296,-7.232024099406154,0.41902163183063734,0.37612668540573124,-7.839345451607731,-0.040095564202434694,0.006303054094314572,3.7129106210500398,0.1722280351061526,0.18200187785034183,-0.006880997949650136
279.839999999818,pick_play,pick,0.0,0.0,0.0,1.0078818940400296,0.15240634458850766,2.397682310795986,-3.410191575871694,-4.754016207647436e-05,-0.0008960080050627255,-0.004384525785708483,0.006119830690074565,0.008115110942594567,-0.008590312557858897,0.12695395443995727,0.48776695595445196,0.2656980560868264,0.22573802735900883,-7.327943920768419,0.42059377477600446,0.37745244171714787,-7.886111136119726,-0.040122540955911876,0.006260325014591214,3.7117153837859402,0.17970475018727636,0.18965034586791996,-0.008956216876346734
279.859999999818,pick_play,pick,0.0,0.0,0.0,1.0077738941822167,0.15907590784682438,2.4069489309998597,-3.4202817352833264,-0.00015583144671066333,-0.0006951045089906121,-0.004523332958234535,0.00617467102881605,0.008112804841603123,-0.008826224561108572,0.12703138453172705,0.488482786806108,0.2674621507432978,0.2269776847610474,-7.42602063244243,0.42219766446847184,0.3788006689796448,-7.934543763860846,-0.04015087447171831,0.006216020137071607,3.71049777339613,0.1873660371546418,0.19748251540069583,-0.011022612152406686
279.879999999818,pick_play,pick,0.0,0.0,0.0,1.0076632160203045,0.16580449880071574,2.416202841433557,-3.4306266336352578,-0.0002763640792907916,-0.00048143575564315916,-0.004665199932435965,0.006236938768653339,0.008099746522003185,-0.00904637741382216,0.12710484925574117,0.4891720896201173,0.2692733311315523,0.22825322415924076,-7.526092991280344,0.4238336525576411,0.3801717546234131,-7.9846689717652355,-0.0401804714902841,0.006169815361499784,3.7092241851811587,0.19521067524194619,0.20549671751861576,-0.013078820350954312
279.89999999981796,pick_play,pick,0.0,0.0,0.0,1.0075498219179408,0.17260172012429217,2.4254326876612073,-3.441197806851377,-0.00040884197116589896,-0.00025647444950855643,-0.004810867141309711,0.006306310241647589,0.008076856143845873,-0.009240824749037188,0.12717339359127094,0.48983013890291716,0.27113176167552133,0.2295646455535889,-7.62821710686279,0.42550230963369884,0.38156537082290654,-8.036662693632348,-0.04021126889553479,0.006121841073036191,3.7079018331727656,0.2032380050585998,0.21369342905883792,-0.01511995364929447
279.91999999981795,pick_play,pick,0.0,0.0,0.0,1.0074336604817442,0.1794756125355159,2.4346279303032494,-3.4519663715289552,-0.0005529194901972289,-2.0886704049537318e-05,-0.004960851071342999,0.006381542941111784,0.008044911148190264,-0.009410359005579067,0.12723661027585875,0.4904546441315874,0.27303777173510674,0.23091218736267094,-7.732426991108337,0.42720431406449005,0.38298193481063847,-8.090579891452292,-0.04024321957500736,0.006072238832712171,3.7065392157394275,0.21144754805593485,0.22207169634704593,-0.017160883537825966
279.9399999998179,pick_play,pick,0.0,0.0,0.0,1.0073146763104763,0.18643490949258842,2.4437774517338156,-3.462910387725293,-0.0007081982452648149,0.00022577696777345763,-0.005115362560466784,0.006463959889674208,0.008003130739446106,-0.00956158217026202,0.12729414585396825,0.4910435079280828,0.2749917355613393,0.23229567077255253,-7.8388242735862885,0.42894040334094036,0.38442213204002385,-8.146434622586021,-0.040276573086421526,0.006021124124526975,3.705187380941301,0.21983842400674392,0.23063020808105472,-0.01919603196305486
279.9599999998179,pick_play,pick,0.0,0.0,0.0,1.0071928146363578,0.19348887035536522,2.452868112145534,-3.4740178580177377,-0.000874142034484951,0.0004833651798254494,-0.005274553398080337,0.006554215512106396,0.007949592401465793,-0.009703368071825468,0.12734565629811853,0.49159521419086905,0.2769938986062081,0.2337150361785889,-7.947454543739088,0.4307112998137895,0.38588646915054325,-8.204264043097707,-0.04031154245968243,0.005968880653381345,3.7038876700233616,0.2284101341597914,0.2393692026794434,-0.021224339612539445
279.9799999998179,pick_play,pick,0.0,0.0,0.0,1.0070680148280153,0.20064532270574248,2.4618850918754136,-3.4852853666112824,-0.0010504313147971884,0.0007513003754642092,-0.005438944928689454,0.006651009878095129,0.007882961465845542,-0.009842927010104141,0.12739070396180763,0.4921075875275005,0.2790446229003588,0.23517082002258305,-8.058296276531824,0.4325177227286974,0.3873754229793549,-8.264111382791338,-0.040348193152304535,0.00591524392366409,3.7026145753409754,0.2371619094595493,0.2482868920028687,-0.023258316895213405
279.9999999998179,pick_play,pick,0.0,0.0,0.0,1.006940230790572,0.20783001372766158,2.470814884330048,-3.4967727048234365,-0.0012322723139284741,0.0009577247127921435,-0.005606911583182735,0.00666922265251033,0.007804776922658809,-0.010046458905351609,0.127428977901811,0.4925775025463267,0.28114601908542186,0.23666230704879765,-8.17199115980266,0.434357178486554,0.38888887431716923,-8.32530538692753,-0.04038406106581282,0.005859934538602826,3.700994718339372,0.24609285641987746,0.2573830376327515,-0.025283220670176687
280.01999999981786,pick_play,pick,0.0,0.0,0.0,1.0068093899339843,0.21504012690231683,2.47963475631594,-3.5085023768620776,-0.0014214622306337648,0.0011512526303733474,-0.005781819943946125,0.006709669594395763,0.007704752377063774,-0.010254170824004065,0.12745999021174426,0.4930037825631507,0.28329836488535776,0.23819325234985356,-8.287775912365431,0.4362297946853915,0.3904240217456818,-8.38856594354522,-0.04041925509683523,0.005801399052143094,3.69908492128125,0.25520114417010864,0.26665489775543216,-0.027283323059630882
280.03999999981784,pick_play,pick,0.0,0.0,0.0,1.006675410609215,0.2223505971102257,2.488314916818664,-3.520435075154493,-0.0016201599990232638,0.0013621495509076327,-0.005964170137069886,0.006812997946548218,0.007578659437710803,-0.010426495956233075,0.12748404781947237,0.49338960951211064,0.2854995100523016,0.23975960280990605,-8.405799343253182,0.4381386432391877,0.39197880890464787,-8.455046781720904,-0.04045526938430549,0.005747129023075101,3.6976646449660193,0.2644854830850979,0.27610080344085697,-0.029287952518382898
280.0599999998178,pick_play,pick,0.0,0.0,0.0,1.0065382006429144,0.22981490726655446,2.496813946739085,-3.5325338491173577,-0.0018287482468383371,0.001586181943554812,-0.006156336618661924,0.0069589778156420685,0.007414371321929693,-0.010567304552316102,0.1275053689163884,0.49375419871817283,0.287748286899791,0.2413682129631043,-8.524696701871504,0.44008633858866025,0.39356435206031803,-8.523183342618415,-0.04049256860762693,0.005696628987789151,3.696672981436252,0.2739462316902472,0.28572409254913333,-0.03128756464244159
280.0799999998178,pick_play,pick,0.0,0.0,0.0,1.0063977072618684,0.2374519014284949,2.5051256248952765,-3.5447834146851216,-0.0020479584704276793,0.0018201366939693796,-0.006351016169012781,0.00711656522480005,0.007252079042510921,-0.010697919195994771,0.12751225682654513,0.4940487473927032,0.2900445282905935,0.24300388362503056,-8.647251732829266,0.44207352072441064,0.3951501336345673,-8.598433080192198,-0.04053132352844884,0.005641051381826398,3.6954022326617424,0.28358186438396316,0.2955190430343628,-0.03330352268468184
280.0999999998178,pick_play,pick,0.0,0.0,0.0,1.006253880323336,0.2452696958287007,2.513235308011884,-3.5571851855347982,-0.002277305261472088,0.0020637308474026326,-0.0065512542848423574,0.007282129164921597,0.007071036183044554,-0.010830711779330017,0.12751432451960423,0.494313599847363,0.29238805783902194,0.2446810391197205,-8.770832810701375,0.4441008202382751,0.39677573111152653,-8.67378553251684,-0.04057140499560749,0.005587846785783765,3.694418443607027,0.2933924181660704,0.3054904232681275,-0.03529473687778978
280.11999999981776,pick_play,pick,0.0,0.0,0.0,1.0061066720629102,0.2532661895536697,2.5211460755966417,-3.5697520016351083,-0.002516974162694294,0.002315810823748399,-0.006753228872548286,0.007443986673792127,0.006899211032549737,-0.010976116353157381,0.12750021748422757,0.49450002028958695,0.29477933255432864,0.2463851955184937,-8.898182857387232,0.44616815688598843,0.3984060671577454,-8.755484426444907,-0.04061277094624357,0.005529072880744931,3.6930909985158347,0.30337637137411516,0.3156321535766602,-0.03729866193946796
280.13999999981775,pick_play,pick,0.0,0.0,0.0,1.0059560150026972,0.26144225530377585,2.5288455521327964,-3.5824997648081416,-0.002766160128128185,0.0025765839671449704,-0.0069615177312967015,0.0076092024922323675,0.0067098566131502824,-0.011134997590746803,0.12748051614121575,0.49465248922437133,0.2972186509479784,0.2481302407035828,-9.02683870708042,0.4482760891242574,0.40007913973426823,-8.8368403783541,-0.04065526495550936,0.005473260581493375,3.6920806545446005,0.31353371366314214,0.32594864470367435,-0.039279245835708076
280.1599999998177,pick_play,pick,0.0,0.0,0.0,1.0058018401004607,0.2697948455725157,2.536337538873896,-3.595446032541467,-0.003024799931433634,0.0028446691078214963,-0.00717250471060478,0.0077704535583721585,0.006530453590372118,-0.011309715416655985,0.12744381117828862,0.4947223550786102,0.29970676327680423,0.2499017503509522,-9.15957177015507,0.4504246877350948,0.4017579045543671,-8.924495833164551,-0.04069887070798521,0.005412057787179944,3.690728717165019,0.32386251593087934,0.33643286330108646,-0.041273974222084286
280.1799999998177,pick_play,pick,0.0,0.0,0.0,1.0056440582731931,0.27832802487479064,2.5436088337384843,-3.608607057442568,-0.003291885070910778,0.003120249842322952,-0.007390970238325461,0.007938367538257343,0.006332452442566426,-0.01149796276932266,0.1274010280950709,0.4947559483373542,0.30224405366457247,0.25171426799392704,-9.293799827806115,0.4526148114852951,0.4034814622650147,-9.011628290328295,-0.04074345957463109,0.005353753268718717,3.6896787285963106,0.3343624822312889,0.34708957774047855,-0.04323761572213364
280.1999999998177,pick_play,pick,0.0,0.0,0.0,1.0054825765376443,0.2870415268468695,2.5506624624594827,-3.622000579785168,-0.0035674173699484207,0.003401786024264804,-0.007613370963574174,0.008104406811630868,0.006143918161084532,-0.011702298323019382,0.1273407131642131,0.4947048660098863,0.30483143462761203,0.25355399515724186,-9.432217229365436,0.45484682856770253,0.40521112945175175,-9.105228717337239,-0.040789041849634194,0.005289775133132932,3.688256541851518,0.3450319260013701,0.35791270834808353,-0.04520904187188779
280.2199999998177,pick_play,pick,0.0,0.0,0.0,1.0053172925460463,0.295939500448117,2.5574830333475687,-3.6356443269466014,-0.0038502312629129865,0.0036892693244684146,-0.007844009378243835,0.008277010870206665,0.005934483753294623,-0.011921584083369907,0.12727424507306678,0.4946173695866566,0.30746931400070776,0.25543523695564274,-9.572277289809866,0.457121676167764,0.4069866624126435,-9.198353820558447,-0.04083550842647907,0.005228807032108304,3.68713841314079,0.3558709185544915,0.36890702349548343,-0.04715423562912574
280.23999999981766,pick_play,pick,0.0,0.0,0.0,1.0051481240571598,0.3050155902914305,2.564072809450698,-3.649560827352767,-0.0041401265581389735,0.003979359987945786,-0.008078191179219164,0.008443016558154118,0.0057337531194928204,-0.012161793794517142,0.12718991610866537,0.49444399937997885,0.31015839785199933,0.25734300282096867,-9.716836993335356,0.4594393255863868,0.4087680366287232,-9.29813214559961,-0.040885139966910365,0.005162206292152402,3.685864255538202,0.3668791073380425,0.3800658474624634,-0.04907160761155838
280.25999999981764,pick_play,pick,0.0,0.0,0.0,1.0049749800852859,0.31427208765701525,2.5704146546865867,-3.663767773087347,-0.0044361184797806945,0.004273342512813125,-0.008320203698881819,0.008613671647046753,0.005510555273981707,-0.012416165207287156,0.12709955824841976,0.4942341274185229,0.3128988363801187,0.2592931475887299,-9.863018271793894,0.46180045370449146,0.41059626009559635,-9.397354926207207,-0.04093773138564646,0.005095184594392774,3.6847795549457785,0.37805416105296774,0.39139430624847416,-0.05087291846466663
280.2799999998176,pick_play,pick,0.0,0.0,0.0,1.0047977838718634,0.3237033243578882,2.576508376442661,-3.6782808436109113,-0.004738604519249788,0.004568937964147232,-0.008565350564647266,0.008777228975712143,0.005294374470016629,-0.012684564453578951,0.12699054146737673,0.49393366748068257,0.3156911446238481,0.2612694587955475,-10.013864184899253,0.4642049350835194,0.41242993738746647,-9.503387361344181,-0.04099331128755005,0.005021207779645917,3.683395795114268,0.3893942983019524,0.4028847704589844,-0.05269001616522595
280.2999999998176,pick_play,pick,0.0,0.0,0.0,1.004616451742494,0.3333075781338215,2.582338212444297,-3.6931147889774465,-0.005046596424712105,0.004865893475647437,-0.008817778841096484,0.00894224723641023,0.005057182743504388,-0.01296534038081223,0.1268748153641917,0.49359341707509097,0.3185353785594783,0.2632873740444184,-10.166564528911682,0.4666532321555681,0.4143112685928345,-9.608759727457567,-0.04105315326528333,0.004949447512626645,3.68263746047002,0.40090069010819585,0.4145427237213135,-0.05452762792962057
280.3199999998176,pick_play,pick,0.0,0.0,0.0,1.0044308984951975,0.3430772481235103,2.587907451604243,-3.7082817559364605,-0.0053603585701933595,0.0051612311098854806,-0.00907339342913884,0.00909830283364892,0.0048303209956165015,-0.013256387407039005,0.12674006482378078,0.4931607310794466,0.32143219428028924,0.26533208158111576,-10.323957573496104,0.46914517349637047,0.4161978748092652,-9.72102392346009,-0.041116254625248795,0.004870475083589551,3.6815085931491116,0.4125703420518304,0.4263610134780884,-0.056341891274985345
280.33999999981756,pick_play,pick,0.0,0.0,0.0,1.0042410171622451,0.3530110596662713,2.593203470645565,-3.7237889801412245,-0.005678993353889328,0.005454656359766266,-0.009337201255096107,0.00925631076014296,0.004584998751311899,-0.013552840234509039,0.12659826693301002,0.4926864479341082,0.32438196456698887,0.2674190786132813,-10.483293467147883,0.47168139674266263,0.41813365485763554,-9.832455707746835,-0.041181724191048104,0.004793424904346463,3.6806763193461864,0.4244037824617244,0.4383454809844971,-0.05813872565282807
280.35999999981755,pick_play,pick,0.0,0.0,0.0,1.0040467153216988,0.36310522108348015,2.598233272986087,-3.7396448629616024,-0.0060026417961302385,0.005744533503055547,-0.009604004435996339,0.009409078712015824,0.004353405248494055,-0.013857308726009697,0.12643675823276848,0.4921167561618516,0.3273851789600176,0.2695315268287659,-10.647704932836882,0.47426186391757674,0.4200744714984894,-9.950940133460369,-0.04124927840593226,0.0047095835208892795,3.6794556703423726,0.43639964191985037,0.45048873526458744,-0.05996607011950794
280.3799999998175,pick_play,pick,0.0,0.0,0.0,1.0038479099237496,0.3733686004739549,2.602986686037946,-3.755857134741529,-0.006329883876710181,0.006031384634822877,-0.00987723446057678,0.009573470342335277,0.004105178374317846,-0.014167772709626344,0.12626860768070525,0.49150855626653156,0.33044121336881743,0.2716835823307038,-10.81443921057148,0.476887180532895,0.4220654156455994,-10.068518150191863,-0.041318699822779505,0.004629143327474591,3.6786693345362,0.44855807350320875,0.46279578310852054,-0.061801226806284804
280.3999999998175,pick_play,pick,0.0,0.0,0.0,1.0036445507073433,0.38381035246597284,2.607469430098051,-3.77243076179983,-0.006661333277868858,0.006313507862248793,-0.010151235770023621,0.009744162995894964,0.0038699182246789924,-0.014482441256617094,0.1260810743602623,0.490808650981434,0.3335493011131939,0.27385906245803837,-10.986259689870094,0.47955716787244346,0.42406208183860783,-10.193086759979062,-0.04139127889332625,0.004542787373065946,3.677820169836778,0.4608776044942011,0.47526030642395023,-0.06373739674031192
280.4199999998175,pick_play,pick,0.0,0.0,0.0,1.003436578232544,0.39444833786121625,2.61167070046288,-3.7893654146757574,-0.0069953160527561915,0.006590320806274198,-0.01043069529268565,0.009933359102396191,0.003617372270716595,-0.014795676117198482,0.1258880046249464,0.49007783424992435,0.3367081276415303,0.27607385184860234,-11.160031188108858,0.48227237469108003,0.42611033585166935,-10.316551507825304,-0.04146635218615181,0.004458834230899808,3.6773009448871807,0.4733567199910095,0.48788528544311527,-0.065603645468233
280.4399999998175,pick_play,pick,0.0,0.0,0.0,1.0032239381074748,0.40529436650451567,2.6155990553708848,-3.8066615226204275,-0.007332654700456597,0.006860604873046469,-0.010711105308878394,0.010130506446270442,0.00337941027766854,-0.01511005901876147,0.12567596836912173,0.48926059033907743,0.33991691254418704,0.27831102278327946,-11.338702098636853,0.4850327137330132,0.4281653549919129,-10.446910811506575,-0.041544464214370046,0.0043673336505889865,3.6764862071543982,0.4859926921425152,0.5006633291900635,-0.06747052690447097
280.45999999981746,pick_play,pick,0.0,0.0,0.0,1.0030065519336897,0.4163671677388888,2.61924642603779,-3.8243221355255717,-0.007672081163810098,0.00712502017631813,-0.010997692205205935,0.010346676102776278,0.003126270541527926,-0.015426847703439949,0.12545869606314058,0.4884171995909729,0.3431745832045483,0.2805857148418427,-11.519330809597147,0.4878389368904134,0.4302739885101319,-10.575933790556073,-0.041625526836792826,0.004278075695037839,3.6760870192256294,0.498784422635119,0.5135977755249024,-0.06929049398918136
280.47999999981744,pick_play,pick,0.0,0.0,0.0,1.0027843344882883,0.4276769858229914,2.6226278939282244,-3.84235816976828,-0.008014305612771782,0.0073829614850338555,-0.011286064722596292,0.010567682228448727,0.0028933670417299034,-0.01575456559269994,0.1252230580956934,0.48749250862300303,0.34648084342421553,0.2828818049678803,-11.704837092893772,0.4906911836263905,0.4323895659694672,-10.711990542349389,-0.04170993438697185,0.0041818812489509555,3.675485075699239,0.5117275336413163,0.5266774187744141,-0.07107755946093608
280.4999999998174,pick_play,pick,0.0,0.0,0.0,1.0025572011651485,0.43924189523583784,2.6257395063279874,-3.8607805698941764,-0.008358357743287314,0.007636087180034372,-0.011580332890274572,0.010808508118429563,0.0026490623304010036,-0.016090747813275626,0.12498357786956697,0.48654983614878977,0.34983465152944265,0.28521330025291447,-11.892440682364976,0.4935901798516373,0.4345589962253571,-10.846827991927505,-0.04179762729205161,0.004087985306978223,3.6752985197580186,0.5248176934900681,0.5399010668457032,-0.07279864525489543
280.5199999998174,pick_play,pick,0.0,0.0,0.0,1.0023251313732016,0.45106730308839293,2.628595619640817,-3.879595424716107,-0.008704865819847186,0.007882382732494976,-0.011872719379777638,0.011050321602108512,0.0024260061636416515,-0.016432334031163825,0.12472754436982575,0.4855360888428156,0.35323486475412136,0.28756222989654545,-12.085173182864876,0.49653513535474986,0.43673244979476933,-10.989159610060845,-0.04188866447578585,0.003984228521585462,3.6745321980671215,0.5380467089061808,0.5532540569961548,-0.0744566803610811
280.5399999998174,pick_play,pick,0.0,0.0,0.0,1.0020881693249777,0.46315295293855957,2.6312144641645188,-3.8988023600168384,-0.009053743477262307,0.00812172107032222,-0.012161520156800925,0.01129358523694791,0.002214859718660093,-0.01677255798354939,0.12446288705335692,0.48448732119611415,0.3566796344296813,0.2899386074790955,-12.28083733530441,0.4995246396272444,0.43894154694175724,-11.132987223311101,-0.04198306284541837,0.003879573941230771,3.673947650997749,0.5514057601482915,0.5667298327148438,-0.07599341522172931
280.55999999981736,pick_play,pick,0.0,0.0,0.0,1.001846359338924,0.4754965340989809,2.6336052916616763,-3.9183956125690043,-0.009404489500675095,0.008353687727710911,-0.012447320780329786,0.011533286597391872,0.002012042940005346,-0.017107482483948742,0.12419012670839448,0.48340684509287946,0.360167300499621,0.2923414495239258,-12.479331253514365,0.5025572885281111,0.44117946293449406,-11.279285366320023,-0.04208025488897313,0.003770735859870908,3.6732110275755727,0.5648900982066843,0.5803296456993103,-0.07741314122841836
280.57999999981735,pick_play,pick,0.0,0.0,0.0,1.001599743126576,0.48808505324074186,2.635783539288719,-3.9383672893216275,-0.0097578280398833,0.008577599231436923,-0.012729589334303954,0.011760189789345392,0.0018233252891672873,-0.01743533284797954,0.12390906136890052,0.4822956446550632,0.3636967707621062,0.29476941492652897,-12.680743401522177,0.5056314224980784,0.44344312813377385,-11.428288518986465,-0.042180093410848704,0.0036572113633155795,3.6722835127464872,0.5784974929523431,0.5940515886009217,-0.07877616944014465
280.5999999998173,pick_play,pick,0.0,0.0,0.0,1.00134834207128,0.5009001336353669,2.637792101754466,-3.9587034940445283,-0.01011495864223831,0.008792755616888909,-0.0130084561190677,0.011969672488488733,0.0016550645312858581,-0.017750238989393593,0.12361973253589813,0.4811556820074765,0.3672676902972733,0.29722271230316166,-12.884978900426873,0.5087453811004881,0.4457322445163727,-11.579738825318096,-0.04228258255839423,0.00354003235697746,3.6712706218469666,0.5922261294267986,0.6078942905128479,-0.08008835743733067
280.6199999998173,pick_play,pick,0.0,0.0,0.0,1.0010921816489482,0.5139226455094491,2.639720938983081,-3.9793794243510794,-0.010475538008795481,0.008998460662777383,-0.013276397671583144,0.012161340847066784,0.00157099272288908,-0.018042831026581094,0.12331905058529237,0.47997459569875484,0.370879991650223,0.29969994094467167,-13.092368766295191,0.5118973391979326,0.44804308679199223,-11.73398412923517,-0.04238818865502401,0.0034192472696304294,3.6702448494938293,0.6060754318759962,0.6218578706443787,-0.08139101124453829
280.6399999998173,pick_play,pick,0.0,0.0,0.0,1.0008312962206283,0.5271311080122729,2.6416162663394385,-4.000363871879778,-0.01083947688303233,0.009196289582057522,-0.01353812693605788,0.012332654731404507,0.001529935888299235,-0.01830818076284363,0.12300718075685528,0.4787550937269722,0.37453335319494235,0.30220604803657536,-13.301934833803093,0.5150854661749096,0.4503813472042084,-11.889666507703359,-0.0424999109532131,0.003295724093914029,3.669667571767769,0.6200478916945932,0.6359400044143677,-0.08292131054271235
280.6599999998173,pick_play,pick,0.0,0.0,0.0,1.000565704022956,0.5404754275565153,2.6434820357260005,-4.021640453429812,-0.011206808167630462,0.00938583679341022,-0.013799771145388353,0.012455039444979006,0.0014844846986758694,-0.018562019505568423,0.12268331913505896,0.4774942964212661,0.3782284952756733,0.30474624898529057,-13.512933561752405,0.5183072519055423,0.45273689296340947,-12.048098999351518,-0.04262158178952345,0.003178410977125165,3.6706032065097576,0.6341469357699305,0.6501585732162476,-0.08429154453792809
280.67999999981726,pick_play,pick,0.0,0.0,0.0,1.0002955085145109,0.5539167356061604,2.6452960393611478,-4.043188085928417,-0.011577346208613715,0.009567379278315195,-0.014058411987083843,0.012546662777380497,0.0014118396117102038,-0.018795096916966306,0.12234904046342364,0.47619904231830623,0.3819639366223864,0.3073033180484772,-13.728017576711732,0.5215598261278436,0.4551082041511536,-12.2090134130136,-0.04275093545073049,0.003061574697494504,3.672042443923761,0.6483621116899988,0.6644809137046814,-0.08555971437212373
280.69999999981724,pick_play,pick,0.0,0.0,0.0,1.0000209645119467,0.567462063958082,2.647012467939912,-4.06496804256394,-0.01194949593123971,0.009743217109782704,-0.014309326379594263,0.01264826172324509,0.0012857409862158339,-0.018992176384479875,0.12200913558372456,0.4748879098238302,0.38573427033321667,0.30987323191261296,-13.94662607368865,0.5248403217168336,0.45750836398696904,-12.369533518285005,-0.042884762842074736,0.0029400967061519595,3.673289131187826,0.662677225485861,0.6788860450447083,-0.08668862628905571
280.7199999998172,pick_play,pick,0.0,0.0,0.0,0.9997424551585037,0.5811210576912836,2.648639964501503,-4.086932421520995,-0.012322355767128975,0.009911936406101033,-0.014537577098300883,0.012753659398214243,0.0011840067960074017,-0.019147139591692237,0.12164493759666987,0.4734788461929387,0.38953318973510564,0.3124412086257935,-14.17026301123834,0.5281441921427923,0.4598871555576325,-12.53776378259005,-0.04302154518210246,0.002804280072450635,3.6735455046244847,0.6770735207495417,0.6933534036338806,-0.08763798866540584
280.7399999998172,pick_play,pick,0.0,0.0,0.0,0.9994604211933624,0.5948998235904503,2.6501611555293185,-4.109017084038509,-0.012694367639093651,0.010071727069860169,-0.01474529674624904,0.012863155372064885,0.0010694362349787838,-0.019243328570123414,0.12126321813926745,0.4720047762357339,0.3933537862625501,0.31501696374511723,-14.3958846359274,0.5314665663088195,0.4622788813362122,-12.706629439358148,-0.043160478413646154,0.0026640191674232455,3.673571401877006,0.6915252578526755,0.707846511429596,-0.08841625683867016
280.7599999998172,pick_play,pick,0.0,0.0,0.0,0.9991752254386672,0.6087998670761736,2.6514860939142766,-4.131130706783207,-0.013064432673340882,0.010218620519124018,-0.014944319323343344,0.012968831886364286,0.0008795976952469194,-0.019255689889785477,0.12087118061703707,0.47049692397514964,0.3971904276719296,0.3176050272235871,-14.621763404925765,0.5348036017632704,0.46469084289169316,-12.874201763961157,-0.04330059446031829,0.002523396909236905,3.6736048725810293,0.706007106027028,0.7223468909919739,-0.0889067395874803
280.77999999981716,pick_play,pick,0.0,0.0,0.0,0.9988871632036634,0.6227819146702288,2.6525547166966454,-4.153167910223747,-0.013434129790618518,0.010347670711762558,-0.015133194705727087,0.01302949815742761,0.000650411386474019,-0.019174898568942833,0.12045304555696648,0.4688852413546017,0.4010404124357739,0.32018602755165104,-14.85110751159889,0.5381507042812438,0.4670684125671387,-13.04942655038581,-0.04344141125400905,0.0023766204714775058,3.673176939288695,0.7204961094277629,0.7368336210906983,-0.08913580449881264
280.79999999981715,pick_play,pick,0.0,0.0,0.0,0.9985964734464873,0.636798607844985,2.653362604312917,-4.175017555841688,-0.01380038231797486,0.010461443032891883,-0.01530667892213916,0.013046703364323278,0.0004591885032882209,-0.018996848328647405,0.1200228248901876,0.46723265506047396,0.4049020790669204,0.32276982929801945,-15.08196836957763,0.5415040578145299,0.4694572773227692,-13.223471654808474,-0.04358241494152507,0.0022363111376762362,3.6732473449500858,0.7349773361505209,0.7513040195167542,-0.08910131515288788
280.8199999998171,pick_play,pick,0.0,0.0,0.0,0.9983033822153592,0.6507880240716201,2.6539791497687664,-4.196575023673295,-0.014163702162452276,0.01055919699622785,-0.015460521948429751,0.013001418858198301,0.00033834008415225495,-0.018729380211189757,0.11956438828488068,0.46546925594464433,0.4087750539684168,0.32534683611488346,-15.316063076991039,0.5448592584947669,0.4718079056987763,-13.404397688605114,-0.04372335727989339,0.0020943850278854342,3.673171792022818,0.7494387377381043,0.7657436023414612,-0.08892876252861026
280.8399999998171,pick_play,pick,0.0,0.0,0.0,0.9980081099129858,0.6646929325428069,2.654434326116632,-4.217782024510236,-0.014521679513464442,0.010647664031982093,-0.015601215068641327,0.012907274576598684,0.00023417632764606523,-0.018409646472801217,0.1190933126063204,0.4636622837570461,0.4126581090490808,0.32793138291931156,-15.550520004769202,0.5482125971926778,0.4741691437015534,-13.582797085846309,-0.043863588893393174,0.001963184028863904,3.6738587591680054,0.7638713858769427,0.7801478396118164,-0.08862830448418602
280.8599999998171,pick_play,pick,0.0,0.0,0.0,0.9977108655191961,0.6784454941387716,2.654748616701296,-4.238599016035631,-0.014873842950544894,0.010728807401250144,-0.01572920509251476,0.012747893886297051,0.0001447185985456569,-0.018051669175960156,0.11859503326693158,0.46174300381893363,0.41655071587258946,0.33051354553794865,-15.787077263072531,0.5515599366929527,0.4764833834419251,-13.768256721702677,-0.04400227807104944,0.0018358834087848636,3.6746896993514517,0.7782630937915401,0.7944965849578858,-0.08825242950625645
280.8799999998171,pick_play,pick,0.0,0.0,0.0,0.9974118706596903,0.6919884692550134,2.6548757961977976,-4.258961080441563,-0.015217746612065878,0.010804429633071062,-0.01585302597847475,0.012539820978574881,-1.3054260347486707e-05,-0.017633138982628277,0.11808556888088853,0.45977817005975385,0.4204512877934076,0.3331035163650513,-16.023518037644358,0.5548978445153773,0.47879723575210575,-13.95182021031155,-0.04413803428377684,0.001722534000873563,3.676322238583858,0.7926051639040398,0.8087913284957886,-0.08771143902917022
280.89999999981706,pick_play,pick,0.0,0.0,0.0,0.9971113242639792,0.7052617521547843,2.6547808305132365,-4.278791513111645,-0.015553091343332671,0.01087756813209613,-0.0159698346800804,0.012271822187915928,-0.00020163319058258752,-0.017145815594290136,0.11755002756336139,0.4576987852499339,0.424359080044893,0.33568842079734806,-16.262106899123378,0.5582228188083285,0.4810537781963349,-14.143103356410599,-0.04426971321298857,0.0016135431826114627,3.677918308309115,0.8068917994868199,0.8230265865982056,-0.08707764963352393
280.91999999981704,pick_play,pick,0.0,0.0,0.0,0.9968094345777379,0.7182151644170758,2.6544792849647,-4.2980356550254495,-0.015874610399814835,0.010955269726874255,-0.01607243976505177,0.011961954537980017,-0.00036213558992468275,-0.016616438810817886,0.11700348011047035,0.4555690684708342,0.42827265439409645,0.3382777359733582,-16.50085017807061,0.5615318762494552,0.48330024745559697,-14.33311477672105,-0.04439610896348155,0.0015176393091678592,3.6800714721776306,0.821122628846792,0.8372098098457337,-0.0863611934957591
280.939999999817,pick_play,pick,0.0,0.0,0.0,0.9965064244017414,0.7307970939197579,2.653998706917406,-4.316670606497974,-0.01618193878269449,0.011043009410775961,-0.0161603204217799,0.011603040421408759,-0.0004966354191072241,-0.01607587595385832,0.11643095067144989,0.4533207204369363,0.43219065753982083,0.34086433913803105,-16.74076646647317,0.5648216209474841,0.4854899432907105,-14.529608839343592,-0.04451634943178541,0.0014264032244682284,3.6820619175555223,0.835298038044245,0.8513378987968445,-0.08564835763995471
280.959999999817,pick_play,pick,0.0,0.0,0.0,0.9962025004598591,0.7429813328299942,2.653376762872835,-4.3346677800031195,-0.01647070589202174,0.011143935157643907,-0.016234996063972506,0.011225739637341567,-0.0006143069097310069,-0.015509202244000996,0.11584954912384444,0.4510268731596073,0.4361110553450172,0.3434566941509247,-16.97989056414691,0.5680898674388944,0.4876755860099793,-14.722797243454135,-0.044629353075841094,0.0013490289449691745,3.6845207329937253,0.8494213810246737,0.8654203901947022,-0.08490526804812881
280.979999999817,pick_play,pick,0.0,0.0,0.0,0.9958978699935708,0.7547456289724823,2.6526299230987207,-4.35199926715627,-0.01674052284728955,0.011259488423457847,-0.01629716605456895,0.010825062303872706,-0.000722980669078589,-0.01491859300728064,0.1152461419588558,0.44862605901262453,0.44003201386340224,0.3460454430828095,-17.21965293036545,0.5713342840463056,0.4898067500839234,-14.921320444620314,-0.04473453170040872,0.0012751936912536593,3.686609255946253,0.8634973435055345,0.8794608007133484,-0.08419076160900985
280.99999999981696,pick_play,pick,0.0,0.0,0.0,0.9955927349116592,0.7660789014794289,2.651687906327045,-4.368648827331716,-0.016989578270970154,0.011395392031617447,-0.016357953193372656,0.01041799921999954,-0.0009154570044207608,-0.014313681734574544,0.1146380662370193,0.44619359462174457,0.44395049455117924,0.34863836433982853,-17.457974316502842,0.5745534227258792,0.49193436768150334,-15.115817567088104,-0.04483145063364469,0.0012131005525588962,3.68895328310646,0.8775333251810638,0.8934705744445801,-0.0835100757597429
281.01999999981695,pick_play,pick,0.0,0.0,0.0,0.9952871928344222,0.7769637754714249,2.6505081840759255,-4.38459906750184,-0.017218286015925458,0.011556607396938316,-0.016417473167409758,0.009992307945550914,-0.0011338067009635817,-0.01369451270731835,0.11401207992097627,0.4436683764122776,0.447865300532379,0.351222553516388,-17.697116249007152,0.5777463991111548,0.4940053012619019,-15.315755297388602,-0.044920172001474946,0.001152184605598447,3.6907478454771305,0.8915326997411932,0.9074442277610779,-0.08290892934481608
281.0399999998169,pick_play,pick,0.0,0.0,0.0,0.9949812812586825,0.787380862736767,2.648946842210788,-4.399863329009009,-0.017429262583496356,0.011749581465598494,-0.016489887359443813,0.009552825669549942,-0.0014776846547329369,-0.013119225687692217,0.11337768589589839,0.4410914142369334,0.45177501727790065,0.35380090143775944,-17.936271258405075,0.5809132205937274,0.4960563119897843,-15.514573833302505,-0.045001040662190094,0.0010974638164043399,3.6924262236725247,0.905497341799329,0.9213846812904358,-0.08234198652274494
281.0599999998169,pick_play,pick,0.0,0.0,0.0,0.9946749533373124,0.7973156768599856,2.646891581064999,-4.414442284223352,-0.017624032658261467,0.01196854471660248,-0.016575160790259866,0.009099691714689433,-0.0019138617611113478,-0.012542172104827897,0.11273767124419569,0.43847137576747225,0.45567955926450193,0.35636673238372807,-18.176748723794535,0.5840547156385258,0.49807929363346104,-15.713941511909846,-0.045074897663874215,0.0010478988289833041,3.6939530320539506,0.919430356919844,0.9352983127296448,-0.08176419881355534
281.0799999998169,pick_play,pick,0.0,0.0,0.0,0.9943681955987523,0.8067484879378578,2.6442707985237957,-4.428317831091795,-0.01780474039707073,0.012211194731731809,-0.016667132188949,0.008628852794254153,-0.0024088506757463843,-0.011950712388531943,0.11209430495098022,0.4358136717277696,0.4595790536314024,0.35891673829650883,-18.419181277561915,0.5871710657236804,0.5000691052923203,-15.914780623434988,-0.04514325470350313,0.0010055311024188968,3.695637333191528,0.9333372955276358,0.9491940031707764,-0.08118039789170717
281.0999999998169,pick_play,pick,0.0,0.0,0.0,0.9940611067135421,0.8156511350133976,2.64104708687612,-4.441401417461344,-0.017972257355012445,0.012473636856049658,-0.01675640200721736,0.008130026131267003,-0.0029320947404629805,-0.011294763151903003,0.11144791433643879,0.43311829759170495,0.4634731463551169,0.3614507701644898,-18.66349162453437,0.5902611408934832,0.5020224985132218,-16.117371527872766,-0.045207560093454544,0.0009710200130939456,3.6977115280790507,0.947225307288826,0.9630799780548096,-0.08061872593212926
281.11999999981686,pick_play,pick,0.0,0.0,0.0,0.9937538384330687,0.8239853982469089,2.6372155425003903,-4.453684048365057,-0.018126704576488857,0.012760608391681326,-0.01683743689543647,0.00759783631653709,-0.0034558878305574327,-0.010624548993661933,0.11079830863072947,0.43038624847040924,0.4673609909800005,0.36397002008056645,-18.909280129403616,0.5933231251233468,0.5039433923015595,-16.320621946526142,-0.04526879718511472,0.0009435757994651767,3.700174415700297,0.961103134555074,0.9769646416366577,-0.08013495871147969
281.13999999981684,pick_play,pick,0.0,0.0,0.0,0.9934465746981377,0.8317274178287907,2.632792114860567,-4.4651769421114045,-0.018267390522902858,0.013073624389283193,-0.01690623281306295,0.007047466044510254,-0.003963290960013855,-0.009959489192261934,0.11014720620755428,0.4276212203936219,0.4712409604278579,0.3664715674171448,-19.156702439439485,0.5963552531298713,0.5058352735290528,-16.52357028256535,-0.04532782729165336,0.0009185418486595126,3.7027139779234117,0.9749764225714304,0.9908483515441895,-0.07973977004642252
281.1599999998168,pick_play,pick,0.0,0.0,0.0,0.9931396923983782,0.8388953257920118,2.6277928903771386,-4.475799032683674,-0.018393631120910962,0.013403840984943058,-0.016951924282379887,0.006514786846645091,-0.004455441501277119,-0.009209907669869231,0.10949791229366122,0.4248242790414628,0.47510839832767143,0.3689432230243683,-19.406897520067947,0.5993549629604166,0.5076951768646241,-16.72624217099335,-0.04538575857612683,0.0008817099034786197,3.704306220350139,0.9888346743259322,1.004697371548462,-0.07940255573943322
281.1799999998168,pick_play,pick,0.0,0.0,0.0,0.9928338072071697,0.8455098744759452,2.6222344181447674,-4.4854730275446615,-0.018506121444802348,0.013750697098662288,-0.01696285081405369,0.005995583396744322,-0.004931377852230919,-0.008396155161547642,0.10885020185451748,0.42198569592921764,0.47895616780227124,0.37138579156494145,-19.658239792757932,0.6023176287756025,0.5095171716461182,-16.9287173344879,-0.04544449474387532,0.0008254915475845309,3.704567861757535,1.0026611768451874,1.0184978733718872,-0.07890461663088677
281.1999999998168,pick_play,pick,0.0,0.0,0.0,0.9925296002093184,0.8515949160397287,2.616151644169196,-4.494139414368608,-0.018607030841563493,0.014107122576723148,-0.01693495508992895,0.005497049587181367,-0.005372533140072572,-0.007487357159480234,0.10820246717051468,0.41909305013519565,0.4827766528897793,0.37379623320198063,-19.909883060570973,0.6052382390497427,0.511305161977768,-17.129366054997345,-0.045505751972115836,0.0007477372884750338,3.7034500620276836,1.0164278461215677,1.0322040806472779,-0.07824482554789147
281.21999999981676,pick_play,pick,0.0,0.0,0.0,0.9922276828946848,0.85719232338148,2.609606858323461,-4.501713579956619,-0.018699318429258843,0.014462281614694586,-0.016869449370090335,0.005033622972281069,-0.005753943947191696,-0.006418181133447895,0.10755308251326512,0.4161340256213854,0.4865630119573758,0.3761708226451874,-20.161344027537417,0.6081128768801992,0.5130612489233017,-17.327188880493313,-0.04557081631046766,0.0006469570100307437,3.7009120341492734,1.0301001997948465,1.045781422680664,-0.07723333833894896
281.23999999981675,pick_play,pick,0.0,0.0,0.0,0.9919285741587051,0.8623393027469133,2.602686356570778,-4.508159983803262,-0.01878605383908764,0.014830317091562673,-0.016769668215536437,0.004600981358943436,-0.006058020321208508,-0.005357508305012903,0.10690056473883155,0.41309812057104617,0.4903096680711545,0.3785069670925141,-20.41213125384181,0.610938309042242,0.5147839721689225,-17.52191871373056,-0.04564108211683522,0.0005226664245128604,3.6970390359431593,1.0436500221319347,1.0592139254272461,-0.07585853375218632
281.2599999998167,pick_play,pick,0.0,0.0,0.0,0.9916327061180112,0.8670630391419744,2.595487069080524,-4.513445490736612,-0.018869053803475058,0.015212764664423464,-0.016639073743358407,0.004190675116835136,-0.006277076260467268,-0.004323074843792106,0.10624469637740279,0.4099793369577321,0.49401248357930017,0.38079921271896366,-20.66258710545825,0.6137118249319755,0.5164767291793824,-17.712495338626674,-0.04571929612479169,0.00037534609436988553,3.6920672392057146,1.057057808911619,1.0724892507255555,-0.07422043853983118
281.2799999998167,pick_play,pick,0.0,0.0,0.0,0.9913404503547145,0.8713854943542597,2.5881026842257886,-4.517542068230696,-0.018948363421619988,0.015606907780995615,-0.016481217405145444,0.003797065126829415,-0.006414983074369567,-0.003283241929441327,0.10558746743217202,0.4067849605797128,0.49766818082430064,0.38304660585021977,-20.912407905626225,0.6164311571307455,0.5181416061172486,-17.898172350581564,-0.04580909865320536,0.00020809173583984097,3.686481407945652,1.0703092536054781,1.085597712820816,-0.07236798420861956
281.2999999998167,pick_play,pick,0.0,0.0,0.0,0.9910521600745291,0.8753287991945174,2.5806070921446547,-4.5205223116796835,-0.0190233374105788,0.01602139144068784,-0.01629871848130586,0.003426341130488548,-0.006492330853593965,-0.0023161374076765967,0.10493018974185357,0.4035260335115124,0.5012731080237655,0.38524589803314213,-21.161468515181554,0.6190942697010395,0.5197794523487091,-18.078442590620774,-0.04591514390973478,3.171786665916165e-05,3.681689933092192,1.0833842283473865,1.0985046814144135,-0.07041104029087386
281.3199999998167,pick_play,pick,0.0,0.0,0.0,0.9907681959886272,0.878907900129633,2.5730423248222007,-4.522509672123512,-0.019093200764346365,0.016455420983774217,-0.016094185868085486,0.0030725757088896554,-0.006538531037075295,-0.00146180008962042,0.10427464851612246,0.4002171492083816,0.5048234229630151,0.3873964634189606,-21.409176168634673,0.6216989131840858,0.5213878836879731,-18.253311488797102,-0.046040838686258,-0.0001534849405288724,3.677930199284116,1.09625749671268,1.1111829171836853,-0.06824546804539167
281.33999999981665,pick_play,pick,0.0,0.0,0.0,0.9904889427246631,0.8821180872258254,2.5654174849093554,-4.523650295093915,-0.0191575340531579,0.01690720322249777,-0.015869509341682613,0.002718113168702255,-0.006582084640487209,-0.0007371602059345415,0.10362319826001336,0.3968790267727186,0.5083154612308041,0.3894983020076752,-21.654886469372503,0.6242421999634801,0.5229621913681031,-18.42306176766416,-0.04618857537284304,-0.0003512643277645139,3.675065533806955,1.1089053479019075,1.123614538735199,-0.06581552699720972
281.35999999981664,pick_play,pick,0.0,0.0,0.0,0.9902148018892672,0.8849267772533282,2.5577003070916513,-4.524333608724623,-0.019215145659803565,0.01739450149323376,-0.01562840985377009,0.002350559769414109,-0.006664894924569431,-0.00036023902193740577,0.10298417937595578,0.3935580450998519,0.5117449640861298,0.3915519204387665,-21.897686606704955,0.6267206267702194,0.524516889120102,-18.584396452547548,-0.0463603471450407,-0.0005623206496238736,3.6733107130599087,1.1213117447848113,1.1357934663951874,-0.06321766089727632
281.3799999998166,pick_play,pick,0.0,0.0,0.0,0.9899461752201121,0.8872736211728635,2.5498858743667356,-4.524873258066321,-0.019266232290755882,0.01789913445463311,-0.01536525790116014,0.0019346825213312135,-0.006745885927284567,-0.0002543032193841135,0.10234731201388944,0.3902057702367391,0.5151091402181356,0.3935450699577332,-22.139380695779032,0.6291297629669802,0.526012712384224,-18.74349298332348,-0.04655607618540299,-0.0007943242788314847,3.6717770925394166,1.1334651700182086,1.147712428396988,-0.06042609365783069
281.3999999998166,pick_play,pick,0.0,0.0,0.0,0.9896834947941213,0.8891268897422115,2.54194069697441,-4.525323962666109,-0.01930923911507294,0.018402792098181964,-0.015084115785685996,0.0014994882890897391,-0.0068661197542767925,-0.00017286557573035536,0.10172656144221481,0.38689450588797447,0.5184047384027809,0.3954780783901215,-22.379310003918384,0.6314660077207517,0.5274997290620804,-18.890782474856287,-0.04677766384388092,-0.001039813458919528,3.671382483625859,1.1453594919199752,1.159367461031723,-0.05755123312544769
281.4199999998166,pick_play,pick,0.0,0.0,0.0,0.9894271569983167,0.89049616776687,2.533825356111415,-4.5256831219474085,-0.019344106371735004,0.018906155517098178,-0.014786333553550942,0.00106934486836097,-0.0070162944506794635,-0.00010058868613546036,0.10111561788543157,0.38359976784151667,0.5216282448526467,0.3973510351428986,-22.616804271022648,0.6337269118115553,0.5289414611110688,-19.032474949587296,-0.047025114705851113,-0.0013072185218334226,3.671318082879387,1.1569883303853616,1.1707524846256256,-0.05457567534114932
281.43999999981656,pick_play,pick,0.0,0.0,0.0,0.9891774928075779,0.8915398794073007,2.525530423901173,-4.525968234154446,-0.019371726400208886,0.019423585297622586,-0.014473106215130474,0.0007711415935249478,-0.00717346968226311,-7.399918327180192e-05,0.10051355924396493,0.38032556347475655,0.5247730708341831,0.399162748123169,-22.850654938753518,0.6359138398270874,0.5303399350891114,-19.168745698362695,-0.04730236097302123,-0.0015972100198268918,3.6719490342253494,1.1683495768653402,1.181870360201645,-0.05145419484851915
281.45999999981655,pick_play,pick,0.0,0.0,0.0,0.9889347582244558,0.8923579549679841,2.5170575818325513,-4.52618040396426,-0.019393311769715555,0.019946183109167057,-0.014147558734292473,0.0005709815421123117,-0.007328870212737208,-4.892498348469621e-05,0.0999190597628022,0.37707306686622477,0.5278351148266742,0.4009159889469147,-23.079784487621847,0.6380274321300972,0.5316958513507843,-19.299583803153208,-0.04760790989105038,-0.0019155509769916562,3.6724973390125903,1.1794438403773688,1.192727167433548,-0.04822681947127205
281.4799999998165,pick_play,pick,0.0,0.0,0.0,0.9886991167374923,0.8928908108847398,2.5084120985324287,-4.5263411861235125,-0.019409062022290646,0.020458441165211408,-0.013814003233252629,0.00033656795345480563,-0.007480157017590609,-2.0411392417830508e-05,0.09933167736232339,0.37384488287014217,0.5308152265432625,0.4026097443351746,-23.30491761651316,0.6400655864211878,0.5330152448663712,-19.423324507761347,-0.047938591279484716,-0.002262647449970248,3.6725927952829798,1.1902771308407905,1.203332681483078,-0.044979586402077776
281.4999999998165,pick_play,pick,0.0,0.0,0.0,0.9884706271919448,0.893041417039401,2.4995979447177366,-4.526479712686614,-0.019418094966035266,0.020955641854654154,-0.01347701807507824,8.151740451148153e-06,-0.00762884577686152,-1.5960928809149034e-06,0.09875162000304465,0.3706459664872477,0.5337161063872946,0.4042404380092621,-23.527374606732774,0.6420262829945322,0.5343009170541764,-19.539022568059366,-0.04829093217179246,-0.002634979039430621,3.6722078360038637,1.2008583248321874,1.2136970351398468,-0.04177199058045861
281.5199999998165,pick_play,pick,0.0,0.0,0.0,0.9882492844210059,0.8927413542263998,2.490612903749041,-4.526600921878318,-0.019419056124981866,0.02145046202274302,-0.013140898957097656,-0.00028489864481532154,-0.0077798410295317625,1.6146427334894783e-05,0.0981798915305909,0.367482912318852,0.5365403244690127,0.4058053281555176,-23.74788653914762,0.6439086772243622,0.535553568268776,-19.64669210012074,-0.048661845061166734,-0.0030293382704257993,3.6714076956452595,1.2111986808352275,1.2238338182628632,-0.03862476053196989
281.5399999998165,pick_play,pick,0.0,0.0,0.0,0.9880350407878069,0.8919496103261794,2.481471118808113,-4.526639027493401,-0.01941152256680859,0.0219296097184474,-0.01280434992887491,-0.0006730657905829385,-0.007914596677218312,6.510722992527345e-05,0.0976115664861597,0.3643353530645567,0.5392905023927473,0.40730662014579777,-23.966829411668932,0.6457127589532925,0.5367565092096329,-19.74910336333932,-0.049049009534020395,-0.003448001295328143,3.6698172798513045,1.2213115807664912,1.233758081024933,-0.03557290837205013
281.55999999981645,pick_play,pick,0.0,0.0,0.0,0.9878278524460824,0.8905908202980265,2.472141495801157,-4.526482158874584,-0.01939312854922171,0.02237862644539182,-0.012471941271215647,-0.0012598499938651906,-0.008085631502627894,0.000205598313157971,0.09705937739162328,0.3612707002442829,0.541969802040858,0.40874902274703984,-24.18444459481072,0.6474380394407468,0.5379502561340332,-19.838379772032116,-0.049449811330473034,-0.0038797289133071927,3.668049222541014,1.2312106382553267,1.2434821913898468,-0.032649884242631044
281.57999999981644,pick_play,pick,0.0,0.0,0.0,0.9876277745256896,0.8887006886408252,2.4625793782757754,-4.525882599218606,-0.01936410980123794,0.022786165476305357,-0.012138559667115132,-0.0017983939998945386,-0.008287830741551308,0.000734896286174318,0.09651819535455847,0.35825877256428085,0.544578057536308,0.4101165321121216,-24.402592583056684,0.6490853939499676,0.5390916701803208,-19.923348538027874,-0.04986189152943076,-0.004320456832647326,3.6663689824029033,1.240891973971772,1.2529713104427338,-0.029942492760896833
281.5999999998164,pick_play,pick,0.0,0.0,0.0,0.9874349406221512,0.8861669485703085,2.452704025780017,-4.524449013059535,-0.0193249430689303,0.023145728930368238,-0.011806207366902924,-0.002417746999692137,-0.008562762910215769,0.0015575324890358408,0.09599500911205044,0.35534174451013567,0.5471184636184193,0.41144035127258305,-24.61635718826569,0.6506520807672463,0.5402070369968415,-19.9984677569132,-0.05028133694097164,-0.0047669552266597776,3.6646126451175465,1.2503397320301763,1.2622064839065552,-0.02716710982075138
281.6199999998164,pick_play,pick,0.0,0.0,0.0,0.9872494708180327,0.8827783910364102,2.4424395945681696,-4.521527327630141,-0.01927979085094591,0.023419568313886592,-0.011472926802757768,-0.0032459538147440806,-0.008888946500343803,0.0029220759615400946,0.09547853896662753,0.3524492735358073,0.5495980006923016,0.41271913912391667,-24.82780420254626,0.6521332519458148,0.5412528898963929,-20.070345895052764,-0.05070389959601504,-0.005222927033901217,3.662112203142177,1.2595402876371045,1.271184552735138,-0.024191122938646892
281.6399999998164,pick_play,pick,0.0,0.0,0.0,0.9870714939967881,0.8783588643132969,2.4317006799260614,-4.516731257575925,-0.01923024195941562,0.023636244748651,-0.011139945141180049,-0.004234845547263208,-0.00929013395330346,0.004593931327558791,0.0949779962441831,0.3496335201120078,0.5520212421762041,0.4139552202472687,-25.037143821939296,0.6535250080739864,0.5422638144741059,-20.132095846831056,-0.05112551182498238,-0.005675411969423297,3.659588718253367,1.2684881355846611,1.2799101660907746,-0.02105170586287114
281.65999999981636,pick_play,pick,0.0,0.0,0.0,0.9869009518437819,0.8728021155176948,2.4204204720827276,-4.509870962812721,-0.019173515137812916,0.023819427629026026,-0.01081700033763532,-0.005312481151548929,-0.009742038980916766,0.006417534188340414,0.09448406265933905,0.34684740335078795,0.5543922139635524,0.41514555480575566,-25.24561799211395,0.6548261980902952,0.5432000842342377,-20.190889610181717,-0.051542485193430874,-0.006126619130373004,3.6565928611820144,1.2771820873289172,1.2883828471363068,-0.017857273330488255
281.67999999981635,pick_play,pick,0.0,0.0,0.0,0.986737584401939,0.8660941368640046,2.4085315179014235,-4.500876586913848,-0.019103944222005592,0.023988523578649026,-0.010513061578645368,-0.006394099327831727,-0.010255743743486088,0.008289365376028745,0.09400495387966853,0.3441333279585899,0.5567138040138409,0.4162885930786133,-25.453947633817595,0.6560393737627525,0.544087656999588,-20.242828001356855,-0.05195145948468044,-0.006569723784923556,3.6534190475644097,1.2856246312424955,1.2966090927780152,-0.014638218643852396
281.6999999998163,pick_play,pick,0.0,0.0,0.0,0.986581246758564,0.858259191443884,2.3959538897661394,-4.489806450041442,-0.01902144240226654,0.024158165128998696,-0.01022250388732881,-0.007447868089382735,-0.01084202851255438,0.010098853951497042,0.0935465296071241,0.34152192505449186,0.5589863270403108,0.41738671925163273,-25.661555081682103,0.6571670240948742,0.5449365016469956,-20.286531289446767,-0.052349279965267274,-0.0070039808750152616,3.649885485531915,1.2938223178258825,1.3045995126426697,-0.011433006670018009
281.7199999998163,pick_play,pick,0.0,0.0,0.0,0.9864318675081453,0.8493277718795127,2.382644886032255,-4.476794354488873,-0.01892733025200074,0.02433506058152111,-0.009937621297406706,-0.00846960836865405,-0.011461121817065732,0.011785357743802726,0.09310402591854676,0.3389894944445521,0.561209286631627,0.4184364464530945,-25.868916958829885,0.6582108986818811,0.5457295563468934,-20.32532896604931,-0.05273339408857319,-0.007431986927986148,3.6456155169518882,1.3017847784465841,1.312365997856903,-0.00828620370552946
281.7399999998163,pick_play,pick,0.0,0.0,0.0,0.9862894066864529,0.8393276255018713,2.3686247776688822,-4.462002510382398,-0.018822600514555726,0.024521829006654686,-0.009650804061443464,-0.009460234737007946,-0.012058626795384343,0.01332791158135169,0.0926729010763711,0.33651636538320034,0.5633821008989937,0.41943503286933903,-26.076415873891037,0.6591721904451658,0.5464649882564545,-20.35972455248914,-0.053102167050263306,-0.007853153347969058,3.640577034833615,1.309522737071024,1.319918979233551,-0.00523490027693968
281.7599999998163,pick_play,pick,0.0,0.0,0.0,0.9861538568769421,0.8283076154998966,2.3539143359086174,-4.445657626441327,-0.01870696052182668,0.024727606570177477,-0.009361666493687242,-0.010394935966830476,-0.012645832741442415,0.014656858847631274,0.09225850777964772,0.33413490872450324,0.5655030100480389,0.4203852501163483,-26.283147749160367,0.6600523272662723,0.5471678015241623,-20.385498474086496,-0.05344577822615857,-0.008265241235494616,3.633545730588792,1.3170426170951282,1.3272638956964493,-0.00212949405764129
281.77999999981625,pick_play,pick,0.0,0.0,0.0,0.9860252630448019,0.8163272996085279,2.3385030657096255,-4.428529136403779,-0.01857910140663629,0.025013252935348895,-0.009071517697017539,-0.011245715446187408,-0.013257525661226002,0.015213162873782859,0.09186417853684462,0.33186289858930695,0.5675675281267805,0.42128367092704777,-26.488694572047493,0.6608524601825461,0.5478498127708435,-20.40068885724926,-0.053767374387911265,-0.00866658911108971,3.6259497427353744,1.3243541430017538,1.3344018052280426,0.000657950983032729
281.79999999981624,pick_play,pick,0.0,0.0,0.0,0.9859036506054413,0.8034526948826892,2.322391382101168,-4.411151251179293,-0.018440581050705944,0.025337122437216784,-0.008779140111069879,-0.012022026705614124,-0.013870629201709929,0.015392862728666103,0.09148583541432995,0.3296710320770088,0.5695724447692961,0.4221257653484345,-26.69342298907118,0.6615736635529305,0.5484882977256775,-20.409588780525205,-0.05407419418575797,-0.009055185317993167,3.6186163004165355,1.3314638891359638,1.3413429002225876,0.003352964923153623
281.8199999998162,pick_play,pick,0.0,0.0,0.0,0.985789043565612,0.7897657733536342,2.305574881669308,-4.3936813662925,-0.018293312369979574,0.0256694084469539,-0.008485429335188525,-0.01271912991326702,-0.014492709047455444,0.015471742709737897,0.09112908999423135,0.3275904217634929,0.5715153519617422,0.422913112903595,-26.89666265594478,0.6622176118820293,0.5491046097526551,-20.408705097498558,-0.05436926342364373,-0.009425449371337893,3.611956863392912,1.338372630500581,1.34808200997715,0.0060186234462844546
281.8399999998162,pick_play,pick,0.0,0.0,0.0,0.9856814585249046,0.775351095770946,2.28804412454226,-4.376106796776245,-0.018140730353737446,0.025994593717507983,-0.008190980355685953,-0.013343948666207436,-0.015121967444471869,0.015572923515845528,0.09079244716710012,0.3256172749808865,0.5733944535045092,0.42364663746452336,-27.097969380449786,0.6627862181520658,0.549693742061615,-20.399298392759732,-0.054653708091762794,-0.00978161692619324,3.605635779083463,1.345081014079087,1.3546219061077118,0.008686731393614477
281.8599999998162,pick_play,pick,0.0,0.0,0.0,0.9855808893154779,0.7602860414831893,2.2697902883089536,-4.358370394627985,-0.017986024526316563,0.02630638162097731,-0.007897096550840825,-0.013903464545317212,-0.01575905104442404,0.015725748567055192,0.0904773665906502,0.3237635396608704,0.5752085060815897,0.42432720329856877,-27.29700537712758,0.6632814443449527,0.5502614763031006,-20.38068416347092,-0.054928195301455006,-0.010124328732490542,3.5996327342005374,1.3515897267897796,1.360962111777115,0.011332976546083728
281.87999999981616,pick_play,pick,0.0,0.0,0.0,0.985487326043944,0.7446157814969826,2.2508492720221014,-4.340430437103616,-0.01783398382470484,0.026601449187154944,-0.007598527570849544,-0.014429696187350387,-0.016356555472262127,0.01591036606871051,0.09017313728632029,0.32197401206193604,0.5769573671080104,0.424952485824585,-27.494253468367322,0.6637042812786872,0.5507770117769242,-20.358529397498263,-0.055193005136858285,-0.010458505898714068,3.593553821763491,1.3578941706045538,1.3670893649518967,0.013944610932383028
281.89999999981615,pick_play,pick,0.0,0.0,0.0,0.985401006890871,0.7283339210791403,2.2312965758390617,-4.322297653766597,-0.017693982883666203,0.026880149716233183,-0.007277672890506026,-0.014965866989337159,-0.016886593650313735,0.016075471576450305,0.08987928968796752,0.32024785417880075,0.5786398479240071,0.4255221572170258,-27.68946665746637,0.6640525911831446,0.5512609120855332,-20.32847921125868,-0.05544746335115896,-0.01078097075223923,3.587540787746762,1.3639819650081106,1.3729831616342545,0.016589780083506728
281.9199999998161,pick_play,pick,0.0,0.0,0.0,0.9853221889120598,0.7114633367716636,2.2112054706994817,-4.303713227278556,-0.017568621611329365,0.027113689118721734,-0.00693713228536773,-0.01548494526171829,-0.01735065691985365,0.016529418045642588,0.08959159167732499,0.3185635874890061,0.5802548713384611,0.4260368731269837,-27.882367139827956,0.6643247529535717,0.5517139073858262,-20.29017108598001,-0.05569063562681124,-0.011092550307512286,3.5814444254936957,1.3698408068853132,1.3786370794237137,0.019374737134816827
281.9399999998161,pick_play,pick,0.0,0.0,0.0,0.9852510092979094,0.6940698727735417,2.1906286653553737,-4.284370578375698,-0.017457026536878868,0.027306892224722067,-0.0065851016010838315,-0.01595220754959651,-0.017768774925161913,0.017250328641820366,0.08931016309281689,0.31692691239363807,0.581801467126097,0.42649982240295414,-28.072182264366443,0.664521086850877,0.5521376517066956,-20.243495044798603,-0.05592155970150665,-0.011391884833574298,3.575290141518933,1.3754624191430047,1.3840479145706177,0.022281757954867837
281.9599999998161,pick_play,pick,0.0,0.0,0.0,0.9851864494785774,0.6763970980597298,2.1700337021533875,-4.2641549709507975,-0.017372321774114043,0.02749706050000211,-0.006241192577035542,-0.016177638729731356,-0.017698326148308526,0.017995222564741006,0.08902689627610921,0.31528911889930794,0.5832862011163982,0.4269091871032715,-28.26095766167233,0.6646552271759669,0.5525044586906434,-20.19681491678474,-0.056139564627660156,-0.011681708693504336,3.568823469078876,1.3808428675130637,1.3892165015399933,0.025281692691907526
281.9799999998161,pick_play,pick,0.0,0.0,0.0,0.9851269608457383,0.658798046997746,2.1501336810262837,-4.24331040616943,-0.01731814234390926,0.027712406302269784,-0.005902676293593553,-0.016095403387500484,-0.01703854404998593,0.018505843492547965,0.08873761889753075,0.3136298992889202,0.5847174697897257,0.427271821762085,-28.449282025535688,0.6647450882860704,0.552838125492096,-20.149671455075072,-0.056345584273328454,-0.011967408657073977,3.5617881141440946,1.3859863427368686,1.3941572646558762,0.028332930275688395
281.99999999981605,pick_play,pick,0.0,0.0,0.0,0.9850722197762178,0.641450854688643,2.1310204669414565,-4.222009003125456,-0.017270952703053788,0.02793044208992216,-0.005576101578655739,-0.015859938747994923,-0.016361483326189984,0.018875384571110196,0.08844470774375106,0.3119671280120678,0.5860943004132995,0.4276167538414002,-28.630888763551642,0.6647958645757739,0.5531863805303574,-20.093230658691102,-0.05654081817009286,-0.012255250662565234,3.5537789205118737,1.3908960948164248,1.3988645116746903,0.031292915503456725
282.01999999981604,pick_play,pick,0.0,0.0,0.0,0.9850211431908503,0.6246703580667401,2.1124206030941486,-4.200331650490693,-0.017213002450042217,0.028151652443234802,-0.005341861728782613,-0.015325959291337687,-0.01595883099636568,0.019190273114953256,0.08815744125030263,0.31033469782448164,0.5874179912522639,0.4279269960174561,-28.809265142904408,0.6648245963738335,0.5535503413925171,-20.031298419645086,-0.056725988913306574,-0.012536595761775973,3.5455192604450945,1.3955728814017772,1.4033379147708893,0.03421014817585116
282.039999999816,pick_play,pick,0.0,0.0,0.0,0.9849729335159186,0.6086361278021649,2.0940709025750293,-4.178455219952696,-0.01714540342432435,0.02836692986336327,-0.005165536324314469,-0.014659686389920336,-0.015762676937310437,0.019328560855600193,0.08787564951178162,0.3087140363811316,0.5886901705530906,0.4281820740947724,-28.988426659213946,0.6648413140251284,0.5538859155426026,-19.973048346494263,-0.05690261010533058,-0.012815821170806888,3.5368324817024503,1.4000199436949352,1.4075861762226105,0.03711819696221377
282.059999999816,pick_play,pick,0.0,0.0,0.0,0.9849275867101734,0.5933331006200483,2.07558513448567,-4.156535636718902,-0.017061944996226704,0.028551922446110947,-0.005025712230392837,-0.01401837767807086,-0.015939933094754576,0.019352604287510806,0.08760359764865631,0.30713251425436083,0.5899092432911937,0.42838389542198185,-29.167437673389276,0.6648460062928854,0.5542222794542313,-19.912436971161537,-0.05707182192966796,-0.013084451854228976,3.5284644130095613,1.4042433635948568,1.411617834395218,0.03998342237441438
282.079999999816,pick_play,pick,0.0,0.0,0.0,0.9848851230584458,0.5786809557213481,2.0566032121421727,-4.134701794572504,-0.01696292506248107,0.028698824344150317,-0.0049192563626331435,-0.013445092944087593,-0.016411901151061302,0.019264491581443676,0.08733830958530074,0.30557108732423816,0.5910751770608177,0.42852393653488163,-29.347971470803873,0.6648377849004725,0.5545370664844513,-19.853318098013617,-0.057233796464416675,-0.013340323418378833,3.520546553687197,1.4082492911438267,1.4154372553289414,0.04277138335024028
282.09999999981596,pick_play,pick,0.0,0.0,0.0,0.9848453824050272,0.5645819488121135,2.036918646645175,-4.113105856161866,-0.016850807516705705,0.028806175895776383,-0.004840933961233094,-0.01295713703927609,-0.017051500052989867,0.019040167775127095,0.08708310811327079,0.304047213813656,0.5921903984252501,0.4285978462944031,-29.531510984082306,0.6648165146868255,0.5548379358301163,-19.794354533744162,-0.05738807619334521,-0.013579062372446063,3.5133523946715655,1.4120454190901455,1.4190553317726136,0.04549868603599186
282.11999999981595,pick_play,pick,0.0,0.0,0.0,0.9848081748540236,0.5509519615793583,2.0164281693932775,-4.09189675891874,-0.016728546231830812,0.028873443648265263,-0.004780097690422097,-0.012533721730947453,-0.017772557296727505,0.018689063496865194,0.08684069428201353,0.30257564218715505,0.593257692433314,0.4286088433513642,-29.717968417887512,0.6647822751633229,0.5551312353858948,-19.73442484866402,-0.05753397656643337,-0.013801160454750064,3.5067824901192672,1.4156409246110617,1.422482017701912,0.048137666539590895
282.1399999998159,pick_play,pick,0.0,0.0,0.0,0.984773871203799,0.5376522371642035,1.995120326545334,-4.071207287742298,-0.01660054805500961,0.028893872125795958,-0.004694276824780914,-0.012242454501192674,-0.01849424951283269,0.01822186750432482,0.08660732926837644,0.30113975748244315,0.5942766542122894,0.4285627689609528,-29.90592884816211,0.6647286904126952,0.5554086354026795,-19.67326493168054,-0.057671075821626144,-0.014010056108236316,3.500545131350027,1.4190458249767108,1.4257277886331559,0.05067282720471547
282.1599999998159,pick_play,pick,0.0,0.0,0.0,0.9847433150812468,0.5244881199357843,1.973072894394423,-4.051145360797132,-0.016469424237390205,0.02886360089396578,-0.004553728069502273,-0.012124760729891328,-0.019140197756442698,0.01766264227911543,0.08637812330702081,0.29972206777878985,0.5952444110713565,0.42846507694816593,-30.0937869405532,0.6646442241936896,0.5556726839790345,-19.608199378519842,-0.057798937875935257,-0.01420465409755707,3.494690103463684,1.4222698996689724,1.4288014958560944,0.053092931411804045
282.1799999998159,pick_play,pick,0.0,0.0,0.0,0.9847173831331851,0.5112958892641658,1.9504146790919088,-4.031769788704416,-0.01633521241932763,0.028786270716279712,-0.0043586860137664225,-0.012132738461662166,-0.019669732173255402,0.01705889864248074,0.08615265192742598,0.29833096174444007,0.5961573853365287,0.42832524445152287,-30.279099332854845,0.6645184999689204,0.5559387144098282,-19.53456952894042,-0.057916634098403245,-0.014381556957960132,3.4893827651107836,1.4253217407239422,1.4317102919281006,0.05540598642301858
282.1999999998159,pick_play,pick,0.0,0.0,0.0,0.9846965099638374,0.4980406734629902,1.927288233346023,-4.013072439076945,-0.016197199220698035,0.028669511386537887,-0.004129649599271028,-0.012159159611218832,-0.020074529336678824,0.016467742790471175,0.08593311491072594,0.29697866121144856,0.5970131786543181,0.4281430032501221,-30.461574508397085,0.6643474967925636,0.5562056240091324,-19.45232244875116,-0.05802366636228747,-0.01454223990440369,3.4844982332738414,1.4282094827216996,1.434461895650673,0.05761478056107161
282.21999999981585,pick_play,pick,0.0,0.0,0.0,0.9846808098229596,0.48476551174513965,1.9038427415320724,-3.9950117587416996,-0.01605556255537038,0.028518667241428368,-0.0038812794729029426,-0.012143597989142253,-0.02034709151191959,0.01591356000069515,0.08571750844594332,0.29565436309324333,0.5978106407888201,0.4279216017971039,-30.640515695867617,0.6641311073751008,0.5564567681798935,-19.364732500435757,-0.05812019656312947,-0.014691322296857837,3.479716043545062,1.4309416697383677,1.4370659480751038,0.05972738608191572
282.23999999981584,pick_play,pick,0.0,0.0,0.0,0.9846701842042599,0.4715484754334344,1.8802309651491143,-3.9775442933653222,-0.015910239021904728,0.02833755232182133,-0.003623414706572137,-0.012058436303827495,-0.020485399877279105,0.015395453885402342,0.08550409974907446,0.2943492759541208,0.5985497241119169,0.4276632156620026,-30.815604191953465,0.6638715543930749,0.5566848453531266,-19.27369331127783,-0.058206755043602426,-0.01483087167143822,3.474928674599689,1.4335272483592474,1.439531658119011,0.0617368596156989
282.2599999998158,pick_play,pick,0.0,0.0,0.0,0.9846644161931551,0.45848433059994714,1.8565809913266231,-3.9606369549617466,-0.015760473019431245,0.028128670682999974,-0.0033646083610791824,-0.011890321281251904,-0.02051579128679178,0.014904115759877821,0.08529496972684093,0.2930750023101635,0.5992308751663143,0.42737097408866886,-30.98639726671712,0.6635724613015501,0.5568966206560135,-19.178746617122442,-0.058284159974586004,-0.014960657060146335,3.470238730498015,1.4359750239477078,1.4418672810256958,0.06363954131150402
282.2799999998158,pick_play,pick,0.0,0.0,0.0,0.984663070796199,0.44567556014309606,1.8329868456131297,-3.9442675799620095,-0.015605450841560101,0.027892803913199118,-0.0031183594000568594,-0.011633723932600596,-0.020468309919882303,0.014430589431483648,0.08509265647835393,0.2918422622662543,0.5998561376779321,0.4270472910652161,-31.152809903187443,0.6632394934575658,0.557095059419632,-19.080399744702014,-0.05835283185620836,-0.015081118047237399,3.465628350674198,1.4382929936863904,1.444079939550209,0.06544201846280166
282.2999999998158,pick_play,pick,0.0,0.0,0.0,0.9846650055282455,0.43322693539695284,1.8095383726646423,-3.928428199514642,-0.015445339825386714,0.02762927481360061,-0.0029281012279066907,-0.011285788622522597,-0.02033908351282517,0.013961498080337219,0.08489778455587679,0.2906447262757155,0.6004337652559094,0.4266898420104981,-31.317631568514614,0.6628840840055836,0.557269939447403,-18.983383030320212,-0.058412323702228146,-0.015194545686244967,3.4608356861226897,1.4404886133237778,1.4461770246685028,0.0671506171221849
282.31999999981576,pick_play,pick,0.0,0.0,0.0,0.9846701690764156,0.42120841044414825,1.7862710977850584,-3.9131314874108782,-0.015280137949366068,0.027336607978386693,-0.0027273024693135308,-0.010882860005999246,-0.020185108798505574,0.013478638553925342,0.08470857862496825,0.2894739663791624,0.6009629107616369,0.4263030376682282,-31.478808077706095,0.6625082368119327,0.5574237492332459,-18.88649892072077,-0.05846373285017561,-0.015301856398582461,3.4559745364311856,1.4425685378523583,1.4481633792579651,0.06875522224444892
282.33999999981575,pick_play,pick,0.0,0.0,0.0,0.9846786204808503,0.40966438174963576,1.7632133010075839,-3.898399466760222,-0.015108820877509192,0.027013683316395202,-0.0025217692452160594,-0.01044285772994473,-0.02000643994874589,0.01297650519783667,0.08452517927379995,0.2883346610460393,0.6014422204897778,0.42589239146804814,-31.635204233238166,0.6621125873083419,0.5575669493923188,-18.788008727998484,-0.05850776596488969,-0.01539999917149544,3.451293431924886,1.4445379350322616,1.4500430266321183,0.07028242974926775
282.3599999998157,pick_play,pick,0.0,0.0,0.0,0.9846903081271967,0.39862651334853255,1.7403884143405348,-3.884251134593113,-0.014931436629624702,0.026658405034356444,-0.0023173947833946018,-0.009976306428604033,-0.019807988865845165,0.01245845428409481,0.08434850573254687,0.2872310966645002,0.6018715955294266,0.42545784380531315,-31.786908086835005,0.6616984260532875,0.5577012684593201,-18.68788397398193,-0.05854433675954226,-0.015488541871309283,3.446740882160187,1.4464008360142828,1.4518192003429413,0.07176240421000347
282.3799999998157,pick_play,pick,0.0,0.0,0.0,0.9847051131497296,0.38811225055766846,1.7178235831696105,-3.870700340510154,-0.014748844807834113,0.026268997899308495,-0.0021169237902304416,-0.009497423329567548,-0.019584611042574984,0.011928291836048552,0.08417670407553722,0.2861522965462928,0.6022519258388276,0.42499909665679936,-31.934221672467746,0.6612672360903923,0.5578198668012619,-18.587636818674373,-0.05857389581334968,-0.015568464249372485,3.442213867721317,1.4481606158266993,1.4534945975006104,0.07320137611573495
282.3999999998157,pick_play,pick,0.0,0.0,0.0,0.9847228702706378,0.37813088692077773,1.6955534272036272,-3.857753779903692,-0.014562038344065184,0.025846961134976257,-0.0019219385356332324,-0.009011554026874875,-0.019330374757176264,0.011392860980816441,0.08400821532103664,0.28509004775687385,0.6025847583873707,0.4245168056735993,-32.07734541399521,0.6608206865691266,0.5579214331159592,-18.48782130922189,-0.05859821773516743,-0.015635210275650027,3.438386545583336,1.4498202599866925,1.455072108930397,0.0745942906734431
282.4199999998157,pick_play,pick,0.0,0.0,0.0,0.9847434211521204,0.3686936014586737,1.6736088879538311,-3.845405614530966,-0.014371630113622625,0.0253945966504925,-0.0017318291494816459,-0.008514226260396284,-0.01904984109156557,0.010865191255199034,0.08384399583488646,0.2840497669732109,0.6028715539474659,0.424013206029892,-32.21614124897842,0.6603604832155385,0.5580105420598984,-18.387926378222634,-0.058619146312642166,-0.015687707066535952,3.435646152990849,1.4513826445675608,1.4565548564255715,0.07594760691888516
282.43999999981565,pick_play,pick,0.0,0.0,0.0,0.9847667649616674,0.3598409529096403,1.6520194924664298,-3.83361403319064,-0.014180767216424054,0.024908306527742962,-0.0015376156197501585,-0.007978400888989495,-0.018742346094435106,0.010379995248917634,0.08368362772186261,0.283032062420121,0.6031118696649506,0.4234917845973969,-32.349717923689774,0.6598877023531363,0.5580878790864945,-18.287956567092564,-0.058637245781461025,-0.015726744383573535,3.433815384118636,1.4528503356008475,1.4579444642127037,0.07724063745921661
282.45999999981564,pick_play,pick,0.0,0.0,0.0,0.984792868592038,0.3516003606493815,1.6308230267570791,-3.8223347870110613,-0.013990411405187118,0.024387359133309017,-0.001342444409752344,-0.007424294373760715,-0.018400002639338466,0.009931453511055356,0.08352445711699547,0.2820251242836586,0.6033059346687399,0.4229559984455109,-32.47757122034714,0.659403359384,0.5581474837312699,-18.18917284978087,-0.05865347376968715,-0.0157568633556366,3.4326142029731836,1.4542260152884323,1.4592438380182267,0.07848556732547374
282.4799999998156,pick_play,pick,0.0,0.0,0.0,0.9848212235759156,0.343918916034847,1.6102075313928792,-3.8114558470017026,-0.013808755417048534,0.02381711442171336,-0.0011559944381234486,-0.0069336155438744695,-0.0178614573541949,0.009596347989828344,0.08336534384509893,0.2810219425848389,0.6034613589644132,0.4224079039344788,-32.601285961210515,0.658910401441521,0.5581883725175858,-18.092438967993424,-0.0586681435937074,-0.01577919274568558,3.431930362589101,1.4555119420426947,1.4604548702896119,0.07969028939872073
282.4999999998156,pick_play,pick,0.0,0.0,0.0,0.9848512534409125,0.3367273662117937,1.5903705233905365,-3.800862964214515,-0.013634700901076916,0.023203522596442087,-0.0009787786775949901,-0.006499478143795034,-0.017171765878799913,0.009347607667631106,0.08320418867675337,0.28001423717969703,0.6035859841006769,0.42185343172645573,-32.721217117611566,0.6584119716305569,0.5582155373344422,-17.99743789334831,-0.058681604373518784,-0.01579258888959885,3.4318777750313476,1.4567108414323513,1.4615815694392205,0.08086580307179814
282.5199999998156,pick_play,pick,0.0,0.0,0.0,0.9848827244992088,0.3300165365965733,1.571324836505581,-3.7905432305073083,-0.013460035059632653,0.022562305447405385,-0.0008132201837348427,-0.0060692693973921396,-0.01648557294421218,0.009102676120126071,0.08304267131010863,0.27901386767973513,0.6036821356561123,0.4213018205413819,-32.8356632467872,0.657910096248348,0.5582399007329941,-17.90246631671195,-0.058694389494223564,-0.015797353535890582,3.432482387407059,1.4578247155107755,1.4626240621269226,0.08199758803756513
282.53999999981556,pick_play,pick,0.0,0.0,0.0,0.9849154110103011,0.32378401238878535,1.55303348807181,-3.7805128719628387,-0.013282486255054637,0.02189684713054043,-0.0006634611626008466,-0.005641593551231975,-0.015834015535811312,0.008841970701737535,0.0828812161706883,0.27801788915375963,0.6037520073840951,0.42075163986778263,-32.9452858130613,0.6574069356301963,0.5582522984991074,-17.809578554867525,-0.058706509436869336,-0.015794142335653308,3.4336714798598846,1.4588551681946893,1.4635841513932228,0.08310013018544046
282.55999999981555,pick_play,pick,0.0,0.0,0.0,0.98494898185548,0.3180013358607363,1.5354381760655507,-3.7708029288754066,-0.013101601841380298,0.02120771274074349,-0.0005378849197025345,-0.005242973807998984,-0.015235963824208438,0.00855307785082374,0.08271963989202857,0.27702254380894403,0.603799354347174,0.4202016678104401,-33.05105516711385,0.656904970213036,0.5582489755401612,-17.71990744835405,-0.058717872772937545,-0.015783111751079562,3.4354204619125954,1.4598041682490515,1.4644645865023613,0.08417802822696929
282.5799999998155,pick_play,pick,0.0,0.0,0.0,0.9849826262727882,0.3125411008387043,1.5183899278331734,-3.7614791999748007,-0.0129171777370733,0.02049355116807398,-0.00047303958643851317,-0.0049669671698189186,-0.014781614894595584,0.008202547567997343,0.08256008826803413,0.27603263247937226,0.603834239542409,0.41965106990432743,-33.15553316160385,0.6564086979962402,0.558230125571251,-17.634412547921873,-0.05872827725133087,-0.015763177722692492,3.4377924402614246,1.4606738150084417,1.4652673344076157,0.08522556702861672
282.5999999998155,pick_play,pick,0.0,0.0,0.0,0.985015807667557,0.30733500374371575,1.5017669574506105,-3.7525723006390437,-0.012729920937504462,0.019760428110714375,-0.00044278315315951673,-0.0047376609235697965,-0.014422755991120445,0.007822262742499527,0.08240517327297317,0.2750549130126611,0.6038621817521123,0.4190935876617432,-33.260394817902245,0.6559216054515037,0.5581920978078843,-17.554280241262486,-0.05873766492689928,-0.01572942286729813,3.4411861322101904,1.4614664839171407,1.4659953827918053,0.0862471581453507
282.6199999998155,pick_play,pick,0.0,0.0,0.0,0.9850483293440502,0.3023802192437551,1.485513833129463,-3.744046124625281,-0.01254108741870488,0.01900746279061512,-0.00042587009225766935,-0.004506683948235808,-0.014105924019622547,0.007482581966319249,0.0822538187644205,0.27408745534704293,0.6038849610589225,0.41853691008186344,-33.36431254382829,0.6554456673055609,0.5581362929592133,-17.479504023909055,-0.05874601698030199,-0.015684473514556888,3.445391865057517,1.4621849302791117,1.4666517267883301,0.0872356246985906
282.6399999998155,pick_play,pick,0.0,0.0,0.0,0.9850801222477378,0.29769809284792753,1.4696139701531825,-3.7358513739604846,-0.012349934886153949,0.018237294082277193,-0.0004133254359056746,-0.00425715061849156,-0.01380120406166837,0.007199080110725227,0.08210301218457045,0.2731218389802821,0.6039030342739317,0.4179896798381806,-33.46571473893269,0.6549822396181191,0.5580626961240769,-17.41028804310776,-0.05875331719179321,-0.01563191339373589,3.4501224437991995,1.4628322720698494,1.4672397638619423,0.08818660782477056
282.65999999981545,pick_play,pick,0.0,0.0,0.0,0.9851111686087166,0.2933121938343636,1.4540619400527586,-3.727923139157416,-0.012156470285047339,0.01745137298594511,-0.00040220029218709393,-0.003989171575061926,-0.013500650022653002,0.006973693451308085,0.08195179755772619,0.2721572645921161,0.6039164169682453,0.41745663549995427,-33.56371947476946,0.6545323061584993,0.5579758968601227,-17.345951574948998,-0.05875953873808556,-0.015573064982891086,3.4552683931811847,1.4634118420757067,1.4677631447971344,0.08910053121801216
282.67999999981544,pick_play,pick,0.0,0.0,0.0,0.9851414441490948,0.2892469770020955,1.4388585875492923,-3.720215318647279,-0.011959624638403839,0.016654437370298175,-0.0003925992873551999,-0.00370004716689307,-0.013197845122235239,0.006782456457778782,0.08179879015104441,0.27118851134785005,0.6039250689146258,0.4169403698692322,-33.65784861681579,0.6540968843875674,0.5578758951673508,-17.28669045918578,-0.058764650154373765,-0.015509381145238879,3.460710662036192,1.4639270473502661,1.468225110596466,0.08997049220786726
282.6999999998154,pick_play,pick,0.0,0.0,0.0,0.9851709232376912,0.2855193526494514,1.4240056643050487,-3.7127142559102886,-0.011760690667466111,0.015849788632292652,-0.00038440514290163534,-0.003397324259986215,-0.012893450485726172,0.006600495458435078,0.08164397409577881,0.2702153799706879,0.6039290294447117,0.41644112136459355,-33.74807356891996,0.6536768105413204,0.557765447760582,-17.232133997914644,-0.058768622712931144,-0.0154410295188427,3.466433552884605,1.4643810367054193,1.4686286191404343,0.09080204574228012
282.7199999998154,pick_play,pick,0.0,0.0,0.0,0.9851995658542774,0.2821464359655467,1.4095061222567282,-3.705421821316614,-0.011559696853431872,0.015040598994336516,-0.00037836824238554487,-0.0030788598424254508,-0.012585858226058887,0.006415496301051606,0.08148664003041516,0.26923327014042975,0.6039284126863449,0.41595963504409794,-33.834285778632136,0.6532729996904926,0.5576447483549118,-17.182424079422006,-0.058771428927102576,-0.015368572622537616,3.47238974371674,1.4647769034300542,1.4689766730130196,0.09159316396508937
282.7399999998154,pick_play,pick,0.0,0.0,0.0,0.9852273171052914,0.2791468027520458,1.395363359243309,-3.69834483916364,-0.01135553125888814,0.014228966747608651,-0.00037538271073069435,-0.0027405570782397114,-0.012273715285467017,0.006224244195372639,0.08132662119760665,0.26824109658811773,0.6039233930335641,0.4154961493263245,-33.91647644158049,0.652886506159498,0.5575153764734269,-17.137488876351682,-0.058773044851958,-0.015292140841484073,3.4785667016839774,1.4651177001094946,1.4692722226441384,0.0923405144284886
282.75999999981536,pick_play,pick,0.0,0.0,0.0,0.9852541212965968,0.2765350863416796,1.3815788080797686,-3.6914895862980006,-0.011149373487677755,0.01341592910351364,-0.0003753017372513237,-0.0023905253573604404,-0.01196078022100588,0.006027633242588225,0.0811636491381062,0.26723668936459344,0.6039142365234035,0.41505137946701054,-33.99457461127228,0.6525183021100331,0.5573780026683808,-17.097353827160145,-0.058773458884027054,-0.01521205082535744,3.4849396383095548,1.4654061426632408,1.4695176000655175,0.0930509384362018
282.77999999981535,pick_play,pick,0.0,0.0,0.0,0.9852799124787427,0.2743272220074463,1.3681537731266167,-3.684862754765728,-0.010941397555472411,0.012603361870293645,-0.0003785588089320239,-0.002028654100221474,-0.011647819649855227,0.005825121822253266,0.0809975143725226,0.26621807848103185,0.60390125398534,0.41462556388473515,-34.06859875796348,0.6521694577412194,0.5572335955152512,-17.062025487191892,-0.05877265530589248,-0.015128351002931598,3.491503593896031,1.4656461187959642,1.4697161207855225,0.09372885766729841
282.7999999998153,pick_play,pick,0.0,0.0,0.0,0.9853046217040855,0.27253884060893,1.3550889478855301,-3.678469025587273,-0.010731155584691732,0.011792869068670305,-0.00038541063350552764,-0.0016540051547884033,-0.011334632754186797,0.005618920633404053,0.08082836414201626,0.2651854724274408,0.6038847789828918,0.4142180469284058,-34.13872599011167,0.651841058823163,0.5570834663162232,-17.031486807985743,-0.05877062568872267,-0.015040881186723712,3.498270748767235,1.4658481602345388,1.469868514961052,0.09382846577602112
282.8199999998153,pick_play,pick,0.0,0.0,0.0,0.9853281765945225,0.27118406683697704,1.342383989697339,-3.6723191754616877,-0.010519266614327491,0.010986879882037953,-0.00039626331572611094,-0.001266935700762375,-0.011021795154944962,0.00540229497285481,0.08065656315080405,0.2641424667226081,0.603865199673078,0.4138302591094971,-34.204772699290515,0.6515341654119707,0.5569287028560639,-17.005733143296137,-0.05876735583653336,-0.01495022997260094,3.505192283502498,1.4660363220739256,1.469968956238079,0.09198206863974245
282.8399999998153,pick_play,pick,0.0,0.0,0.0,0.9853505160157571,0.2702705558953148,1.3300369011576685,-3.6664276385503625,-0.010305816617149502,0.010186412469854631,-0.0004105291777227981,-0.000874111955983684,-0.010710950258470553,0.005173091579173426,0.08048253914333793,0.2630915640695114,0.603842927596653,0.4134622004280091,-34.26681443845025,0.6512495783072202,0.5567690369138718,-16.9849376898158,-0.05876286078365889,-0.014858181774616244,3.512128554128933,1.4662182470797689,1.4700259755313874,0.0890668364879876
282.8599999998153,pick_play,pick,0.0,0.0,0.0,0.9853716210272369,0.26978989709825796,1.3180423166268351,-3.660801898331451,-0.010090523593096985,0.009390590178768376,-0.00042621727849192196,-0.0004908862521333562,-0.010405197146805076,0.004938480897588435,0.08030649610834642,0.26203360949878546,0.6038183665629253,0.4131140795001984,-34.324886198419655,0.6509873947647591,0.5566034552106858,-16.96924573105351,-0.058757198313843066,-0.014766956865787509,3.5189089241578686,1.4663934013274647,1.4700545708597184,0.08563464950771567
282.87999999981525,pick_play,pick,0.0,0.0,0.0,0.9853915436791195,0.2696906556969858,1.3063874898867887,-3.6554335879034503,-0.00987289295381701,0.008598792834305473,-0.0004410387819890618,-0.00014504773286092907,-0.010109720386762633,0.004714676100259399,0.08012832716358512,0.2609684511483487,0.6037922204095705,0.41278655197715763,-34.37897113522311,0.6507462542542258,0.5564331200370789,-16.958224742668556,-0.058750417343089875,-0.014677881449460986,3.5254337291274167,1.4665612171913653,1.4700649718702317,0.08194879725759568
282.89999999981524,pick_play,pick,0.0,0.0,0.0,0.9854105860885081,0.26974843177520996,1.2950353061292235,-3.6503233652541383,-0.009649115774537058,0.007800134395466287,-0.000441775170995993,-4.321897221846207e-05,-0.009852841565598451,0.004485848126868787,0.07994725488312485,0.2598937475032077,0.6037666748496117,0.4124817040214539,-34.4293185442726,0.6505191449040624,0.556258865858078,-16.949735245603947,-0.05874239127738783,-0.014590139687061313,3.5317508954849437,1.4667213804924932,1.4700622151554108,0.07813322379599857
282.9199999998152,pick_play,pick,0.0,0.0,0.0,0.9854290275843524,0.26983225258757054,1.2839670774381875,-3.6454573339809655,-0.009421290820099418,0.007011811848499418,-0.00043159055882473197,-2.0234375322772776e-05,-0.009606411226211075,0.0042737300104799805,0.07976462599658338,0.25881387265288547,0.6037423358802938,0.41219098236656193,-34.47736258115087,0.6503011270600957,0.5560830172548294,-16.942820791260537,-0.05873315115594423,-0.014495852589607242,3.5384971876232933,1.4668736968793548,1.4700477908313752,0.0742281316671614
282.9399999998152,pick_play,pick,0.0,0.0,0.0,0.9854469586204132,0.26992987563344245,1.2731857459524123,-3.6408190350331244,-0.00919088000648524,0.00624174958081932,-0.00041745939023975237,-3.2073524899773226e-06,-0.009356573980948092,0.004075359210084748,0.07958099685169263,0.25773076965549285,0.6037188610212024,0.4119158771286011,-34.52272210807613,0.650091208995021,0.5559021618614197,-16.938197269252445,-0.058722799171570514,-0.014398615062236789,3.545373428832101,1.4670181030342444,1.4700243215024948,0.07029986432221969
282.9599999998152,pick_play,pick,0.0,0.0,0.0,0.9854644017233221,0.2700408690759479,1.2626933017226138,-3.636400940147563,-0.00895837777700044,0.00549155298571364,-0.0004025036975762833,1.3517523555344098e-05,-0.00910541639112713,0.003882662763373204,0.07939625354435267,0.2566448040812864,0.6036961503495039,0.41166047122573857,-34.56466623675781,0.6498891403150223,0.5557117101202012,-16.936695277929072,-0.05871151662026389,-0.014300550520420077,3.55225277685731,1.4671546658151806,1.4699940274417878,0.06639451444651684
282.97999999981516,pick_play,pick,0.0,0.0,0.0,0.9854813552683849,0.2701652876772284,1.2524876841533452,-3.6321986672797153,-0.008724339145912826,0.004762902086742741,-0.0003881915518229197,3.0088812912587533e-05,-0.00885642547640902,0.003693536722507273,0.07921053394065505,0.2555564455025322,0.6036742745460753,0.411426433588028,-34.60292034606419,0.6496948753868181,0.5555101868162156,-16.93858761094534,-0.058699367076207556,-0.014203901588916781,3.5589598559659357,1.467283509004814,1.4699589352071762,0.06255700410679065
282.99999999981515,pick_play,pick,0.0,0.0,0.0,0.9854978105734654,0.2703030889388844,1.24256478046241,-3.6282092555324152,-0.008489512939122127,0.0040575860119800005,-0.0003749775386524283,4.641895577359159e-05,-0.00861110548803212,0.003506706388440967,0.07902386097414489,0.25446394016726265,0.6036533399522938,0.41121245291328434,-34.63774178781552,0.6495084362242721,0.5552972343215943,-16.943947620192485,-0.058686388999698635,-0.014108955115079883,3.5654709527931345,1.4674047848437866,1.4699193875253678,0.058791592099917744
283.0199999998151,pick_play,pick,0.0,0.0,0.0,0.985513756262503,0.27045450196010384,1.232920165107984,-3.624432030394522,-0.008254509407730176,0.003376562254604387,-0.0003629421855117215,6.222575277957423e-05,-0.008369633277854454,0.0033202627122830832,0.07883629539043922,0.25336664573993345,0.6036334525138918,0.41101820137596135,-34.66921017234975,0.6493298757933712,0.5550729569444657,-16.95276291223651,-0.05867216875914395,-0.014016187936067584,3.5716954199660793,1.4675186703489898,1.4698760698497773,0.055110263674437075
283.0399999998151,pick_play,pick,0.0,0.0,0.0,0.9855291628393538,0.2706364782519544,1.2235517113904828,-3.6208666430175755,-0.0080200169018476,0.002721475959233508,-0.0003527432061692683,9.362918692317268e-05,-0.00812978860704869,0.0031343165677653302,0.07864812260297536,0.25226507548854255,0.6036145285707031,0.4108432021389008,-34.697393026970325,0.6491597405307515,0.5548379060277939,-16.96503387380703,-0.05865580826542006,-0.013926356285810473,3.577481739961244,1.4676253568193645,1.469829771941948,0.051527107382827946
283.0599999998151,pick_play,pick,0.0,0.0,0.0,0.985543907950838,0.2709312384061281,1.2144666598431766,-3.617510284850587,-0.007788027519503383,0.0020976067635535478,-0.00034909988867199966,0.00020887538597422507,-0.007881938961023549,0.002951271452741562,0.07845966475221323,0.25115971425845657,0.6035958922767728,0.4106862929115296,-34.72230265881615,0.6490006965602305,0.5545931395540238,-16.981296087798196,-0.05863742799217138,-0.013840004056692126,3.5828338845114187,1.4677250508934803,1.469780769473362,0.04804425186458845
283.0799999998151,pick_play,pick,0.0,0.0,0.0,0.9855578536265759,0.27140620840711543,1.2056686034669015,-3.6143672626257355,-0.007558901408813512,0.0015021384376319423,-0.00035228983076259586,0.0003770104350827037,-0.0076320905356669945,0.0027630160219006927,0.07827076536512252,0.2500492075083356,0.6035772121300984,0.4105494704494477,-34.743567865698886,0.6488552223664763,0.5543384787092209,-17.00197976326389,-0.05861625895969234,-0.01375922113656998,3.5874564995089355,1.4678179885238591,1.4697302768886567,0.04468454638205544
283.09999999981505,pick_play,pick,0.0,0.0,0.0,0.9855709560280819,0.27208517853951497,1.1971562172742456,-3.611439742523324,-0.007332811793376589,0.0009320640037931864,-0.00035729021261116713,0.0005606053247873678,-0.007383795287558413,0.002573898981316842,0.07808121501080317,0.2489320730747829,0.6035583214026408,0.4104323771247864,-34.761229818421356,0.6487241144307179,0.5540759947547913,-17.026709998754438,-0.05859185586608364,-0.013684145361185077,3.5913352376059864,1.467904420885269,1.4696786220133782,0.04144998951945506
283.11999999981504,pick_play,pick,0.0,0.0,0.0,0.9855832181930976,0.2729623014140048,1.1889244515961404,-3.608731233383809,-0.007110009919957213,0.0003851225257111197,-0.00036295635274367373,0.0007365668093921149,-0.007140479223378647,0.002380996526962894,0.07789072726603524,0.24780663878623613,0.6035392968138719,0.4103338208446503,-34.77553884810673,0.6486071647372234,0.5538075652370453,-17.0550459330721,-0.05856399303504707,-0.013613137602806094,3.5945703578202575,1.4679845856409226,1.4696258495510102,0.03833717277116719
283.139999999815,pick_play,pick,0.0,0.0,0.0,0.9855946680866031,0.27401574564925923,1.1809649144484788,-3.60624992996903,-0.006890891624412592,-0.0001403941801157088,-0.0003683235891743294,0.0008915936960573372,-0.006905161437934649,0.0021800634598104973,0.07769960083796838,0.24667422164943736,0.6035203608442105,0.41025207307434086,-34.786857881274805,0.6485036200627627,0.5535348292837143,-17.086515436864328,-0.058532073860674265,-0.013544659316539767,3.5971684836291993,1.4680587088895245,1.4695718253911019,0.03533786104525283
283.159999999815,pick_play,pick,0.0,0.0,0.0,0.9856053313096509,0.27523987852238413,1.173269190625312,-3.6039927355961323,-0.006677245541301433,-0.0006181615638264242,-0.0003737839906654229,0.0010497127321424079,-0.006676697253548231,0.001986983263741668,0.07750817877635621,0.24553682178083577,0.6035014831590149,0.41018600132560734,-34.79536449247131,0.6484129849401924,0.5532586362609864,-17.12087097401464,-0.058496588006920654,-0.013478256016969684,3.5994080856836335,1.4681270013521914,1.4695162440598488,0.032437724284219954
283.179999999815,pick_play,pick,0.0,0.0,0.0,0.9856151957402124,0.27666398033472667,1.1658337939877719,-3.601945482387292,-0.006473625557080299,-0.001001379076355006,-0.00038069003901457856,0.0012241395013598447,-0.006450806759422884,0.0017992110371956652,0.07731752420659359,0.24439700672655004,0.603482168194478,0.4101303603897095,-34.80186673400652,0.648335561850223,0.552982875371933,-17.157597525579096,-0.05846068634131419,-0.013411964476108554,3.6018132894626116,1.4681896863168693,1.4694595153391838,0.02964151077661032
283.19999999981496,pick_play,pick,0.0,0.0,0.0,0.985624419677526,0.27819220060387406,1.1586510409054966,-3.600157515113166,-0.006275367521005438,-0.001368994343973853,-0.00037950186577901204,0.0013038639821017918,-0.006232790833263552,0.0015654244862000754,0.07712690124077713,0.24325228088932144,0.6034630122108565,0.41008592512702946,-34.806445394654766,0.6482678995820921,0.5527083363780976,-17.195541613713633,-0.058423502123300976,-0.013346380740404132,3.6039767761095294,1.4682469988623834,1.4694027791679383,0.026971279062915646
283.21999999981495,pick_play,pick,0.0,0.0,0.0,0.985632962042025,0.27992491664620517,1.1517178168922084,-3.5985967808924726,-0.006085320863480999,-0.0016915503628618393,-0.0003839321597018681,0.0015183039025662057,-0.006009623823732322,0.00136650067896207,0.0769375954961674,0.24211035964193656,0.6034425886626633,0.4100502815494538,-34.8090840414885,0.6482122040687359,0.5524371203432084,-17.235301699475684,-0.05838549157420177,-0.013281434029340747,3.6060864825216177,1.468299116353221,1.4693446571887017,0.02439036772892563
283.2399999998149,pick_play,pick,0.0,0.0,0.0,0.9856408822483679,0.28192889482546923,1.1449791532168443,-3.5971294186299345,-0.005905257781959097,-0.001980125982822286,-0.00038892820135459665,0.0017507541330344621,-0.0058549692725036965,0.0013087652940228843,0.07675029426385431,0.2409750222644265,0.6034194745706669,0.4100247707614899,-34.80932123601072,0.6481686041519732,0.5521683928022385,-17.276749659465803,-0.058347801935281635,-0.01322254464030266,3.6078272856395754,1.4683462471561393,1.469285760349083,0.021907145792970043
283.2599999998149,pick_play,pick,0.0,0.0,0.0,0.9856485389765433,0.28413667434254486,1.1383915733073293,-3.595659183099886,-0.005738409449359313,-0.002227379831202201,-0.00038012240416792687,0.0019211440942338547,-0.0057231788787800416,0.0013181897209523761,0.07656340599898322,0.2398436714146944,0.6033921472046291,0.4100081112632752,-34.807103615031906,0.6481325460716755,0.551899918581009,-17.319138380111596,-0.058311185118599965,-0.013166639208793643,3.6094709017789492,1.4683886163395277,1.4692272807419777,0.019545794255889155
283.2799999998149,pick_play,pick,0.0,0.0,0.0,0.9856560610161265,0.28644920210693003,1.131901895844395,-3.594289832850756,-0.005579109242863599,-0.002433703019961707,-0.00037251351399120625,0.0019995762340424307,-0.0056453413987523,0.001210965783240154,0.07637758371081135,0.23871938139347787,0.603360511391857,0.40999633934593205,-34.80315824704045,0.6481018062966889,0.5516348418245316,-17.36174797238398,-0.05827532315371555,-0.013110372424125674,3.6111545520627666,1.4684264523930974,1.4691690246522904,0.0172959431640946
283.2999999998149,pick_play,pick,0.0,0.0,0.0,0.9856634549321444,0.2887302854259628,1.1255036402873453,-3.5931623978946794,-0.005424519973174439,-0.0026171895034106983,-0.0003650363285944919,0.001970081248509196,-0.005566298749016103,0.0009874669450500716,0.07619317908066665,0.23759802146404213,0.6033270747916658,0.4099851038703919,-34.79907356329046,0.6480735935182702,0.5513672169694901,-17.404991994011006,-0.058239128295774274,-0.013052321225404742,3.6128762464385806,1.4684599550396575,1.4691108505189896,0.015149734251413945
283.31999999981485,pick_play,pick,0.0,0.0,0.0,0.9856707211321402,0.2910889731514812,1.119162019256707,-3.5923077104250023,-0.005276184054063011,-0.0027487591460728118,-0.00036200813546560665,0.0020547808212771144,-0.005522439211389041,0.0007486688054338677,0.0760126121357943,0.23649000812258333,0.6032897627865174,0.4099697854766846,-34.7948060901948,0.6480493907351009,0.5511054482707978,-17.44806586001781,-0.05820373911279234,-0.01299368888139725,3.614807928750069,1.4684892721444711,1.4690512160718918,0.013066744496850252
283.33999999981484,pick_play,pick,0.0,0.0,0.0,0.9856778425691584,0.29353690951536787,1.1128628891331418,-3.591727011497862,-0.005135199771975223,-0.0028482871283911416,-0.0003612164858185788,0.0021356218968010946,-0.005487100212244221,0.0005097840365804409,0.07583524611520204,0.2353923197572704,0.6032485150599102,0.40995545055961613,-34.78966287882745,0.6480293610293615,0.5508430984268189,-17.491998181780723,-0.05816946198176464,-0.012939575314521792,3.616480204025043,1.4685145810424445,1.468991618877697,0.011078731002176713
283.3599999998148,pick_play,pick,0.0,0.0,0.0,0.9856848204871074,0.296051098497323,1.1066087379850325,-3.591414373801329,-0.005000969537445282,-0.0029213648645352802,-0.0003602110777838987,0.002195126066464102,-0.005448562919953552,0.00027685429384751597,0.07566096487376907,0.2343057244985082,0.6032038221711737,0.4099409666309357,-34.78398007982135,0.6480129402429032,0.5505827155361176,-17.536188557690238,-0.05813630700019474,-0.01288876608014107,3.6179767237545915,1.4685360922252515,1.4689330647647858,0.009204525880522854
283.3799999998148,pick_play,pick,0.0,0.0,0.0,0.9856917349917661,0.2986163620740962,1.100415714320382,-3.5913183379410247,-0.0048715366787534745,-0.0029766568291831968,-0.00035273052019600605,0.002242241742426535,-0.005394361832112543,9.096751317726919e-05,0.0754897836056151,0.23323212724974746,0.6031553797809948,0.4099259462604523,-34.7776594834181,0.6479991594498764,0.5503267731914521,-17.57996815790134,-0.05810428563048922,-0.012840564548969272,3.61935589624332,1.468554015257014,1.4688754792273522,0.007437211059983501
283.3999999998148,pick_play,pick,0.0,0.0,0.0,0.9856986165340229,0.3012056746540598,1.0943201148741308,-3.591276093095863,-0.004747345716123569,-0.0030304430972595553,-0.0003406937780308511,0.002263624921889593,-0.0053058448046018015,6.252416131922108e-05,0.07532133160948375,0.23217134617013674,0.6031042600775384,0.4099116411457062,-34.77078160020928,0.647987170901755,0.5500753309974671,-17.623222997405406,-0.05807336580123682,-0.012795339524745944,3.6205782793715624,1.4685685468557008,1.4688185567915917,0.00576480914670521
283.41999999981476,pick_play,pick,0.0,0.0,0.0,0.9857053149861648,0.3036831816816779,1.0883605068108788,-3.5912446166838308,-0.00462724676341591,-0.003089635147065692,-0.0003338985246243353,0.0021461569085356067,-0.005182834479535928,5.3873559816256615e-05,0.07515484425707286,0.23112322736329974,0.6030554052428019,0.40990162756538395,-34.76396030289417,0.6479753214260103,0.5498267200241089,-17.665847645922913,-0.05804229913279594,-0.012752226740121844,3.6215061331601874,1.468579887998423,1.4687629978120804,0.0041996402227820005
283.43999999981475,pick_play,pick,0.0,0.0,0.0,0.9857117383302734,0.3059629942034711,1.0825565214336874,-3.5912216020154033,-0.0045082804202510735,-0.003145723886935563,-0.00032898672266970226,0.0019684234226581975,-0.005045924476330082,4.596855774675215e-05,0.07499136891852436,0.23009127558991394,0.6030115433162886,0.4098922696361542,-34.758167367454135,0.6479624698952713,0.5495829519281388,-17.70733898610396,-0.058010358301575575,-0.012707754224538806,3.6224313306678937,1.468588208913346,1.46870807213192,0.0027202387611342275
283.4599999998147,pick_play,pick,0.0,0.0,0.0,0.9857179860723173,0.30807049745905646,1.076913540591775,-3.591207311964617,-0.004387765550872402,-0.003190389558087381,-0.00031795947948738115,0.0018220765507829873,-0.004905109498069305,3.778914850687617e-05,0.07483176413714074,0.22908111077723003,0.6029711594793619,0.4098858025321961,-34.75232206054422,0.6479482014999953,0.5493454572210312,-17.747411932098533,-0.05797773612168064,-0.012662182748317721,3.623410080272162,1.4685936486609956,1.468653079396534,0.0013065871281718654
283.4799999998147,pick_play,pick,0.0,0.0,0.0,0.9857240958348118,0.3100315073069554,1.0714321632260917,-3.5912016849638957,-0.004266172046362665,-0.0032249512513261936,-0.0003055527924473137,0.0016965653941592384,-0.0047642490930999235,2.964084929322808e-05,0.07467596913898057,0.22809253623434375,0.6029335471761136,0.409884491230011,-34.74599762139459,0.6479325786807676,0.5491118815193177,-17.78654116173795,-0.057944618267871555,-0.012617583572864535,3.6242847617136684,1.4685963535692539,1.4685985634983063,-3.179317595323072e-05
283.4999999998147,pick_play,pick,0.0,0.0,0.0,0.985730072163607,0.3118599507778751,1.0661100453226235,-3.5912047224300987,-0.004143896742817965,-0.0032506349374921213,-0.00029338699419340867,0.0015820623121200125,-0.004625671246657548,2.1476282938179764e-05,0.07452404831805838,0.22712561375488768,0.6028983934387278,0.40988762047386174,-34.73929307171811,0.6479157639865664,0.5488818671951294,-17.824827343259145,-0.057911128845517836,-0.012574206292629245,3.6250409153127516,1.468596495606116,1.4685453812540055,-0.0012786869785765148
283.5199999998147,pick_play,pick,0.0,0.0,0.0,0.9857359117988416,0.31356364182992047,1.0609439697712335,-3.5912164156245603,-0.0040212279136475305,-0.0032682216469598576,-0.0002818053781812373,0.001473909953192245,-0.004489939850806903,1.3320084641904028e-05,0.07437612401856879,0.22618064944034408,0.6028655145731967,0.4098942067871094,-34.73236176643784,0.6478979089338054,0.5486552652368546,-17.862323501724443,-0.0578773691690013,-0.012531704455614093,3.6257130199952727,1.4685942587669893,1.468493875390339,-0.002430460274921105
283.53999999981465,pick_play,pick,0.0,0.0,0.0,0.9857416106707496,0.31514796207521467,1.0559307837860445,-3.5912367313955675,-0.003898395343227648,-0.0032782484062730427,-0.0002708160965346667,0.0013702821975431364,-0.004356937294255022,5.193671123976856e-06,0.07423222042401588,0.22525789300551374,0.6028347848335741,0.4099039819488526,-34.72523375184277,0.6478791393698049,0.5484322544584275,-17.899018119430405,-0.05784344898955265,-0.012489970028400424,3.6263193921554877,1.4685898258088108,1.4684441278636933,-0.0034895506605706807
283.55999999981464,pick_play,pick,0.0,0.0,0.0,0.9857471653182206,0.31661793628736284,1.0510673844971845,-3.591265591098357,-0.00377557168393423,-0.0032811130599695744,-0.00026038136865765753,0.001270994723952009,-0.004226623764618405,-2.8620235519286576e-06,0.0740924005089064,0.22435779069333883,0.602806090405369,0.40991640951728825,-34.71798641315096,0.647859573562721,0.5482133862028122,-17.93483242133221,-0.05780946361740647,-0.012448891252279284,3.6268773905783216,1.4685833701339004,1.4683961535752297,-0.004459746173931827
283.5799999998146,pick_play,pick,0.0,0.0,0.0,0.9857525741655444,0.3179787015194981,1.0463509152093355,-3.591302908312309,-0.0036529058661234175,-0.0032770453223367546,-0.0002503649780928728,0.0011760882252637387,-0.004098718458961077,-1.0846463922740092e-05,0.07395672357539188,0.22348056772237143,0.6027793068456533,0.40993089344596867,-34.71070376255996,0.6478393146837091,0.5479985710630417,-17.969799756781317,-0.05777562648577939,-0.012408248335123065,3.6274331181230135,1.468575055128662,1.468349825865078,-0.005348043805213992
283.5999999998146,pick_play,pick,0.0,0.0,0.0,0.9857578365269816,0.3192350350233309,1.0417788212818213,-3.5913485884170457,-0.003530538127584078,-0.0032663561080165655,-0.00024070441310588864,0.0010853126339580308,-0.003972999844242475,-1.8747362002518973e-05,0.07382520736134132,0.22262664560486894,0.6027543169894012,0.4099473443279267,-34.70338068542688,0.6478184511210926,0.5477880772600174,-18.003887013617504,-0.057742273366672106,-0.012367944419384005,3.6280276001492027,1.4685650326843616,1.468304928666401,-0.00616305820296507
283.6199999998146,pick_play,pick,0.0,0.0,0.0,0.9857629515111997,0.3203912848831004,1.0373485823028676,-3.5914025286779374,-0.003408583832205978,-0.003249638626510197,-0.00023140835715688952,0.000998413195698621,-0.0038494885121977424,-2.6552739818701512e-05,0.07369789121852426,0.22179644061016998,0.6027310183317562,0.40996555354690556,-34.69603694132107,0.6477970662097712,0.5475822475204468,-18.037047278979642,-0.05770953937998388,-0.012328054010868075,3.628655297601638,1.4685534495412318,1.4682616705954552,-0.006903043153827684
283.63999999981456,pick_play,pick,0.0,0.0,0.0,0.9857679183280522,0.3214513537350301,1.0330577677196437,-3.591464604196662,-0.0032871566484017085,-0.0032275380350877225,-0.00022245656186278324,0.0009149474846114112,-0.0037280797914045166,-3.424254044551086e-05,0.07357476062927697,0.22099012480937247,0.6027093238345796,0.4099855807075501,-34.6886477125713,0.6477752332720328,0.5473810371408463,-18.069300952126905,-0.057677342826774225,-0.012289303541183474,3.629236003392187,1.4685404465495469,1.4682199994981766,-0.007572602196773866
283.65999999981454,pick_play,pick,0.0,0.0,0.0,0.9857727367942836,0.3224191208468813,1.0289040498809892,-3.5915346862315016,-0.0031663684133637427,-0.003200469725594838,-0.00021381152328162095,0.0008348946356103901,-0.0036086924413598607,-4.181868949208697e-05,0.07345582770817131,0.22020795472272953,0.6026891451387286,0.4100071277866364,-34.68125101174713,0.6477530209803016,0.5471846547374726,-18.100622483828555,-0.057645562116261206,-0.012251886725425723,3.62973750154867,1.4685261539702714,1.4681798110664368,-0.008177228963275208
283.6799999998145,pick_play,pick,0.0,0.0,0.0,0.9857774075603769,0.3232985682877563,1.0248850959129698,-3.591612650447296,-0.0030463218470091736,-0.0031686874704933282,-0.00020543351135173053,0.00075832274524253,-0.0034913438032298677,-4.928520090067056e-05,0.07334118452294008,0.2194505685960319,0.6026703865979463,0.41002995636558537,-34.67387199994323,0.6477304940588583,0.5469932940254212,-18.130988355767446,-0.05761411933995565,-0.012215695530176165,3.630164029168011,1.4685106906819245,1.4681409860909462,-0.00872248432310848
283.6999999998145,pick_play,pick,0.0,0.0,0.0,0.9857819314624303,0.32409356284462937,1.0209986040731942,-3.591698364080221,-0.0029271276735684895,-0.003132466838943829,-0.0001973138830474024,0.0006851037948978835,-0.0033759978825865624,-5.6632145499121793e-05,0.07323076529220397,0.21871755984224134,0.6026529564912044,0.41005397703742985,-34.66651060615633,0.647707713346073,0.5468070295104981,-18.160395826088987,-0.05758297690328285,-0.012180580943822863,3.6305266394105598,1.4684941805079272,1.4681038523972512,-0.009203500962122515
283.7199999998145,pick_play,pick,0.0,0.0,0.0,0.9857863114312876,0.32480695873156445,1.0172392568704876,-3.5917916632035136,-0.00280888500401617,-0.003092170760890856,-0.00018970871824117115,0.000614602174022982,-0.0032649748331222673,-6.385959442477192e-05,0.07312460312742108,0.21800932886272528,0.6026367601010839,0.4100790705928803,-34.659171698042634,0.6476847060761347,0.5466260251054764,-18.188819391019944,-0.05755189473740956,-0.012146505713462832,3.630767978239642,1.4684767263007532,1.4680680672586441,-0.009629688964802569
283.7399999998145,pick_play,pick,0.0,0.0,0.0,0.985790565872972,0.32543689165134354,1.0135860716506022,-3.5918977446280693,-0.002690984254339565,-0.0030482935673165307,-0.00018358251927128285,0.0005411751469457173,-0.003177102876240488,-7.055068550881358e-05,0.07302267058280569,0.2173255639234147,0.602621607531274,0.41010437276458744,-34.65196636236012,0.6476612814387513,0.5464502510080338,-18.216203052240996,-0.05752091594895971,-0.012113227695226672,3.6309532675211984,1.4684584300923667,1.4680334369600296,-0.010009113227239977
283.75999999981445,pick_play,pick,0.0,0.0,0.0,0.9857947050617902,0.3259801589590502,1.0100142562354277,-3.5920443563720097,-0.002573517715896068,-0.002997623866882768,-0.00017951145920958738,0.00046564005635241207,-0.0031098996932851833,-0.00011120971293696066,0.07292518948829844,0.21666743914010256,0.6026073354398428,0.41012928750610356,-34.64497906215852,0.6476373056832329,0.5462788578519822,-18.24269585927915,-0.05749011881184339,-0.012080188095569613,3.631138068276617,1.4684393875162813,1.4680001179636002,-0.010340277317947993
283.77999999981444,pick_play,pick,0.0,0.0,0.0,0.985798725505129,0.32643375053288587,1.0065007705260327,-3.592312925636139,-0.0024564872482224893,-0.0029359590989211527,-0.00017805778513843402,0.0003892749691285565,-0.003061918330361083,-0.0002296472276020481,0.07283259001289322,0.21603624375176228,0.6025937701382998,0.4101529505500794,-34.63833019191616,0.6476127225645782,0.5461123820791245,-18.26819054929731,-0.05745949861385921,-0.012047316133975985,3.6313224541707076,1.4684196834526775,1.4679679463565827,-0.0106290269059761
283.7999999998144,pick_play,pick,0.0,0.0,0.0,0.9858026204810463,0.326799180122065,1.0030335338452971,-3.592756289901453,-0.0023405788165898906,-0.0028672049641843807,-0.0001780628165710388,0.0003154471224506471,-0.0030235733624392777,-0.00038613727444699046,0.07274519722965851,0.21543152586774877,0.6025807810704492,0.4101738121757508,-34.63227970346118,0.6475875781993831,0.545950913096428,-18.292686666682005,-0.05742913358729924,-0.012014723569154742,3.631509300806503,1.4683993914753524,1.4679366986215592,-0.010882360012190912
283.8199999998144,pick_play,pick,0.0,0.0,0.0,0.9858063894004626,0.32708112107490495,0.9996091827200041,-3.59338450180463,-0.0022265494384109932,-0.0027946696621871533,-0.00017836835529087805,0.0002460422163082082,-0.0029873238286799277,-0.0005478852099879701,0.07266293861917468,0.21485335510069198,0.6025682610219093,0.41019208099937443,-34.62677236144977,0.6475619486767652,0.5457948234329224,-18.316133236224648,-0.05739868904452661,-0.011982745677232745,3.631612948197625,1.4683785672975953,1.4679062704504013,-0.011103978021820842
283.8399999998144,pick_play,pick,0.0,0.0,0.0,0.985810035173172,0.32728491036992796,0.9962314347322581,-3.594191558978848,-0.00211489679778025,-0.002719582291870051,-0.0001781472676598266,0.0001811799198786861,-0.0029471062574219623,-0.0007033442017326056,0.07258548245483454,0.2143011502165605,0.6025561309850357,0.4102086808929444,-34.62162984154561,0.6475358988671411,0.5456439342746735,-18.338573078109473,-0.05736831829498354,-0.011951389908790591,3.631679382987632,1.4683572767333744,1.467876609689045,-0.01129683426441724
283.85999999981436,pick_play,pick,0.0,0.0,0.0,0.9858135598985643,0.3274162274507466,0.9929087591277138,-3.5951671936143557,-0.0020059350022669955,-0.0026423886787073987,-0.00017700706901246026,0.00012114391047766807,-0.00289899990452472,-0.0008496544938907326,0.07251256807661709,0.21377446718490262,0.6025443420660249,0.410224178100586,-34.61674364389779,0.6475095046951079,0.5454988863716126,-18.359905381553265,-0.05733817631482558,-0.011920622736215594,3.6317264840288734,1.468335582356488,1.4678479100525856,-0.011457734104812309
283.87999999981434,pick_play,pick,0.0,0.0,0.0,0.9858169639822889,0.327489837386995,0.9896522800406858,-3.596300634204299,-0.0019000114051076751,-0.00256240660598003,-0.00017475359485252473,7.644180351603892e-05,-0.0028407217460631492,-0.0009865422780721547,0.07244394112421919,0.21327257629582175,0.6025326909170614,0.41023898985481266,-34.611989608025624,0.6474830159353202,0.5453595754156113,-18.38020689367131,-0.05730787772351053,-0.011890451610088351,3.6317083833159063,1.4683135443468265,1.467820342904377,-0.011584646457343608
283.8999999998143,pick_play,pick,0.0,0.0,0.0,0.9858202439508083,0.32754379955753227,0.9864773757591282,-3.597581642094569,-0.0017979590264866306,-0.0024783579677371812,-0.0001712103111283078,6.529595870784772e-05,-0.002768481513738753,-0.0011147528122162052,0.07237944358755038,0.21279512141617157,0.6025205367458333,0.41025350358581547,-34.607147730352956,0.6474571519933752,0.5452262249240876,-18.39960527392944,-0.057277890252801826,-0.011860958486795428,3.6316881660992135,1.4682912382497133,1.4677939976513863,-0.01167681053148897
283.9199999998143,pick_play,pick,0.0,0.0,0.0,0.9858233984433341,0.32758786559672504,0.9833990785486352,-3.5990020642637695,-0.0016998804853490849,-0.002393028426452273,-0.00016632301364649836,5.8985801057524145e-05,-0.0026833778648566557,-0.001236125078278133,0.0723186754297436,0.21234006924002455,0.6025077667688968,0.41026852395629887,-34.6020987018648,0.6474321145224332,0.5450987156877518,-18.418113090468832,-0.05724852872751176,-0.011832683533430102,3.631636881947456,1.468268742689106,1.4677691872179985,-0.011728548383605248
283.9399999998143,pick_play,pick,0.0,0.0,0.0,0.9858264293642114,0.327622970492565,0.9804281644361627,-3.6005542612089516,-0.001605530855239807,-0.0023071486316604767,-0.0001603823811448436,5.310045699253689e-05,-0.0025893600830879278,-0.0013508800367036783,0.07226152741488549,0.2119066829683503,0.6024944252240191,0.4102831866989136,-34.59701475122052,0.6474079107725652,0.5449779566774369,-18.435556272423504,-0.05722002142296582,-0.011805276572704318,3.631596888581136,1.468246133455301,1.4677458818018914,-0.011742364438600918
283.9599999998143,pick_play,pick,0.0,0.0,0.0,0.9858293398858938,0.3276494560811237,0.9775707805100539,-3.602231260851875,-0.0015146644777015539,-0.00222098589679725,-0.00015379103231970325,4.739111716322496e-05,-0.002490420291908209,-0.0014596821500394337,0.07220789742083937,0.21149450768941228,0.6024805654564335,0.41029740240669255,-34.59192210344323,0.6473845136898053,0.5448638584861756,-18.451943617686076,-0.05719253888815989,-0.01177862957119942,3.631587345514947,1.4682234712992361,1.4677237386763573,-0.011727792497175647
283.97999999981425,pick_play,pick,0.0,0.0,0.0,0.9858321332608172,0.32766767041231293,0.9748292605544182,-3.6040265481683105,-0.0014270798943864457,-0.0021348050472830777,-0.00014691469263799286,4.1885134799246746e-05,-0.0023897853131674574,-0.0015628277294849901,0.0721576597620431,0.21110258015938815,0.6024662351818001,0.41031093266105656,-34.58687178297681,0.6473618914501762,0.5447563168058396,-18.467287858009144,-0.05716618765251829,-0.011752723902463916,3.6316147185114054,1.4682007971296285,1.4677023480594635,-0.011695418920277053
283.99999999981424,pick_play,pick,0.0,0.0,0.0,0.9858348125251362,0.32767795712154874,0.9722032096445239,-3.605934180227418,-0.0013426398059478175,-0.0020488043468405077,-0.00014002038980212797,3.6584248180274096e-05,-0.0022897154016060205,-0.0016608631084025333,0.0721107027361705,0.21073028675990021,0.6024514757018357,0.4103237178573609,-34.58188145261345,0.6473400138786445,0.5446549889097214,-18.481645368645818,-0.05714102030553599,-0.01172774210572243,3.6316656817954467,1.4681781450092595,1.4676816801488877,-0.011646666293263882
284.0199999998142,pick_play,pick,0.0,0.0,0.0,0.9858373810057938,0.32768064155124277,0.9696904675739286,-3.607948785174197,-0.0012612389826385044,-0.001963163713939027,-0.00013325114764494052,3.1481206402170426e-05,-0.0021916620914346004,-0.0017542525523895982,0.07206696480054976,0.21037717522560023,0.6024363171021385,0.410335489774704,-34.57700391121173,0.6473188500866213,0.5445595767745972,-18.495064167777954,-0.05711704717438212,-0.011703758686780932,3.6317327858761916,1.4681555400419,1.4676615337789536,-0.011586867356068474
284.0399999998142,pick_play,pick,0.0,0.0,0.0,0.9858398419548768,0.3276760406365999,0.9672878187233303,-3.610065445084819,-0.0011827926081759994,-0.0018780504878246637,-0.00012671099794906338,2.657787546257748e-05,-0.002096481524829029,-0.0018433817675739797,0.0720262662636343,0.21004235695652335,0.6024207835652398,0.41034609940147404,-34.57226990925432,0.6472983724562491,0.544469931388855,-18.507566384723425,-0.05709424766723642,-0.01168087795376778,3.631804357642014,1.4681330027064243,1.4676418642461777,-0.011517518421761226
284.0599999998142,pick_play,pick,0.0,0.0,0.0,0.9858421989572032,0.3276644951106986,0.9649913802104901,-3.6122781398966017,-0.0011072180746489128,-0.0017936594759161077,-0.00012045257190347134,2.187042043943591e-05,-0.0020048128880674003,-0.0019283120535388719,0.07198853767481338,0.2097252834694199,0.6024048936222107,0.4103554275283814,-34.567703484647275,0.6472785543836528,0.5443858441362381,-18.519184631306835,-0.057072575590440315,-0.011658984422683719,3.631884248600878,1.4681105470086304,1.4676225374401093,-0.011442115362150783
284.07999999981416,pick_play,pick,0.0,0.0,0.0,0.9858444555317885,0.32764635250450597,0.9627972780081159,-3.6145786648149274,-0.0010343088711194245,-0.001710546828395213,-0.00011445139584864282,1.734257869517515e-05,-0.0019164419465362334,-0.0020057067575210935,0.071953668393019,0.20942545094882994,0.6023886701417969,0.41036356356239323,-34.56329341913941,0.6472593736979936,0.5443072107086182,-18.529934300395464,-0.057051976400898055,-0.011638264358043673,3.63195314061868,1.4680881890839905,1.4676036725700379,-0.01135816085308762
284.09999999981414,pick_play,pick,0.0,0.0,0.0,0.9858466161563078,0.32762191484245223,0.9607014109913173,-3.61695925619473,-0.0009639353521073569,-0.001629010003824288,-0.00010864039701013434,1.3001245445981952e-05,-0.001831195665931892,-0.0020744803319468,0.07192154291127069,0.20914220699480776,0.6023721241123742,0.41037026908493046,-34.55908483495864,0.6472407987996298,0.544233628774643,-18.53988269276546,-0.05703238715206805,-0.011618602275848391,3.63201498348503,1.4680659418556614,1.4675851653278351,-0.011268415583964844
284.1199999998141,pick_play,pick,0.0,0.0,0.0,0.985848687309195,0.32759132996813084,0.9586972289364802,-3.619412642447148,-0.0008960971977827083,-0.0015488484025622986,-0.00010315548424987078,8.802286440243515e-06,-0.0017500462006538931,-0.00213799865340698,0.0718920630252733,0.20887538628305477,0.602355244259708,0.4103757825145722,-34.55503511908783,0.6472227795334878,0.544165217543602,-18.54900321444808,-0.0570137372661158,-0.011599949747323993,3.6320669891706787,1.4680438223224663,1.4675671721756935,-0.011169610823295043
284.1399999998141,pick_play,pick,0.0,0.0,0.0,0.9858506778180792,0.3275544968129976,0.9567715091958099,-3.6219323005647475,-0.0008305780650864717,-0.0014702158054834553,-9.874984634884656e-05,4.158393237720303e-06,-0.0016839325338945186,-0.002195411430881934,0.07186527659396426,0.20862533078087558,0.6023379815464753,0.41038019325828556,-34.55110472821382,0.6472052564479136,0.5441020366201401,-18.557258217268316,-0.056995902994359776,-0.011582306772470477,3.632103571687611,1.4680218396876956,1.4675494397938729,-0.011067999824432169
284.1599999998141,pick_play,pick,0.0,0.0,0.0,0.9858525923650787,0.3275114570993281,0.9549129006761939,-3.62451419646231,-0.0007676638285146217,-0.0013931993227492012,-9.527067991710148e-05,-4.5851326806049445e-07,-0.0016272556017103718,-0.0022493794455359733,0.07184108591892326,0.20839082100989986,0.6023203132545074,0.41038266685104374,-34.54744759881923,0.647188211537367,0.5440428790102005,-18.564873502995756,-0.05697863888066141,-0.011565747857093814,3.6320860265009323,1.4680000039018941,1.4675320575893402,-0.010961647117939776
284.1799999998141,pick_play,pick,0.0,0.0,0.0,0.9858544342044884,0.32746235258641115,0.9531146923270614,-3.6271546519525093,-0.0007075019928295612,-0.0013180429927882019,-9.23064427205476e-05,-5.008412068726001e-06,-0.0015757295473824628,-0.0023002427348441166,0.07181929192014598,0.20817105812046913,0.6023022438041192,0.41038338210678105,-34.544035681064535,0.6471716268231354,0.5439874019870758,-18.571908370746492,-0.05696168969926357,-0.011550291627645495,3.6319827831235267,1.4679783293252684,1.4675151596725464,-0.010847712599448608
284.19999999981405,pick_play,pick,0.0,0.0,0.0,0.9858562078828813,0.32740743616793044,0.9513726474183613,-3.629849758590544,-0.0006501111704495771,-0.0012446195945790875,-8.953920321702048e-05,-9.340781575541417e-06,-0.0015273201790661909,-0.002347786810829093,0.07179972422789539,0.20796504664287419,0.6022837738745493,0.41038213040924076,-34.54090599430835,0.6471554695865807,0.543935680056572,-18.57834236341508,-0.05694492379166856,-0.011535718291997912,3.631817119125403,1.4679568249190162,1.4674985821307183,-0.010730300798169902
284.21999999981404,pick_play,pick,0.0,0.0,0.0,0.9858579175303064,0.32734697831707,0.9496848317226868,-3.632595707117436,-0.0005954687684832578,-0.0011729924178372469,-8.677838184186245e-05,-1.3499186788838825e-05,-0.0014804270911402174,-0.0023919849302697195,0.07178229123431376,0.20777249008274076,0.6022649172029871,0.41037923958396916,-34.53800285201002,0.6471397065863189,0.543887638712883,-18.584182324473066,-0.05692828598237365,-0.011521752178668979,3.6316099680532155,1.467935503528583,1.4674824963272095,-0.010605632284755645
284.239999999814,pick_play,pick,0.0,0.0,0.0,0.9858595671440745,0.32728124411121484,0.9480496993524508,-3.635388739036683,-0.0005434945906448506,-0.0011032449531245727,-8.40129746475039e-05,-1.7477221083133993e-05,-0.0014348650494549213,-0.0024329151842313644,0.07176685672680953,0.20759279343846104,0.6022456901419261,0.41037491824722294,-34.535291793195604,0.6471243049468196,0.5438434120664597,-18.58939823620104,-0.05691173702229178,-0.011508251726627353,3.6313700912424713,1.4679143772337775,1.4674668426573754,-0.010475441306856247
284.259999999814,pick_play,pick,0.0,0.0,0.0,0.9858611606962966,0.3272104928140542,0.946465740797476,-3.6382252217736952,-0.0004941025728492639,-0.001035428488398362,-8.123382983433414e-05,-2.12833567191137e-05,-0.0013905942204006443,-0.002470680111737833,0.07175335122934631,0.2074256007608574,0.6022261076082758,0.41036913659667973,-34.53278072396186,0.6471092324831109,0.5438028213033677,-18.59401650470646,-0.05689526824918925,-0.011495090276002887,3.6311091861935134,1.4678934548001497,1.4674515540659905,-0.010341503838167274
284.279999999814,pick_play,pick,0.0,0.0,0.0,0.9858627018383349,0.3271349603734007,0.9449315569106351,-3.6411026372676223,-0.00044706087365372905,-0.0009695160530276091,-7.844504095086287e-05,-2.4921020203271897e-05,-0.0013475180665620309,-0.0025063322407702002,0.07174168756989972,0.20727040970697563,0.6022061813518583,0.4103619244346619,-34.53046639871025,0.647094459485368,0.5437658217201233,-18.59804007947279,-0.05687888264733597,-0.011482256650924685,3.6308288735101737,1.4678727434761738,1.4674366007507325,-0.01020469909485518
284.29999999981396,pick_play,pick,0.0,0.0,0.0,0.9858641932668698,0.3270545444143957,0.9434463241519915,-3.644028272159698,-0.00040059696236321757,-0.0009046108131634773,-7.560888987691139e-05,-2.855630389336554e-05,-0.0013051593724782494,-0.0025498675620075554,0.07173179127237302,0.20712684040141705,0.6021858913170763,0.41035334136581425,-34.52833128444627,0.6470799544051283,0.5437322196016312,-18.60149772785665,-0.05686257308168341,-0.011469668895006183,3.6305346835453407,1.467852258968133,1.4674221466243744,-0.010061659786660534
284.31999999981394,pick_play,pick,0.0,0.0,0.0,0.9858656373240469,0.3269695446107779,0.9420079276922387,-3.6470000495216786,-0.0003561262300185118,-0.00084198137559725,-7.291188662762292e-05,-3.192228100856368e-05,-0.001264784566120194,-0.0025897209084125294,0.07172371806924474,0.20699515911263033,0.6021652411612013,0.41034317877388005,-34.52641609991221,0.6470657128386659,0.5437026705989838,-18.604273122779727,-0.05684630660630991,-0.011457353085279467,3.6302209673158887,1.467832030935648,1.4674087430298806,-0.009899824043315244
284.3399999998139,pick_play,pick,0.0,0.0,0.0,0.985867036652904,0.3268803475113107,0.9406145947622884,-3.650011246863421,-0.0003140697961760049,-0.0007819447699817788,-7.027032409926807e-05,-3.505480680640052e-05,-0.0012258256079955721,-0.00262360659528674,0.07171737341858675,0.2068747678689501,0.6021442539882506,0.4103314664611817,-34.52472103680933,0.6470517244352643,0.543676474357605,-18.606489791723632,-0.05683008236640166,-0.011445327848196032,3.629887390083297,1.467812097578823,1.467396516627121,-0.009717239868156789
284.3599999998139,pick_play,pick,0.0,0.0,0.0,0.9858683947100547,0.326787274419746,0.9392650005273823,-3.653056099275346,-0.00027442341160239327,-0.0007244802411230765,-6.760776252861283e-05,-3.799384029626216e-05,-0.001187961392995423,-0.002652617522956634,0.07171261390568551,0.2067649418599117,0.6021229503438607,0.4103183236370087,-34.523228073433,0.6470379656824138,0.5436533775577546,-18.608188097194596,-0.056813901415973776,-0.01143348887562752,3.6295424305996917,1.4677924882780806,1.467385184294033,-0.009521354977532157
284.3799999998139,pick_play,pick,0.0,0.0,0.0,0.9858697150386996,0.32669057207320423,0.9379578833177858,-3.656130222550514,-0.00023713620013201704,-0.0006695422904009664,-6.492194475968391e-05,-4.078575273329486e-05,-0.0011511789344641117,-0.0026779403535976925,0.07170932325374392,0.2066651005066162,0.6021013506091524,0.4103041079292298,-34.521876511214614,0.647024408203236,0.543633037472725,-18.60942425898601,-0.05679776482242308,-0.011421784013509753,3.6291903484313734,1.4677732182166978,1.4673744331062317,-0.009319884402546089
284.3999999998139,pick_play,pick,0.0,0.0,0.0,0.985871001229472,0.3265904668218195,0.9366918855059592,-3.6592301322833296,-0.00020214354942581507,-0.0006171008409149483,-6.22184255663813e-05,-4.34280791109359e-05,-0.001115575367682312,-0.0027002945750681747,0.07170738218484088,0.2065744237728921,0.6020794704735639,0.4102887895355225,-34.52067413163828,0.6470110230988122,0.5436152156839371,-18.61023596265755,-0.05678167236226209,-0.011410079151391986,3.628841776333753,1.4677542978477096,1.4673642332613945,-0.009113717114051241
284.41999999981385,pick_play,pick,0.0,0.0,0.0,0.9858722565888022,0.32648717247998554,0.9354655158144897,-3.6623528007736468,-0.00016938267490458096,-0.0005671444600174894,-5.952770639499179e-05,-4.592712156240707e-05,-0.0010812740960338546,-0.002720036810050615,0.07170667869788355,0.2064922126733608,0.602057325431002,0.41027248766517643,-34.51960228150345,0.6469977843331783,0.5435997631797791,-18.610645570500147,-0.056765624085802956,-0.011398422718048098,3.628492870007867,1.4677357260653314,1.4673542718351364,-0.008910219548393784
284.43999999981384,pick_play,pick,0.0,0.0,0.0,0.9858734846870266,0.3263809324993689,0.9342772842966702,-3.6654956254410673,-0.00013878745583543081,-0.0005196479063000323,-5.6825883442127727e-05,-4.824462801598103e-05,-0.0010482507132650112,-0.0027375501137523114,0.07170715334563701,0.20641788606494535,0.6020349231342406,0.4102549340972901,-34.518709965554244,0.6469846660659556,0.5435865011463166,-18.610680633104757,-0.05674961924597743,-0.011386717855930331,3.6281512655906414,1.4677174969709366,1.4673444966733933,-0.008710423662658125
284.4599999998138,pick_play,pick,0.0,0.0,0.0,0.9858746882655411,0.3262719338281998,0.9331256825649639,-3.668656242120206,-0.00011029881877196358,-0.00047460557325242054,-5.416989879172501e-05,-5.0440196781491294e-05,-0.0010165407168122578,-0.002753008355195307,0.07170865671099169,0.2063507773064951,0.6020122812147899,0.41023663547134404,-34.51791004622484,0.6469716471938871,0.5435753252754212,-18.610356493203447,-0.05673365771904699,-0.011375039070844653,3.6278110371337315,1.4676996025883713,1.4673348556221009,-0.008515366511610965
284.4799999998138,pick_play,pick,0.0,0.0,0.0,0.9858758699633824,0.32616037414989013,0.9320090938996126,-3.6718325040300575,-8.385359740400552e-05,-0.0004319914964518267,-5.156351268372261e-05,-5.2488432334107014e-05,-0.0009862415082848542,-0.0027666135807296074,0.07171113649302381,0.20629031087770566,0.6019894135421139,0.41021741297340397,-34.517236792247765,0.6469587087830607,0.543566012049675,-18.60971012385387,-0.05671773906607579,-0.011363304406404498,3.6274786811899573,1.467682029605122,1.4673251996696473,-0.008328246232142825
284.4999999998138,pick_play,pick,0.0,0.0,0.0,0.9858770322292675,0.3260464510122004,0.9309259057835017,-3.675022410999123,-5.938796536847862e-05,-0.00039178894287245406,-4.901789834920779e-05,-5.4392302975367e-05,-0.0009573347347400428,-0.0027784743351609723,0.07171450350897826,0.2062360618289302,0.6019663341458336,0.4101972964057923,-34.51668743812159,0.6469458343930937,0.5435585465679169,-18.60874145185642,-0.05670186282351303,-0.011351536214351657,3.6271523750309025,1.467664764133545,1.467315536266613,-0.008148533006099683
284.51999999981376,pick_play,pick,0.0,0.0,0.0,0.9858781778291327,0.3259303579577721,0.9298745581188378,-3.6782241383168603,-3.683752892707214e-05,-0.0003539696551777018,-4.65040434999331e-05,-5.615214260171626e-05,-0.0009297717014984655,-0.0027887588160374712,0.07171869449058368,0.20618733692531183,0.6019430524755512,0.4101762261638642,-34.516274027116864,0.6469330045328594,0.5435526010046006,-18.607505715181325,-0.05668602895705103,-0.011339771747589114,3.62682916117509,1.4676477905650498,1.4673057983577729,-0.007977445084031504
284.53999999981374,pick_play,pick,0.0,0.0,0.0,0.9858793087174367,0.3258122545759688,0.9288535191873492,-3.681435957805778,-1.6140459426181924e-05,-0.00031851413995679257,-4.4072522214930737e-05,-5.78004292782597e-05,-0.000903538283510405,-0.002797532351182943,0.07172355530027606,0.20614353676269961,0.6019195864050781,0.4101545598754883,-34.5159361294314,0.6469202057592515,0.5435481902608872,-18.605998317313933,-0.056670237131314964,-0.011327958852052691,3.62651316315179,1.4676310951694431,1.467296038097191,-0.007813416077859278
284.5599999998137,pick_play,pick,0.0,0.0,0.0,0.9858804273701367,0.32569195094156134,0.9278614067698302,-3.684656372562693,2.7695462517863507e-06,-0.0002854751122427633,-4.167083717249864e-05,-5.9533997458028134e-05,-0.0008785454631389294,-0.002805019618249042,0.07172908938880072,0.20610432424819816,0.601895953147581,0.41013199951744084,-34.51572923943422,0.6469074143574607,0.5435450014123917,-18.604271505459305,-0.05665448536556567,-0.011316123604774478,3.626202182311262,1.4676146601170883,1.4672861064732552,-0.0076595589633195234
284.5799999998137,pick_play,pick,0.0,0.0,0.0,0.985881539383921,0.32556379027759863,0.9268990651828347,-3.6878839260524017,1.852988435657087e-05,-0.0002593415865535278,-3.881785865228242e-05,-6.73076486402463e-05,-0.0008521789379211783,-0.0028112801461810193,0.07173514079472303,0.2060689026452737,0.6018722956653314,0.41010869410133366,-34.51566421155292,0.646894475784301,0.5435429897556305,-18.602293588940547,-0.05663874219880409,-0.011304169148206714,3.6258993038613156,1.4675984720704784,1.467276167398739,-0.0075116302632883625
284.5999999998137,pick_play,pick,0.0,0.0,0.0,0.9858826568598867,0.3254269854287035,0.9259589707870346,-3.6911146801134063,2.066813659167429e-05,-0.00024039118408155874,-3.644605825234347e-05,-7.446254298564818e-05,-0.0008341645088585233,-0.002813619387019961,0.0717413768375165,0.2060357416089905,0.6018487473627132,0.41008523967361454,-34.515654967474426,0.6468812296941749,0.5435412761220932,-18.600194649930962,-0.056622999634076375,-0.011291931569576266,3.6256188756179086,1.46758251074957,1.4672659153998375,-0.007376480181395703
284.6199999998137,pick_play,pick,0.0,0.0,0.0,0.985883784420839,0.3252797135564055,0.9250348912775983,-3.6943472907108115,2.0145501023301122e-05,-0.0002251936014067881,-3.447342334398477e-05,-8.418553775117834e-05,-0.0008206041320108153,-0.002815298668129218,0.07174722367903807,0.20600100447577419,0.6018253792773494,0.4100610997924805,-34.51580795917662,0.646867604533873,0.5435385492095948,-18.598203812121152,-0.056607272687596896,-0.011279340088367465,3.6253689420014954,1.467566759863619,1.4672555590928078,-0.007248671867941019
284.63999999981365,pick_play,pick,0.0,0.0,0.0,0.9858849211229492,0.3251215336599067,0.9241250216293613,-3.697581885147779,1.9497105396567267e-05,-0.00021208231229905415,-3.2693833093837534e-05,-9.359296288576446e-05,-0.0008083230037697703,-0.002817122047947015,0.07175260128315954,0.205964222489057,0.6018022175053697,0.41003627445793156,-34.516123082357716,0.646853597777278,0.5435350474367142,-18.596284078691166,-0.056591571596635144,-0.011266364902257922,3.625152320314582,1.467551201153118,1.4672449718177796,-0.00713081098395083
284.65999999981364,pick_play,pick,0.0,0.0,0.0,0.9858860662556836,0.324954191701076,0.923228542991263,-3.7008184435590494,1.8930436215246264e-05,-0.0002007461960215649,-3.101379057726046e-05,-0.00010139988475556515,-0.00079671579271525,-0.0028188962958953464,0.07175757237997744,0.20592605639094866,0.6017792371588475,0.41001109149551396,-34.51653328532891,0.646839246314005,0.543531113530159,-18.594382956988103,-0.05657589796597767,-0.011253069341182712,3.624963585447581,1.4675358104052993,1.4672339747608185,-0.0070265529713970706
284.6799999998136,pick_play,pick,0.0,0.0,0.0,0.9858872195864893,0.3247795080193572,0.9223447058594605,-3.7040567185495545,1.8455691925860106e-05,-0.0001910348851701127,-2.9407781838527454e-05,-0.00010763194936659948,-0.0007857658292989878,-0.0028204288215354333,0.07176217455498082,0.20588639369816095,0.6017564011390191,0.40998546149826054,-34.517047093149955,0.6468245938027356,0.543526956106186,-18.592471189590466,-0.056560251639613604,-0.011239714175462726,3.6247817958114807,1.4675205642354339,1.4672226126254082,-0.006934255169942102
284.6999999998136,pick_play,pick,0.0,0.0,0.0,0.9858883805506964,0.3245989916482822,0.9214728502598751,-3.7072963841780195,1.806556603242002e-05,-0.00018280436494667006,-2.7888896648697004e-05,-0.00011259254795184683,-0.0007753756689431811,-0.0028216704441068286,0.07176646588365419,0.20584571398270535,0.6017336818190372,0.40995980169868473,-34.51758525603875,0.646809682986305,0.543522500658989,-18.590569784292896,-0.05654463296828999,-0.011226303130388263,3.624606709957104,1.4675054394302192,1.4672108481586457,-0.006854264161489907
284.7199999998136,pick_play,pick,0.0,0.0,0.0,0.985889548950751,0.32441406965092734,0.9206122140509367,-3.7105370539329066,1.7751449626110303e-05,-0.0001759330620575701,-2.6445530912654573e-05,-0.00011631065503066643,-0.0007656690028881704,-0.002822564411526396,0.07177051193286903,0.20580413696524594,0.601711044781766,0.4099336948642731,-34.518216017138364,0.6467945556422248,0.5435180303106308,-18.588635241579624,-0.0565290423746611,-0.011212851107120517,3.6244371716010795,1.4674904154699635,1.4671987409651757,-0.006784681073923558
284.73999999981356,pick_play,pick,0.0,0.0,0.0,0.9858907238555452,0.32422592655750676,0.919762085548704,-3.713778368124896,1.7504635331215057e-05,-0.0001702904284157908,-2.5118708774778827e-05,-0.00011903612932478919,-0.0007565690467587005,-0.002823147107432473,0.07177429239091396,0.20576157367957812,0.6016884716038463,0.409907856250763,-34.51880871454817,0.6467792517462306,0.5435132917413712,-18.586720199245864,-0.056513480273472076,-0.011199365556240085,3.6242726176425877,1.467475470482244,1.4671862090886116,-0.006726942123361129
284.75999999981354,pick_play,pick,0.0,0.0,0.0,0.9858919045474813,0.32403562178002565,0.9189218142178494,-3.717020029153439,1.7318951567382313e-05,-0.0001657477486559206,-2.388032127120618e-05,-0.00012084620093369246,-0.0007480281684340356,-0.0028234750431366576,0.07177789923638836,0.20571846701193833,0.6016659416042318,0.4098818388233185,-34.51943975124376,0.6467638075007885,0.5435084637651444,-18.58479870998239,-0.05649794746383329,-0.011185872554779056,3.624111048824395,1.4674605853538043,1.4671733270347596,-0.00667882189463611
284.7799999998135,pick_play,pick,0.0,0.0,0.0,0.9858930906955516,0.32384417718555814,0.918090832460724,-3.720261726666037,1.7188071232083548e-05,-0.00016220586586126678,-2.270614019614342e-05,-0.00012177232381513283,-0.000739971428173003,-0.0028235240570842943,0.07178134435747377,0.20567463196838073,0.6016434318349183,0.4098556723842621,-34.52009951287157,0.6467482546919866,0.5435035314807892,-18.582878845502737,-0.056482444879842796,-0.011172375828027728,3.6239522480005095,1.467445746045614,1.4671601991117478,-0.006637538241764286
284.7999999998135,pick_play,pick,0.0,0.0,0.0,0.9858942815987224,0.32365246220856164,0.9172686338311875,-3.723503118407189,1.710787400605777e-05,-0.0001595819639311422,-2.1615525561621504e-05,-0.00012196445055508968,-0.0007323510037577355,-0.002823268355258424,0.07178461788466663,0.2056302697233641,0.6016209273942843,0.4098295357475281,-34.520753785294566,0.6467326241741272,0.5434985842952729,-18.5809500035367,-0.05646697385422674,-0.011158938705921176,3.6237912794240086,1.4674309386801487,1.4671467806160927,-0.006603845100770856
284.8199999998135,walk,walk,0.0,0.0,0.0,0.9858954772611775,0.3234612668632486,0.9164547571408853,-3.726743968535102,1.707290506091864e-05,-0.00015777360541549426,-2.05569228487826e-05,-0.00012147477503649573,-0.0007251240381407431,-0.0028228250739062493,0.07178778105096115,0.20558551650914955,0.6015984078959242,0.4098031904945374,-34.52144130922652,0.6467169378512486,0.5434934135923386,-18.57905295945642,-0.05645153497152413,-0.011145497858524325,3.6236332075761304,1.467416147444669,1.4671330119431496,-0.0065787683685395145
284.8399999998135,walk,walk,-0.0,-0.0,0.0,0.9858965111224383,0.32326106163807183,0.915657791754822,-3.730016944538164,1.7269965225405025e-05,-0.00015088138330082544,-2.838666838186083e-05,-0.00013026621871278264,-0.0007096686969067332,-0.0028565508474533703,0.0717743729458653,0.20552045193806237,0.6015777754163129,0.40983227963846136,-34.512645435973326,0.6467022376313203,0.5434980392712799,-18.575653465253172,-0.056436349556089206,-0.011139827558612446,3.6228871822318056,1.4674039460538921,1.467193739422421,-0.004853853961398732
284.85999999981345,walk,walk,-0.0,-0.0,0.0,0.98589684620068,0.32297435487617493,0.9149167967746773,-3.733261207086573,1.8879206505861426e-05,-0.00015082776992306912,-6.199352585373592e-05,-0.0002182846700263246,-0.0006556785297220716,-0.0028196268240663716,0.07170660655370197,0.20522146038283573,0.6015664744195169,0.41002182477725224,-34.47725152989779,0.6466911417971548,0.5435281307050827,-18.5685415769511,-0.056421310345869724,-0.011102904662723543,3.624644687935206,1.4674064666803859,1.4675893790499337,0.00442780427212833
284.87999999981344,walk,walk,-0.0,-0.0,0.0,0.9858959618569425,0.3221222005090629,0.9143933312190202,-3.7361886783984173,2.5485172774971068e-05,-0.00018606488073377,-0.00010107023227587015,-0.0007873603922221831,-0.0004350112571543718,-0.0024947111511128156,0.07155156318782402,0.20450304844490746,0.6015819632875402,0.41049576711048286,-34.39681532342901,0.646679355538324,0.5436026570567475,-18.552867392594976,-0.05640593798179626,-0.011010925185403827,3.6307522470173934,1.4674467236918864,1.4685777482919056,0.02676887708784235
284.8999999998134,walk,walk,-0.0,-0.0,0.0,0.9858919764209982,0.319905774658344,0.9137159999315501,-3.739358305279684,-5.349692493542701e-06,-0.00019455280262536061,-0.00030104284658169636,-0.002068628442347179,-0.0006538439032586106,-0.0028406276566108495,0.07130485773737068,0.2032250428297577,0.6016573242608937,0.4113432928328186,-34.26244980611853,0.6466673741953011,0.5437337846571824,-18.526866303532735,-0.05638603579573661,-0.010848533535135653,3.6419131182145272,1.4675553318473877,1.4703404389381083,0.06570108970280837
284.9199999998134,walk,walk,-0.0,-0.0,0.0,0.9858775854542056,0.31456407373349715,0.9132681340847539,-3.742403205514002,-3.449863065208184e-05,-0.0005583383529538297,-0.0008431387414527721,-0.00508398333627399,-0.00031370219626369124,-0.0025967299222956174,0.0709759161811328,0.20127699776119912,0.6019100770227144,0.41262238266563417,-34.09111876626818,0.6466737446622292,0.5439281048974991,-18.493993308300436,-0.056354045903809775,-0.010611603820323947,3.6580174306844655,1.4681108688304838,1.4729910828677297,0.10093865343589509
284.9399999998134,walk,walk,-0.0,-0.0,0.0,0.9858381673831385,0.30394584638313227,0.9141790239688671,-3.7446787606692102,-0.00010743719371653559,-0.0013399893805887911,-0.0020546538207233556,-0.009931441873151306,0.0009879504958928349,-0.0019458245969052065,0.07058160390964043,0.19857805443402182,0.602528287954798,0.4143688958576234,-33.91524646107565,0.6467753305925622,0.5441934414849168,-18.47030374133848,-0.05630843094860087,-0.010311135838944248,3.678456594358995,1.4699421505658514,1.476587024686808,0.09776519845116584
284.95999999981336,walk,walk,-0.0,-0.0,0.0,0.9857514791719467,0.28758306159162517,0.9188767297811679,-3.746084223437992,-0.0001778051502970412,-0.0023343074165496996,-0.0041471629585327,-0.01500094994457149,0.004620728826518713,-0.0012337849870020417,0.07015407862303251,0.19508628643839482,0.6037261630574402,0.4166121041260376,-33.770982639574534,0.6471486348717528,0.5445424365517761,-18.49469571529441,-0.0561827006831177,-0.009978419024652865,3.6901064337409144,1.4731733450962854,1.4811346524538351,0.08329413896547874
284.97999999981334,walk,walk,-0.0,-0.0,0.0,0.9855975927313774,0.2657319588602939,0.9293796083374318,-3.7466135005777015,-0.00013161493071509132,-0.0034456456319727404,-0.0070242293961033635,-0.019762761141181313,0.00987839168243948,-0.0005171143997063065,0.06973161433461679,0.19080276771478677,0.6056746947322976,0.4193891373945374,-33.67893132852625,0.6479599006455539,0.5449857866689012,-18.593787054375607,-0.05588868175865242,-0.009649483684305574,3.6830136093657204,1.477583143409659,1.486570362168052,0.0694648143377932
284.9999999998133,walk,walk,-0.0,-0.0,0.0,0.9853631189122685,0.23889376567904547,0.9462773105475941,-3.7466914149826596,0.00011259395113944043,-0.0045436547984383895,-0.010479073449776135,-0.024082123690224163,0.015490536267286064,-0.00015890468728819307,0.06935862406676833,0.18581890155082015,0.6084704467026607,0.42275069014407657,-33.641613122999914,0.6493273072949015,0.5455785434520325,-18.775106893178883,-0.055385975388633275,-0.009359074877569963,3.6544395059781105,1.482970019380778,1.4928018935082292,0.05771811570434118
285.0199999998133,walk,walk,-0.0,-0.0,0.0,0.9850414931407985,0.20765591511319625,0.9687878087153288,-3.746714927478658,0.0005881817199036743,-0.005522630964660559,-0.014315785100299317,-0.027874944410324717,0.020281374846335114,-6.212582137436263e-05,0.06908622331593327,0.18539944757044646,0.6121390275303159,0.42673957995986944,-33.65046292543306,0.6513161113516073,0.5463993986997605,-19.032207412197554,-0.05472051754767574,-0.009114557001590732,3.612055491680258,1.4891783543143733,1.499710618420887,0.047596269185447404
285.0399999998133,walk,walk,-0.0,-0.0,0.0,0.9846304606324555,0.1726660469964694,0.9951202032594046,-3.7467597127948675,0.0012414383246675841,-0.006319272866539447,-0.018434295184540424,-0.0310940401217082,0.023410542969253174,-6.743424134971312e-05,0.06896471237852916,0.18527161369635187,0.6166613255634753,0.43138971186712344,-33.692522998344955,0.6539578411833039,0.5475387244249268,-19.351986389258418,-0.05396576698779247,-0.008933574505237582,3.561427351768821,1.496069798258918,1.5071688944822128,0.03881932888041423
285.0599999998133,walk,walk,-0.0,-0.0,0.0,0.98413002902204,0.13451110147059162,1.0230051953093384,-3.746829014941912,0.002034139045258651,-0.006918575528452133,-0.022772092735692955,-0.03380517716493876,0.024528121402360006,-6.518417429156418e-05,0.06903890627195101,0.18535050569022976,0.6219965772996109,0.4366460716093811,-33.7686426184849,0.6572631154645687,0.5490691238390183,-19.721724061985043,-0.05319434628546524,-0.008831786979813388,3.5070953718938935,1.5034987729806728,1.515012306518821,0.03126489171789043
285.07999999981325,walk,walk,-0.0,-0.0,0.0,0.983541076147853,0.09364447954342324,1.050254816409203,-3.7469647911233324,0.002946049264547101,-0.007319224545418727,-0.027277918830132582,-0.03613098330133374,0.0237659369851216,-6.958736577483389e-05,0.06936333484642242,0.1856636571000439,0.6280980544948956,0.44243439739485174,-33.88332978753968,0.6612305461146418,0.5510380432225952,-20.131719750479988,-0.05246688703038697,-0.008749027099084476,3.4580412391414033,1.5112980817597117,1.5230454612951874,0.025019343804488114
285.09999999981324,walk,walk,-0.0,-0.0,0.0,0.9828639550857918,0.05041795735245006,1.0751918189917935,-3.7471749637499943,0.0038840083294189847,-0.0075391357015544645,-0.03193289412024144,-0.0381529632326563,0.021610430944053703,-8.478003238570903e-05,0.0699936995695825,0.18619613281297176,0.6349284095043841,0.44873227669141236,-34.03461737761558,0.6658580329762743,0.5535489548704635,-20.56289443602298,-0.051829340205540045,-0.00864639275735245,3.4202440347076832,1.5192698528752855,1.5310353748515482,0.020285030605573073
285.1199999998132,walk,walk,-0.0,-0.0,0.0,0.9820982520182546,0.005202034779834214,1.096727483337307,-3.7474390166864966,0.00475474873751801,-0.0076074505128109265,-0.036715977074397894,-0.03984112829027205,0.018566415363865454,-9.809138299993051e-05,0.07097271857403599,0.18697118907303634,0.6424586668772203,0.45548747780418397,-34.227341208962635,0.6711461301784694,0.5566462246809005,-21.00755863357355,-0.05131245465594056,-0.008452424556016925,3.401058220308069,1.5271958700849402,1.538748524804461,0.01732494333009793
285.1399999998132,walk,walk,-0.0,-0.0,0.0,0.9812439039730505,-0.04143269013947408,1.114174519227564,-3.747776758430993,0.005482496971778085,-0.007544810230002696,-0.041564194449608606,-0.04099767192950312,0.014958023464876445,-0.00015081207017395373,0.07234390788792125,0.18805118321149267,0.6506533112560301,0.46260212804453743,-34.47223861546888,0.6770930757240847,0.5603543363548387,-21.460823586409333,-0.050932218283148444,-0.008244252483524322,3.394777971065939,1.5348565976455166,1.545977916543931,0.0164183174819178
285.1599999998132,walk,walk,-0.0,-0.0,0.0,0.9803030196697501,-0.08856298717548718,1.1269885072761747,-3.748236960966331,0.006007437072121443,-0.0073661367741246,-0.04634606730578639,-0.04129987616665991,0.010880119989438972,-0.000261742100086235,0.07415293663845987,0.19351700141086978,0.6594516615735647,0.46992582883871764,-34.78355155625148,0.6836843649210761,0.5646787771300674,-21.918115127238856,-0.05069250482944648,-0.008050695041397101,3.398730443250251,1.542046082794279,1.552541607956842,0.017651047611743798
285.17999999981316,walk,walk,-0.0,-0.0,0.0,0.9792820441388218,-0.13493610527680375,1.1344122268935066,-3.748887358084717,0.006301687065979852,-0.007104413776653921,-0.05085563256278865,-0.04046812795991838,0.006100518597429968,-0.0004504403848933542,0.07637929614740221,0.20405375756233302,0.6687509506142867,0.47726093532315067,-35.17515832339788,0.690876539618557,0.5695394731131882,-22.38379710410365,-0.05057402509518666,-0.007860466400931552,3.4111730884950333,1.5485809651276436,1.5582822472331277,0.020802103269411287
285.19999999981314,walk,walk,-0.0,-0.0,0.0,0.9781934605305458,-0.1791536818687104,1.13551699024371,-3.74995104015545,0.0063801410143475385,-0.006796681265074884,-0.05479451968387302,-0.038374617814233666,0.0005650305452624566,-0.0008890467721558078,0.07894302669118382,0.21520579135476087,0.6783995657586304,0.48439236033759153,-35.65472661943798,0.6985819983804717,0.5747780206907319,-22.867533896062596,-0.050539584856085326,-0.007672939668629461,3.4278828293610286,1.5543078159102035,1.5630815424229725,0.025674488795251305
285.2199999998131,walk,walk,-0.0,-0.0,0.0,0.9770565309667327,-0.21983789740521095,1.1297127460320957,-3.752300730071948,0.0062701919358840955,-0.006439978484017644,-0.057796422995388605,-0.03503683167951017,-0.005553037543920473,-0.0022137601324813817,0.08171804160498594,0.2263824819181471,0.6881988726836877,0.49106801349258433,-36.228396781530094,0.7066619348289137,0.5802469475278855,-23.3669436969842,-0.05053759725948811,-0.007533266718387603,3.4401850665279756,1.5591133779782522,1.5668831557953835,0.032492486586922276
285.2399999998131,walk,walk,-0.0,-0.0,0.0,0.9758981505096352,-0.2557392427481564,1.1146533894394168,-3.7565248542081733,0.0059166824203303265,-0.0060981438573321795,-0.059650914362452845,-0.0307696376113713,-0.01396387328381965,-0.003905510396769344,0.08455122530173338,0.2370501839042835,0.6978996619458218,0.4970713531354096,-36.88642130568861,0.7149256091808437,0.5857877183538454,-23.870931863484937,-0.05054470290572961,-0.007480586405147172,3.4454911699316293,1.5629435652208863,1.5696792199427863,0.04038118086111164
285.2599999998131,walk,walk,-0.0,-0.0,0.0,0.9747504297598127,-0.28569019515424254,1.0880233836310742,-3.762204837007539,0.005381693561371629,-0.005856797706431533,-0.06010574373715908,-0.025468010647411242,-0.024314356340799717,-0.005193852221344171,0.08725872170738418,0.2465797205155741,0.7072298633022305,0.5021641012006898,-37.6209137122604,0.7231505935790822,0.5911856761317917,-24.3769544360444,-0.0505601600797984,-0.007510650981375888,3.444770319917337,1.5657919459067142,1.5715263398208046,0.049081266486882213
285.27999999981307,walk,walk,-0.0,-0.0,0.0,0.9736474560734631,-0.3090125860961912,1.0484360435277964,-3.7692305562885062,0.004714473774078624,-0.005698452915283292,-0.058978199932228435,-0.019528708067707238,-0.03572276806887853,-0.006537457337050327,0.0896552664551777,0.2544403055584874,0.7159276078170347,0.506276931712863,-38.39789983027394,0.731097944733409,0.5962076229611984,-24.882868374174507,-0.05060380797224354,-0.007582691901675041,3.4437324209370237,1.5677136792057014,1.5725386164048163,0.057887305147925505
285.29999999981305,walk,walk,-0.0,-0.0,0.0,0.9726220809274946,-0.32553623487455896,0.9958323408229277,-3.7769469610806996,0.003990782791245378,-0.005771158039591349,-0.05620318201731356,-0.013577050509205752,-0.0470901328167653,-0.00701751205480366,0.09159996144869356,0.26036104819349565,0.7237661564705429,0.5095040626257874,-39.16257346170097,0.7385362827727886,0.6007268005329637,-25.370023234383577,-0.050699663970785444,-0.007673302435868074,3.447159994913768,1.5688233498313924,1.5729022615360209,0.066690663896332
285.31999999981304,walk,walk,-0.0,-0.0,0.0,0.9717026911681838,-0.3359552460887385,0.9313342607250354,-3.784985665047223,0.003244369662800709,-0.0060819902576693,-0.051927256078363404,-0.008297486172445969,-0.05731271179896949,-0.007324421464022607,0.09303193741630751,0.26439362074157385,0.7305800582999693,0.5120901104459763,-39.84577144857843,0.7452574143938233,0.604761057759285,-25.79952968446675,-0.05085966289250318,-0.007796528935432437,3.4538826814365367,1.5693112023337552,1.5728817165777564,0.07459921971832459
285.339999999813,walk,walk,-0.0,-0.0,0.0,0.9709085968684372,-0.3419303024736249,0.8572150064636959,-3.7937713804056807,0.0025877852943860607,-0.006593218506310003,-0.046497511942573205,-0.004686403413341426,-0.06549001579341021,-0.008182237236152136,0.09398443606467986,0.2668932716231254,0.7362939601806654,0.5143420335302353,-40.38532360444299,0.7511052481168323,0.6084071334848404,-26.12937507790391,-0.051067528303795025,-0.008010643720626834,3.455953620479077,1.5695229099416175,1.5727862141043425,0.07492814873037533
285.359999999813,walk,walk,-0.0,-0.0,0.0,0.9702452499436841,-0.3448062248981497,0.7771905831512338,-3.803631151762523,0.0019109008770147608,-0.007340006788345744,-0.040507224375191796,-0.0020493708020598482,-0.07023749469293256,-0.009170805201381702,0.09454191026214588,0.26826824469912486,0.740932719868905,0.516367622877121,-40.773153515326015,0.756028807186093,0.6117224183330536,-26.34836417264956,-0.05130430037638008,-0.00840534567832947,3.444971330561123,1.569692365079202,1.572692744708109,0.06935639395126107
285.379999999813,walk,walk,-0.0,-0.0,0.0,0.9697035003062098,-0.3456378867182794,0.6973274670860017,-3.812944713326158,0.0012124263845448243,-0.008537027402709231,-0.034415637362862676,-0.0003842867250416367,-0.06951071914360257,-0.008408021916325498,0.09479238715005,0.26888804906320285,0.7446277473776068,0.5182452138910294,-41.02857604463838,0.7600830419063996,0.614589327240944,-26.495885276463458,-0.05155983662795026,-0.00900378376245499,3.418624457096822,1.5698459837480288,1.5725470635056973,0.06238900933567109
285.39999999981296,walk,walk,-0.0,-0.0,0.0,0.9692706126694072,-0.34526259484179556,0.6223793411077072,-3.8222549385845057,0.0005795114882306592,-0.009865483491790259,-0.028522001542623847,0.0005463883573458676,-0.06470033386640257,-0.00857325741365108,0.09485719758444519,0.2695356534232285,0.747510164715742,0.5201369610080719,-41.14601361024108,0.7633509640586061,0.6171110358486176,-26.570978063557202,-0.051833173354884444,-0.009655780345201495,3.389250135963824,1.5699841657687434,1.5723566816136718,0.05470050794488861
285.41999999981294,walk,walk,-0.0,-0.0,0.0,0.9689376137724851,-0.3436461892351065,0.5534709906996571,-3.831039727855668,0.00011277939719561681,-0.01135686607320245,-0.022978443301629237,0.001637837397609688,-0.05944248282398321,-0.007968299721434523,0.09483806633282425,0.2707536764405085,0.7496582744712791,0.5221466061124802,-41.11523752514291,0.7659025858273766,0.619334356153965,-26.575618976834402,-0.05213366128941551,-0.010266742855310443,3.365960902188702,1.5701075712476953,1.572170296026814,0.04745149696631514
285.4399999998129,walk,walk,-0.0,-0.0,0.0,0.9686955256458099,-0.34048968211878533,0.4901881320969487,-3.8385703836715734,-0.00018171406208551444,-0.012958487102433911,-0.017942188020983175,0.0029939437663731544,-0.054625109205801506,-0.006764561477928387,0.09476715233589449,0.27228630250064395,0.7511370478555413,0.5241686042795182,-40.96670540421665,0.7678174428077846,0.621137351954937,-26.547433903213832,-0.052463295136171983,-0.010720434784889224,3.357667382655255,1.5702182962346871,1.572016878327775,0.04126712948128506
285.4599999998129,walk,walk,-0.0,-0.0,0.0,0.9685342012245688,-0.33561046913233106,0.4319178571148095,-3.845115086792537,-0.0004310681270192046,-0.014566963195637975,-0.01347793684710459,0.004497309109857872,-0.05033085004597374,-0.005945497254085885,0.09465722978320533,0.2737478147230658,0.7520178648298145,0.526066982413292,-40.738172944365004,0.7691774602214502,0.6223533686647416,-26.531233231395753,-0.05281210962840262,-0.01103743836283684,3.3612603226518942,1.5703193506968292,1.5719187104091525,0.03660217130878915
285.4799999998129,walk,walk,-0.0,-0.0,0.0,0.9684428973468289,-0.32902402992866286,0.37826972751134535,-3.850940868372927,-0.0006877983004348213,-0.016190333713252153,-0.00958881234084262,0.0059676043817677,-0.046342811111077374,-0.005304469337749524,0.09451387534822686,0.274897349971141,0.7523794403542137,0.5277476992855072,-40.46131280891028,0.7700620137773216,0.623001844848156,-26.5376107558368,-0.05316552765535388,-0.011280889809131625,3.3703036510359934,1.5704132554034205,1.5718653651834011,0.03315407835372908
285.49999999981287,walk,walk,-0.0,-0.0,0.0,0.9684056132636255,-0.3215849637814268,0.3294183834718318,-3.8559566932442046,-0.001028120690075039,-0.017897319345918327,-0.006537435808030517,0.006515232878279073,-0.04210343655229545,-0.004534321373416792,0.09435735245178802,0.27570787249182177,0.7523617722410608,0.5291498687515259,-40.176944671426,0.7705703395946324,0.6232005816349984,-26.564713113433136,-0.053499277370231316,-0.011470827460289004,3.380664563097578,1.5705016283759847,1.5718372094393254,0.030422815476109137
285.51999999981285,walk,walk,-0.0,-0.0,0.0,0.9684066656583609,-0.31379102405046144,0.285474960758977,-3.860372953282081,-0.0014233124561268341,-0.01953427814845422,-0.004204644744353123,0.006883067834819586,-0.03785515599557154,-0.004043133925851549,0.09421130659688119,0.2762947408949601,0.752081319682293,0.5302512880811692,-39.908023128068464,0.7708052132530656,0.623111346031189,-26.602229878650046,-0.05379132992505125,-0.011575016379356387,3.3934035833290883,1.5705860971382608,1.5718384657934785,0.028468467442359584
285.53999999981284,walk,walk,-0.0,-0.0,0.0,0.9684348222006177,-0.3050000296405646,0.24608399892657726,-3.8645304264680194,-0.0018248215668922407,-0.021046260319217025,-0.0024717098811462886,0.007845660110701175,-0.03392644668711166,-0.0038102046980353754,0.09405778660219344,0.276629149436409,0.7516027716147241,0.5311547752866745,-39.644165611248226,0.7708599341130625,0.6227969911346436,-26.654727698304985,-0.054029130533998826,-0.011647506803274157,3.403608343511588,1.5706680100051242,1.5718639523670555,0.027139674567409976
285.5599999998128,walk,walk,-0.0,-0.0,0.0,0.9684776244941137,-0.29391495500784576,0.21089298479226798,-3.8684408956933347,-0.002230346135947345,-0.022383514225672967,-0.0014009410775582354,0.00999075564486227,-0.03030070950250177,-0.0035615271689379466,0.09389652873231805,0.2766417840457089,0.7509922195805163,0.5318423893699646,-39.40063554783408,0.7708480964248272,0.6223041128764153,-26.73655678832039,-0.05420555259935817,-0.01172580495476723,3.408079814239508,1.5707486510379958,1.5719177911937714,0.026506227476314835
285.5799999998128,walk,walk,-0.0,-0.0,0.0,0.9685281735776444,-0.2801409701620512,0.1795074071449275,-3.8720936724982327,-0.0026442878952823733,-0.02360758799960056,-0.0006669890469335744,0.012340647773282296,-0.027018814035935798,-0.0033106233538820152,0.09371362190868807,0.2762358562658886,0.7502920233706886,0.5323506679782868,-39.1764375305688,0.7708220235152631,0.6216070589075089,-26.856348975228837,-0.05431997629286611,-0.011799878627061847,3.4078909713055685,1.5708292049270465,1.5719974947110296,0.026481586116341844
285.5999999998128,walk,walk,-0.0,-0.0,0.0,0.9685837161942723,-0.26397332942274354,0.15163782878442633,-3.875496982138689,-0.003064139340779777,-0.024760965615533554,-7.804635687047926e-05,0.014372118128374136,-0.02397954964820612,-0.0030713245186407565,0.09348313958961586,0.2753095085214589,0.749527046767694,0.5327018883476258,-38.97063866234647,0.7707957335908526,0.6207239490399361,-27.010592373349986,-0.05437925567925421,-0.011847603321075442,3.4058057491462885,1.5709103909047424,1.5720890995994687,0.026720169789367136
285.61999999981276,walk,walk,-0.0,-0.0,0.0,0.968642784398733,-0.24598257094506368,0.126992017949203,-3.8787262223644343,-0.0034684171470290752,-0.025836935596369816,0.00041478015223640806,0.015896852818250488,-0.021197464792345543,-0.0029075071140426153,0.09318666370458155,0.2738146746611958,0.748716919466707,0.5329239752540589,-38.781457497200705,0.770770543065115,0.6196892049560547,-27.19242801978384,-0.05439773101432308,-0.011869265884160998,3.4031747317912155,1.570992227340643,1.5721849438682676,0.027051347503707086
285.63999999981274,walk,walk,-0.0,-0.0,0.0,0.9687043260839883,-0.22674058237050349,0.10524257537414121,-3.8818635255692833,-0.0038390883941199733,-0.02681461497187774,0.0008242896452308323,0.01692672767363531,-0.018699652077052948,-0.002817792325307698,0.09282563027949664,0.27179330800573054,0.7478778663113925,0.533038594985962,-38.607594269489,0.7707445290168268,0.6185304087052346,-27.396311435268963,-0.054406871044686105,-0.011857285350561145,3.404460409513648,1.5710744810933681,1.5722798400506854,0.027353488716282043
285.6599999998127,walk,walk,-0.0,-0.0,0.0,0.9687671943376125,-0.20683563307537922,0.08606489911139945,-3.885055205438791,-0.004169081540248091,-0.02772078716324454,0.0011448857119328328,0.01744224960649311,-0.016486368409223615,-0.0028787440852072145,0.09241490373399139,0.2693480989901831,0.7470269882143585,0.5330609169254303,-38.44952242986544,0.7707157474609047,0.6172663655529023,-27.618462727797397,-0.05441403362850697,-0.011791146546602252,3.410227245408868,1.5711572090498716,1.572372560663569,0.0275865834943072
285.6799999998127,walk,walk,-0.0,-0.0,0.0,0.968830244775769,-0.18676369352609634,0.06914708224779989,-3.888816327651748,-0.0044554681600175155,-0.02851169861010368,0.0013784166006109578,0.017536591417125606,-0.014543429523177515,-0.0034195087249429394,0.09196874814766662,0.266573029331031,0.7461789491372433,0.5330106851110459,-38.30612772746782,0.7706833466965042,0.6159276899347306,-27.8533301370751,-0.0544196206756546,-0.011671724915504458,3.420138586367066,1.5712405684154784,1.572464218637395,0.027772623585923542
285.6999999998127,walk,walk,-0.0,-0.0,0.0,0.9688924330439384,-0.16692292986696164,0.054204621662782226,-3.893148807759383,-0.004700502745034468,-0.029244512219632677,0.0015329484437507804,0.01729327120603736,-0.01284561209637319,-0.003889024689197026,0.09150132520581557,0.26355647487804057,0.74534722401096,0.5329070177326203,-38.17632351328344,0.7706476649090958,0.6145384844789505,-28.09673025875234,-0.05442384554500602,-0.011517907679080966,3.4327068968120438,1.5713243911240127,1.5725568097964406,0.027976661150466264
285.71999999981267,walk,walk,-0.0,-0.0,0.0,0.9689529235371278,-0.14769042847841876,0.040860172079854616,-3.8985797492993295,-0.00499436339737544,-0.0298534564273915,0.0016066418180624526,0.016716981661712624,-0.011499690221233684,-0.004985295326209788,0.09102202435181576,0.26034369456617934,0.7445430941321742,0.5327766772756577,-38.0571159735828,0.7706074709886855,0.6130942937383652,-28.349113566462815,-0.05442694532740111,-0.011354576051235202,3.445957943515175,1.5714084430154782,1.5726491271466494,0.028176543452795702
285.73999999981265,walk,walk,-0.0,-0.0,0.0,0.9690109569093811,-0.12933048950807968,0.028754966751379965,-3.904902394892069,-0.005333649567853683,-0.030449820026732122,0.0016092845459241157,0.015937527970806005,-0.010438600178812119,-0.005594714843603501,0.09053643332195278,0.25693642437642367,0.7437774707516529,0.532627650762558,-37.94907226769653,0.7705628744577439,0.6115910943994523,-28.611335487205814,-0.054429511576198,-0.011204346269369128,3.45815723072995,1.571492496393868,1.5727382444724918,0.028303627047577582
285.75999999981263,walk,walk,-0.0,-0.0,0.0,0.9690659290017242,-0.11194037521229869,0.01773482115214376,-3.9113922695125094,-0.00561895120238421,-0.031006858154451387,0.001569477221213868,0.015079926671641344,-0.009505703592975524,-0.005684647800343517,0.09004518928302928,0.25331271438222247,0.7430567838013934,0.532471292878151,-37.850917431205666,0.7705169307559577,0.6100298699388504,-28.883993588424122,-0.05443114728963801,-0.01105485409498215,3.470195123811796,1.5715767491477386,1.5728235368565202,0.02832255453393709
285.7799999998126,walk,walk,-0.0,-0.0,0.0,0.9691174357273115,-0.09556596357127999,0.00770373116491863,-3.917994581978527,-0.005820813380751871,-0.031454134353342746,0.0015015195347751538,0.01418687548485154,-0.008649863752372446,-0.005793924502736908,0.08955973566571761,0.2495637640054415,0.7423832777351452,0.5323322948465348,-37.758291280622416,0.7704721166797112,0.6084366228828431,-29.162818146695532,-0.05443132188940234,-0.010896201431751254,3.4828168653670715,1.5716612692634582,1.5729052892834425,0.028244050765132644
285.7999999998126,walk,walk,-0.0,-0.0,0.0,0.9691652407936504,-0.08026241339329661,-0.0014093529804663815,-3.924746766745056,-0.005929868567686977,-0.0317968976063273,0.001415648023590064,0.013241665326672477,-0.00785555920319921,-0.0059254777522755675,0.08909278037126467,0.24577768913067438,0.7417579273331226,0.532214396859169,-37.670608161578514,0.7704295369302747,0.6068348821649552,-29.443654942826015,-0.05443002508772602,-0.010738517343997958,3.495246069794477,1.5717458333613836,1.5729834933713556,0.028084493325484967
285.8199999998126,walk,walk,-0.0,-0.0,0.0,0.9692092799914886,-0.06611181906101532,-0.009691179713445457,-3.9316083465814073,-0.005951373856852371,-0.032054168235698934,0.0013185813421545739,0.012224355459292336,-0.007127958089974639,-0.0060178127595206105,0.08865910445263718,0.24208041718387108,0.7411812376549647,0.5321282532463074,-37.58603451284211,0.7703886342372044,0.6052545246133805,-29.720938378643574,-0.05442751453465504,-0.01058592572808266,3.5071856753600668,1.5718301020152177,1.5730573183805228,0.02783460089302323
285.83999999981256,walk,walk,-0.0,-0.0,0.0,0.9692496629048192,-0.053188870101080137,-0.01731677721854696,-3.938443129539717,-0.005893244709600894,-0.03224331533283596,0.0012084797903327653,0.011141682410909163,-0.0065777540127273815,-0.005975712942366728,0.08826837424403669,0.23856553861867957,0.7406524555813474,0.5320874091634751,-37.50186900163845,0.7703478172404034,0.603710928226471,-29.991482601946345,-0.05442411260160831,-0.010444461554288867,3.5181822111360184,1.5719138423700778,1.5731287079811573,0.027544345722768065
285.85999999981254,walk,walk,-0.0,-0.0,0.0,0.9692865876061421,-0.04152904462600747,-0.02453810158988288,-3.945119805724141,-0.005769649244263534,-0.03236355806569912,0.0010811239869193785,0.010034676066461301,-0.006257138121504211,-0.005822600187166421,0.08792342093680502,0.23527626748188274,0.7401694075741618,0.5320949044475556,-37.41702030913299,0.7703056820808745,0.6022119161138535,-30.25359755226381,-0.05442004065374012,-0.010312083363533023,3.528410135628871,1.5719970432232104,1.5732011425257206,0.027293260847060602
285.8799999998125,walk,walk,-0.0,-0.0,0.0,0.9693200699672592,-0.03107557266769894,-0.03146709449182636,-3.9516707489393186,-0.005601909821030292,-0.0323955565975514,0.0009439076928718761,0.00898943623064482,-0.006009876546015671,-0.005720686654136446,0.08762310147860282,0.2322164909913929,0.739729880593604,0.5321430500993729,-37.3325378457372,0.7702634249161794,0.6007597681531907,-30.50737033618629,-0.05441529536782124,-0.010170663893222812,3.5393062673514653,1.5720797016482901,1.5732722527295828,0.02702292594030004
285.8999999998125,walk,walk,-0.0,-0.0,0.0,0.9693501360339841,-0.021726700408612364,-0.03813166547350012,-3.958175182231303,-0.005406633451275673,-0.032339336889169276,0.0008058977356164405,0.008034250191990885,-0.005781283282541074,-0.005685836106593025,0.08736581363681031,0.22941197206757064,0.7393312252354072,0.5322361972579956,-37.24711422457585,0.7702226477452383,0.5993589248905182,-30.752294921693096,-0.05440974671110707,-0.010016883909702304,3.551119514336327,1.5721617083883503,1.5733388357744098,0.026659844617705458
285.9199999998125,walk,walk,-0.0,-0.0,0.0,0.9693769137425253,-0.013392128540458768,-0.04453753843363892,-3.9646744419664075,-0.005195931642204255,-0.03220172604447758,0.0006734353547137123,0.007156397800293342,-0.005556633427243851,-0.005681948037113275,0.08714601335483976,0.2268344198768551,0.73897067836829,0.5323794272193909,-37.159325298186815,0.7701839512066271,0.5980032768497467,-30.98950415421686,-0.054403323981754514,-0.009868215024471286,3.5624507086759705,1.5722430659231117,1.573404673761177,0.026293715091418014
285.93999999981247,walk,walk,-0.0,-0.0,0.0,0.9694005558691859,-0.005998098520364628,-0.05068917285063819,-3.971212285447866,-0.004976343570506808,-0.03198465247560564,0.000547619474908965,0.006341081889906458,-0.0053360923459617494,-0.0057202391951539505,0.08696025424296133,0.22445967997158456,0.7386456547587953,0.532562845612526,-37.070498000483475,0.7701475855594173,0.5966973986873627,-31.218192957388915,-0.05439611639159079,-0.009742229431867602,3.571910185447853,1.5723238133979145,1.573469875654626,0.02592557174110004
285.95999999981245,walk,walk,-0.0,-0.0,0.0,0.9694212575816755,0.0005310229268461373,-0.05658937349896977,-3.9778242736341536,-0.004751730177979227,-0.03169225333676218,0.0004311535616698516,0.005593477998878683,-0.005117517769820356,-0.00578676807784285,0.08680650964020693,0.22228211754312488,0.7383533213537278,0.5327774223337174,-36.98173638193836,0.7701136158657043,0.5954507079372406,-31.436665326365897,-0.05438830027300129,-0.009634717553853991,3.579852975458517,1.5724039344588763,1.5735333555326343,0.025530823340434272
285.97999999981243,walk,walk,-0.0,-0.0,0.0,0.9694393416448185,0.006310217307820509,-0.06223242549685282,-3.9844827689062896,-0.004526206599151147,-0.031332173448377215,0.00033186598394031256,0.004951843161794351,-0.004892895698264351,-0.00582117812148959,0.08668246901592457,0.22030776655229406,0.7380894551169634,0.5330171671161652,-36.89324361394113,0.7700819888931678,0.5942714598426819,-31.643414634958376,-0.05438001269388559,-0.009533136337995532,3.5872908663014518,1.5724833137893484,1.5735930682108283,0.025064689992002575
285.9999999998124,walk,walk,-0.0,-0.0,0.0,0.9694551299873537,0.011461348507280618,-0.0676122893041046,-3.9911336896209093,-0.0043010475087962375,-0.030911497099339623,0.00024837394407699933,0.004415533439002942,-0.004663443401449338,-0.005808497572432549,0.08658444922385147,0.21853584302475615,0.7378497679642929,0.5332820352563858,-36.80425491164653,0.7700527753307802,0.593159535194397,-31.83848582423174,-0.05437124647025268,-0.009431279450654986,3.594711395113792,1.5725617868027966,1.5736484548956633,0.02451874596606237
286.0199999998124,walk,walk,-0.0,-0.0,0.0,0.969468889891188,0.01608813190419528,-0.07272661466272679,-3.997725943491427,-0.004076635291948892,-0.030436911694571946,0.0001776645743022836,0.0039676094707479905,-0.004432294412434795,-0.005752078177403133,0.08650862897960718,0.21695673591668285,0.7376307068242772,0.5335710730800629,-36.714357959717084,0.7700261010472982,0.5921111788997651,-32.02258133626604,-0.05436195644586514,-0.009331173449754718,3.601947457400381,1.5726392212739633,1.5737007514521957,0.023925804835560314
286.0399999998124,walk,walk,-0.0,-0.0,0.0,0.9694808309533817,0.020271701345568494,-0.07757617090145863,-4.004217681457822,-0.0038525879200004515,-0.02991450130738129,0.00011656535478646627,0.003588142423433381,-0.004202109644297179,-0.005660451628506012,0.08645110611014202,0.21554893882631715,0.7374295392691164,0.5338822987327576,-36.623479967957586,0.7700021001023619,0.5911212649593354,-32.19664865557022,-0.05435214334823389,-0.009238048642873767,3.6085835333978533,1.5727155479637807,1.573751380009997,0.023320963487329104
286.05999999981236,walk,walk,-0.0,-0.0,0.0,0.9694911105420065,0.02407124261754116,-0.08216243362421988,-4.0105773813829755,-0.003627872106046777,-0.029349916649236845,6.254368454977746e-05,0.0032581629247509926,-0.003973110646629395,-0.005542395971783888,0.08640913391548488,0.21429134995760707,0.7372442826471136,0.534211256767273,-36.53212302716298,0.7699808951526739,0.5901849057922364,-32.36158880051373,-0.054341862643435546,-0.009155116230249408,3.614370143838145,1.5727907410244684,1.573801014846611,0.02272036144084588
286.07999999981234,walk,walk,-0.0,-0.0,0.0,0.9694998546361406,0.027529246999664008,-0.08648507706911476,-4.016781346563985,-0.003401286899575056,-0.028748255965357888,1.4433853952333707e-05,0.0029638598550335124,-0.0037434716189757565,-0.005404355617384939,0.08638087549093791,0.21316803322719297,0.7370734597018923,0.5345523890504837,-36.441060314898856,0.7699625444995052,0.5892974522361756,-32.51824414004058,-0.054331193102497524,-0.009081958979368213,3.619348075216855,1.572864802356373,1.5738500517741323,0.022132955996671963
286.0999999998123,walk,walk,-0.0,-0.0,0.0,0.969507177255305,0.030679265932033826,-0.09054203020008808,-4.022814727117569,-0.0031718023801542493,-0.028113355236215984,-2.807627240267711e-05,0.0026982913373788755,-0.0035118057523093305,-0.005254409020242887,0.08636458303371021,0.21216513129789155,0.7369158156645612,0.5349009570131302,-36.3509360912309,0.7699470441136663,0.5884561922798157,-32.66709744643671,-0.054320210451683934,-0.00901705324649811,3.623644998225613,1.572937746240351,1.5738985196635604,0.021558749916295444
286.1199999998123,walk,walk,-0.0,-0.0,0.0,0.9695131887600974,0.03355163264974731,-0.09433086798924799,-4.028671318321705,-0.0029387833363590764,-0.027448194742790727,-6.510865315952045e-05,0.0024591241218392718,-0.0032780385574705034,-0.005100736793890307,0.08635865499759456,0.21126998897779548,0.7367701577005813,0.5352531757602692,-36.26222103518067,0.7699343702021954,0.5876600828418732,-32.80833048956272,-0.054308975028372036,-0.008958618342876437,3.627407153190057,1.573009595259406,1.573946518166411,0.020999363220974926
286.1399999998123,walk,walk,-0.0,-0.0,0.0,0.9695179803489914,0.03618579983796167,-0.09781554221896428,-4.034127005022455,-0.0026864861773945657,-0.026779392281647215,-9.366380875824469e-05,0.0022568522829128604,-0.003005880525185873,-0.004705656602275908,0.08636163907483521,0.2104717089902698,0.7366356813644447,0.5356060799608231,-36.17533306900599,0.7699249757345588,0.5869080361375809,-32.94225769616042,-0.054297534897685705,-0.008904854953289035,3.6307820105201998,1.5730803890262652,1.5739941618353606,0.02045611229988111
286.15999999981227,walk,walk,-0.0,-0.0,0.0,0.9695216785782326,0.03861117021598333,-0.1009514009865364,-4.038988220374314,-0.002417540608451338,-0.026099819169987746,-0.0001116114856545608,0.0020773355277597964,-0.0026989931766829138,-0.00418630402688141,0.0863716543462329,0.2097655759986114,0.7365113866353763,0.535961368347168,-36.08977797343434,0.7699189281239379,0.5861981299171448,-33.069208858510954,-0.054285897260959046,-0.00885242894291878,3.6340341821495246,1.573150145068675,1.5740414329752803,0.01992903752504726
286.17999999981225,walk,walk,-0.0,-0.0,0.0,0.96952443628562,0.040848447599541,-0.10374985934791998,-4.0434236310303175,-0.002147772340752953,-0.02538322361431977,-0.00012390078925412704,0.0019161710053696302,-0.002407178064194513,-0.0038392032848264795,0.08638855080460599,0.20916035632168684,0.7363955104927861,0.53631974127388,-36.005047629353506,0.7699156577408622,0.5855298575410843,-33.18912026262333,-0.05427406323377718,-0.008803564310073855,3.636985854562612,1.5732188702520908,1.5740880419448495,0.01941092925346961
286.19999999981223,walk,walk,-0.0,-0.0,0.0,0.969526386864373,0.04292615730434164,-0.10624138979094427,-4.047635681344497,-0.0018822526609506174,-0.02463154399768729,-0.00013300143834893804,0.0017806416699055886,-0.0021429726337192385,-0.0036645386395909637,0.08641247155497903,0.2086522537446402,0.7362862733199933,0.5366728242883683,-35.92232897368099,0.7699147966193814,0.5849040385732651,-33.301796024840456,-0.05426208376950235,-0.008762347698211673,3.6393171568162903,1.5732865673977077,1.5741334541649104,0.018888531874546737
286.2199999998122,walk,walk,-0.0,-0.0,0.0,0.9695276436624314,0.044875523005236236,-0.10845563890399824,-4.051760414952038,-0.0016255680082334107,-0.023853310676024305,-0.00013962539141323146,0.0016722696032990798,-0.0019042141443836272,-0.0036001500687248516,0.08644284450107186,0.20823635452586542,0.7361822164770041,0.5370154317865372,-35.84231713070059,0.7699161859432642,0.5843212839612961,-33.40711366990155,-0.05425001225412227,-0.008727218210697177,3.6411570233434407,1.5733532410202549,1.5741776286572695,0.018360619134072033
286.2399999998122,walk,walk,-0.0,-0.0,0.0,0.9695282991079189,0.046720459319286756,-0.11041538920904863,-4.0558643171854065,-0.0013814001465610112,-0.023057756660562537,-0.0001440730043734319,0.0015835210312171632,-0.0016845085811412084,-0.0035867725550930386,0.08647816262001556,0.20789883220789168,0.7360823956042428,0.5373451199779511,-35.76532081910715,0.769919704432504,0.5837789263973236,-33.50553401778852,-0.05423787643028049,-0.008696536719799045,3.6426373026569676,1.57341890678867,1.5742209798604727,0.01783674604261419
286.2599999998122,walk,walk,-0.0,-0.0,0.0,0.9695284619346316,0.048477057565955634,-0.11213532388471069,-4.059963336924775,-0.0011519197957687516,-0.022252150880612272,-0.00014408493433539976,0.0015082213379511353,-0.0014766869428153055,-0.0035826515575652675,0.08651689591100829,0.20762482711796132,0.7359860528369156,0.5376609798917771,-35.691391742900414,0.7699250119416928,0.5832730319747925,-33.59769195595611,-0.05422569092823239,-0.008668608218431476,3.643894117470563,1.573483577146939,1.5742634695902944,0.017315822795340132
286.27999999981216,walk,walk,-0.0,-0.0,0.0,0.96952846918864,0.05018401198350006,-0.11361081785104415,-4.064044713792846,-0.0009375300476674183,-0.02143897645865474,-0.00012485256970665485,0.001471071162729033,-0.001261886046682208,-0.003565103493411459,0.08655739056628559,0.2074003883411869,0.7358904644460316,0.5379639503011704,-35.619685105298025,0.7699306712252055,0.5828002032289505,-33.6838364962559,-0.05421350279546367,-0.008641473203897479,3.6450902765760707,1.5735472383242068,1.5743044375390292,0.01678265431257487
286.29999999981214,walk,walk,-0.0,-0.0,0.0,0.9695284412407775,0.0518685096076982,-0.11483942677058473,-4.068071881013438,-0.0007377909311166756,-0.020623859372268988,-0.00010202866642683527,0.0014536351177621746,-0.0010467936142626885,-0.0035129908609822834,0.08659829180340811,0.20721545398897007,0.7357947412319211,0.538256102467537,-35.54985066926444,0.7699363387266761,0.5823567446718216,-33.76468201454195,-0.05420127350513712,-0.008616174757480624,3.6461334230105384,1.5736098543136883,1.5743435651943565,0.016230896555211597
286.3199999998121,walk,walk,-0.0,-0.0,0.0,0.9695283573663228,0.05352827141141854,-0.1158295087542182,-4.0720015585400775,-0.0005515546812089989,-0.019811146624771507,-8.203098310009983e-05,0.001430987321649975,-0.0008401367043580899,-0.003423169992103418,0.08663864150013852,0.20705858472326072,0.7356995172177498,0.5385354843387604,-35.482461611979225,0.7699421815207104,0.5819420453557969,-33.8404011728162,-0.054188981287042144,-0.008594970405101779,3.6468427794573457,1.5736713899822798,1.5743810490653396,0.01566622107950638
286.3399999998121,walk,walk,-0.0,-0.0,0.0,0.9695281060891232,0.05513943429394644,-0.11659607500613181,-4.075800868429038,-0.00037731225388270016,-0.019003572787366765,-6.97092621108418e-05,0.0013856063748609697,-0.0006471800136231104,-0.003306304710773838,0.08667859439145031,0.20693124096877813,0.7356063883535247,0.5387982514152527,-35.41855157170383,0.7699486540944225,0.581558012629509,-33.91074363396817,-0.054176624322669606,-0.00857842639088631,3.647174213270534,1.573731793698355,1.5744163657486916,0.015077481717449085
286.3599999998121,walk,walk,-0.0,-0.0,0.0,0.9695275778819401,0.056671383869902066,-0.11715667982487199,-4.0794508634774695,-0.00021369792443504078,-0.018202332776162743,-6.41963188647312e-05,0.0013138379430424128,-0.00046935406929142503,-0.003174405916915678,0.08671807617042292,0.20683280280675903,0.7355170037389384,0.5390441503772736,-35.358476409952814,0.769956112345061,0.5812041994581223,-33.97584996119181,-0.05416423441494076,-0.008566181361675265,3.6471610462365116,1.5737910288714467,1.5744499753177643,0.014476432766772249
286.37999999981207,walk,walk,-0.0,-0.0,0.0,0.96952671719612,0.05810391866892019,-0.11752684770653181,-4.082942594731226,-5.968728804608806e-05,-0.017407431763478115,-6.27484235657607e-05,0.001225943145714083,-0.0003048420199677813,-0.0030355198195230948,0.08675699864155911,0.20676153264027652,0.735432395181096,0.5392744478235245,-35.30214788804739,0.7699647148181767,0.58087939884758,-34.035951616520315,-0.05415186001918053,-0.008557520061731341,3.646865123636423,1.573849082933208,1.5744823154941678,0.013873516818285248
286.39999999981205,walk,walk,-0.0,-0.0,0.0,0.9695255096629165,0.059429717155940594,-0.11772074214375632,-4.0862761686851545,8.554618017812939e-05,-0.016618613425336683,-6.323771495094673e-05,0.0011330133788119143,-0.0001525506787898859,-0.0028977817980700093,0.08679532471636124,0.20671640725011214,0.7353530138960515,0.539490335846901,-35.24938866022625,0.769974537575824,0.5805819418678284,-34.091356561009356,-0.05413954224537118,-0.008551324903964999,3.6463786464921286,1.5739059547775975,1.574513522250998,0.013271828655119812
286.41999999981203,walk,walk,-0.0,-0.0,0.0,0.9695239255890987,0.060662371890681584,-0.11780057129482241,-4.0894754842063294,0.00021815898563381516,-0.01583313119580513,-7.301639583440472e-05,0.001055128623163712,-6.458453179995447e-05,-0.002784674490116879,0.0868331622496337,0.2066979581934415,0.7352788430063331,0.5396930512437821,-35.19993540430357,0.7699862222603202,0.5803105917224884,-34.14243971960645,-0.0541273081773688,-0.008546835929155353,3.645763793318029,1.5739616537086327,1.5745437818527699,0.012675425446617738
286.439999999812,walk,walk,-0.0,-0.0,0.0,0.9695218900270802,0.061826489790022025,-0.11784693708031445,-4.092590941608767,0.0003330182591659223,-0.015050114783566158,-9.402050283462233e-05,0.000997819996575592,-4.086252801858318e-05,-0.00271679588903195,0.0868707033247986,0.20669765578562233,0.7352099597278483,0.5398814913282395,-35.15401059262044,0.7700008031098058,0.580060341621399,-34.19033340442664,-0.05411516794771281,-0.00854342728853226,3.6450705151839693,1.574016193337816,1.5745732693881274,0.012088249408105732
286.459999999812,walk,walk,-0.0,-0.0,0.0,0.969519395017594,0.06292380670134524,-0.11787522138486,-4.095654178577854,0.00043229507164450366,-0.014274913994602026,-0.00011590780147207938,0.0009393345831289746,-2.5725245445901188e-05,-0.002673637731343573,0.08690792244759699,0.2067039083170064,0.7351466080249199,0.5400531676063538,-35.112117646118044,0.77001829013834,0.579826661611557,-34.2357651364082,-0.0541031145651511,-0.008540745079517367,3.6443256053102413,1.574069595251305,1.5746021813661337,0.011514355734644134
286.479999999812,walk,walk,-0.0,-0.0,0.0,0.9695164763853008,0.06394579090142977,-0.11788766835534231,-4.098679382915444,0.0005174916874114322,-0.013510432674181883,-0.00013598449252132444,0.0008728294027511597,-1.2051678089614636e-05,-0.002641406637936074,0.08694447116155667,0.20671222687096485,0.7350889291408652,0.5402086761245728,-35.07416626270716,0.7700382839754933,0.5796098646173478,-34.278578246087775,-0.054091142236402344,-0.008539016544818881,3.6435105934491103,1.574121869435084,1.574630093103695,0.010943372400549434
286.49999999981196,walk,walk,-0.0,-0.0,0.0,0.9695131812866659,0.06488463031554588,-0.1178854542533383,-4.101670860557253,0.0005902412727258714,-0.012758196361665418,-0.00015379791444711008,0.0007998231932089831,6.042817077109356e-07,-0.0026120495124847525,0.08697993370398324,0.20672235084548324,0.735036953020605,0.5403496560106278,-35.03985887559189,0.770060353222686,0.5794117238769532,-34.31837420222098,-0.05407925395184122,-0.008538491278886798,3.6426062465493096,1.5741730068538209,1.5746565650165558,0.010365186110766283
286.51999999981194,walk,walk,-0.0,-0.0,0.0,0.9695095630141182,0.06573808127746794,-0.11786976979614004,-4.104626728001515,0.0006522690481884057,-0.012019084034159248,-0.00016894962350732883,0.0007259056275761311,1.2210559442822197e-05,-0.0025805885167536602,0.08701396979622375,0.20673413120446998,0.7349905288923317,0.5404770311365128,-35.00898829494589,0.7700841219979687,0.5792325076112748,-34.355041212050295,-0.054067459364650294,-0.008539150655269626,3.6416152316236072,1.5742229896768862,1.5746814518183947,0.00977686198711698
286.5399999998119,walk,walk,-0.0,-0.0,0.0,0.9695058050770943,0.06654480231111078,-0.1178416990309399,-4.107553058430785,0.0007066796686478673,-0.011290257636948735,-0.00017381780258706673,0.000692374313448497,2.2940292200775312e-05,-0.002556105102327122,0.0870461048709386,0.20674635531910823,0.734947525781737,0.5405913826475144,-34.98090889364108,0.7701090773809104,0.5790718879947663,-34.388533979521995,-0.05405581592336012,-0.008540894091129306,3.640553143578469,1.5742717974526355,1.5747046622395993,0.009176698526136277
286.5599999998119,walk,walk,-0.0,-0.0,0.0,0.9695020501858058,0.06733982833508631,-0.11780159895022312,-4.110449623150233,0.0007540917663110267,-0.01057470648121225,-0.00017266139942476928,0.0006853307641718339,3.378872962787285e-05,-0.0025311501370829373,0.08707603108598139,0.20675717129577192,0.7349065483249588,0.5406950947294236,-34.955004556943244,0.7701348466434333,0.5789271828184128,-34.419290388848324,-0.054044310327617154,-0.008543680608272555,3.6394177897066213,1.5743194097925226,1.574726214906621,0.00856570936387022
286.5799999998119,walk,walk,-0.0,-0.0,0.0,0.9694984114544694,0.0681258097338287,-0.11775744482935477,-4.113267119223749,0.0007320790682296667,-0.009886678927088853,-0.00016633392963947614,0.0006767531537982249,3.566622840171665e-05,-0.002452229898341906,0.08710352055573616,0.20676348798119426,0.7348677745696134,0.5407884952077866,-34.93138445034545,0.7701604087622616,0.5787964251289368,-34.44740954689327,-0.05403287353441863,-0.008547644317150119,3.6381887524821375,1.5743658115749355,1.5747461135447502,0.007944033753945288
286.59999999981187,walk,walk,-0.0,-0.0,0.0,0.9694949796319056,0.06889801372624278,-0.11771238066770638,-4.115969581017731,0.0006957896129271906,-0.009221509497612874,-0.00015608435380113985,0.0006647241213010589,3.670291938670968e-05,-0.0023506590163895977,0.08712782131242844,0.206757933719866,0.7348311642082943,0.5408706006059647,-34.91017511803609,0.7701849908870425,0.5786783781299591,-34.4730096500872,-0.05402150991531229,-0.008552554249763492,3.6368910640878744,1.5744109677785993,1.5747642082110525,0.007309721495313305
286.61999999981185,walk,walk,-0.0,-0.0,0.0,0.9694917779263593,0.06965345000044253,-0.11766560637634159,-4.118565405153478,0.0006626346630950326,-0.008575426030738097,-0.00014492284196135398,0.0006500807545754046,3.832808994132234e-05,-0.0022591788820608243,0.08714882871761481,0.2067374038738286,0.734796554691792,0.5409426626214981,-34.891122096970925,0.7702084277878299,0.5785710599670411,-34.49646106443405,-0.05401023398367764,-0.008558652549982074,3.63550603819911,1.574454846346122,1.574780465377915,0.006662457088445466
286.63999999981183,walk,walk,-0.0,-0.0,0.0,0.9694888026242711,0.07038771433696452,-0.11761679211233286,-4.12107257757962,0.0006330871729376207,-0.007948771856835509,-0.00013404435521154667,0.0006313534832593259,4.020021690915411e-05,-0.0021837565279205105,0.08716700857171378,0.20670313044711386,0.7347639133231744,0.5410043981323243,-34.874279643597696,0.7702306580366461,0.5784744855413437,-34.51775736789532,-0.05399905109350174,-0.008566039800643924,3.634025639994797,1.5744974349444496,1.5747952817887545,0.006011765562730117
286.6599999998118,walk,walk,-0.0,-0.0,0.0,0.9694860372517724,0.07109527389805691,-0.11756561188261946,-4.1235096288262545,0.0006071219990371664,-0.007343980600637202,-0.00012401657197990445,0.0006077315943305572,4.234179886908358e-05,-0.002124395644878584,0.08718308591617442,0.20665835575358438,0.7347332786031952,0.5410553750047684,-34.85973841397211,0.7702516078215327,0.5783886101493836,-34.53689086574413,-0.053987956350168655,-0.008574529737234118,3.632463724185011,1.5745387287334218,1.574808688177216,0.0053583434314440695
286.6799999998118,walk,walk,-0.0,-0.0,0.0,0.9694834677077034,0.07177182012106417,-0.11751188010530744,-4.125889654818369,0.0005844583469956621,-0.006761811089664808,-0.00011463382079408659,0.0005804744865268186,4.4619009075609e-05,-0.002075694985907768,0.08719746118469579,0.20660742936454535,0.7347046694699925,0.5410965171108246,-34.84733346684698,0.7702712914340132,0.5783134039888382,-34.55387743765697,-0.05397694655529296,-0.00858285576105118,3.630921542032787,1.574578741430261,1.5748211576551676,0.004712986807286485
286.6999999998118,walk,walk,-0.0,-0.0,0.0,0.969481083234971,0.07241374185610251,-0.1174554138606856,-4.128218883846695,0.0005646888759376752,-0.006202957078537837,-0.00010575095206271019,0.0005501056113616151,4.7055364857915374e-05,-0.0020316966693389566,0.08721003790288843,0.20655311105606888,0.7346780961368709,0.5411290314445496,-34.836848871101324,0.7702897580508855,0.5782488968620301,-34.56872282492354,-0.05396602057729745,-0.008591341972351077,3.629373199627649,1.5746174963545776,1.574832845753479,0.004078728631625797
286.71999999981176,walk,walk,-0.0,-0.0,0.0,0.9694788748965115,0.07301856746546248,-0.11739591839566389,-4.130497143562774,0.0005472963786539426,-0.00566778914336343,-9.726363201942493e-05,0.0005177302973518945,4.9766304708594664e-05,-0.001986868473806435,0.08722093022294251,0.20649799945459185,0.7346535590947126,0.541153812075615,-34.82812300549542,0.7703070665401032,0.578194313908577,-34.58157774876385,-0.05395518134077411,-0.008600256592035296,3.627797703276446,1.5746550126820051,1.574843623949635,0.003452061708881478
286.73999999981174,walk,walk,-0.0,-0.0,0.0,0.9694768351553376,0.0735853694069584,-0.1173331487020622,-4.132720525493942,0.000531831460259377,-0.005156159211432637,-8.911009211250079e-05,0.00048472517413908675,5.268650792647471e-05,-0.0019383639666951107,0.08723041519636938,0.2064453672159055,0.7346310389742788,0.5411724832305909,-34.820858533257415,0.7703232784817805,0.5781488206634522,-34.59260368488667,-0.05394443062136179,-0.008609066903591159,3.6262377135428308,1.574691311269208,1.5748536179721833,0.002835516956108179
286.7599999998117,walk,walk,-0.0,-0.0,0.0,0.9694749564287622,0.07411413677358518,-0.11726690680771415,-4.134883637312421,0.0005179181572980647,-0.004667741882458471,-8.130689266155345e-05,0.0004517821713558696,5.578389993917865e-05,-0.0018850423414454825,0.08723877270834582,0.2063992497458697,0.734610508671349,0.5411859985837937,-34.81487837023044,0.7703384603781208,0.578112834359169,-34.601737938183774,-0.053933768446160824,-0.008617672324180606,3.624701190651567,1.5747264152170943,1.5748629069835425,0.002230425389194613
286.7799999998117,walk,walk,-0.0,-0.0,0.0,0.9694732304725855,0.07460538688284223,-0.11719711711502653,-4.136982053171836,0.0005053175382124399,-0.004202041822551154,-7.390005823213485e-05,0.00041934854565394157,5.8937699677106355e-05,-0.0018280751050157211,0.08724617913364799,0.20636336088106821,0.7345919328293224,0.5411948349723816,-34.81008965656744,0.7703526840859198,0.578087308670044,-34.608822216496264,-0.05392319387669675,-0.00862606540322304,3.6231886076126885,1.5747603403440806,1.5748713103071332,0.001632159859434474
286.7999999998117,walk,walk,-0.0,-0.0,0.0,0.9694716482735227,0.0750597622087487,-0.11712373969904215,-4.139013000924832,0.0004938338763630735,-0.003758581452571756,-6.69290181620151e-05,0.00038747039125277985,6.213100013819065e-05,-0.0017688443783331481,0.08725272334024506,0.20634019531709819,0.7345752779556892,0.5411996629486084,-34.806365858638216,0.7703660178630186,0.5780722286949158,-34.613871171147714,-0.053912705380376756,-0.00863427594304085,3.62169742560668,1.5747930967357802,1.5748787478492141,0.0010386440959741857
286.81999999981167,walk,walk,-0.0,-0.0,0.0,0.9694702022154637,0.07547817347257733,-0.11704683970571023,-4.140975647611788,0.0004833041480683258,-0.003336760012200286,-6.031470834674697e-05,0.0003564313446738368,6.52572060172361e-05,-0.0017091164017127647,0.08725848658572667,0.20633053523049733,0.73456049096314,0.5412008252391816,-34.80363412870794,0.7703785147740996,0.5780669089803696,-34.61701653416094,-0.053902305910412875,-0.008642750978469851,3.6201923971811754,1.5748246987981458,1.5748853909731388,0.0004536167112887215
286.83999999981165,walk,walk,-0.0,-0.0,0.0,0.969468884894015,0.075861944769136,-0.11696653107449974,-4.142870798012619,0.00047354059928805456,-0.002935963862273976,-5.406830701047128e-05,0.00032659025745282466,6.828011238038827e-05,-0.0016502324275887124,0.0872634974493434,0.2063342997403343,0.734547508859552,0.5411987688789368,-34.80180200571549,0.7703902284362563,0.5780712899217606,-34.6182788226862,-0.053892000483703725,-0.00865147188305855,3.6186755027837973,1.5748551670370923,1.574891384965229,-0.00012000742433809406
286.85999999981163,walk,walk,-0.0,-0.0,0.0,0.9694676894993716,0.07621265294911773,-0.1168830165936334,-4.144700272570634,0.00046438413333319597,-0.002555614818119863,-4.816002386934747e-05,0.0002981492521576965,7.112142417262843e-05,-0.0015930390266654375,0.08726783067470004,0.20635153921026445,0.7345362579071222,0.5411937918910981,-34.80080173520924,0.7704012087670353,0.578084775472641,-34.61777409651573,-0.05388179426716563,-0.008660375326871875,3.617152226414753,1.574884523831651,1.57489676428442,-0.0006819717505573523
286.8799999998116,walk,walk,-0.0,-0.0,0.0,0.9694666160990767,0.07653032877135889,-0.11679741105680999,-4.146464376677367,0.00045611084124415005,-0.0021955244004696795,-4.228451174770882e-05,0.0002694108419323201,7.278812785347028e-05,-0.0015357565538751021,0.08727147187463283,0.20638142010114607,0.7345266403840015,0.541186177397728,-34.80056320512159,0.770411421718539,0.5781070080051423,-34.61555561698603,-0.05387169015757944,-0.008669345825910571,3.61563190620627,1.574912791660307,1.5749015429005504,-0.001232489357076901
286.8999999998116,walk,walk,-0.0,-0.0,0.0,0.9694656714808305,0.07681280435605473,-0.11671114419019658,-4.148159785896839,0.0004493491745798075,-0.0018555571398273618,-3.6198071324432025e-05,0.00023875564177441245,7.336145801411979e-05,-0.0014753690915326517,0.0872744192648368,0.2064229316222782,0.73451854560269,0.5411760446081162,-34.801043447000204,0.7704207604090436,0.5781374063739777,-34.61170023977598,-0.05386169030973798,-0.008678364753723147,3.6141161662080497,1.574939992493785,1.5749057347834587,-0.001771739334792564
286.9199999998116,walk,walk,-0.0,-0.0,0.0,0.969464854950734,0.07706071109952316,-0.11662488085899894,-4.14978660756786,0.00044405579292844724,-0.0015347149577952521,-3.0283271847617247e-05,0.00020867196614231815,7.360972858622365e-05,-0.0014147416924759262,0.087276716325744,0.20647513716309795,0.7345118457544453,0.5411633935222626,-34.802226250240025,0.7704292298886768,0.578175478840828,-34.60630880892319,-0.053851799624296245,-0.008687420934438708,3.6126063407797413,1.5749661495130463,1.574909412576306,-0.002298541114014255
286.93999999981156,walk,walk,-0.0,-0.0,0.0,0.9694641769333681,0.07728037081801307,-0.11654125786772712,-4.151358559484854,0.00044224994407126114,-0.0012305212394708716,-2.39256294156427e-05,0.0001853751081825886,7.07547665972318e-05,-0.0013693777537787612,0.0872783537770313,0.20653761000494636,0.7345061444494502,0.5411485519657135,-34.80394320075056,0.7704368556969495,0.5782207932720185,-34.59946204645244,-0.05384202872098228,-0.008696611225605014,3.6110961742024523,1.5749912852113885,1.5749125837296725,-0.0028132233830981774
286.95999999981154,walk,walk,-0.0,-0.0,0.0,0.969463642767596,0.07745462021702183,-0.11646158255068356,-4.152895298047552,0.0004443932655686615,-0.0009461986811675588,-1.75568896820185e-05,0.00014529424805994985,6.742501463655297e-05,-0.0013397228378850144,0.08727942296223042,0.20660941946527073,0.7345014755490281,0.5411314752349854,-34.80622822978284,0.770443285487448,0.5782723512897492,-34.591284985371495,-0.053832333909419765,-0.00870594680309296,3.60957918270151,1.5750154226288062,1.574915323680687,-0.0033145468608197334
286.9799999998115,walk,walk,-0.0,-0.0,0.0,0.9694632496961965,0.0775057901266521,-0.11638482837174254,-4.154430158247735,0.0004523292069782093,-0.0007139574659616007,-1.1121354779493717e-05,2.9256873354501327e-05,6.51696342444637e-05,-0.0013426013791166904,0.0872799843579796,0.2066917365579446,0.7344988348543345,0.5411117609987259,-34.809474300469866,0.7704471028220825,0.5783308085451127,-34.58122425238023,-0.05382248356483356,-0.008715476095676425,3.6080186843861406,1.57503857320132,1.574917552335608,-0.003804269900212737
286.9999999998115,walk,walk,-0.0,-0.0,0.0,0.9694629532087647,0.0774708908900994,-0.11630679333790163,-4.155974200221448,0.0004611421767070401,-0.0005402627935355994,-6.685019100900475e-06,-4.2086125911525316e-05,6.655013967718065e-05,-0.0013508712926781242,0.08728004427859287,0.2067852256133459,0.7344977391134259,0.5410878446350098,-34.813698986771044,0.770449073614285,0.578397863770485,-34.56936861772202,-0.05381243568278945,-0.008725716918706897,3.6063841648534476,1.5750607630535618,1.574919400079596,-0.00428045748366761
287.0199999998115,walk,walk,-0.0,-0.0,0.0,0.9694627095023951,0.07739907978599228,-0.11622756390615571,-4.157514032810633,0.00046998031571301367,-0.000399340400605622,-4.412793616323291e-06,-6.68704193923102e-05,6.74448406868961e-05,-0.0013442314619512268,0.08727976576322681,0.20688741559793383,0.7344975611834949,0.5410638835678101,-34.81804856727164,0.7704502653519089,0.578468584681511,-34.556793649713335,-0.053802368768932254,-0.008735208958387378,3.604819170162328,1.575082022714594,1.574920810101974,-0.0047454076797312505
287.03999999981147,walk,walk,-0.0,-0.0,0.0,0.9694624864811099,0.07732526875867035,-0.11614756768998453,-4.1590343850629745,0.00047940351371795114,-0.0002703474015801288,-3.658768227488705e-06,-6.696197674571333e-05,6.814747337006255e-05,-0.0013261247414182247,0.08727937976712098,0.20699485177763982,0.7344978515234967,0.5410427835235596,-34.82193332370407,0.7704515055441867,0.5785388734588623,-34.544370464908994,-0.05379242874782288,-0.008743497729301455,3.6033681148624765,1.5751023779443931,1.5749218028918386,-0.0051989767200808
287.05999999981145,walk,walk,-0.0,-0.0,0.0,0.9694622753079374,0.07725340279186951,-0.11606730231120058,-4.160519684735991,0.0004884793845694097,-0.00015494493311712376,-3.238824114086067e-06,-6.508783395881158e-05,6.835763923306252e-05,-0.0012936618372284374,0.087279179947968,0.20710522647526386,0.7344985150653518,0.5410254087696076,-34.825208353066635,0.7704529433352703,0.5786065098295212,-34.532469841392604,-0.05378262287938717,-0.00875104144215584,3.6019875133125434,1.575121854918745,1.5749224110454798,-0.005641116441723727
287.07999999981143,walk,walk,-0.0,-0.0,0.0,0.9694620775464917,0.07718397060940829,-0.11598730695926505,-4.161955460519241,0.0004969718503461971,-5.1821474873000423e-05,-2.738577695740829e-06,-6.283660048120363e-05,6.813053545310154e-05,-0.0012490022850253878,0.08727906899717042,0.2072154238929057,0.7344994880852633,0.5410111036548615,-34.827981725861775,0.7704545869192874,0.578671374584198,-34.52110556489687,-0.053772954918545564,-0.008758227527141574,3.600646793805389,1.575140480180183,1.5749227100000263,-0.006070588992933288
287.0999999998114,walk,walk,-0.0,-0.0,0.0,0.9694618962624321,0.07711736775180693,-0.11590791439097675,-4.163332317373477,0.0005048896629199533,4.073076341420385e-05,-2.099957236255321e-06,-6.021865011024709e-05,6.764721681168911e-05,-0.0011967387869926808,0.08727905334100716,0.20732396451464258,0.7345007161144519,0.5409994807491303,-34.83031406208467,0.7704564205036036,0.5787332740077973,-34.5103079796357,-0.053763434163654825,-0.008765540271997455,3.59930825854467,1.5751582731184317,1.574922539567995,-0.006491613914986647
287.1199999998114,walk,walk,-0.0,-0.0,0.0,0.9694617323905906,0.07705400149244936,-0.11582934402981201,-4.1646460055019,0.000512296939738057,0.0001241974996980055,-1.4406557891965606e-06,-5.723863784925758e-05,6.698528928721305e-05,-0.001141307292800062,0.0872790103256961,0.20743064585886845,0.7345021568568648,0.5409897800931931,-34.832335451253,0.7704584391180942,0.5787933554897309,-34.49987058518525,-0.05375406551611073,-0.008772473037242892,3.5980125265795033,1.575175248855728,1.574921852251935,-0.006905630405568815
287.1399999998114,walk,walk,-0.0,-0.0,0.0,0.9694615709318667,0.07698827198135952,-0.11575048620193,-4.16591428468894,0.0005209398442040736,0.00016427271151528444,-1.4975054362926176e-06,-6.0473736716242646e-05,6.75310121185721e-05,-0.0011055083099907592,0.08727904528190261,0.20753616656607143,0.7345038133433117,0.5409816291580201,-34.834117236618965,0.7704605713671804,0.5788515743265152,-34.48978209435737,-0.05374457956933713,-0.008778746426105502,3.596743552333495,1.5751914152553002,1.574920759810555,-0.007309764359074045
287.15999999981136,walk,walk,-0.0,-0.0,0.0,0.9694613825449927,0.07692176465806004,-0.11567039305274687,-4.167152548328621,0.0005298205117456465,0.00016516364915251429,-2.884795167881742e-06,-6.0014506537286465e-05,6.861371579646368e-05,-0.0010789378782889826,0.08727937224602093,0.20764171491109656,0.7345056400083413,0.5409747001180649,-34.83570584959592,0.770462950097888,0.5789083477506638,-34.48001024995312,-0.053734984750214924,-0.008784617483615878,3.5955014214471146,1.575206787980451,1.5749192650378228,-0.007704727071115412
287.17999999981134,walk,walk,-0.0,-0.0,0.0,0.9694611606678588,0.0768597191199381,-0.11558981568999778,-4.168351547396928,0.0005372149816814426,0.00016162662880745101,-4.536957229953802e-06,-5.568342804612103e-05,6.89931556081189e-05,-0.0010435181557665004,0.08727991429716302,0.2077462460027133,0.7345075857926611,0.5409697380313874,-34.83695824784904,0.7704657006683264,0.5789627965936661,-34.47073288005441,-0.05372551028737686,-0.008790041506290439,3.5943168410398796,1.5752214006685614,1.5749175514042855,-0.00808732062803243
287.1999999998113,walk,walk,-0.0,-0.0,0.0,0.9694609094522149,0.07680357601694249,-0.11550933995919135,-4.169505435795092,0.0005433025592928877,0.00015722550221428225,-5.989191532415208e-06,-5.035815182621095e-05,6.890715883910431e-05,-0.0010037029258208026,0.08728063264228358,0.20784824607517732,0.7345096198336845,0.5409674879560471,-34.83773609218603,0.770468813457737,0.5790130433092118,-34.46227591797981,-0.05371621770322303,-0.008794772624969485,3.5932050831314877,1.5752352897214792,1.5749158647791028,-0.008452390587971564
287.2199999998113,walk,walk,-0.0,-0.0,0.0,0.9694606351567637,0.07675375515915282,-0.11542926595982127,-4.1706127387401875,0.0005483082136085736,0.00015265181474361878,-7.148896214920429e-06,-4.4728124327799875e-05,6.858760865624692e-05,-0.0009629858546156368,0.08728156196372289,0.20794631622980675,0.734511715237013,0.540968098903656,-34.83800797803318,0.7704722418699177,0.5790582832345963,-34.454773322536774,-0.053707112359964435,-0.008798833191394809,3.5921621006407785,1.575248491434288,1.5749142675608874,-0.008799267500441507
287.2399999998113,walk,walk,-0.0,-0.0,0.0,0.9694603429499455,0.07671041831167855,-0.11534974241331045,-4.171673898141895,0.0005524218066016734,0.00014810931036665152,-8.07219142544854e-06,-3.897545626513824e-05,6.814913615864544e-05,-0.0009227828078869719,0.08728274414358836,0.2080404208056083,0.7345138505355636,0.5409711387405396,-34.83784823474007,0.7704759447432534,0.5790990528116227,-34.44812169731678,-0.053698184444648966,-0.008801921457052234,3.591210510698825,1.5752610378848098,1.57491267686193,-0.009130665672013543
287.25999999981127,walk,walk,-0.0,-0.0,0.0,0.9694600363689404,0.07667361197732361,-0.11527084587075018,-4.172690354923784,0.0005558357540152673,0.00014370734348025048,-8.834735875830781e-06,-3.319591760823838e-05,6.764855388339207e-05,-0.0008839386523340064,0.08728410511509117,0.2081298215590225,0.7345160079933327,0.5409759667167664,-34.83736925396384,0.7704798939979637,0.5791358884820939,-34.44222043825978,-0.05368942407522107,-0.008804477006196978,3.590314413545458,1.5752729572347917,1.5749110489100695,-0.009448256430126254
287.27999999981125,walk,walk,-0.0,-0.0,0.0,0.9694597176251409,0.07664329195994468,-0.11519259699754057,-4.173664352138474,0.0005587057863901407,0.00013953190576543895,-9.494937727739487e-06,-2.7468375769897324e-05,6.71327080230832e-05,-0.0008471355894789804,0.08728564430003367,0.20821499527633536,0.7345181758684028,0.5409823593149186,-34.83660963232606,0.7704840705126983,0.5791692372808457,-34.43698629987401,-0.05368082152526591,-0.008806432783603671,3.589478386229288,1.5752842746001916,1.5749093473837257,-0.009753475318239767
287.29999999981123,walk,walk,-0.0,-0.0,0.0,0.9694593881217626,0.07661943855462944,-0.11511494249074099,-4.174598898225555,0.0005611493088692633,0.0001356622262459639,-1.0082261045451053e-05,-2.1757421997467344e-05,6.666823867002358e-05,-0.0008130413876636266,0.0872873495370109,0.20829637952798818,0.7345203411449112,0.5409893926630021,-34.83573317353242,0.7704884638904361,0.5792000379810334,-34.43224912423648,-0.05367236878965951,-0.00880803465843201,3.5886822277261667,1.5752950162683064,1.5749076533079625,-0.010045011084936861
287.3199999998112,walk,walk,-0.0,-0.0,0.0,0.9694590480765822,0.07660195560627606,-0.11503781450151854,-4.175497273551973,0.000563257594736665,0.00013211845237624825,-1.0660792263846512e-05,-1.614787806080215e-05,6.625761763631206e-05,-0.0007818172783901391,0.0872891280632298,0.2083744491576121,0.7345225011315878,0.5409972604761124,-34.83470540201769,0.7704930694044486,0.5792286780128479,-34.42793871850107,-0.053664059480895095,-0.008809349685907367,3.5879201454385328,1.575305209554266,1.574906007660973,-0.010322552024212745
287.3399999998112,walk,walk,-0.0,-0.0,0.0,0.9694586978190648,0.07659069104609913,-0.11496115817549939,-4.176362332051048,0.0005651207714621998,0.00012884867293809783,-1.1212515634900304e-05,-1.0680209934716498e-05,6.589035912099364e-05,-0.0007530051325666291,0.08729100319608198,0.20845009590816493,0.7345246523032402,0.5410053518066407,-34.83363551517782,0.7704978803354375,0.5792556342134476,-34.42396786977465,-0.05365588630592314,-0.008810199052095416,3.587205798117996,1.575314880807831,1.5749044020608545,-0.010586926326273208
287.3599999998112,walk,walk,-0.0,-0.0,0.0,0.9694583375739252,0.07658547511046267,-0.11488487941808591,-4.17719662488598,0.0005667968209843804,0.00012582995414298385,-1.1745911268919124e-05,-5.366187494167693e-06,6.56072530131272e-05,-0.0007264084790780615,0.08729293414466603,0.20852382571266642,0.7345267923043828,0.5410135474452973,-34.83254466997447,0.770502891473901,0.5792813238153458,-34.42026068954173,-0.05364784364612169,-0.00881089195609093,3.5865141130158635,1.5753240582149768,1.5749029315025092,-0.010836539962189575
287.37999999981116,walk,walk,-0.0,-0.0,0.0,0.9694579677581598,0.07658609936372494,-0.11480890587223315,-4.178002081453308,0.0005683364766727718,0.0001229901008751035,-1.2248681460671538e-05,-2.422915266418881e-07,6.53806835492291e-05,-0.0007014007590056977,0.08729493941849806,0.2085963522265845,0.734528919151411,0.5410216834793091,-34.83146203525384,0.770508095379691,0.5793060597429276,-34.416759310046494,-0.05363992809297883,-0.00881154388189316,3.5858356961636044,1.57533276825755,1.5749015550077439,-0.011073003234207743
287.39999999981114,walk,walk,-0.0,-0.0,0.0,0.969457589337338,0.07659233729859581,-0.1147331468388098,-4.178779968845981,0.0005697662589044943,0.00012026477653883607,-1.268978648748324e-05,4.680904180403402e-06,6.523541513972381e-05,-0.0006774368656957523,0.08729700034762873,0.20866792537226264,0.7345310284704634,0.5410295661935807,-34.830421505237084,0.7705134806180939,0.5793299910078049,-34.41343455392064,-0.05363213618235323,-0.008812043070793155,3.585179195743427,1.5753410365818148,1.5749002912030101,-0.01129647120720085
287.4199999998111,walk,walk,-0.0,-0.0,0.0,0.9694572032449699,0.07660397768584756,-0.11465754384792456,-4.179530941386447,0.0005711037233990568,0.00011759379897655924,-1.3080896688665589e-05,9.420947816089767e-06,6.513476470753249e-05,-0.0006539777236495087,0.08729914812232402,0.20873919561894932,0.7345331190386044,0.5410375234136582,-34.829364126664345,0.7705190358510217,0.5793532964239121,-34.41025220966316,-0.05362446403052625,-0.008812378346920016,3.5845451737859517,1.5753488874178527,1.5748991279811144,-0.011507800405201952
287.4399999998111,walk,walk,-0.0,-0.0,0.0,0.9694568104545064,0.07662084604512265,-0.11458205888826982,-4.18025522075406,0.000572367895852544,0.00011493744672461019,-1.341844135769641e-05,1.4012875524917955e-05,6.506597446236487e-05,-0.0006306734944967259,0.08730138603588551,0.20881009883830892,0.7345351882477744,0.5410454359302521,-34.828310739092345,0.7705247507792691,0.5793761101016999,-34.40718636196856,-0.053616907308746714,-0.00881251245737076,3.5839362389585783,1.5753563428652662,1.5748980383337021,-0.011708144442371785
287.4599999998111,walk,walk,-0.0,-0.0,0.0,0.9694564120972617,0.07664275231959033,-0.11450667136782657,-4.18095276632498,0.0005735681155397711,0.00011227234150662558,-1.369652460860582e-05,1.843550575647892e-05,6.501321269016673e-05,-0.0006073109381422755,0.08730369043722325,0.2088806603117886,0.7345372338808367,0.5410535421619416,-34.82721808452865,0.7705306129415456,0.5793982979307175,-34.404258718802616,-0.05360946324281139,-0.008812616765499118,3.5833385581827275,1.5753634239030334,1.5748970259860635,-0.011897901417890305
287.47999999981107,walk,walk,-0.0,-0.0,0.0,0.9694560092096144,0.07666953352099869,-0.1144313464285865,-4.181623498294016,0.0005746973417709501,0.00010959665362661343,-1.3920092570685157e-05,2.2720735695726855e-05,6.499330583469723e-05,-0.0005838857279937195,0.08730606615283619,0.20895120231006042,0.734539253326245,0.541061722899437,-34.82610710202057,0.7705366119391232,0.5794200685272217,-34.40143004680722,-0.053602129151892,-0.00881263539195061,3.582756380238289,1.575370149265615,1.574896052753973,-0.0120784128219594
287.49999999981105,walk,walk,-0.0,-0.0,0.0,0.9694556026837737,0.0767010011757895,-0.11435605325078262,-4.182267515173863,0.0005757423664182838,0.00010692818024328948,-1.4096807573463888e-05,2.6836403483012665e-05,6.499909907841535e-05,-0.0005605729194284434,0.08730851641777936,0.2090216613376884,0.7345412451665364,0.5410700526485444,-34.82496422657698,0.7705427375454974,0.5794414218912125,-34.39869849366318,-0.05359490161044304,-0.008812478929758075,3.5821965404638116,1.575376536604248,1.5748951214313984,-0.012250019553602257
287.51999999981103,walk,walk,-0.0,-0.0,0.0,0.9694551931845936,0.07673701618669033,-0.11428076158181974,-4.182885059683599,0.0005766902739870785,0.0001042803889377274,-1.4238736713065608e-05,3.083824083529991e-05,6.503101638579702e-05,-0.0005374839398438247,0.08731102123758576,0.20909200471507344,0.7345432084787317,0.5410785165081025,-34.823792003059886,0.7705489819188526,0.5794624325284958,-34.39604943560866,-0.05358777865426468,-0.008812341094017032,3.581643479612589,1.5753826019361703,1.5748942068726302,-0.012413691767977401
287.539999999811,walk,walk,-0.0,-0.0,0.0,0.9694547814776929,0.07677743089323279,-0.11420544641367325,-4.183476446484863,0.0005775321127042958,0.00010165753319606153,-1.43381342682515e-05,3.4707262812959205e-05,6.50838192093635e-05,-0.0005146742202390823,0.0873135776296985,0.2091619472855254,0.7345451411366266,0.541087010169983,-34.822608727539354,0.7705553361803241,0.5794831153402329,-34.39347849158497,-0.0535807583544177,-0.008812180906534198,3.581100310925025,1.5753883607104389,1.5748933221161843,-0.01256947620665883
287.559999999811,walk,walk,-0.0,-0.0,0.0,0.9694543680800064,0.07682213091537277,-0.11413009787389432,-4.184042148627009,0.0005782669156176193,9.907721873649674e-05,-1.441379471766676e-05,3.848105261063439e-05,6.514264898298505e-05,-0.0004923017116395618,0.08731619176063507,0.2092319185927317,0.7345470417524309,0.541095548535347,-34.82141153213844,0.7705617944450049,0.5795036938438416,-34.39094462386114,-0.05357383989521214,-0.008812091499567035,3.5805595888267017,1.5753938272339767,1.5748924485356093,-0.0127181534475712
287.579999999811,walk,walk,-0.0,-0.0,0.0,0.9694539534672174,0.07687095525333942,-0.11405469173856302,-4.184582547770235,0.0005788782383291843,9.652352373734268e-05,-1.4461695979884716e-05,4.2105895038155215e-05,6.522431449959858e-05,-0.0004702356407985994,0.08731883710080715,0.20930164853593358,0.734548911905658,0.5411042508134842,-34.820179490321095,0.7705683486655612,0.5795238849172593,-34.38849713971345,-0.05356702155397363,-0.0088119350373745,3.580032138570865,1.5753990144688579,1.5748915702984214,-0.01286039823120995
287.59999999981096,walk,walk,-0.0,-0.0,0.0,0.9694535383420992,0.07692381012062285,-0.11397920950565299,-4.185098190191752,0.000579362100633957,9.401988357270188e-05,-1.4471077544439507e-05,4.5658966687165905e-05,6.53208482658394e-05,-0.0004486842182663898,0.08732153363638148,0.20937114915053978,0.7345507482347098,0.5411127593765259,-34.818975935627996,0.7705749917028403,0.5795440163860321,-34.38607585376759,-0.05356030084499014,-0.00881166681647301,3.579521300144629,1.5754039365628467,1.5748907442152977,-0.012995194746074513
287.61999999981094,walk,walk,-0.0,-0.0,0.0,0.9694531231848958,0.0769805794601589,-0.11390366319863539,-4.185589525286911,0.0005797197525484926,9.154959596806564e-05,-1.4460468863607136e-05,4.9103988481138035e-05,6.540177176092545e-05,-0.00042749439136657895,0.08732427501204934,0.20944062650439743,0.7345525513642341,0.5411215659627915,-34.81771284366557,0.7705817166961442,0.5795638796339035,-34.383717077609965,-0.05355367589505663,-0.008811406046152118,3.579017428036005,1.5754086063746382,1.574889935827303,-0.01312366951731139
287.6399999998109,walk,walk,-0.0,-0.0,0.0,0.9694527084712266,0.0770411658640773,-0.11382803160702126,-4.186057092577309,0.0005799431133880025,8.912705505220566e-05,-1.4422112242268446e-05,5.246712799181521e-05,6.550665234441359e-05,-0.00040680279193718467,0.08732702752281846,0.2095096619367559,0.7345543202961895,0.5411302980432511,-34.8164569099983,0.770588517425875,0.5795835044631958,-34.38141438820877,-0.053547145078846003,-0.00881111174821854,3.5785236792064152,1.5754130336491765,1.5748890790105343,-0.013247609000611154
287.6599999998109,walk,walk,-0.0,-0.0,0.0,0.9694522945400059,0.07710548384686006,-0.11375230649490528,-4.186501414130665,0.0005800368816551983,8.674599809652505e-05,-1.4367831719286106e-05,5.575526695588575e-05,6.561454332289026e-05,-0.0003865532992325202,0.08732979199174765,0.20957829885934548,0.7345560548152484,0.5411390152225495,-34.8151974547482,0.7705953890730075,0.5796030100831986,-34.37914556756692,-0.053540706884007846,-0.008810802549123767,3.5780384497911757,1.575417230243358,1.5748882668972493,-0.013365076072584324
287.6799999998109,walk,walk,-0.0,-0.0,0.0,0.9694518819846999,0.07717346362859955,-0.11367649582790505,-4.1869230074839825,0.0005800110801416827,8.440906033294728e-05,-1.4281625633131952e-05,5.8983477047866454e-05,6.571409613854999e-05,-0.0003667583382931644,0.08733258385160218,0.20964672791414013,0.7345577525208838,0.5411476876983643,-34.81393922402805,0.7706023251501101,0.579622336889267,-34.37692003326262,-0.053534359801507427,-0.008810474723577502,3.577561916398605,1.575421206319715,1.5748874408141256,-0.013477713092330725
287.69999999981087,walk,walk,-0.0,-0.0,0.0,0.9694514714074796,0.0772449885508412,-0.11360058529818287,-4.187322299943429,0.0005798617223433864,8.210423054211636e-05,-1.4164341956778391e-05,6.210228803818877e-05,6.582843713773166e-05,-0.000347323094459837,0.08733538989025802,0.209714738018761,0.7345594127988693,0.5411563899765015,-34.8126688649754,0.7706093179534165,0.5796413656721116,-34.37475777009969,-0.05352810219638155,-0.008810120820999148,3.577094536571382,1.5754249729863157,1.5748866566405177,-0.013584448606896886
287.71999999981085,walk,walk,-0.0,-0.0,0.0,0.9694510626516237,0.07731995458102323,-0.11352444833799599,-4.187700443378375,0.0005796107285700938,7.984782357553317e-05,-1.406201439054115e-05,6.518547593012067e-05,6.592724357307091e-05,-0.0003283712217377765,0.08733818224540744,0.2097823975316444,0.7345610442993765,0.5411650922546387,-34.81139226546582,0.7706163435582289,0.5796604689607621,-34.37259234401858,-0.05352193340132651,-0.008809815347194674,3.57663031942919,1.575428542160295,1.5748858603597164,-0.013686787336279062
287.73999999981083,walk,walk,-0.0,-0.0,0.0,0.9694506550947178,0.07739825955332406,-0.11344821411918928,-4.188059881252689,0.0005792730533125014,7.788719628944578e-05,-1.3978659858057527e-05,6.808919744279442e-05,6.607494997437193e-05,-0.00031207164161180825,0.0873410083236192,0.20985019267300453,0.7345626393826331,0.5411738392362595,-34.81010350323507,0.7706234522228272,0.5796793785343171,-34.370468890535655,-0.05351585145355079,-0.008809394389390948,3.57618221692735,1.575431920440925,1.5748850938812375,-0.013784114399455835
287.7599999998108,walk,walk,-0.0,-0.0,0.0,0.9694502474632984,0.07747993101612664,-0.11337185144769198,-4.188403687680562,0.0005787803750591307,7.630517831976502e-05,-1.3961652307547715e-05,7.103701293627487e-05,6.628733822457242e-05,-0.00029911772220333685,0.08734379359267497,0.20991642456251491,0.7345642059213888,0.5411825564155579,-34.808814455594906,0.7706306348487519,0.5796977963695527,-34.368451193067564,-0.0535098559138481,-0.008809096366167071,3.5757311799834204,1.575435113131522,1.5748842789739848,-0.013878088542796744
287.7799999998108,walk,walk,-0.0,-0.0,0.0,0.9694498390944425,0.0775648628688335,-0.11329511081588954,-4.188736181116754,0.000578000049193477,7.511627269169861e-05,-1.3959699737475671e-05,7.389041214954934e-05,6.66439328594363e-05,-0.00028975809773194064,0.0873466113700887,0.2099821662553557,0.7345657510266858,0.5411910351762772,-34.807564785193556,0.7706378622430992,0.5797162887105942,-34.36642675077853,-0.05350394448276944,-0.008808593451976779,3.5753031139939617,1.5754381298706244,1.5748834584787965,-0.013968102913465959
287.7999999998108,walk,walk,-0.0,-0.0,0.0,0.9694494273676368,0.07765972189017716,-0.1132176251832162,-4.189059758751836,0.0005767028022425011,7.402019493590317e-05,-1.4066260734994807e-05,8.377908312410765e-05,6.73641620201624e-05,-0.0002821246297823517,0.08734947338049891,0.21004783115930215,0.734567185110398,0.5411995884428025,-34.80627507215011,0.7706452711963069,0.5797345426330567,-34.364488158635915,-0.05349811688658074,-0.008808120340108874,3.5748793755144024,1.5754409807120862,1.5748826985195756,-0.014052804472875683
287.81999999981076,walk,walk,-0.0,-0.0,0.0,0.9694490095263362,0.07777418049192453,-0.11313901670463793,-4.1893744185654676,0.0005745424166601111,7.270389905417473e-05,-1.4262446571110548e-05,0.00010190113647512509,6.838938920414199e-05,-0.00027427468754210265,0.08735230965509698,0.2101123682917952,0.7345683705484108,0.541208082104683,-34.804940753047546,0.7706530503696317,0.5797522899160386,-34.36272194884811,-0.053492371482497865,-0.008807565271854403,3.574468663807166,1.5754436744849252,1.574881961843419,-0.014133288339644747
287.83999999981074,walk,walk,-0.0,-0.0,0.0,0.9694485848615872,0.07791242382220373,-0.11305924512978235,-4.18967954452525,0.000571401479033352,7.117920089951173e-05,-1.4479401579011797e-05,0.00012292485387995066,6.940692402566395e-05,-0.00026588619797187214,0.08735517794025728,0.21017608093564455,0.7345692454464364,0.5412173357257843,-34.803409267525325,0.7706612819219478,0.5797692623386383,-34.36118272807715,-0.053486705242843005,-0.008806984126567843,3.574066198697498,1.575446217659038,1.5748812074721337,-0.014210659844605445
287.8599999998107,walk,walk,-0.0,-0.0,0.0,0.9694481550676646,0.07807467990085866,-0.11297848305907934,-4.189974912547101,0.0005673788615077007,6.955809576037394e-05,-1.4613591592861193e-05,0.00014383256837568,7.025906370711511e-05,-0.0002573586742931856,0.08735811242558082,0.21023837573295756,0.7345697948199011,0.5412267383584977,-34.8017912284878,0.7706699628330339,0.5797855791101456,-34.35984211431099,-0.05348111551537414,-0.008806268870830539,3.5736804373615265,1.5754486171265185,1.5748804670706869,-0.01428432597285495
287.8799999998107,walk,walk,-0.0,-0.0,0.0,0.9694477233713281,0.07825947102170397,-0.11289697726955754,-4.190260702642175,0.0005626336534567431,6.79216636132961e-05,-1.4602831507355475e-05,0.00016330948717121208,7.089011631243614e-05,-0.00024902776561890885,0.08736103076114267,0.21029909423576604,0.7345700258657906,0.5412364688167572,-34.80005743999587,0.7706790453048755,0.5798010316143036,-34.35872568590382,-0.05347560238427745,-0.008805672824382785,3.5732912879792016,1.575450878006756,1.5748796856910467,-0.01435571621072231
287.8999999998107,walk,walk,-0.0,-0.0,0.0,0.9694472928681622,0.07846516809444573,-0.11281494106919303,-4.190537413965648,0.0005573429314157794,6.632254950490846e-05,-1.446124465650804e-05,0.00018140370636148854,7.134150455037839e-05,-0.00024116511046953386,0.08736389049725402,0.2103575495944378,0.7345699492721302,0.5412461992750168,-34.79826905462917,0.7706884779592094,0.5798157539615632,-34.35779986690617,-0.05347016497257719,-0.008804972469806674,3.572916482656104,1.5754530057283833,1.5748788931355358,-0.014424243656132837
287.91999999981067,walk,walk,-0.0,-0.0,0.0,0.9694468654576865,0.07869034703894211,-0.11273254626641838,-4.190805531572856,0.0005516498286678431,6.476135234237209e-05,-1.424983175795516e-05,0.00019827030573506453,7.16451976924132e-05,-0.00023371126634199406,0.08736673420992873,0.2104141601389769,0.7345695815152125,0.54125597443676,-34.796421478561555,0.7706982210787863,0.5798301335821152,-34.35698866422663,-0.05346480273616477,-0.008804298192262652,3.572545580179775,1.5754550078631206,1.5748781508714438,-0.014488638243562396
287.93999999981065,walk,walk,-0.0,-0.0,0.0,0.9694464432069839,0.07893369373356242,-0.11264991377745195,-4.191065720977523,0.0005456685754677662,6.326801415904005e-05,-1.39406532194678e-05,0.00021399833437384157,7.184990562288172e-05,-0.00022686945923700315,0.08736956874248335,0.21046900130707324,0.7345689345349234,0.5412654962787629,-34.79457009445147,0.7707082340498814,0.5798439022550583,-34.356332916174466,-0.053459515208629134,-0.008803609013557437,3.5721818204312332,1.5754568896061096,1.5748773825303197,-0.014550838666874176
287.95999999981063,walk,walk,-0.0,-0.0,0.0,0.969446027660407,0.07919379753224721,-0.11256718482876023,-4.1913184495925595,0.0005395181620597306,6.182350660800725e-05,-1.357549857037299e-05,0.00022847399506993127,7.192505013174488e-05,-0.00022039497142621074,0.08737231641154064,0.21052198998268712,0.7345680259389349,0.5412751075277329,-34.79265688274338,0.7707184784744927,0.5798572238931656,-34.355796419986135,-0.05345430095160271,-0.008802819252014163,3.5718318839061,1.575458657364147,1.5748766495794535,-0.014609528819358347
287.9799999998106,walk,walk,-0.0,-0.0,0.0,0.9694456198245573,0.07946917637633431,-0.11248446393642339,-4.191564211569821,0.0005332949682280738,6.0446610607718586e-05,-1.3171887494446506e-05,0.00024165242439623254,7.191516787311801e-05,-0.0002143714088972776,0.08737502845122352,0.210573211300151,0.7345668774555628,0.5412848379859925,-34.79068066956503,0.7707289183623653,0.5798698749790192,-34.35541309466982,-0.053449157938427284,-0.008801891654729846,3.5714985603828824,1.575460315251286,1.5748758775130391,-0.014666577560832237
287.9999999998106,walk,walk,-0.0,-0.0,0.0,0.9694452206161038,0.07975860750709088,-0.11240183154229749,-4.191803444523064,0.0005271002746458129,5.9132514179626816e-05,-1.2730414354280068e-05,0.00025380783844641667,7.183704449750678e-05,-0.00020871261080736368,0.08737765157415968,0.2106222596788856,0.7345655033300612,0.5412942853221894,-34.78871582799854,0.7707395244437857,0.5798820641288758,-34.35514064088701,-0.05344408527502189,-0.008800997585058215,3.5711681418367105,1.5754618679616261,1.5748751110345602,-0.014721021056963372
288.0199999998106,walk,walk,-0.0,-0.0,0.0,0.9694448305635966,0.08006082173450481,-0.11231934430185328,-4.192036416943563,0.0005209962837772517,5.786761336933672e-05,-1.227145439050859e-05,0.000264826304211351,7.171043500303644e-05,-0.00020326939930726508,0.08738026876645406,0.2106698917074103,0.7345639227215843,0.5413038220653534,-34.78669920529225,0.7707502696874745,0.5798937615404129,-34.354979716396706,-0.053439082078870805,-0.008800081163644793,3.570845017622477,1.5754633213365261,1.5748743771523714,-0.014772367187336889
288.03999999981056,walk,walk,-0.0,-0.0,0.0,0.969444449848269,0.08037447663173802,-0.11223705614381416,-4.192263349248925,0.0005150463752005664,5.665490299644863e-05,-1.1811206036702174e-05,0.000274673346472047,7.153700392737615e-05,-0.0001980190930329331,0.08738282657211079,0.2107159887222974,0.7345621573266551,0.5413134035120011,-34.78464290128185,0.7707611284761255,0.5799049672136307,-34.35492581700735,-0.05343414678935249,-0.008799082785844806,3.570533792993124,1.5754646796127272,1.574873629300344,-0.014821820783725589
288.05999999981054,walk,walk,-0.0,-0.0,0.0,0.969444078460155,0.0806983297884053,-0.11215500644609959,-4.19248443847508,0.0005093014425064101,5.5494032570812225e-05,-1.1356554387405477e-05,0.00028345212033947917,7.133100260960693e-05,-0.0001929370846221102,0.08738535652245762,0.2107607903274747,0.7345602267808028,0.5413228806505204,-34.78257710897177,0.7707720794014067,0.5799159344682694,-34.35492981715157,-0.053429277780264454,-0.008797991275787356,3.5702352322758926,1.5754659476455142,1.5748729019374132,-0.014868674194827935
288.0799999998105,walk,walk,-0.0,-0.0,0.0,0.9694437164527557,0.08103115381675327,-0.1120732302339532,-4.192699737988112,0.0005038003869489572,5.4370744429733145e-05,-1.0902171172563653e-05,0.00029115379196146293,7.109436204002603e-05,-0.00018788044470547052,0.08738784773954002,0.2108044170316387,0.7345581501924797,0.5413323130855561,-34.78049451377451,0.770783100385275,0.5799265738973618,-34.35500376107536,-0.053424473157075714,-0.008796802908182147,3.5699494656057156,1.5754671293594051,1.5748721661925793,-0.014913706992854669
