time_s,control_state,policy,command_c0,command_c1,command_c2,base_height_m,roll_deg,pitch_deg,yaw_deg,body_vx_m_s,body_vy_m_s,body_vz_m_s,body_wx_rad_s,body_wy_rad_s,body_wz_rad_s,pd_error_rms_rad,pd_error_max_abs_rad,left_knee_joint_position_rad,left_knee_joint_pd_target_rad,left_knee_joint_actuator_torque_nm,right_knee_joint_position_rad,right_knee_joint_pd_target_rad,right_knee_joint_actuator_torque_nm,left_shoulder_roll_joint_position_rad,left_shoulder_roll_joint_pd_target_rad,left_shoulder_roll_joint_actuator_torque_nm,left_wrist_yaw_joint_position_rad,left_wrist_yaw_joint_pd_target_rad,left_wrist_yaw_joint_actuator_torque_nm
322.15999999977953,walk,walk,0.3206853451936141,-0.0,0.0,0.9731807848817735,0.3198923525935982,2.307344649747426,-4.380109689511788,0.09353022701873775,0.002210703235864844,0.019120039916094986,0.015285101349950184,0.08608237359135047,0.0018551543063539799,0.12152262025919783,0.4251228687703706,0.6802542402212489,0.5463725861558915,-23.871175001391386,0.7371333469613147,0.584892192150116,-27.338410726592723,-0.05616794749321512,-0.013353086262941363,3.4380433974464086,1.5755529993126227,1.5771777157620073,0.03724160519001945
322.1799999997795,walk,walk,0.32917719301970105,-0.0,0.0,0.973285169484783,0.3358711213209126,2.402928673318033,-4.377872996931308,0.09211342501235621,0.0018355796126262992,0.01854119497122129,0.013716477706066455,0.082930525961764,0.0013900321041169519,0.12415062862759464,0.43198218769499497,0.677321153702152,0.5461752351770401,-23.383448881367567,0.736264261345922,0.5851177063236237,-27.140049745365587,-0.05636653592655278,-0.01360832825303078,3.4316815961733393,1.5756560945566027,1.5773531936988712,0.038931689705297166
322.1999999997795,walk,walk,0.32917719301970105,-0.0,0.0,0.9733847828601421,0.3493478160926793,2.494983193116292,-4.376386142966188,0.09072254312617192,0.0015729317268073943,0.018051452925037438,0.011462972513859311,0.07986048382480196,0.0006883530990773628,0.126434787702368,0.43746270300435164,0.6744546747659229,0.5459951099405289,-22.904907996028665,0.7353510580785007,0.5847713884363175,-27.0347002063938,-0.05653866665299897,-0.013817521929740909,3.427252342205084,1.5757605214037476,1.5774828999251604,0.03952702408171909
322.2199999997795,walk,walk,0.32917719301970105,-0.0,0.0,0.973480352368001,0.35945641020367164,2.583768130274824,-4.375495310937707,0.089337432841406,0.0013911697239206691,0.017606247581710015,0.008443255644523964,0.07704278367214452,0.00017117827792495445,0.12848714070268413,0.44195307351291196,0.6716728320074212,0.5459341194877625,-22.42152897341568,0.7343747302327448,0.5841017451534272,-26.9747188072137,-0.05669133591244019,-0.013966622948646548,3.426469502507711,1.575865263266874,1.5776033134148002,0.03991062033182797
322.23999999977946,walk,walk,0.337669040845788,-0.0,0.0,0.9735713552526947,0.3655601068690886,2.6697202929887967,-4.374830982456799,0.08802947412324041,0.001297055406263052,0.017169435552122227,0.004892883560651602,0.07462411624945947,6.520334280082777e-05,0.12989991581540075,0.44385433244032196,0.6689940105642312,0.5456343230257035,-22.001079213265083,0.733327775202742,0.5828886714229584,-26.99925311476178,-0.05683138031125927,-0.01408253535628319,3.427719950636043,1.5759696432923167,1.577706765657711,0.03990210753429864
322.25999999977944,walk,walk,0.34616088867187494,-0.0,0.0,0.9736564715436141,0.367372768476444,2.753463385372627,-4.374276899089632,0.08689449293398299,0.0013386036356969608,0.016726711375513983,0.0010246609273011373,0.07277490299307045,6.803643299121596e-06,0.13065955443283747,0.44561674922320677,0.6664325743383426,0.5450965848217011,-21.646213629824814,0.7322148201693068,0.5811376657733918,-27.10853740316779,-0.05696331549055033,-0.01416629105806351,3.4310573207925996,1.5760718747602296,1.5777583963186026,0.038716953444846075
322.2799999997794,walk,walk,0.34616088867187494,-0.0,0.0,0.9737344310905993,0.36586148248297645,2.8355790614803515,-4.37387556896168,0.08586206998042754,0.0016413371096168884,0.01627751319400821,-0.0017450883871129024,0.07141506055216948,-7.878588786959344e-05,0.13150101380633197,0.45193544007025854,0.6639847372538288,0.5448416855583191,-21.260247850301845,0.7310681642242852,0.5792175915489197,-27.245054722484614,-0.05709209878582298,-0.014237470179796222,3.4354833519044403,1.576171652766319,1.5777980883554101,0.03729909189378639
322.2999999997794,walk,walk,0.3546527364979619,-0.0,0.0,0.9738043538636958,0.36221265150792215,2.9164253524711845,-4.373640056198008,0.08482267986403363,0.0023550494077017366,0.015808927246160967,-0.003335868618131243,0.07033895266515307,-0.00018346149414007873,0.1321417542974775,0.4569761217063955,0.6616367041952841,0.5446416970739365,-20.880727147005473,0.7299221702212073,0.5769686337957383,-27.44408781235482,-0.057223718038674314,-0.014292075484991076,3.4418633882475604,1.5762700211582634,1.5778461688146472,0.03608347813026823
322.3199999997794,walk,walk,0.3631445843240489,-0.0,0.0,0.9738660130995822,0.3558280445645942,2.9964653437144135,-4.373539223111198,0.08395281574673782,0.0031578170038570616,0.015389875526682415,-0.005937796794680222,0.06969651996724152,-0.0002762071354155096,0.13251624486658253,0.4604985263988807,0.6594015649505645,0.5444718387374878,-20.517340541203566,0.7287672979621957,0.5742926385650635,-27.717319968239096,-0.057365152337696415,-0.014331638067960742,3.4505943467186015,1.5763650216150897,1.5778742453963042,0.034533543063090325
322.33999999977937,walk,walk,0.3631445843240489,-0.0,0.0,0.9739197638812894,0.344177562248238,3.0761297966075496,-4.373887139823987,0.0832221515032462,0.003928907871631576,0.015036152304198778,-0.010810750761562639,0.06940513617868843,-0.0008107737064767188,0.13329183603190672,0.4654218802806297,0.6573355461687254,0.544850819970131,-20.090019490507338,0.727551450285609,0.5715701815137864,-27.98400152584353,-0.057506781292348146,-0.014389204978942874,3.4572907220512112,1.5764571574136963,1.577924949391234,0.03359064915596145
322.35999999977935,walk,walk,0.3716364321501358,-0.0,0.0,0.9739668365479721,0.3251284727592229,3.1555001372788065,-4.37561624135182,0.08259599114604747,0.004839009393070966,0.014757711440629637,-0.017406084393973197,0.06913980125791352,-0.0021923323073070543,0.1341787231333149,0.4704794982385162,0.6554734429963746,0.5454192843685151,-19.667984241822317,0.7262250543645583,0.5687613126287461,-28.242555113094646,-0.057643219724091706,-0.01449612453579903,3.4593553517924875,1.5765489268138808,1.5780295303971053,0.033914110775429475
322.37999999977933,walk,walk,0.3716364321501358,-0.0,0.0,0.9740078895563798,0.29731981135423086,3.2344840272937314,-4.380419215757406,0.08200680261541796,0.006094215861327423,0.014492214395672564,-0.025019246834176608,0.06877762527524733,-0.005047646687114746,0.13546052025561697,0.4768945543236153,0.6538391658088388,0.5464586403617859,-19.204064816705998,0.7247608292574114,0.5660956886062622,-28.448430123780685,-0.05777291956468748,-0.014593231678009036,3.4615778514657585,1.5766431183301481,1.5781877555832744,0.03542371854488418
322.3999999997793,walk,walk,0.3716364321501358,-0.0,0.0,0.974042905846592,0.25980093042144803,3.312700775190395,-4.389529777864623,0.0813489459301771,0.007716734066053028,0.014176382450643732,-0.033376396049596975,0.06803786115590396,-0.008861925919283992,0.1373660824309729,0.4857101831250152,0.6524649093009582,0.5482012864599228,-18.66366930651817,0.7231441985796521,0.5635519262800217,-28.603816927895544,-0.05789448567595366,-0.014671071618795398,3.46462613636584,1.5767426357303407,1.578411010368216,0.03832718027243077
322.4199999997793,walk,walk,0.3801282799762228,-0.0,0.0,0.9740712476013883,0.21168308990096016,3.3895456045813397,-4.403086645446115,0.08061788887990387,0.009614738848902524,0.013754099989000509,-0.042494346759545915,0.06676277131777007,-0.01265130174539448,0.13938682242346762,0.49478564262398145,0.651377727898217,0.5503662612686158,-18.099354275688903,0.7213631652239039,0.5607521023998261,-28.774730942162748,-0.05800471193900978,-0.014760191738605502,3.4656683044643093,1.5768500709630162,1.5786938595533848,0.04243640926144799
322.4399999997793,walk,walk,0.3801282799762228,-0.0,0.0,0.9740898532301319,0.1520600102100569,3.464563789016978,-4.420659814410304,0.07982403792925637,0.011908635469781815,0.013110357433102878,-0.05244710976018666,0.0651309626742398,-0.016043174095760337,0.14173311002958508,0.5050623983183253,0.6506678008967907,0.5534462567815781,-17.446116242045473,0.7194247538123646,0.5577209826955796,-28.95950541268288,-0.058101053797394074,-0.014868135750293734,3.463898083984874,1.5769674976367098,1.5790245144576311,0.04742290896523008
322.45999999977926,walk,walk,0.38862012780230976,-0.0,0.0,0.9740936405136716,0.0798200581191811,3.537320615962949,-4.441582311331721,0.07894991862806391,0.014643124710656746,0.012161033899118875,-0.06339844582820588,0.06312903679909317,-0.018816679469670194,0.14387294268299405,0.5142263203616835,0.6504667073912651,0.5571881916770935,-16.778326983580694,0.7173465657548709,0.5541123386869431,-29.224477434775434,-0.05819380366401997,-0.015061530470848086,3.4556449323213796,1.5770947087340383,1.57936424975698,0.05240741378600928
322.47999999977924,walk,walk,0.38862012780230976,-0.0,0.0,0.9740803922936251,-0.006332621670283962,3.606766570887869,-4.465713306425526,0.07801562964291303,0.01799934998004069,0.011005047350454414,-0.07552547645388973,0.0601314324738275,-0.021537546488427595,0.1463864223206822,0.5245431728219736,0.6507309121271093,0.5626333143959046,-15.878286923437853,0.7151204491023815,0.5497420218238831,-29.599160103481676,-0.05830557019122719,-0.015332772582769397,3.443962121836341,1.5772325136063448,1.5797436966509104,0.05808690845448185
322.4999999997792,walk,walk,0.40560382345448365,-0.0,0.0,0.9740424359925932,-0.10893301504553474,3.671693597935642,-4.492537287544597,0.07698395163720836,0.021931156136447465,0.009284217080991534,-0.0900511383328786,0.05597925315197641,-0.02382627963885773,0.14825366762156295,0.5313875429243364,0.6519516520418983,0.5690444346914292,-15.020338205052857,0.7127541440161356,0.5440729793558121,-30.182880218833876,-0.05846083752951411,-0.01572234854102135,3.427657125055996,1.5773792285602135,1.5800938962907076,0.06288079443615702
322.5199999997792,walk,walk,0.4140956712805706,-0.0,0.0,0.9739646998923535,-0.2317934920522222,3.730403932006212,-4.521883068624917,0.07601738363524661,0.026618154485336536,0.006591102129673101,-0.10815454180588664,0.050542596201546115,-0.025870228629857113,0.14974006191854405,0.5353236604777881,0.6544789846377762,0.5773109581718445,-14.08765608634508,0.7102861922816777,0.5369225230464936,-31.018016789223136,-0.05870203765537888,-0.016254599392414096,3.4093447663820173,1.577530766270052,1.580333666218865,0.0649501342229373
322.5399999997792,walk,walk,0.4140956712805706,-0.0,0.0,0.9738354767498579,-0.379095420229325,3.782232629025395,-4.551264876481909,0.07495517352441276,0.03208364737967507,0.003389185920480654,-0.12987010020650416,0.04457100703756345,-0.025437545893266397,0.15189366995659664,0.5400578411517274,0.6595875001233313,0.5883834746131897,-13.225334096639596,0.7077248520976095,0.5282508667955399,-32.11117429533482,-0.05907800403901779,-0.016823995113372806,3.401801002274639,1.5776842416080104,1.5805068167806149,0.06538921295102072
322.55999999977917,walk,walk,0.4140956712805706,-0.0,0.0,0.973658124335937,-0.5541276104274941,3.82501662793346,-4.578398272885136,0.07394837945766554,0.03856436447379722,0.00020927099434069323,-0.15460718916785582,0.03647631963836604,-0.023224634885876255,0.15487914073855416,0.5459530021755086,0.668615060356503,0.6026577141532898,-12.591838692215246,0.7049844700055213,0.5180432137498856,-33.44242767002851,-0.0596072721645865,-0.017321913689374926,3.4128729763567485,1.57783477459343,1.5805669895321608,0.06325192475553201
322.57999999977915,walk,walk,0.4140956712805706,-0.0,0.0,0.9734495221280244,-0.7605648773077548,3.8558105011436106,-4.601299428858432,0.07308573650390933,0.046046764933267044,-0.0022478134985859646,-0.18274173828265963,0.025787496261941427,-0.019343427197351843,0.1588075676120104,0.5525456353366582,0.6830127011263042,0.6212679978857041,-12.263469770184306,0.701859285393812,0.5056384440908432,-35.084602120570686,-0.06028439369625081,-0.017790387570858004,3.4377073302177736,1.5779758320968782,1.5804636145890236,0.05748914978776511
322.59999999977913,walk,walk,0.4225875191066576,-0.0,0.0,0.9732411954297442,-1.000049279009402,3.8725934154183905,-4.620786115549956,0.07268457413385218,0.055165552688696405,-0.0031193204970423397,-0.21193567163993624,0.013554750339944096,-0.01663416923000936,0.16308657691272288,0.5559309420795009,0.7036524465876856,0.6432981279144288,-12.5092532007139,0.6980722167550131,0.491116055513382,-36.96789434924636,-0.06112826519226194,-0.01817206591367722,3.484150339450681,1.5780933188258253,1.5799766595423699,0.043231983008860816
322.6199999997791,walk,walk,0.4225875191066576,-0.0,0.0,0.9730574122875353,-1.2753852963745913,3.8780639305925435,-4.640920539731073,0.0729337941940849,0.06586170476290505,-0.00237270230948888,-0.24373858155148337,0.004323992283456716,-0.017798171373425382,0.16770015945445593,0.5553628987164053,0.7298633252188483,0.669311688507557,-12.983786395585675,0.6933746816724423,0.47522939112281803,-38.91410741205726,-0.06213761441740433,-0.018717392534017566,3.5305522367295494,1.57817199582321,1.5791332240164757,0.021546765456365614
322.6399999997791,walk,walk,0.4225875191066576,-0.0,0.0,0.9729021734652441,-1.5930295003395893,3.8831144667115045,-4.663830839316935,0.07363388789567515,0.07755751243035947,-0.0001607274304042004,-0.2814225382734445,0.0057490936398552845,-0.020118874361313096,0.1713895550997718,0.5518634248261218,0.7603214710125257,0.6986350987503529,-13.52116305133609,0.6875812336929046,0.45893127586936955,-40.722866184368996,-0.06326743215448956,-0.019477569684386256,3.566737901613637,1.5781994971790299,1.5779936241865635,-0.005853514888206315
322.6599999997791,walk,walk,0.4225875191066576,-0.0,0.0,0.9727637309311836,-1.9554908382219895,3.9025026563213667,-4.688944094597193,0.07496518755598322,0.0905285037844507,0.003167301009269945,-0.3204305967960269,0.020239418741200336,-0.021352244202438374,0.17296351804602825,0.5454230808448577,0.7915326634386605,0.7246564824531079,-14.505535104556431,0.680717188129268,0.4454746034393311,-41.82860307082661,-0.06440647906963788,-0.020175534486770633,3.601914000476609,1.5781745923841455,1.57687656701957,-0.03139521778918139
322.67999999977906,walk,walk,0.4225875191066576,-0.0,0.0,0.9726288808272696,-2.3561679515540446,3.950595738237515,-4.715300757708343,0.07706662137926365,0.10504103038380087,0.0076498589835797695,-0.35254287178673516,0.04687302141314111,-0.021231265809510513,0.17441482019813837,0.5388332208573101,0.8175791184848935,0.7407954886952639,-15.865576021092789,0.6730360796108233,0.4380001511821747,-41.728355399290884,-0.06541974399773863,-0.02037773579359055,3.6589081479747634,1.5781075466173429,1.5759896489739895,-0.050522609947291505
322.69999999977904,walk,walk,0.4225875191066576,-0.0,0.0,0.9724960988244089,-2.7834819104588733,4.038262564380232,-4.741484379401596,0.07978484612431955,0.12013996629364862,0.013595920636472785,-0.3742463250596672,0.08231102159829329,-0.019010298058478658,0.1742942341040369,0.534807097865738,0.8322995928718021,0.7407312684158087,-17.62185833700035,0.6648001284345619,0.43881703283882145,-40.055351112354806,-0.06617393827352373,-0.019799989834427836,3.7499253467792015,1.5780176488803257,1.5755053481966734,-0.05968904862011348
322.719999999779,walk,walk,0.4225875191066576,-0.0,0.0,0.972364301516068,-3.2226985966749178,4.172686090764747,-4.764545517400536,0.08284074013976432,0.1340135766464289,0.02036888155097388,-0.3828907521840169,0.12335085219876636,-0.013394214860157677,0.17037400654751328,0.5379735662869458,0.829024578110598,0.7132369161049128,-20.557117731676744,0.6563700168678366,0.455192485118866,-35.572613175651455,-0.0664752815717695,-0.017323105782270434,3.9471231340837227,1.5779291622664096,1.5755019525945664,-0.057714043462254734
322.739999999779,walk,walk,0.4310793669327445,-0.0,0.0,0.9721967492874167,-3.661597114326697,4.354046496845413,-4.78490385252014,0.08628381896341936,0.14301443785813184,0.024962632382979928,-0.38126436665458385,0.1633645695705029,-0.008034947358202957,0.16448111271559596,0.5466285759238458,0.7969434439750411,0.6486576956162453,-24.13819688085052,0.648429663460127,0.49547048773860936,-26.925272283692184,-0.06578979033495473,-0.011974736303091052,4.26431023791199,1.57783958483033,1.5753965296730876,-0.058067282903476854
322.759999999779,walk,walk,0.4310793669327445,-0.0,0.0,0.9716465926987056,-4.125724035050347,4.602623904175913,-4.793329461043881,0.08694164429448242,0.13580016847245968,0.01056533416973722,-0.4085701701840362,0.22392381919060672,0.008650393921685616,0.177444133719091,0.6312641303997135,0.7317998833641934,0.5743897941360474,-23.19679740906404,0.6446766313805987,0.5767493930110932,-11.944971273083771,-0.06248495617376212,-0.006990867853164676,4.246099156194316,1.5776964951812442,1.5738911584899307,-0.090150628970261
322.77999999977897,walk,walk,0.4310793669327445,-0.0,0.0,0.9706040483603394,-4.563532727807538,4.899211739868394,-4.794073061068481,0.07878951163086303,0.11655805895157796,-0.0035760161035953072,-0.3553476126862106,0.261737086310298,0.03598237904277041,0.21437203555810092,0.9689587474708921,0.7018221881558554,0.4859018411884308,-37.94114201941907,0.6922014732630605,0.7426488038549424,5.149939652087612,-0.05658697722622251,-0.009234897047281268,3.4629527681433467,1.575574209042579,1.5672122401133657,-0.12842223111271664
322.79999999977895,walk,walk,0.4310793669327445,-0.0,0.0,0.969518207613552,-4.684626660517251,5.147004789616212,-4.7204189489319255,0.09122588843059237,0.11590913026359796,-0.014811034041581267,-0.06874600942419416,0.20327370591188998,0.09073530958650877,0.22874626260352454,1.0761671572837805,0.7214875865571178,0.4199406292686463,-55.91748592911143,0.8296352280796864,0.8735030677566529,-3.53669235667952,-0.052270041803622984,-0.02915850952267647,1.6177005423438773,1.5676853213109727,1.550052222138691,-0.14638555027811312
322.81999999977893,walk,walk,0.44806306258491846,-0.0,0.0,0.9685430766682236,-4.511745714269469,5.298971361207234,-4.571676315916411,0.11629048534682196,0.10965214063572074,-0.014213400693805965,0.167997425857265,0.1129124426483338,0.1435150501569484,0.23343954270300663,1.0986160350204863,0.7312704597744356,0.41436518099403385,-57.81442646105675,0.9817976460535263,0.9638145652065278,-15.42357405879178,-0.05091343975389188,-0.041500816307961944,0.6888375294886321,1.557453701360736,1.5402171055734635,-0.07713809322617576
322.8399999997789,walk,walk,0.44806306258491846,-0.0,0.0,0.9683217873840804,-4.218720089526972,5.359649822714805,-4.385493452742046,0.14286096558049774,0.08730851048772206,0.020293859457094873,0.2480024733008909,0.032856522300055806,0.16537757150323512,0.2323536436948176,1.0869174222768918,0.7279560469697549,0.39219293859100346,-60.19696991500789,1.0592422683870322,0.9603087094078064,-23.82654893874797,-0.051938823001279194,-0.03884783871471882,1.110672020086119,1.5515727705541194,1.5431007000566006,-0.0313692801900379
322.8599999997789,walk,walk,0.44806306258491846,-0.0,0.0,0.9689848176552072,-3.873467876643911,5.3834141919583525,-4.1419547326139465,0.16747062927815623,0.0573640778822182,0.061074378112179695,0.28644325693470013,0.003970049107624576,0.22029410894013088,0.22374950042921843,1.0339486195389729,0.7138852354151568,0.36560172703361515,-61.63042408448645,1.0551926267607767,0.9734832283506394,-14.3438382870013,-0.05475815077125734,-0.04021409079432488,1.3267998949462956,1.5506534535670837,1.5503387863696099,0.00949565207894296
322.8799999997789,walk,walk,0.44806306258491846,-0.0,0.0,0.9702370812238463,-3.457583850523997,5.428362830979015,-3.874054975172258,0.19121156207405116,0.03616258280264608,0.09204717664902932,0.3495805625431513,0.028962174806965682,0.233550406974301,0.21277727313465644,0.9541241849599849,0.6916708500145881,0.32608435418701176,-64.12982904907464,1.0050027468592813,0.9753314789781571,-1.3552364043085898,-0.05799348245993874,-0.03665205761790276,1.8863801810226286,1.5535712077877333,1.5621244919434667,0.09907957915980897
322.89999999977886,walk,walk,0.4565549104110054,-0.0,0.0,0.9718308395925429,-2.958403984838559,5.488196643160439,-3.646845960881874,0.22041563221046964,0.025495952093021555,0.1111214045504355,0.4265614626147697,0.04145301335489705,0.19267775256504224,0.2026959608867705,0.850634194537115,0.6623296643078068,0.28784755733108525,-65.19223495745963,0.9373452330912024,0.9594931986579895,9.383133882481438,-0.061466810093099664,-0.033220003545284274,2.4547569646977605,1.5607851197532192,1.573901079869318,0.06476598128777988
322.91999999977884,walk,walk,0.4565549104110054,-0.0,0.0,0.9736696965944535,-2.388181106863301,5.508643362337665,-3.4904954121124137,0.25734347583928907,0.01673260130552518,0.12146116424406386,0.4925770415286343,0.004732448681618991,0.12712325198118501,0.199990581173282,0.7869450741256583,0.6256553582465312,0.25655252602195744,-63.66774664152956,0.8687201986572072,0.9238023545989991,15.419774784620326,-0.06487486042873457,-0.02602287866175175,3.301189597199521,1.5669691748920787,1.5751832316577912,0.0030757862680501624
322.9399999997788,walk,walk,0.4565549104110054,-0.0,0.0,0.9759155568864143,-1.7467008746972803,5.425347304274374,-3.3870470431251727,0.30066938134401083,0.005477993871345642,0.1357911472138087,0.5606267255575873,-0.09081023254627839,0.08194367598422042,0.1942848076847987,0.7562686879558138,0.5784507398848254,0.229270854259491,-59.27947478110043,0.783620555184858,0.8214005988488198,13.731285679453418,-0.06731269850017721,-0.019300540164113048,3.9775986471910802,1.5680873046756023,1.5674746272102476,-0.03660029095366964
322.9599999997788,walk,walk,0.4565549104110054,-0.0,0.0,0.9785323362521288,-0.9354057936503579,5.209353017223815,-3.308771194270358,0.3472858965051105,0.00910874991075952,0.14322674088177045,0.7268731969711022,-0.20735411475234025,0.061496797452813834,0.18162946592746282,0.7103007994417744,0.5154145783381824,0.20162818696594242,-51.705733310477264,0.6759531405919741,0.7153238647083044,15.913755178068104,-0.06870635422196111,-0.013859695941209796,4.46777168059273,1.566826169307709,1.560136360390532,-0.11561692648955305
322.9799999997788,walk,walk,0.4565549104110054,-0.0,0.0,0.9809036147687791,0.1794335525734955,4.853539809483437,-3.1831219613328723,0.39384724524349407,0.026455046858745824,0.11328561977119753,1.0026161446494808,-0.32992856354179645,0.11651459171360137,0.1593477839139847,0.6024308622509124,0.43343541798148105,0.18922952678298954,-37.722977108069905,0.5820982844163182,0.6471416589269638,19.36787036917306,-0.06938239702514683,-0.016131206601858142,4.304084883093982,1.5635750418598453,1.5550769607484818,-0.09507362284436707
322.99999999977877,walk,walk,0.4565549104110054,-0.0,0.0,0.9816854844713997,1.4879212127054036,4.45117952601946,-2.932410946667614,0.4208770059998775,0.02289174683196539,0.011616987508923208,1.1543316881331502,-0.3574966847669477,0.2694313198743905,0.12336108328891641,0.4147891468456006,0.35179385783528194,0.2443756249198914,-12.940099233149894,0.5373974627017012,0.5782609071979523,12.687615249148429,-0.06827102498557172,-0.02883337736129761,3.0852322335103013,1.5617548821961926,1.557383238612163,-0.05546458422457609
323.01999999977875,walk,walk,0.4565549104110054,-0.0,0.0,0.9815421129057732,2.3967403234524367,4.263194942784224,-2.8317496067950287,0.35932092538398924,-0.022030519312663876,0.0017474609893589586,0.731879624505651,-0.13615761061118342,0.07580741196179688,0.11202059207051343,0.33356124360787826,0.4098564647444608,0.44979656603431706,1.7257285174942982,0.5753993752893085,0.44689742591476445,-26.311203274628724,-0.06389795257374176,-0.04382730294018984,1.354523266544592,1.5619538324218791,1.5664367650583864,0.09981409010825314
323.03999999977873,walk,walk,0.4565549104110054,-0.0,0.0,0.9811301260866077,2.888603683943916,4.170186901195233,-2.7597789981722696,0.31816624194830284,-0.06966874324167302,-0.0036127902770006493,0.38463010708840234,-0.07264047773060371,0.06932085754287848,0.14427518892746768,0.4822190958326725,0.5815176186628732,0.5871531602392197,-13.408589064526419,0.60721948687423,0.3917703714618683,-41.21084558185798,-0.05990206494229111,-0.0552469689399004,0.15354762903649666,1.5621477472977006,1.5633737643197656,0.025914473011882617
323.0599999997787,walk,walk,0.46504675823709235,-0.0,0.0,0.9810371959929957,3.2182728195585453,4.054199871110562,-2.685326221809462,0.3016701197440315,-0.07441530943516769,0.011563137645842278,0.2753826685479176,-0.09985161194153448,0.07335254233167018,0.15340212213576507,0.5458849606446181,0.7174989163761499,0.6602325674543381,-21.15639286422048,0.6272138301006608,0.3907240715274811,-44.08710511864909,-0.05932904386858927,-0.0529293391853571,0.48689978259105104,1.5621310278524363,1.5615357582405687,-0.013833060110001865
323.0799999997787,walk,walk,0.46504675823709235,-0.0,0.0,0.9815275805112204,3.530708382835828,3.911936739815841,-2.647167062204531,0.2881077082493554,-0.05857036231257017,0.03714182837683384,0.2704901563576535,-0.12313540885645041,0.034018645666746755,0.15341511648633313,0.5592292231616698,0.7842575946145213,0.7231668059179783,-16.269690857973877,0.6389698575081748,0.39127043750381474,-45.47390068975508,-0.06255589350885285,-0.04219859763979912,1.8165136726118694,1.5622093836476794,1.5646061946586252,0.05687370480461512
323.0999999997787,walk,walk,0.46504675823709235,-0.0,0.0,0.9824714769714706,3.8296556364700765,3.7535821418268474,-2.629962069639299,0.2715062604317824,-0.05094130378793495,0.05482808003503511,0.2570634699871645,-0.13783593200777308,0.024033301552103717,0.14732556146208886,0.5465758450591749,0.8084622765676062,0.7797055554041863,-7.120978625688318,0.644892328042162,0.3783878174076081,-48.413751396787205,-0.06718737904708565,-0.024895356222987178,3.640860886627855,1.5623489404570337,1.56566806630646,0.07817224103501022
323.11999999977866,walk,walk,0.46504675823709235,-0.0,0.0,0.9835920553096518,4.121320704063974,3.5699695469467803,-2.583657166787379,0.25682288330603475,-0.04791400385478542,0.05747292426783227,0.2513536170790639,-0.15922409779731025,0.056647997421290654,0.14231676467576898,0.5368670451603257,0.8171128638016811,0.8212464090833664,0.00023398566758503492,0.6483168546955977,0.36378542449569706,-51.47025924862596,-0.07101562831211863,-0.008535742014646533,5.205906099444514,1.5624234548497902,1.5631692607835412,0.01640052789903977
323.13999999977864,walk,walk,0.46504675823709235,-0.0,0.0,0.9847434622523273,4.39102547556031,3.373857851997733,-2.5412021364541046,0.24784403747034336,-0.04294125406543167,0.056122642596624056,0.22907408504107343,-0.16707206982876902,0.04687915237793654,0.136907176296464,0.4955810396477732,0.8190231139837424,0.8379178952822686,3.210776706306265,0.6502962659491138,0.32494310405349736,-58.71111010578747,-0.07355222429073043,-0.0058277875185012845,5.5547623285929895,1.5623626285883916,1.5594002840057493,-0.07139801698377506
323.1599999997786,walk,walk,0.46504675823709235,-0.0,0.0,0.985885798095405,4.598072046108977,3.1895103430264773,-2.4993616784587513,0.24048607589309712,-0.040995917749948145,0.05583385386214687,0.16994215628288378,-0.15432592273700274,0.051070375048817576,0.13002956293103965,0.44605832733528056,0.8222706694871846,0.8551730748662949,5.599391007305069,0.6502344092487805,0.2908589329967499,-64.68168700538595,-0.07470070445349643,-0.01296113729476929,4.998322608413985,1.5622607496667178,1.5597786282137514,-0.05855386677262667
323.1799999997786,walk,walk,0.46504675823709235,-0.0,0.0,0.9870150901684339,4.7307467178091045,3.0182730954247337,-2.43265656012498,0.23613973502796975,-0.03855030102057204,0.0553894803141256,0.10370619441509148,-0.14181142815372422,0.0737929254768285,0.12749183515750298,0.40761147167602546,0.829081096569201,0.8702178087482453,6.799609652126957,0.6481681458059707,0.2628541972885132,-69.20071205003008,-0.0748822450112267,-0.017813082039356234,4.570897775124754,1.5615266219966033,1.5563615386322618,-0.10145463934735374
323.1999999997786,walk,walk,0.46504675823709235,-0.0,0.0,0.9880602543232258,4.807760751942281,2.8638692237520793,-2.3775874414545415,0.2323727797147559,-0.027169678249906692,0.050518989936344925,0.059318722213692665,-0.12740154669515966,0.05569220768895378,0.1267868412054333,0.40085953535457053,0.8417354325875313,0.8918780919561387,7.952115357411671,0.6452448309555741,0.25275281932449345,-70.42855727428244,-0.07449443653719656,-0.006955071538686755,5.3787511872859755,1.5590455670880958,1.550589569187212,-0.11840499147075871
323.21999999977857,walk,walk,0.46504675823709235,-0.0,0.0,0.9889490561544243,4.871971393399345,2.7107633672470066,-2.3351539821592464,0.2286058266090771,-0.012937619638669762,0.04009980226591834,0.05426902092695937,-0.13031586085810262,0.048928493292583156,0.13158597301128439,0.4207118709862867,0.8635815027499559,0.9204039659748078,8.420739600109,0.6431820864075738,0.2517494645366669,-70.30259181125844,-0.07337371307032083,0.006083701550960538,6.292518450696636,1.5564286232024884,1.5489792826533795,-0.09772048222624657
323.23999999977855,walk,walk,0.46504675823709235,-0.0,0.0,0.9897500244597018,4.973939109897595,2.538102082143501,-2.2880434239353558,0.2250944246663264,0.003237031995056743,0.032084978984875695,0.09265601636903724,-0.14845635203827043,0.05593578115459348,0.13867347739064792,0.4446246560318548,0.8849379264914454,0.9319162752876282,6.735428284871219,0.6427081011964341,0.24372307326889042,-71.78287528373394,-0.07159355087132117,0.005662315338850019,6.082006792599237,1.5558275232830676,1.5524927156925679,-0.07025531519417132
323.25999999977853,walk,walk,0.46504675823709235,-0.0,0.0,0.9905525404927621,5.104234240819825,2.3530938490559574,-2.2377279980398064,0.2202080190940111,0.015912147971774603,0.029489498731730325,0.1131623555859888,-0.15719776669364083,0.058690890716192184,0.14342063683873596,0.4527003462306987,0.8999947571796909,0.9433901992092133,6.607093276355621,0.642729501852245,0.22891334560012822,-74.48832044281465,-0.06978148913969102,-0.005743946135044101,5.025260707152927,1.5558525142067547,1.5568846252695203,0.02392150625771063
323.2799999997785,walk,walk,0.46504675823709235,-0.0,0.0,0.991376380024956,5.224023002426824,2.1775393442976623,-2.1860161395369233,0.2139157602972649,0.02371361920968933,0.030129356120331602,0.09978987357254959,-0.14636754275027974,0.05933759169714836,0.14586510024249977,0.4559433936557639,0.911026575587533,0.9524586137781144,6.574652890902395,0.6420373191819565,0.21935353543853764,-76.03158956729897,-0.0682760697584551,-0.015085536241531375,4.173766670801725,1.5559894976106545,1.5584186662868142,0.05587713768510311
323.2999999997785,walk,walk,0.4735386060631793,-0.0,0.0,0.9922075588518906,5.315489435262429,2.0264153486256604,-2.1334111013572117,0.20764559259141185,0.030789587164535486,0.03146308642407317,0.07465162212436006,-0.12402091528234721,0.05795230366865809,0.14756273778696216,0.46459582052252996,0.9207792643466908,0.9598478611955643,6.253964182546724,0.6403235322877604,0.21732018258666996,-76.01249249402392,-0.06715504490866381,-0.01736767888069153,3.9213786676128963,1.5561367287682337,1.5584763691708923,0.053509416021363714
323.3199999997785,walk,walk,0.4735386060631793,-0.0,0.0,0.9930250413282012,5.379809894699387,1.9044564550823384,-2.087064521346088,0.2025225012595189,0.0393537824627075,0.03213293316180511,0.05196080453563888,-0.09929902891280039,0.04883539470834682,0.1485353145841625,0.4767400929028093,0.929181222739966,0.9632253434906006,5.470589430989998,0.6378447301415419,0.2201129582176209,-75.00467240227094,-0.06645731962538118,-0.014003056287765506,4.158127000667625,1.5562703499989896,1.5581409756973863,0.04230480566451626
323.33999999977846,walk,walk,0.4735386060631793,-0.0,0.0,0.99380585793724,5.421800779385131,1.8119999816680024,-2.0484800688649583,0.19893805878300339,0.04810718328662017,0.031819687737020805,0.03336121980623249,-0.07434539767887098,0.03985038094568327,0.14995750105523192,0.4893242990938907,0.9358161992559997,0.9656240430126191,4.846761574107046,0.6349438374706907,0.22286299731826786,-73.95466009408676,-0.06598021417286618,-0.009059257060289386,4.52719076157482,1.5563860825489302,1.557987396879542,0.03618490267265786
323.35999999977844,walk,walk,0.4735386060631793,-0.0,0.0,0.9945397934232998,5.448647346670284,1.7462795070941488,-2.0094643432929518,0.19670270940871934,0.05617731292108884,0.030974550148960875,0.020946206200865198,-0.05127849090290719,0.03950455443239967,0.15147938787629117,0.5005106448421502,0.939877755921706,0.9647054311285019,4.160041614611209,0.6319189513490286,0.22574255731201176,-72.88143362775948,-0.06543716883092529,-0.006199165433645251,4.707860291003048,1.556487251407704,1.5579383236304403,0.03286432897617649
323.3799999997784,walk,walk,0.4735386060631793,-0.0,0.0,0.995215128874688,5.464911089634475,1.7109710954626907,-1.9714709015212688,0.19532703980790703,0.06467801319195118,0.030077170762860178,0.012127208290621243,-0.024282899073153688,0.0349494122159305,0.15266732951455533,0.509873168585195,0.940503470099133,0.958874964381218,3.2752333876809723,0.6289930748150663,0.22868297364807133,-71.83226951847797,-0.06480033171992872,-0.005203287303447726,4.731434291433737,1.5565863124418482,1.5580436375871778,0.03306021545311157
323.3999999997784,walk,walk,0.4735386060631793,-0.0,0.0,0.9958168871636685,5.4700044824983225,1.7104548625644707,-1.9407235235572784,0.19462227396504145,0.0732305677873229,0.028979570067834012,0.002453522563654768,0.005472813445140069,0.025372642553298436,0.15324455472615608,0.5164640861506289,0.9376417078645164,0.9507851090679169,2.6113397666696883,0.6262842323847696,0.23266080882644657,-70.64410862622324,-0.06424448758988666,-0.00637224614620209,4.599297481306209,1.5566937653231108,1.5584145405278087,0.039344486811537446
323.4199999997784,walk,walk,0.4735386060631793,-0.0,0.0,0.9963394157085179,5.460970917603456,1.7432177355454508,-1.9168416938185344,0.19483747847541186,0.08102865805065594,0.02766902086946388,-0.01014460297404568,0.0335602939509326,0.016879420102776235,0.1532851073520083,0.5193926618945892,0.9309375153190139,0.9400175150880814,2.18654671140635,0.6237865908386152,0.237191894317627,-69.39461969645089,-0.06402304186057779,-0.009258552640676501,4.370210256197597,1.5568128797710874,1.558904012008059,0.04821778654245419
323.43999999977837,walk,walk,0.4735386060631793,-0.0,0.0,0.9967752664555807,5.430522923582745,1.8054569383443797,-1.9010955318854454,0.19618413506598853,0.0879506499514821,0.025814714690174174,-0.029529345399848538,0.05797317102052435,0.006945444830172662,0.15320280396880198,0.5201333364537237,0.9211348016727942,0.9284459140548706,2.111515643903919,0.621399652546559,0.24117664363479618,-68.2558542616107,-0.06410007620611136,-0.012262343615293506,4.1521401441547106,1.5569395518448808,1.559228708310473,0.05291958765886852
323.45999999977835,walk,walk,0.48203045388926624,-0.0,0.0,0.9971155947529218,5.373885364606316,1.8917786420926164,-1.8915472713004373,0.19894216680144536,0.09430632074139941,0.02318697464790012,-0.05257846715739593,0.0778135279515901,0.0005016601987702565,0.1534975076842992,0.5203623093788257,0.9097808605666097,0.9168632265577317,2.189274561258012,0.619106396795755,0.24485547211265568,-67.1883601774528,-0.06445478045190288,-0.013409457355737689,4.1041200995977585,1.5570716535748554,1.5594573275134445,0.055161912048074836
323.47999999977833,walk,walk,0.48203045388926624,-0.0,0.0,0.9973589143096468,5.29142449135067,1.9961486744696786,-1.8858922413542112,0.20295374745168207,0.10112145423890867,0.020070087818333023,-0.07474594139732404,0.09262921042908834,-0.004225861245781749,0.15422177530247025,0.5204663683608669,0.8980711017564711,0.9049252357730866,2.1738235494303693,0.6169508533286754,0.248271235490799,-66.19571388161177,-0.06502232398377136,-0.012378766387701037,4.243451187318481,1.5572082741956783,1.5596759946033836,0.057060995926875
323.4999999997783,walk,walk,0.48203045388926624,-0.0,0.0,0.9975096603913448,5.184849046335085,2.1144454969126656,-1.8857770415734714,0.2080945843860595,0.1085891618012494,0.01693749662937396,-0.09552220157625838,0.10397433915676874,-0.01042725907780942,0.15546499313152526,0.5205050468555195,0.8867827707253464,0.8933362152824402,2.0826260563251666,0.6149410248317965,0.2508590903530121,-65.37947718955412,-0.06561930771604554,-0.010197824984788897,4.466838861381114,1.5573450605911645,1.5597558499262214,0.055651741541293015
323.5199999997783,walk,walk,0.48203045388926624,-0.0,0.0,0.997584004100199,5.054730678406455,2.2432930143980125,-1.8934201289886494,0.21409963534778953,0.11632828668101575,0.014521222248290118,-0.11576389835965176,0.11237990811028391,-0.01759945693066241,0.15724387774164944,0.5199073704136203,0.8762375604530412,0.8824660268077851,1.9560431861493335,0.6129400345397849,0.2523309674510956,-64.75532460717608,-0.06605200129731484,-0.00840762183070183,4.634965971708346,1.5574790605480708,1.5597807516292215,0.05302220095261782
323.5399999997783,walk,walk,0.48203045388926624,-0.0,0.0,0.9976088703523287,4.902045782221939,2.37736880503671,-1.9107055139824378,0.22093165426744318,0.12497956762532048,0.013001124487634635,-0.13512832854428924,0.11550916293744434,-0.026441621333672546,0.15663796514497788,0.5183587667587499,0.8661930865171732,0.872412362361908,1.9187658044663174,0.6107348892056853,0.25302840139961247,-64.21783709175365,-0.06626150730245618,-0.007852404564619067,4.683942217530046,1.557614670782027,1.5599668987975002,0.05421862234920723
323.55999999977826,walk,walk,0.48203045388926624,-0.0,0.0,0.9976072962043546,4.725000704240623,2.514114785960327,-1.9360728221851315,0.2283110517285516,0.1340245443984808,0.01254668268907908,-0.15635235007624665,0.11722202836620552,-0.032968758756531547,0.15445653794445502,0.5155733444541327,0.8565761522757491,0.8628217813024521,1.8877456410212585,0.6080667962007011,0.252934047246933,-63.71977376408426,-0.06631789428237625,-0.008591684699058535,4.620559321365734,1.5577664557788158,1.5605869435653568,0.06531760425909976
323.57999999977824,walk,walk,0.48203045388926624,-0.0,0.0,0.9975985336695807,4.521609276005193,2.6524046619214348,-1.965598279214499,0.236122657790855,0.143310102404302,0.013086101212412715,-0.17939794402592105,0.11833786034445694,-0.0357966667113475,0.1523785720927419,0.5119509604705638,0.8470377392143869,0.8531219002256394,1.8519414201528555,0.6046886255649921,0.25240264203643803,-63.15372398168303,-0.06636307564713789,-0.009544848650693896,4.54774221977013,1.557949786840511,1.5614719253913045,0.08179512830494784
323.5999999997782,walk,walk,0.48203045388926624,-0.0,0.0,0.9975959003308447,4.29050635612697,2.7903627852540773,-1.9961348648473072,0.24444863476431045,0.15300503814809233,0.01421223134319596,-0.2036414969215263,0.11787774303333505,-0.03584885696290523,0.150392521035937,0.5076183505181578,0.8370064736119858,0.8431138705859185,1.8959943935808699,0.6004063170734051,0.2516739156494141,-62.44571499858942,-0.06641334902407525,-0.009988027811050418,4.516512903487515,1.5583819392803073,1.5623907514796138,0.0845304938034118
323.6199999997782,walk,walk,0.48203045388926624,-0.0,0.0,0.9976084160802927,4.0307325304311545,2.925062768662627,-2.026479033936843,0.2533854113240986,0.16338279589942528,0.015630900114066794,-0.22875099684847808,0.11486605315718587,-0.034872185849867225,0.1484867189905793,0.5027033666275859,0.8258999518872676,0.8321543496499062,2.009824624442942,0.5950587458323251,0.2506315198192597,-61.589953356393906,-0.06643587731966023,-0.009770072251558307,4.534258023128308,1.5590945474142044,1.5633565013245225,0.08113216907883156
323.6399999997782,walk,walk,0.48203045388926624,-0.0,0.0,0.9976434490006652,3.741355624378864,3.053118823603595,-2.056522762028042,0.2629738022580048,0.17451205342974246,0.017259660739093012,-0.2546563569909136,0.10884634549410985,-0.03364570986980629,0.1465783889536545,0.4966317209767287,0.8130072810812183,0.819223606253624,2.1493387772482686,0.5884820902256328,0.24914620187377934,-60.57990496648903,-0.06643427291326962,-0.009093283861875537,4.58714025082672,1.560006295651217,1.5643801775709272,0.07742740575168044
323.65999999977817,walk,walk,0.48203045388926624,-0.0,0.0,0.9977050897837645,3.4203775391499374,3.1713236419088426,-2.086813925840107,0.2733097135383583,0.18630714332965329,0.018951079482148102,-0.28246371768826806,0.1000420445344597,-0.0328375832294597,0.14457262906880838,0.48849045290846904,0.7973379396095098,0.8032658856759072,2.325557481214311,0.5804916678988127,0.2469972458133698,-59.420550348101116,-0.06639712229155223,-0.00838531479239464,4.639287225939052,1.5610066887118337,1.5653914187983156,0.0750731589948053
323.67999999977815,walk,walk,0.4905223017153532,-0.0,0.0,0.9977927097239355,3.0632409827188103,3.2764032481357765,-2.1182169824145816,0.2845778093037536,0.19845089415675368,0.020515896094618118,-0.31452958726139735,0.08828366284264143,-0.032678155358635365,0.14241216787620975,0.47716316796623165,0.7776361672344085,0.7832224082598687,2.5957753922146773,0.5708450336685224,0.2435462858924866,-58.178758494436295,-0.06626020407503448,-0.008023946732282641,4.651150725539588,1.5620114028706555,1.5663347535714984,0.07369778667555096
323.69999999977813,walk,walk,0.4905223017153532,-0.0,0.0,0.9979063790806801,2.6619577994793633,3.3652107866023293,-2.151328861257283,0.29686845639229414,0.2105316493145951,0.0221267724614939,-0.3539875935093915,0.07398739657000768,-0.032848983805092574,0.13987880884409618,0.46139310066078626,0.7521156370653451,0.7564962275723219,2.852405046250668,0.5591545732449734,0.23876396682357792,-56.77924823198748,-0.06597963679691442,-0.008089444786310199,4.615796113224015,1.563040639288286,1.5673934382334829,0.07331835576592191
323.7199999997781,walk,walk,0.4905223017153532,-0.0,0.0,0.9980509281923963,2.2029479542284127,3.431790773295697,-2.188908396692129,0.31047771499639243,0.22207971507668692,0.023751515805165123,-0.405847844553149,0.05360783227973969,-0.035934045661055805,0.1367534336010394,0.4529304862266512,0.7181680450761933,0.7209748171666861,3.2732999666929485,0.5447652985533377,0.23241166141128544,-55.12535216194415,-0.0654847500677272,-0.008388160914182666,4.540575483492326,1.5641759397644845,1.568681205897081,0.0731020301945377
323.7399999997781,walk,walk,0.4905223017153532,-0.0,0.0,0.9981988002951578,1.6595871820601162,3.471973011325925,-2.232479924160922,0.3254503180941129,0.23108333052477464,0.02386327820519417,-0.4827076377514677,0.03014075328757315,-0.04011777930711809,0.13312618186897723,0.45707152754655395,0.6765125751142659,0.6806093987474442,4.138319210351929,0.5268646851668513,0.22385779883956913,-53.174629055838686,-0.06456109448514885,-0.008721909672021869,4.4156978532281945,1.5654473638560649,1.5700987254217744,0.07202113658095152
323.7599999997781,walk,walk,0.4905223017153532,-0.0,0.0,0.9983003760704915,0.993991067469398,3.4834290825082457,-2.286415919831011,0.3420246836230549,0.23652416382051653,0.021834615803202298,-0.5934848600646262,0.0048741499157794865,-0.04900504323583543,0.1275265043764406,0.449581990999014,0.6291093619418165,0.6341239672551156,4.782156320586732,0.5043614807818428,0.21295819547271733,-50.7344635925048,-0.06291120348318294,-0.00929643511772156,4.196713554398214,1.5668593003356894,1.5716730023682595,0.07125735498052252
323.77999999977806,walk,walk,0.4905223017153532,-0.0,0.0,0.9982586470605215,0.16426498066360767,3.4663210496121146,-2.3597968621115863,0.3605934505737612,0.2380936335038346,0.0152618123277515,-0.7405723201799395,-0.01974014955043669,-0.06698732931743795,0.11741915513928233,0.41649578179133856,0.576173468123714,0.5809820678482056,5.215749867526799,0.4762931913739109,0.20223514106369023,-47.18421166483395,-0.06026544093212316,-0.009833968430757525,3.8861518497296776,1.5682331797751923,1.5728901329398632,0.06965986965201851
323.79999999977804,walk,walk,0.4990141495414402,-0.0,0.0,0.9979405046941787,-0.8523096310067059,3.4119518113661074,-2.4588853510600974,0.3818608960790839,0.2352235032097726,0.00048467513532873124,-0.908138925292027,-0.05354582862023136,-0.0946085602555709,0.10224475850821597,0.3553654242129167,0.5411793745661194,0.5196401860961914,-1.1484505900970219,0.44232932374348605,0.1971574213752747,-41.55712239955101,-0.05652214079562744,-0.01000342816114426,3.5019376863103693,1.5692346942902708,1.5732775314659357,0.06864875505015663
323.819999999778,walk,walk,0.4990141495414402,-0.0,0.0,0.9977364845786116,-1.8313179503932087,3.332195297911877,-2.46517924599891,0.3921745658735024,0.23104003974279294,0.013229191778755211,-0.8384200077270323,-0.0731843588210191,0.0087772309464371,0.0864686537935565,0.26277017450027534,0.560938629223271,0.4417509224662781,-23.341197731327085,0.4041994204648659,0.23232785728073124,-28.018891584821233,-0.05328150025875604,-0.009732346236705783,3.3081570073305593,1.5693971774833806,1.5683030479535938,-0.030217572125118435
323.839999999778,walk,walk,0.4990141495414402,-0.0,0.0,0.9973681325345859,-2.504759304004123,3.298581873257387,-2.423547962004487,0.3867057679873607,0.23814060711088048,0.008514662953088246,-0.5489105087244733,-0.021676235019933793,0.037507237823398244,0.08346391306563224,0.24864631148873662,0.5881275844493995,0.3394812729606629,-46.847126500036545,0.40715228030750306,0.37477056052780156,-6.333674848736901,-0.05091703538063586,-0.007005124539136889,3.3836730890938425,1.567706537525684,1.5600050141051889,-0.12534101929701685
323.859999999778,walk,walk,0.5075059973675271,-0.0,0.0,0.9967759535424301,-2.846545848528466,3.3772692323979414,-2.4279240542095484,0.3622703259545478,0.2396108463305519,0.01160293888179487,-0.26438007907154387,0.08267684491691436,-0.0066127890519904085,0.108844501827596,0.3489501468019668,0.6058686350596103,0.29690791037178044,-56.975291903009634,0.5268776028746668,0.5579391803989411,-4.824037410457937,-0.04941994096692218,-0.011825966835021975,2.9288763714410115,1.5662867959466682,1.5611415703729272,-0.08391559971309148
323.87999999977797,walk,walk,0.5075059973675271,-0.0,0.0,0.9962842439164684,-3.0300348304484666,3.4736010898153515,-2.4471546246447633,0.3538961686669235,0.21626352599169033,0.018032429448592097,-0.14868897530143232,0.08388218914368382,-0.014663470616776721,0.12675599349127406,0.4319153192328452,0.6167824486498272,0.3264094975242615,-53.11130674387582,0.6625411812155447,0.6368861135492325,-15.588429332858128,-0.047828230275432815,-0.017299751937389377,2.3539542500932815,1.565556163382463,1.5607643009111762,-0.09683749117006804
323.89999999977795,walk,walk,0.5075059973675271,-0.0,0.0,0.9961229892906395,-3.1687994094311116,3.5177420058720923,-2.4493886042486643,0.3557978237442855,0.1842793715082538,0.029724842515513328,-0.11744748236400342,0.03219743279778803,0.0025775267432891465,0.13911525488950552,0.4636632846592379,0.6227154584193745,0.3380718913326264,-51.6904163122739,0.7422787292270469,0.6926825058112145,-15.217205871847893,-0.046093441940224585,-0.022366308793425563,1.8027410154724275,1.5653149835144682,1.5613669541612745,-0.09163127782179972
323.91999999977793,walk,walk,0.5075059973675271,-0.0,0.0,0.9962526316921267,-3.266146358112809,3.5245099597106626,-2.4424525290872223,0.3567650123867669,0.15987552480412298,0.03940312473013121,-0.07909693818597291,0.003461717908135935,0.006570268699113223,0.1505297189410969,0.5095426214335737,0.6244441688687197,0.3331260469207764,-52.566866480052276,0.780419897382338,0.7497132916400433,-8.569162821950972,-0.04487383006068914,-0.026980505511164668,1.3661865741229016,1.565214743957829,1.563169407932508,-0.04810825522820961
323.9399999997779,walk,walk,0.5075059973675271,-0.0,0.0,0.9964523320289675,-3.315746932900989,3.5279683651679474,-2.4406610156549613,0.3569467859634785,0.14087244321602527,0.040516715088265515,-0.037666454077540656,0.0043060288751079565,0.0009033613596929808,0.15315655932118488,0.5177431038953851,0.6238326071851865,0.32800815370178227,-53.20209015959136,0.8012859545398463,0.789179855252266,-3.885181092379157,-0.04464133408463334,-0.030885194614529612,1.0907621893585022,1.566132826487831,1.5715097284824133,0.09843939378888575
323.9599999997779,walk,walk,0.5075059973675271,-0.0,0.0,0.9965621309974989,-3.321662397483156,3.5433286312885843,-2.424472869849593,0.36009910284486063,0.12029256242059408,0.03575052308215448,-0.0009669545062575666,0.014576181616763885,0.01803008227363932,0.15307730867664432,0.5148815606213893,0.6223235107222821,0.32043091323471073,-54.22553038431252,0.8138139023269241,0.8126356240758896,-1.254714815988934,-0.04474533631890682,-0.024008511751890185,1.6648530476264742,1.5690437050007426,1.5771259593725682,0.09384107378867168
323.9799999997779,walk,walk,0.5075059973675271,-0.0,0.0,0.9965358559474964,-3.2744757566940894,3.5797845457523607,-2.403907083748137,0.36609129709085103,0.10208235197208847,0.030609650349686737,0.047070315920153274,0.034370561484492815,0.019226892388930966,0.15219720818155924,0.5124475155674251,0.6200703468246415,0.3078850891838074,-56.02227603859002,0.8214621118164082,0.8278573315987587,0.49467488346470856,-0.04428236696489679,-0.013441003113985064,2.437830870568187,1.5708010657986424,1.5750408063591004,0.05276099605881705
323.99999999977786,walk,walk,0.5075059973675271,-0.0,0.0,0.9963770259365369,-3.172995092427634,3.630472958196705,-2.3933097590641146,0.3739640521918506,0.0829081618676091,0.024855714988989235,0.09422808435239455,0.045320269974149625,0.010678955588641703,0.1487253225664128,0.5103513626371422,0.6170456208613091,0.2998301174888611,-56.86882705221176,0.8259244323398302,0.8394310187945366,2.0315004731477977,-0.04348339675149084,-0.010616551339626315,2.5856909815206897,1.5711199867571335,1.5720504385367513,0.016239659111104764
324.01999999977784,walk,walk,0.5159978451936141,-0.0,0.0,0.9960423895044662,-3.0275815935659733,3.6988383646452263,-2.3991881468854332,0.3816020499737308,0.06193421476880338,0.017136322906021982,0.13225395442061072,0.06322115043960022,-0.0035482161294165242,0.14741801305754096,0.508752527835737,0.6138500960894577,0.28970495727157597,-58.104537391691615,0.8325345309242345,0.8553149115691185,3.5118079340566157,-0.04238919586104081,-0.014897640049457553,2.139207065748211,1.571069444017197,1.5687737365201593,-0.05493309221654044
324.0399999997778,walk,walk,0.5159978451936141,-0.0,0.0,0.9955682518506538,-2.8580529689134937,3.7771436483680474,-2.415259180590026,0.38858569380896113,0.037671845088726064,0.011008307207740837,0.15120216281776236,0.07006259133317934,-0.011276591422948616,0.1483085375332828,0.5078001296710454,0.6105969021344912,0.27981440093612675,-59.293612362716075,0.8404250597483984,0.865510971511364,3.841662393451837,-0.041520298721445456,-0.02230859845876694,1.4910383833922891,1.5709857070481033,1.5690940835461498,-0.044485925864707496
324.0599999997778,walk,walk,0.5159978451936141,-0.0,0.0,0.9950681135589382,-2.6756028957913736,3.8424575199196127,-2.4326312981725393,0.3960191437061969,0.01274771857667329,0.008571323580378723,0.16223754433488333,0.055894155305953014,-0.012779823696611372,0.1475460052198183,0.5073597608959961,0.6065420128849286,0.27348420884704594,-59.63986755574939,0.8394553430288418,0.8566065740237236,3.1585427443229745,-0.041185555070209545,-0.02618048265576363,1.1853730857835965,1.570945302343353,1.5703409735993028,-0.013943418556833759
324.0799999997778,walk,walk,0.5159978451936141,-0.0,0.0,0.9945959519672238,-2.459889798976805,3.883079091242286,-2.4428711970022516,0.4047310380711942,-0.010437019012703535,0.007500734418914717,0.19407388634311107,0.03302128326289383,-0.006350782618471001,0.14592234877023222,0.5072666260928249,0.6006439726816621,0.264426180387497,-60.06782521016008,0.826206699087911,0.844592363799572,4.373527897897081,-0.04165473133672211,-0.02683253511786461,1.21415388028308,1.5709493849762097,1.5709603086993575,-7.376991017275043e-06
324.09999999977776,walk,walk,0.5159978451936141,-0.0,0.0,0.9941734313316143,-2.1831821529317654,3.8954072854248785,-2.4433995419398555,0.4149712832314225,-0.03169959001331884,0.00735009605202043,0.2494815539520061,0.007413219008985621,0.0005122311825330045,0.14483547236971,0.5075049455277933,0.591872530439996,0.2535856452236176,-60.22119093885428,0.8024274108902969,0.8232497584471703,5.666011752512915,-0.04293860488508661,-0.0241642139852047,1.5753273539485513,1.570957223273567,1.5706042156503082,-0.009077103108131947
324.11999999977775,walk,walk,0.5159978451936141,-0.0,0.0,0.9938371259484495,-1.830146739491036,3.8780397670685085,-2.438799842317001,0.42680046292831236,-0.052574174453972125,0.00924985890707055,0.3169348484806144,-0.018783007939270315,0.003676791730645307,0.14393588347907516,0.5081959903075837,0.5792425712241968,0.242737868095398,-59.606729886885184,0.7675777394723047,0.7857588094124794,6.103041209635901,-0.044620793496022416,-0.017939410358667376,2.229297721390351,1.5709165929735862,1.5691518944636464,-0.04255124267392911
324.13999999977773,walk,walk,0.5159978451936141,-0.0,0.0,0.993630612217825,-1.3870671352203137,3.824369025920501,-2.429461694843372,0.4408265060057121,-0.07291106779804236,0.012792333942418178,0.39698434142415234,-0.052179686210608464,0.007344723005158368,0.14252922752523386,0.509282608947465,0.5615676884577359,0.23134932782745365,-58.08806785736056,0.7175601285318787,0.7307047333965302,6.457192000023304,-0.04616473613631677,-0.010698883980512622,2.9229432776428044,1.5707966895680603,1.5671325095877529,-0.08724488351827527
324.1599999997777,walk,walk,0.5159978451936141,-0.0,0.0,0.9935109166039627,-0.8152142156400609,3.727899067602714,-2.4105905493899344,0.4579422272183444,-0.08885348511672055,0.013169301290825377,0.5143964767263718,-0.09064556326307284,0.016825764393072866,0.13773595489716517,0.4931242331563386,0.53755295006832,0.21848545339202885,-55.59722035269041,0.6555209930441985,0.6716875221977234,7.992117137463625,-0.04741112022134342,-0.006814773380756381,3.3176117582571707,1.570325212698839,1.5649427634612203,-0.11660796174903448
324.1799999997777,walk,walk,0.5159978451936141,-0.0,0.0,0.9933200840595595,-0.05519877958967585,3.589289454394693,-2.3741682392893195,0.47814623683894264,-0.09698568953963103,0.0054498318052634345,0.6850626025792733,-0.12722937391515352,0.03404515786066746,0.12830511448995777,0.45379134924608144,0.5060881286593172,0.20516447093582157,-51.765293907514824,0.5942735933228681,0.6166491445550919,9.036239360705721,-0.048565167641307944,-0.0069340012967586545,3.396630088775564,1.569503910684715,1.563970390050161,-0.10894999487842924
324.1999999997777,walk,walk,0.524489693019701,-0.0,0.0,0.9929185707311933,0.9296977934337589,3.402989752848116,-2.3103197618538416,0.5016443993674008,-0.09818661893228424,-0.010111851594108094,0.8866404822673442,-0.16926704535028703,0.06343335838216631,0.11364439828012772,0.3906200196470578,0.465875813944071,0.19324252870178227,-46.02693357770583,0.5523012915466919,0.5580338474760056,4.6427089051728,-0.049809583501204915,-0.00874082297086716,3.358297585877899,1.5689484965225253,1.5642786820367456,-0.09988778926158287
324.21999999977766,walk,walk,0.524489693019701,-0.0,0.0,0.9926793459671329,1.952436382325905,3.18830050944839,-2.3255863167556976,0.5128812736700712,-0.09488049816105969,0.002509003351982588,0.8841391722909215,-0.18929252317250286,-0.030571323324831028,0.0933118123949194,0.2976751901729986,0.4161891154075425,0.20745215680694584,-33.778359319855326,0.5729817574845429,0.495205947423935,-16.1554236176988,-0.05078131009563528,-0.0102433517575264,3.3022298070170755,1.5686391673409068,1.5644334864750982,-0.09676296000187391
324.23999999977764,walk,walk,0.524489693019701,-0.0,0.0,0.9922805111803958,2.6680446573197556,3.047302316282157,-2.3748944110084027,0.5021021394711883,-0.11320160801713577,-0.004495525219935001,0.5825950676924352,-0.11211409282864383,-0.03472301176416996,0.07295750809781307,0.21307769973273893,0.38132990841874226,0.32622779276466374,-7.166233064777735,0.6085251413354459,0.39544744160270695,-41.08749048040857,-0.05074172981535679,-0.02060334123671055,2.403585288087697,1.5686121051793462,1.569111709757197,0.012474532484678958
324.2599999997776,walk,walk,0.524489693019701,-0.0,0.0,0.9916114817259967,3.027305105480423,3.093733102202994,-2.3582708110744557,0.4599520495602955,-0.12139858947781897,0.004069780319440986,0.27766335186221397,0.06424030302053636,0.017044052541880527,0.10726835084368878,0.35951165160090093,0.48574753513603436,0.5202854510793686,-3.1550050296093186,0.6321832591685647,0.3229389574775696,-57.46638538081581,-0.051502915592640884,-0.03658187221735716,1.2330349236675349,1.5692476648872407,1.5737340564787865,0.08637371588348876
324.2799999997776,walk,walk,0.524489693019701,-0.0,0.0,0.9910955840991704,3.212058288583233,3.2141598598037966,-2.331176949900815,0.4352371683346953,-0.09952147250601359,0.01714959983452921,0.14831126666486671,0.10985383279734563,0.020552127852994984,0.12777234436903462,0.45465209851126986,0.6382584161116867,0.6167916890630722,-16.34108119905083,0.646886065853836,0.35291785862541203,-54.0467073538993,-0.05538853530646299,-0.027889105677604678,2.418402443117263,1.569508108180992,1.5706009876862645,0.02113640701686903
324.2999999997776,walk,walk,0.524489693019701,-0.0,0.0,0.9910541655198482,3.3503503163319435,3.2834628848314007,-2.331934126714895,0.42803937274635745,-0.06671938897616402,0.035613966197702254,0.11769161421765717,0.05241278216048808,-0.0068393848294359075,0.14243819600263236,0.48858734927619757,0.7356023651778631,0.6766157981405259,-18.313082606665116,0.6552315558983753,0.37040192749595646,-51.90881569938308,-0.06211194279745203,-0.009416426718235019,4.594349688446228,1.569574586583993,1.5697183695570112,0.0017164964152997738
324.31999999977756,walk,walk,0.524489693019701,-0.0,0.0,0.9915150541317881,3.4544566663682814,3.288236447160207,-2.343341175371384,0.4231928671789512,-0.04309312894618398,0.052691677000577176,0.08611176773313438,-0.0018926229598154704,-0.009449864799222291,0.15459632849401855,0.503686732511071,0.7799534042241977,0.7351940118173361,-11.571892715200839,0.6579689464135304,0.3673910584697724,-52.51122573768345,-0.06946206826089214,0.001818136125802991,6.112059623361622,1.5695517952205635,1.5677571848914504,-0.04362132006781489
324.33999999977755,walk,walk,0.524489693019701,-0.0,0.0,0.992217922579802,3.51070482312832,3.272233049135872,-2.3425968716944428,0.41692601591516837,-0.027209880721551675,0.06005580703264898,0.04295780335619239,-0.013356027417938754,0.00314244598142809,0.15637553828706602,0.5204354438954903,0.8016398380554578,0.7828263502964974,-5.164571344424527,0.6569663302231245,0.35779122378921513,-53.776956714258596,-0.07510238733228755,0.0046752437949180575,6.689852237471197,1.56941583320757,1.5653220985964418,-0.09729498206203838
324.35999999977753,walk,walk,0.524489693019701,-0.0,0.0,0.9929190005265923,3.515995349403485,3.264929590944185,-2.3451003162701762,0.41322303251715,-0.011541818535507536,0.058590055204085334,-0.0013659409507460582,-0.004121386166907692,-0.0032833740481519884,0.15607705033422647,0.5228762220371515,0.8162030824640036,0.813367725575924,-1.735027323963164,0.6540502619275796,0.34666410949325566,-55.10962031263879,-0.07864877431003346,0.0014310635626316043,6.599328215554906,1.5692056803071557,1.5643339709327102,-0.11425725857474238
324.3799999997775,walk,walk,0.524489693019701,-0.0,0.0,0.9935131372609798,3.4611189965917544,3.2800663418219806,-2.350040821592609,0.4133009705816866,0.0028520300259249234,0.054517959958582905,-0.05532853618321412,0.016877959215332895,-0.005032051998385599,0.15540998758804184,0.5122722056183531,0.8271667274016645,0.8328577887663842,0.08799927779831607,0.6498410800058314,0.3318695810089112,-56.91730182691103,-0.08042917983136406,-0.008236902952194217,5.871820873376993,1.5690555582570591,1.5661791630968929,-0.06722690030040564
324.3999999997775,walk,walk,0.524489693019701,-0.0,0.0,0.9939819055185828,3.3405687438740213,3.2940635753680603,-2.3454424515849284,0.4177415990920277,0.01676487767848514,0.04721932074754534,-0.11315968949124663,0.01141014133451044,0.0052093093804360035,0.1516644158535582,0.5033826903794988,0.8327218561414903,0.8463143494377137,1.9651874906316391,0.6444797999714263,0.3238276031265259,-57.31139899094425,-0.08070073879774342,-0.017559564858675006,5.061766092332766,1.5689602492809513,1.5671635207668424,-0.04189659150014115
324.4199999997775,walk,walk,0.524489693019701,-0.0,0.0,0.9942485243494961,3.1557501528739507,3.304273927329708,-2.3368250361756453,0.4234029740339643,0.032765724520374906,0.035766353273510784,-0.16922546338692537,0.010393697837175166,0.007012964983739328,0.14880317919010327,0.5037708729738305,0.8367360075587988,0.8619376209030152,4.159542621746664,0.6386168029735888,0.30979282524681095,-58.743954495640686,-0.08004655192431684,-0.014633721858263019,5.19311376802137,1.56865514335211,1.5637716979668022,-0.11074308571051575
324.43999999977746,walk,walk,0.524489693019701,-0.0,0.0,0.994268833274573,2.9277907678700297,3.3183822329110897,-2.329531249179022,0.4276752005798529,0.053212634678922434,0.02320045196123767,-0.20350872078313906,0.013840527528418854,0.0054479863422649925,0.14932415301148386,0.5047248331858248,0.8456521130835869,0.8820386913070679,5.773295189175819,0.6329859632987725,0.2939310755977631,-60.602833351270576,-0.078409102529887,-0.004430282115936282,5.8247250344655335,1.5667836185436836,1.5588371672615886,-0.1268041471363613
324.45999999977744,walk,walk,0.524489693019701,-0.0,0.0,0.9941578084140676,2.6833373399876255,3.3195947258452727,-2.324422841256824,0.4314244314367001,0.07608647690267602,0.01545420858719136,-0.21529508886764334,-0.000273172003453755,0.00443940523077411,0.14862899392658016,0.5061851672114198,0.8491077173435019,0.8741633531103135,4.225347857950973,0.6272289188467465,0.28447947766876225,-61.25549511302025,-0.07566410741378485,0.0008522875607013675,5.966526693483193,1.565038923875672,1.5587351557747007,-0.10052201348899287
324.4799999997774,walk,walk,0.524489693019701,-0.0,0.0,0.9940095484863435,2.4113148634294066,3.2978573470649564,-2.325748724186772,0.43565458529153467,0.09761036596944964,0.011233832000596114,-0.24191306434945178,-0.021487951089478617,-0.0008987249241612268,0.14687435171513166,0.5079944532421288,0.8393433813184411,0.8620042290935517,4.865784981139819,0.6202288087663506,0.2715708401451111,-62.222887573878126,-0.07235713271917105,-0.006121280789375308,5.115563441327981,1.564646627693524,1.5614193671331287,-0.07168559422501918
324.4999999997774,walk,walk,0.524489693019701,-0.0,0.0,0.993860543720208,2.0803532261049966,3.2533886621066808,-2.3353459882908307,0.44083598761683823,0.11759316410687375,0.008918746047888261,-0.2965233113742668,-0.041525979154028496,-0.007695862955738029,0.14521313132994026,0.510132842747384,0.8175864569641815,0.8431780722389222,6.361149539604211,0.6108047918594458,0.2566053953418732,-63.03565454517756,-0.06936112369546574,-0.01603978052735329,4.101916401555989,1.5646004879521436,1.5633887455747009,-0.029279462413493003
324.5199999997774,walk,walk,0.524489693019701,-0.0,0.0,0.9937533950841964,1.6697794323891764,3.1859485263137883,-2.348521918125614,0.4474539436948433,0.13732920533508736,0.009132278857717481,-0.3673404211602873,-0.06187668714739347,-0.00923115553398153,0.1432689186156484,0.5126397146434305,0.7835429083528531,0.8059239101061821,6.791640925147638,0.5978745606428973,0.24365327622985844,-62.77295823381689,-0.0671915246948318,-0.0206737045198679,3.6045130784008355,1.5646187281650248,1.5643209845707298,-0.008212412746554409
324.53999999977736,walk,walk,0.524489693019701,-0.0,0.0,0.9937306808158534,1.1652932878627673,3.090756042500654,-2.3618176252481944,0.4561836595090684,0.15730611655183852,0.011264437151231332,-0.4509118820817185,-0.08741328544916695,-0.00961939862258898,0.14077347766411788,0.5155104179545806,0.7328847049783497,0.7487784449408055,7.0026650467351885,0.5803445726038451,0.23231140639877323,-61.30563675852152,-0.06577618380597695,-0.017731185257434848,3.767944959282566,1.5646944905388738,1.5656902783498645,0.022122269028464203
324.55999999977735,walk,walk,0.524489693019701,-0.0,0.0,0.9937494349565201,0.529733369149935,2.9595878333124466,-2.3794837651058085,0.4676439294096434,0.17362851802814414,0.010146649303708214,-0.5706068782418112,-0.12013619463198662,-0.015173588137961365,0.13656837224857937,0.513527729578993,0.667101490331526,0.6839930426726342,8.431184277108544,0.5571025952210564,0.2210321214447022,-58.71646086450084,-0.06412642422887845,-0.010609618574380877,4.188839591960747,1.5648309838442815,1.5672507894173742,0.05559821205269973
324.5799999997773,walk,walk,0.524489693019701,-0.0,0.0,0.9936075489028499,-0.29714692273952226,2.792312959239537,-2.4086776185597283,0.48211496280944316,0.18252662982880902,-0.0014222414015144236,-0.7443342171209908,-0.15145884452206565,-0.027644873336838596,0.12848088105433017,0.4912834556286156,0.6016236948507221,0.6266889583716393,9.85932171492665,0.5276638021737322,0.211703875328064,-54.624982023167114,-0.06134824569375197,-0.005439321696758273,4.315502359121975,1.5650495936604267,1.5683094219252944,0.07353006068593677
324.5999999997773,walk,walk,0.524489693019701,-0.0,0.0,0.9932069206158738,-1.3275633985101813,2.5847350903012716,-2.453408067170973,0.49859590478769206,0.1875259728668689,-0.016361777561021928,-0.9195468316411155,-0.18660402689668235,-0.04293864535821423,0.11611653350706326,0.4447925435448915,0.5695390413767719,0.558830329442978,0.20010713934757618,0.4914254065415171,0.20739469792938237,-48.38336678111461,-0.05720431090348073,-0.004469680786132815,3.9838096528224827,1.5657305363239435,1.5697350830719352,0.07475263459689961
324.6199999997773,walk,walk,0.524489693019701,-0.0,0.0,0.9929858853222178,-2.348909007384062,2.3613685838430873,-2.425697725409672,0.5048251814225757,0.18785960332760354,-0.001640197477175146,-0.8795041955089054,-0.1957235691289194,0.03495781960476286,0.09993302192869447,0.3535816673166713,0.591057238442994,0.4699499395141602,-23.932634304571064,0.44865065858863346,0.24133239057159428,-34.05262090201233,-0.05325271484019599,-0.007371711730957034,3.452773148068664,1.5659579897877085,1.5669197955117107,0.0184069656568654
324.6399999997773,walk,walk,0.524489693019701,-0.0,0.0,0.9926990213142189,-3.0934298777953932,2.2347943525479486,-2.3768591605912572,0.49261649917180333,0.19371565850375272,0.0014101081673456098,-0.6142426063400833,-0.09647422802279743,0.034281044429423334,0.08484728113982808,0.2688328059208459,0.6237339196941919,0.354901113773346,-50.90036360546434,0.4283366318081512,0.37118963267898564,-8.782571753599889,-0.05018253792982935,-0.008300851285457614,3.1813381865254096,1.5651469552063535,1.5590302136675,-0.11996998914110849
324.65999999977726,walk,walk,0.524489693019701,-0.0,0.0,0.9922658464549208,-3.5021007089989795,2.297873473625352,-2.3854603333446893,0.454619123671398,0.1922322897077261,0.016494242159326475,-0.3211864979269597,0.07778182197430646,-0.008660112793997211,0.10556796107755256,0.35393020337638414,0.6448482045761065,0.29091800119972233,-65.32173891665121,0.527757829914658,0.5611583229551316,-2.779747852789905,-0.048500668134363434,-0.01722880005836487,2.4150401065532727,1.5647685543811292,1.5616109178349853,-0.0693726131158452
324.67999999977724,walk,walk,0.524489693019701,-0.0,0.0,0.9920746371781646,-3.7279271230380457,2.4266046775595838,-2.416961390794307,0.432357609056823,0.16856277752471088,0.033872722973910106,-0.18282501308585922,0.11622461426399532,-0.025388285884343515,0.11627585161075824,0.42315280494911,0.656813319626367,0.3283016767749787,-60.05791529084802,0.6617481649739472,0.6429930787930489,-14.282747477853848,-0.047044842310219624,-0.021966112032532695,1.9250685160827905,1.5644635865106693,1.560059373541224,-0.09992839009339505
324.6999999997772,walk,walk,0.524489693019701,-0.0,0.0,0.992358693688264,-3.8944208808290317,2.5040276491743274,-2.4365508392186346,0.4260173514137201,0.1360708222771555,0.05190678872555338,-0.14009242829752133,0.06082286534606107,-0.010560079521945053,0.12444611582838894,0.45645548007489606,0.6622878628364602,0.34768311050033573,-57.05098738760153,0.7443548284940468,0.6935089167604447,-15.667044997615172,-0.0456833993803083,-0.026008234545588496,1.4992000478601697,1.5638442024975325,1.5587511056051135,-0.1043061994813406
324.7199999997772,walk,walk,0.524489693019701,-0.0,0.0,0.9930660996785792,-4.0163468699235825,2.525074346469582,-2.445376838553524,0.42230574313449365,0.11080127434767337,0.06551747963635679,-0.10019965190884868,0.014163443313113215,-0.006641561113793883,0.1324340800803781,0.47472539231665006,0.6625173833316698,0.3456477310905457,-57.05681432374099,0.7810825349508479,0.744887403438449,-9.42479722183476,-0.04495684658264588,-0.028554788976907733,1.2739523165740976,1.563565680273123,1.5596011777356744,-0.09129706948900607
324.7399999997772,walk,walk,0.524489693019701,-0.0,0.0,0.9939344467006168,-4.084136647252215,2.5345688569151954,-2.4649017130209474,0.4175386057685198,0.09353268952943271,0.07014056897913792,-0.05176860980582558,0.010806461561437379,-0.01815384765116957,0.14303979692555158,0.49530307137514024,0.6594833220426835,0.3391952004680634,-57.424015418908866,0.7990342365499926,0.7835363533744812,-4.259762853457684,-0.045331442365917615,-0.03380028456449509,0.947215190794909,1.5636466553617387,1.5668834627554298,0.07702687311396075
324.75999999977716,walk,walk,0.524489693019701,-0.0,0.0,0.9947577956391114,-4.1003510051377186,2.561771640296174,-2.473959712983142,0.41549175731862054,0.07578099111554279,0.06777434886463088,-0.00805412563481126,0.027328636667119294,-0.0033223868266345404,0.15414338616181067,0.5086419765830675,0.6548446349874073,0.32985625531768803,-58.148461297939384,0.8102006164709602,0.806549624765873,-1.596357798144992,-0.04611728854378541,-0.023852369934320453,1.8252678267812368,1.5652669187935244,1.571919370716858,0.1035570555376172
324.77999999977715,walk,walk,0.524489693019701,-0.0,0.0,0.9954509278803156,-4.0614760530117895,2.6187974550447914,-2.4782571025618734,0.4171096581556855,0.058921999351971246,0.06332904793946396,0.0409164395567312,0.05438002006225835,-0.00023213266823785515,0.15374651513172843,0.5069522888753241,0.6491894920525652,0.31923557188606266,-58.96472569632,0.8176629603645685,0.8211481284747124,-0.019354414850562773,-0.04614632500514309,-0.008112675696611407,3.0416039553269454,1.566132694569124,1.5696612571314454,0.06380091514385403
324.7999999997771,walk,walk,0.524489693019701,-0.0,0.0,0.9959809616859683,-3.961598327112095,2.6853334783116285,-2.4867695378915,0.4224048940190058,0.042600483051292645,0.05506602186800561,0.0947392347374907,0.05870316607346409,-0.003822495459083461,0.1503157922470959,0.5055896471119123,0.6427626880050135,0.31605181958770756,-58.32105461903881,0.8209790017194919,0.8318998154649735,1.677066963009702,-0.04513864747122884,-0.004556405544281009,3.1889900873685995,1.566284039702149,1.5671767660364986,0.018557805750545598
324.8199999997771,walk,walk,0.524489693019701,-0.0,0.0,0.9962539151968277,-3.8019556317220182,2.7611162920025007,-2.498927482644293,0.42804221971044,0.025828019003303615,0.04213885864176182,0.14653371364884482,0.0690576866605949,-0.006358144719860254,0.14828872773990806,0.5047255555706117,0.6363693041487007,0.30578369762992863,-59.02185878826823,0.8262317117004646,0.8492858570466042,3.6685608431257526,-0.043315135933240774,-0.009923852235078814,2.569878442326706,1.5662444960883997,1.5644658015057922,-0.04262130610309324
324.8399999997771,walk,walk,0.524489693019701,-0.0,0.0,0.9962485406642674,-3.6033071424328953,2.849740211909407,-2.517580499023367,0.432321977345444,0.006889041581463113,0.029126869758064083,0.17796258059787348,0.08037861525484492,-0.01271021014878473,0.14939330246338764,0.5044310296955545,0.6305928386643098,0.2935162272701264,-60.23652318658442,0.8376329560851696,0.8681481715688706,4.516748420933916,-0.04152440675738906,-0.020320053398609164,1.5996217592680015,1.5662153083018524,1.565627577988851,-0.013858553193477305
324.8599999997771,walk,walk,0.524489693019701,-0.0,0.0,0.9960734122761067,-3.3890074193393622,2.934219207407446,-2.532977520831401,0.4367614106399315,-0.014482976169544689,0.020407189425942433,0.1892938182430659,0.07369627677004396,-0.008680483507457697,0.1492573355688835,0.5045401621304348,0.6250715180284847,0.2857860710868836,-60.65150742450343,0.8449570596842039,0.8666473936686516,3.298506884591404,-0.04031333318060996,-0.027298840880393985,0.9761653262470578,1.5662683540594462,1.5679568939790607,0.04008562662269332
324.87999999977706,walk,walk,0.524489693019701,-0.0,0.0,0.9958152010400869,-3.1520615999145796,3.0015224686408013,-2.539036860379966,0.44223666595688127,-0.03498405508648843,0.014558891776300514,0.21082357207759786,0.05705761754471441,-0.0014914103383614694,0.1478395381563351,0.5050052983157035,0.618869903785139,0.27579871680831913,-61.279789959990445,0.8415065431730906,0.8614444595227242,3.8587193293738036,-0.04010538697907895,-0.028421650826931003,0.9265109040539754,1.5664030664053141,1.5695778218046308,0.07453313314267417
324.89999999977704,walk,walk,0.524489693019701,-0.0,0.0,0.9955169174417261,-2.868760228113665,3.0497756239594866,-2.5384290394899116,0.4488970284721801,-0.05424205045886288,0.01087505761152254,0.2536850931777625,0.04011124961542665,0.002833588781549091,0.14613041647712557,0.5058369930657862,0.6109641077595093,0.2645719435462952,-61.747190008206516,0.8273413996730145,0.8480119865784645,4.857504926326151,-0.040831625521002744,-0.02624189965426922,1.2099862820520253,1.5665698443143838,1.5699071505055309,0.07772650859568012
324.919999999777,walk,walk,0.524489693019701,-0.0,0.0,0.9952219901386079,-2.52141229542199,3.0794044678663504,-2.5318946147418697,0.4566303062478838,-0.07390439470206533,0.009614935327310394,0.3106832676639738,0.023418168087199244,0.007195163179237872,0.1443748841301984,0.5070444380374619,0.6004005396491112,0.2543376770267487,-61.48512225009657,0.8022039563451655,0.8207326691994667,5.368894280232793,-0.04214236926283323,-0.02067896090447903,1.7911653752891739,1.566703685725509,1.5689109892532707,0.05080186663843087
324.939999999777,walk,walk,0.524489693019701,-0.0,0.0,0.9949661378277731,-2.096560884517757,3.090282812314064,-2.5193482126940667,0.4657407527298632,-0.0940459650069772,0.010296621156605621,0.3794963115588051,0.006555674463041792,0.011763248741814575,0.14264902321293021,0.50863367783307,0.5862889098153051,0.24440885450935368,-60.461084119517736,0.7646770297577824,0.7795363750705719,5.72601981214981,-0.04357850984149768,-0.013278584182262423,2.504323682736018,1.5667574405812117,1.5669176218048215,0.0025013883210522267
324.959999999777,walk,walk,0.524489693019701,-0.0,0.0,0.9947859592146899,-1.5741676063959738,3.0710803293935713,-2.502730445943354,0.4774240921977636,-0.11263339298682744,0.011934233466201821,0.4669412640145211,-0.021932131133966082,0.01432317084385058,0.14026233034843585,0.5105231572428801,0.5673618180317239,0.23342070844268803,-58.66351383929939,0.7109882979257275,0.722032646874547,6.380596500964934,-0.04486192659733584,-0.008457499742507937,2.9847906592482554,1.5667189283170513,1.5646947764739871,-0.04896593403245394
324.97999999977696,walk,walk,0.524489693019701,-0.0,0.0,0.9946262000192551,-0.9055460741306572,3.010424907465769,-2.478285216954817,0.49222548380182035,-0.1254828270530796,0.009426763194142755,0.6010523382283212,-0.059422530969606265,0.021682089965055037,0.13464056348806358,0.4951411543732706,0.542189155423825,0.2200262334594727,-56.06769865278742,0.6464542401159693,0.6628741857061387,8.23860779107644,-0.0460644235080728,-0.006940263509750369,3.1994870205981463,1.5666050704709527,1.5630386819079995,-0.08507348516317755
324.99999999977695,walk,walk,0.524489693019701,-0.0,0.0,0.9943160200533714,-0.03386386967975614,2.905251383833468,-2.436724395057952,0.5099294953651767,-0.13155735186644701,-0.0021257427903783356,0.783950218816829,-0.0984455172279691,0.03877368602246083,0.124614160254338,0.4566138955107419,0.5098661895640889,0.20871541764831547,-51.74108031394189,0.5841512451731856,0.6059052136192322,9.008967833358593,-0.04737230923604782,-0.008467967808246615,3.1876838338952633,1.5664620083357068,1.5626779657736898,-0.08970693528912067
325.0199999997769,walk,walk,0.524489693019701,-0.0,0.0,0.9937285193760595,1.0547083462811593,2.7504465550803254,-2.3786515216032544,0.5291727694354313,-0.1327578146626144,-0.019597916500389587,0.9727490792028285,-0.140486843406586,0.051107753924477466,0.10960280973756463,0.39414070915585886,0.46968570347551186,0.2027063157806397,-45.01327866285289,0.5454393453859696,0.5440042850027085,2.7061686499694235,-0.048752028323216665,-0.009945764392614367,3.1831901459124032,1.566327083178139,1.5630263791367889,-0.07809149808071535
325.0399999997769,walk,walk,0.524489693019701,-0.0,0.0,0.9933098256072158,2.122644952835822,2.572234387618317,-2.4051786666350585,0.5352494291527201,-0.13310643151111712,-0.0073127484733089484,0.9179809768747271,-0.15916941778379762,-0.033828817492386594,0.08946363569231632,0.2962033422225321,0.4222644521392837,0.23332909610366825,-30.386349893345425,0.5748790465365361,0.4712352838764191,-21.3473997051343,-0.04977120280413974,-0.011430553346872332,3.125048521154435,1.5662017198067661,1.563218062086451,-0.07056147952680032
325.0599999997769,walk,walk,0.524489693019701,-0.0,0.0,0.9927235025541448,2.8558792162522453,2.4860368359877696,-2.435670901185453,0.5175250156084265,-0.1515439375300125,-0.009561258361817808,0.5958837536123601,-0.05963310373713149,-0.01771703638060882,0.07913359439478836,0.2544339757302019,0.4084834524471643,0.3806102063903809,-4.0612960509191085,0.612291688500664,0.3578577127704621,-48.66828658633472,-0.05000381122935347,-0.023974725231528285,2.08970966691396,1.566261072252066,1.5685062532261491,0.05324174260291884
325.0799999997769,walk,walk,0.524489693019701,-0.0,0.0,0.991993688897821,3.2302383708158575,2.569416792970431,-2.403177255624085,0.4776022175195867,-0.15728307550581846,0.003716188845473676,0.28989411364626366,0.09335388602582075,0.02874440825823935,0.10696193446863278,0.3559256387950215,0.52204802235965,0.552791544462204,-4.450608291755977,0.6365477004516596,0.30855134990310673,-60.89105529118312,-0.05127089092858088,-0.03391268216073513,1.4572836711621882,1.5675776403487063,1.5731287079811573,0.08683274219231629
325.09999999977686,walk,walk,0.524489693019701,-0.0,0.0,0.9915186892060717,3.432793812278617,2.6896340563827046,-2.36620735907319,0.45718442523780584,-0.13383537623427763,0.018852664022869926,0.16432127211890427,0.10614095580636744,0.02831275697761506,0.12235465334957914,0.4416931809955943,0.6608504820609904,0.6346875217208863,-15.977085156376067,0.6512110395736895,0.34320549037551884,-56.567567113569226,-0.05542584999199828,-0.021509877592325213,2.945954463415704,1.5680756632458213,1.570087385638106,0.038864090389871535
325.11999999977684,walk,walk,0.524489693019701,-0.0,0.0,0.9915485848544552,3.589273910369404,2.741444149887538,-2.35705991144684,0.4514785156311731,-0.10091655386432535,0.03678873500436369,0.13298840296167808,0.036401135801779894,0.0022174712842306316,0.13327724472920352,0.47402462045021704,0.7427952483556827,0.6892346229801178,-16.105402241544393,0.659259810714545,0.35829902556037907,-54.78769214131133,-0.06193889592512473,-0.0034990079700946836,5.041513563042672,1.5682188712472163,1.5698264011130214,0.03580035717206101
325.1399999997768,walk,walk,0.524489693019701,-0.0,0.0,0.9920326824742507,3.7065928096015717,2.731490369247354,-2.360553946320291,0.44697208773213953,-0.07675101078858096,0.0514611806733329,0.09669430789346226,-0.013449837713271533,-0.0018417658062305645,0.14334472162156447,0.4903865574579547,0.7793715037030694,0.7448620547006131,-9.118634644687424,0.6618723372988078,0.35208393004035954,-55.959281856568495,-0.06878581570262973,0.004243165999650952,6.223612360662219,1.5682615016570995,1.5678215206549049,-0.011950836204192822
325.1599999997768,walk,walk,0.524489693019701,-0.0,0.0,0.9926985231583031,3.772774514588106,2.7129826579035337,-2.353162834749826,0.44132728017681655,-0.06023653203477405,0.0571141201685106,0.051131643415460726,-0.013546696343785011,0.008969259575911494,0.15442811425285416,0.5094764020207498,0.7992250826979416,0.7868669268140793,-3.8617243210429915,0.6610431642577554,0.3420553293476105,-57.35682122013655,-0.07410404541813093,0.004093625396490094,6.5467920000813455,1.5681788801883918,1.565168640850532,-0.07195792862637716
325.1799999997768,walk,walk,0.524489693019701,-0.0,0.0,0.99335468574347,3.7921539246183262,2.7148676092727593,-2.35286636872686,0.438874279113335,-0.0422826622974998,0.05677295644016156,0.011560491852877842,0.005013312515539944,-0.0019016152661570432,0.15521139806541742,0.5161412882788592,0.81275903324943,0.8120826494345665,-1.2570196010785082,0.6583247980994966,0.3295174923191071,-58.98069959873874,-0.0777219710707095,0.00048147961497306546,6.454812786130601,1.5680756794312236,1.5650671490416408,-0.07161241704535536
325.19999999977676,walk,walk,0.524489693019701,-0.0,0.0,0.9939256674414833,3.7549131685057127,2.7490481466911336,-2.3551662346550644,0.44037650424363867,-0.02645202677494945,0.054858820979900066,-0.03981309954542008,0.0345920503142009,-0.003886047760821853,0.15453600208140897,0.5045711142112058,0.822131498382059,0.8291160177836419,0.4539504800013996,0.6541220482879414,0.3165954139480591,-60.43827893161475,-0.07983440408576535,-0.010133332759141925,5.69106080945324,1.5680141752072039,1.566684945760715,-0.031273364542298066
325.21999999977675,walk,walk,0.524489693019701,-0.0,0.0,0.9943757572524913,3.649256310221622,2.7957329776312476,-2.3500898692619936,0.44554221987209236,-0.012200517562530964,0.04911807664899342,-0.1007043796778797,0.04163233421561017,0.003049739736484893,0.15059011170404624,0.5007586060182854,0.8275997614235427,0.843362123931408,2.353676570947077,0.6485731082569953,0.31128073599433903,-60.29336747875015,-0.0804915434527457,-0.01633279696106911,5.1647195016591985,1.5679586848366558,1.5666984313115955,-0.029670061556480807
325.2399999997767,walk,walk,0.524489693019701,-0.0,0.0,0.9946077101870365,3.481213702621876,2.852020643033988,-2.341400897739463,0.4513652141238178,0.003930931107445696,0.038198558707439365,-0.15391566709328766,0.05194433264451026,0.004239599745184206,0.14841156047399665,0.5005597991552758,0.8343800470156252,0.8620367285261155,4.374554386701559,0.6426015346059524,0.30113554861640934,-61.012618964150796,-0.08003746474789626,-0.011026664823293689,5.4922274117889565,1.5678036912818403,1.5632160969958186,-0.10901348734679821
325.2599999997767,walk,walk,0.524489693019701,-0.0,0.0,0.994601545081569,3.27639785885088,2.919558648442193,-2.3314481513986456,0.4554825023140083,0.023784825287723556,0.027128891207864846,-0.18260189152399683,0.06115325557836686,0.004855442173698243,0.14946894750423023,0.500845964346483,0.8456834718173686,0.8787594225654602,4.9912699748162535,0.6368643454585768,0.2905479755649567,-61.9025659590362,-0.07838319343094557,-0.0010821700096130399,6.089088685834096,1.566649181036926,1.5598414235696674,-0.12583914936210228
325.2799999997767,walk,walk,0.524489693019701,-0.0,0.0,0.994472871101039,3.0602307749023336,2.9798127161675034,-2.3255314094115147,0.45944684333218205,0.04605158226390688,0.020516284864981034,-0.18997431346250543,0.05166376109573969,0.002060230312615409,0.14899082941366804,0.5016601985104623,0.850636369390607,0.8732770916471482,3.683667475566836,0.6309726167077558,0.2840842988739014,-61.99092164209818,-0.07550246677877555,0.0017637170851230594,6.019004572638018,1.565861840701165,1.5604980432376743,-0.11016416885648825
325.2999999997767,walk,walk,0.532981540845788,-0.0,0.0,0.9942970715015444,2.8208436933728,3.0226553111434584,-2.327386388201164,0.4642425252323907,0.06709823225227612,0.01640995487781705,-0.2128744933851737,0.035442800027683685,-0.0042465975378840615,0.14738652464636184,0.5028531037956641,0.8436287540827988,0.8652017947683335,4.443125969940879,0.6239647511169857,0.2733678009757996,-62.5728746023026,-0.07215890684990797,-0.006995639950037005,5.027918200820727,1.5656964613786382,1.5631082666054845,-0.060541931215392274
325.31999999977666,walk,walk,0.532981540845788,-0.0,0.0,0.9941085628315224,2.530353203313139,3.0481512147771306,-2.3377580596373058,0.470246232261551,0.08680556824285862,0.014276478690854959,-0.26013779181766505,0.019989132925210287,-0.01051997153918226,0.1456937507931236,0.5043880637539947,0.8254233066720505,0.8481270756969452,5.5527980748319,0.614781876143216,0.2612157550106049,-62.94133449421321,-0.06926339727158258,-0.01664758399128914,4.051424018784905,1.5656733192038945,1.5646466736630082,-0.025172782686581095
325.33999999977664,walk,walk,0.532981540845788,-0.0,0.0,0.9939476383293432,2.1698921291707616,3.0557996464742168,-2.3528692540922025,0.4775891790199928,0.10638716391340934,0.014410219348145313,-0.3223727123417055,0.003920099311710826,-0.013488843661622837,0.14398599169800635,0.5062978498282339,0.7956042561681888,0.815369666779995,5.975679759887887,0.6024327209354593,0.25082773830986027,-62.347286742919316,-0.06725305906263528,-0.020159351825714114,3.659371295112873,1.5656934580774948,1.565431691049087,-0.007345238759741045
325.3599999997766,walk,walk,0.532981540845788,-0.0,0.0,0.9938487213205155,1.7244063620812373,3.043840730711448,-2.3713547808961284,0.4868425046110223,0.1260049251868867,0.01635515429368519,-0.3982051194813657,-0.013808881621656792,-0.016019344406661775,0.14199568504922896,0.5085727536573684,0.7514854589267947,0.7659836665192843,6.206916512085726,0.585929626015284,0.24109337594604496,-60.810584911063216,-0.06596964383353816,-0.01655506268143654,3.884536473350802,1.5657672216015228,1.5667443790421367,0.021733340087178466
325.3799999997766,walk,walk,0.532981540845788,-0.0,0.0,0.9938249063701136,1.1658020156683433,2.9988814876278216,-2.3927897122798316,0.49919398189345454,0.1428476714724271,0.017730316850499684,-0.5006275938627041,-0.045004044420639516,-0.018106281938143846,0.13869059255527963,0.5071950922940378,0.6900603665768478,0.7016063418636322,7.112118287605333,0.5638972323341098,0.22994498279190068,-58.429082394359796,-0.06464830442002961,-0.009992311894893649,4.299685782096845,1.5659098194442418,1.568544357357967,0.060745905268063644
325.3999999997766,walk,walk,0.532981540845788,-0.0,0.0,0.9937419539763847,0.4347191097457099,2.913071196655969,-2.4242311810978943,0.5145127341070246,0.1524161936956287,0.01106604405298694,-0.65855467140787,-0.0812502462849739,-0.028356743518937213,0.13130028372666258,0.484547820144411,0.6232514891459396,0.6439858239541054,9.195075762226889,0.5352364668693587,0.2182145502815247,-54.87804083147002,-0.06237449361352476,-0.0054652459919452695,4.424025232405914,1.5661908843953876,1.5696087752417207,0.07509688250291072
325.41999999977656,walk,walk,0.532981540845788,-0.0,0.0,0.9933981587947978,-0.5195275492769432,2.7812820485631455,-2.4804540460533357,0.5331381741771717,0.15667263565794232,-0.005908458957664276,-0.8573131164376714,-0.1218615896388742,-0.05353173145321587,0.11921919064058113,0.437809378383739,0.5622950915168545,0.582994797492981,8.712792635244178,0.4993068559157492,0.20959536101913456,-49.405623729972625,-0.0586826103093974,-0.004838488250970843,4.100797224132089,1.567003358446184,1.571183167672205,0.07434232330896405
325.43999999977655,walk,walk,0.532981540845788,-0.0,0.0,0.992929427415094,-1.6246738632974345,2.5949571405814345,-2.5158804533633075,0.54984671469835,0.15805546327677705,-0.01605185823361351,-0.9808441379812586,-0.1738581105057876,-0.03845136578937451,0.10230571181781943,0.3653683296812,0.5582536333880522,0.5199313994894028,-5.649874589875684,0.45484071362440126,0.21145282056427006,-40.485664805275796,-0.05397048269223961,-0.00705855265259743,3.4840318806839683,1.5679708077481818,1.5721917546302557,0.07210505503953352
325.4599999997765,walk,walk,0.532981540845788,-0.0,0.0,0.9926012899343813,-2.5546490192706997,2.42114316128518,-2.467443311637737,0.545869741468239,0.16071192691937586,-0.0035623507035190127,-0.783271520693924,-0.15090040377373828,0.042503840284416304,0.08010463281019015,0.23555161154489845,0.5974367009072579,0.4230422463665009,-34.53672711024194,0.4087695210543273,0.28572515513992314,-18.601261725788184,-0.0502950880130839,-0.006435333937406543,3.3079326538721143,1.568123971070721,1.565820941044438,-0.05952207669644715
325.4799999997765,walk,walk,0.532981540845788,-0.0,0.0,0.9921317629513735,-3.1135949712008943,2.408675104427828,-2.456300699720778,0.5101430482021094,0.17290351463837483,0.007569013130515282,-0.44579883873873494,0.012826614931246092,0.003372076800553108,0.09751046944619508,0.3198593279193128,0.6276252376158918,0.307765909696579,-59.877231823563555,0.4724297211474942,0.4980220135698319,-1.2781050584770153,-0.04847173324093283,-0.012889362126588824,2.7522303385181313,1.5665645732990174,1.5597016916558624,-0.11007636497132704
325.4999999997765,walk,walk,0.532981540845788,-0.0,0.0,0.9917842648290577,-3.4172700737277313,2.521662699891297,-2.484557085037848,0.47917584509883404,0.16058791780543746,0.025962717426675008,-0.2428049723785596,0.11044951228348385,-0.023641487292986263,0.11251387339970267,0.39917680872199385,0.6456174284185131,0.32612336542701725,-58.89052032928466,0.6100994046829319,0.6039087113389969,-12.550999969598362,-0.047255852663825614,-0.015965136885643008,2.436448753911379,1.5649153604202224,1.5596346196666837,-0.07786641832897481
325.5199999997765,walk,walk,0.532981540845788,-0.0,0.0,0.9918431939557923,-3.6254167746929573,2.627294587769699,-2.513758519986348,0.46689245799006407,0.13160185081931947,0.045186826467810026,-0.1743532070074019,0.08960434273578852,-0.021011415987990854,0.12463055692469692,0.4505960759136269,0.6554996841344015,0.3541265216121674,-55.00618066768927,0.716076784969542,0.6672254216322899,-17.238546161933904,-0.04595512054528861,-0.018418922275304797,2.1311267511947993,1.5627857545648056,1.5558397577092529,-0.09699610638810018
325.53999999977646,walk,walk,0.532981540845788,-0.0,0.0,0.992382998401291,-3.7906948966994767,2.677162972966875,-2.528146085842118,0.46152746990741644,0.10395428016104807,0.06244540312098559,-0.13883882290656005,0.038247409633713605,-0.007826621897477992,0.13251903219525688,0.46768957900911307,0.6591902108704402,0.3606700983295441,-54.01583712522604,0.7681849217295559,0.7190078135976792,-12.962414180671121,-0.04489506833906463,-0.02469240985810757,1.5592098396154626,1.56163651101381,1.5571068146214366,-0.0794282984303013
325.55999999977644,walk,walk,0.532981540845788,-0.0,0.0,0.9932136621725229,-3.904185498685019,2.6938996130241097,-2.541088109902289,0.4552600413987966,0.08416982258841556,0.07145712847842664,-0.0916388297796947,0.01370880083462843,-0.010969170335143604,0.14163733223983624,0.48496017224307575,0.658421839926667,0.3524197426090241,-55.02353461486769,0.791636271198857,0.7682564624050856,-6.107538093379923,-0.04477808094947397,-0.029088958352804187,1.2512644285950887,1.561532988069382,1.5627171670035005,0.030634149154432692
325.5799999997764,walk,walk,0.532981540845788,-0.0,0.0,0.9940618562524438,-3.9696684070319597,2.7157739090825497,-2.5613804674810807,0.4497891851451955,0.0670970616071632,0.07045344189176683,-0.05118056699945319,0.02309605866511942,-0.017035368831720084,0.15248564638582596,0.5021020435299359,0.6555507175107086,0.34770364430046086,-55.19667173782399,0.8071464031679574,0.7999283906469346,-2.600057258057524,-0.04516265666936754,-0.02686656564474106,1.4865282316350206,1.563237555909416,1.570079648210156,0.10451536774861007
325.5999999997764,walk,walk,0.532981540845788,-0.0,0.0,0.9948102075736148,-3.9915721512408617,2.7580360404830158,-2.567647194272934,0.44898979994525723,0.04738098145508592,0.06632491060064673,-0.013564910939888215,0.0402228396066085,6.17392904368329e-05,0.15319801535542002,0.5034017924543531,0.651549131236793,0.33202026155090336,-57.21276203363256,0.8177277240902657,0.818680131102562,-0.7254245569123623,-0.04528356451664601,-0.014762873947620395,2.447159292925801,1.5654743993924871,1.5714307635039568,0.07194972954373174
325.6199999997764,walk,walk,0.532981540845788,-0.0,0.0,0.9954302884277376,-3.9516140801375506,2.816912684554021,-2.5773394028663907,0.4524361040891713,0.03206211907399224,0.060890338137577424,0.04362240801538771,0.054337112137777935,-0.00669955203225631,0.15078489659383904,0.5023853075922147,0.6463233581892677,0.32261670496559147,-57.872518943237054,0.8228375624474505,0.8302349087247849,0.8815791527319302,-0.04452435886206628,-0.006472791731357577,2.999212363228868,1.5660292279384727,1.5680577822909236,0.03831054497448805
325.63999999977636,walk,walk,0.532981540845788,-0.0,0.0,0.9958545648973108,-3.8355118055497606,2.8889226214101686,-2.592078793132815,0.45757184016638786,0.01756688081990743,0.05164610528802861,0.11087694545162426,0.0657148928689812,-0.008348780008190754,0.14739777195181458,0.5017203266356675,0.6401573674784697,0.31497789290046696,-58.06653460525917,0.8259760687245365,0.8435079764971734,2.8500366936502233,-0.04309123828855233,-0.00725948363542557,2.7868243055179454,1.566095027591571,1.5662568167731643,0.0025422480027965906
325.65999999977635,walk,walk,0.532981540845788,-0.0,0.0,0.9959917679636859,-3.6615168085184537,2.9750043451943258,-2.613344029170967,0.46219470869917795,0.0007082869451072952,0.03786384291861378,0.15840032295503825,0.07856567990639486,-0.015257108872712848,0.1471030850414095,0.5015010195651037,0.6341797358356093,0.3039134528884888,-58.996045323197336,0.8346773446501953,0.8669371318469048,5.038569570419144,-0.04145014399710674,-0.016271527111530307,1.924356368109976,1.5660925533751906,1.5656905111805082,-0.00984266329926386
325.6799999997763,walk,walk,0.532981540845788,-0.0,0.0,0.9958869233811143,-3.464477128783289,3.06308757437694,-2.6359823710974073,0.46619781027582907,-0.02009911421893036,0.026029097309570814,0.1747824392171138,0.07830742854798371,-0.015552740762353155,0.1481514918295156,0.5017599005410112,0.6287756665949948,0.29552925493812565,-59.57422686280983,0.8441920969833359,0.8723116752157212,4.25998779629335,-0.04013814462057118,-0.023151884973049167,1.2883570993766118,1.5661373107518677,1.5674352974579215,0.03070046628631156
325.6999999997763,walk,walk,0.532981540845788,-0.0,0.0,0.9956552249153072,-3.252633036704589,3.1361881140198036,-2.649043922619712,0.47065112959698,-0.04192754452339929,0.018396315959925184,0.18799002589476413,0.06259279287242309,-0.006223439593169115,0.14759648720668894,0.5024812830520617,0.6231367087178392,0.2853115585098267,-60.37875642664207,0.844614940982317,0.8669759791741372,3.979474598000991,-0.03951179462762528,-0.025928051397204402,1.0543263192137622,1.5662720905523253,1.5696623318776965,0.07985847765395922
325.7199999997763,walk,walk,0.532981540845788,-0.0,0.0,0.9953657503958298,-3.003191424592207,3.188314943288761,-2.6505950285673787,0.4761763015435577,-0.062078132717435314,0.013626649631440686,0.2234180481620052,0.043352588281804154,0.001907232433268808,0.14623969529316286,0.5035637635774801,0.6160754878264132,0.2731931295642853,-61.18005672869405,0.8335938842096509,0.8563951116452218,4.985360643026726,-0.039801839856073114,-0.02574040107429028,1.1437245432500731,1.5665043846118436,1.570442713139999,0.09022345425450545
325.7399999997763,walk,walk,0.532981540845788,-0.0,0.0,0.9950690236765121,-2.6926895151057173,3.218447430353374,-2.644510802841009,0.482918357006793,-0.08137064286117818,0.01147729249253819,0.27852251168144365,0.023526813380167856,0.006722473884389022,0.14507403204335625,0.5050049874266421,0.6064626736626749,0.2613554981002808,-61.385628362167786,0.8114582453397916,0.8338003319153786,5.807644093667808,-0.04090866472890569,-0.022361003980040553,1.5476198585045728,1.5666895246643213,1.5698495426163555,0.07299372720761206
325.75999999977626,walk,walk,0.532981540845788,-0.0,0.0,0.9948083270485136,-2.306485125713474,3.225427731586886,-2.632137353752703,0.49099602611010035,-0.10117782459556844,0.011504368595778736,0.34541285639660485,0.0027562210313051365,0.011483625886600058,0.1440282871573747,0.5068326815446291,0.5933382940187258,0.2508300628910065,-60.65036146873249,0.7774345113486856,0.7966132697114945,6.214103140932348,-0.04235634075925019,-0.015815491974353793,2.2046230556320454,1.5667902395057132,1.5680085171893716,0.027350673732308442
325.77999999977624,walk,walk,0.532981540845788,-0.0,0.0,0.994621534444999,-1.827657813440115,3.203988882873708,-2.6143137221366075,0.5013324368013933,-0.12010071618279254,0.01316299071795324,0.4282013103406396,-0.02336885349293647,0.015324149613698148,0.14233429856456725,0.5089877457987475,0.5755514262412172,0.2399270918617249,-59.054220943030835,0.7282473795288515,0.7423958007643223,6.5643389712288425,-0.04378325917168918,-0.009665078669786456,2.8095536527379306,1.566796907876766,1.5658101302519918,-0.024545637819926625
325.7999999997762,walk,walk,0.532981540845788,-0.0,0.0,0.9944986339615146,-1.2180817165989837,3.1401128534277607,-2.5922698863351297,0.5150711645977889,-0.13444946884376163,0.012852854871743829,0.5474454167776406,-0.06260768715308877,0.018459701181468918,0.137697929310192,0.49710498432227607,0.5515444348950352,0.22659061219787602,-56.65956137323918,0.6641554107279232,0.6791040312895775,7.94390451157017,-0.045104651689194745,-0.006557355821132663,3.1588456871373727,1.5667193841913571,1.5638672889158607,-0.0683904559083303
325.8199999997762,walk,walk,0.532981540845788,-0.0,0.0,0.9942775346251678,-0.41576617975014823,3.028916487163625,-2.5566960083983044,0.5318934003559135,-0.14114452747101064,0.0034280343513319635,0.7227717857293824,-0.10415787766353522,0.032335587950737515,0.12829922367550722,0.46181389255783706,0.5202389481289562,0.2143524077186585,-52.67203573154222,0.5988514669232354,0.6222075980553627,9.544401629458507,-0.0465266325279042,-0.007210756838321689,3.227233968010937,1.566592764477231,1.5629877180740714,-0.08570299592812594
325.8399999997762,walk,walk,0.532981540845788,-0.0,0.0,0.9937549261078793,0.6227026620002927,2.8657843893829065,-2.492772133273476,0.5522510836001928,-0.14334916736428593,-0.01693821567380715,0.9324257229319942,-0.15009204083109276,0.06118148786729397,0.11383278195687668,0.40295683801066123,0.4809280116215962,0.20553944375610356,-46.587953273669406,0.5455476952546492,0.5608940955648423,8.422805291130782,-0.04808770811480333,-0.009194865077733996,3.194226584436478,1.5664672444548309,1.5633410897985578,-0.07395667285707391
325.85999999977616,walk,walk,0.532981540845788,-0.0,0.0,0.9931594881920407,1.758970925028911,2.6604453746138033,-2.4807986355493488,0.564018418149846,-0.13947866285345914,-0.018687431994644087,0.9920177633638977,-0.18314069265015429,-0.0024365412332414405,0.09503822755652817,0.3181262190220537,0.4331551990753889,0.21689013507461552,-35.30730864064087,0.5579104566985951,0.49843286838626866,-11.842037664971222,-0.04947945185120498,-0.009868043661117556,3.247994514480865,1.566334560343538,1.5629248724267364,-0.08092428106752383
325.87999999977615,walk,walk,0.532981540845788,-0.0,0.0,0.9924507297724192,2.6108376111558123,2.5198471970732306,-2.5258584783768283,0.5521053959969328,-0.15361502294507706,-0.020368548420799965,0.7014518792384483,-0.11305925348777279,-0.03362854567965581,0.07379151187882824,0.20723225388329392,0.395048993223892,0.326870450044632,-9.270751404210127,0.6007265406836785,0.39349428680038456,-40.6436427404356,-0.049846269006277616,-0.019853440299630168,2.4133986351910166,1.5663371575040708,1.567156338407147,0.0196495587007096
325.8999999997761,walk,walk,0.532981540845788,-0.0,0.0,0.9915555055853165,3.0654502583021617,2.566433261684294,-2.5117613507462107,0.50876772484363,-0.16611988444858278,-0.006305496666705875,0.35465109143955154,0.0649541752495614,0.01518212246953466,0.1021570537455238,0.3305523094516109,0.49000732822295173,0.5237531450042725,-2.4893783506040403,0.63079956945059,0.3087059047470093,-60.26678513845987,-0.050601955784552614,-0.03301642388105393,1.4456086644854476,1.5675972999250372,1.5731210422650457,0.0878015070337057
325.9199999997761,walk,walk,0.532981540845788,-0.0,0.0,0.9908907279702499,3.3033217315190715,2.6970086867214222,-2.4785113087529904,0.48103598601386244,-0.14794394734104457,0.012292952776555052,0.19111926462190512,0.1201995893219545,0.026297771711153214,0.11840049737753465,0.42778079355020965,0.6368479336141204,0.6168660607585907,-15.629490428669037,0.6491943023031411,0.3429188218364716,-56.540029062880556,-0.05401068752873946,-0.024087985232472423,2.584412615339386,1.5682164304903032,1.5710588891938806,0.05618957001021262
325.9399999997761,walk,walk,0.532981540845788,-0.0,0.0,0.9907307562128553,3.479679553853341,2.7843806938056157,-2.46152934598689,0.4713046623059988,-0.11541890815636559,0.03297344899212246,0.14961562136538137,0.06977912273603722,0.008328165780709076,0.1311108218158794,0.47021749731742285,0.7333533396952653,0.6765045833239556,-17.87248425168132,0.660031086441146,0.3663938131580353,-53.68280823136273,-0.060098075543221656,-0.007559682428836825,4.546015002181166,1.5683779302321295,1.570150629891503,0.03947731253779098
325.9599999997761,walk,walk,0.532981540845788,-0.0,0.0,0.9911009935305418,3.618946988471859,2.8108296455205513,-2.460121606727118,0.4649318016772264,-0.08910747502527677,0.05193551718254561,0.11630206529634686,0.017731078371983698,-0.0005013724323870723,0.14146577892799678,0.487922096240512,0.7776744363605957,0.7317564070621729,-11.773793144980143,0.664676465488491,0.3655517187366486,-54.19653737181704,-0.06717195451224778,0.003044639527797696,6.0130393580955435,1.568449694228094,1.5686754447356344,0.0036410225362396805
325.97999999977606,walk,walk,0.532981540845788,-0.0,0.0,0.991764319145403,3.7062798214258947,2.8151243697422337,-2.4507052407083427,0.45719351264059255,-0.07151274647558288,0.061894438585898964,0.0694208512737277,0.004185597632326191,0.009509548600995173,0.15312732173780408,0.5070614726207258,0.7991666443828389,0.7794340115437508,-5.311553378764381,0.6649330528389099,0.35682086017227177,-55.48167937486372,-0.0729328403665425,0.004624985903501508,6.519865179598682,1.5684517903155377,1.5676454783365608,-0.019948120260955698
325.99999999977604,walk,walk,0.532981540845788,-0.0,0.0,0.9924672873311616,3.747927069601628,2.8318330487110845,-2.442010111118093,0.45177856363261554,-0.05342975231975073,0.06285813116105038,0.03102644390403288,0.018265941708946836,0.0050819924528336165,0.15593587947265294,0.5213375146651524,0.8144367504289696,0.8093088429818154,-2.2082882045987975,0.66293075738352,0.34888921048736576,-56.37832325791654,-0.07709033852924335,0.0005811125040054294,6.442247538546797,1.568375372800313,1.5654238325492025,-0.07078880036910072
326.019999999776,walk,walk,0.532981540845788,-0.0,0.0,0.9931081572491951,3.738818270998716,2.8769643968616805,-2.4420126997267833,0.4506933071622029,-0.036013750408427365,0.06163848483881044,-0.014490787331879888,0.04382346024181825,-0.003579426431708021,0.15607722289397638,0.5160944167058674,0.8263766606323107,0.8300716516027451,-0.350619490460786,0.6593348882802357,0.3329458918819428,-58.47960783537572,-0.07965956425464124,-0.006505235284566882,5.992335238602968,1.568320776424214,1.5670664117619872,-0.029606211259289316
326.039999999776,walk,walk,0.532981540845788,-0.0,0.0,0.9936646205078254,3.6659366137528786,2.9323158562026044,-2.4336277971433646,0.4542920473377396,-0.0216569040825689,0.057660850259440864,-0.07205524660720208,0.049465710441345345,0.006253455286359031,0.15247213023736433,0.49963008165161793,0.8327221449091956,0.8431027170667649,1.313451334550582,0.6541684347067295,0.32587853934860234,-58.702593224279546,-0.08068831052257826,-0.016082129627466205,5.221139686578661,1.5682881297310218,1.56774644487952,-0.012564209395455526
326.059999999776,walk,walk,0.532981540845788,-0.0,0.0,0.9940499443038573,3.5239040618440036,2.9925891752499685,-2.4193947219238825,0.45944808992813285,-0.006916052341529212,0.04871362894056401,-0.1327173979145954,0.055138698487026246,0.009136397858360533,0.14915972794322155,0.49921152050692635,0.8369559635831364,0.8589899924049378,3.569556784477798,0.6480316560432237,0.3154963341007233,-59.39286711896922,-0.08063852095862353,-0.01331945061683655,5.3794837110233695,1.5681664601607146,1.5644546628877998,-0.08827805909734794
326.07999999977596,walk,walk,0.532981540845788,-0.0,0.0,0.994180326807824,3.335247210524298,3.0626623795178536,-2.404725952475372,0.46350104129461356,0.011761901659633932,0.03617258056444235,-0.169769480394708,0.06376146895519717,0.00886398568740406,0.14960464067788667,0.4992268612198445,0.8470533271366207,0.8831831600914002,5.623929502276129,0.6420325585687284,0.30236176517105107,-60.68730978924361,-0.07939524739727018,-0.0031262964010238675,6.029285790610704,1.5667638518481057,1.5595881001040817,-0.12514871972127198
326.09999999977595,walk,walk,0.541473388671875,-0.0,0.0,0.9941328045041157,3.13393098703878,3.1256152178716228,-2.3925349728176646,0.4672208293958629,0.033632106900211914,0.026677973579054298,-0.17709201260645915,0.054521026878799554,0.00757063183158985,0.14962973845539787,0.4997481122004095,0.8550560565011452,0.8831545349607468,4.390262911196334,0.6362911153520658,0.29392875101661686,-61.18903619071598,-0.0768068044190905,0.002032023668289182,6.160322353644557,1.565546642883354,1.5597469725594402,-0.10582159262626037
326.1199999997759,walk,walk,0.541473388671875,-0.0,0.0,0.9940098636987175,2.9182632680352736,3.168499621976294,-2.3899772996757855,0.471504516948794,0.055177606531849624,0.02100428060289841,-0.1912329173476726,0.035412639685397804,-0.0005618454563949202,0.14825511531799845,0.5006946040021508,0.8521460035345707,0.8759296771535874,4.508332770360441,0.6298698633620985,0.2819878247032166,-62.12890492904876,-0.07352435886879176,-0.005124881118535998,5.289659743915232,1.5652846164957368,1.5626826130733371,-0.058992699839994486
326.1399999997759,walk,walk,0.541473388671875,-0.0,0.0,0.9938641597988386,2.6599402845764857,3.1912908441210455,-2.3993442860728034,0.4767671676601919,0.0751856330660466,0.017978855224172082,-0.23133127552734067,0.017508592734394077,-0.010100425628807558,0.14648401767446584,0.5019843544805408,0.837624289219027,0.8623241421232224,5.611704342078806,0.6215790196163113,0.26859874394035343,-62.90407617570741,-0.0705196974768936,-0.015444389730691913,4.241948726682479,1.5652755992445244,1.564744127257216,-0.013440694935306174
326.1599999997759,walk,walk,0.541473388671875,-0.0,0.0,0.9937377307035321,2.336537955931797,3.1955347391545006,-2.4177654412188465,0.4832323023726184,0.0947359138018244,0.017435031120957532,-0.2894975170325013,0.0009368117598272899,-0.01674449908921011,0.14499805880582858,0.5036465479863526,0.8121743423177165,0.8356519576559067,6.283257675476895,0.6103742507985562,0.25676516559219364,-62.79515495648068,-0.06830965148528312,-0.020434401184320453,3.7102565232049916,1.565318481527605,1.5654873245344043,0.0026462884442929268
326.1799999997759,walk,walk,0.541473388671875,-0.0,0.0,0.9936649638793036,1.935230819083106,3.1817082872552676,-2.4382031395346133,0.4912344755977144,0.1142633570229659,0.018838353984798165,-0.35847523839452905,-0.015106986476022015,-0.017206900078709474,0.14342071110517834,0.5057042692264119,0.7743587627409343,0.7931252133498192,6.452688728191092,0.5953822901077568,0.24677521851158146,-61.60595250690208,-0.0669139377765721,-0.018180865049362185,3.8238957745645097,1.5653987399943168,1.566398193402636,0.022129572385947077
326.19999999977586,walk,walk,0.541473388671875,-0.0,0.0,0.9936769843609989,1.4385729488768908,3.1386747211911046,-2.460707935448377,0.5021010669952706,0.13276452104283137,0.020903325298635915,-0.4440042454385238,-0.042737351172558814,-0.018932739756250806,0.14113749054619462,0.5080830132411949,0.7197744352443084,0.733169833424151,6.877522753642275,0.5754324628783465,0.23625318076705937,-59.52957239628963,-0.06575296298583595,-0.011768664419651034,4.255711650021405,1.5655475039684386,1.5682363466307998,0.06190703790434201
326.21999999977584,walk,walk,0.541473388671875,-0.0,0.0,0.993713705996619,0.7992627016218814,3.053451557271462,-2.488913697232178,0.5162256246214759,0.1454559347026406,0.018407282263498755,-0.5748704797577916,-0.08109794138780523,-0.024140294687080933,0.13531152720062808,0.492392905181074,0.6534148666120158,0.671375126803875,8.667491114081084,0.5491345601246661,0.22334591415023808,-56.635961015710876,-0.06386889781264066,-0.006491347402334216,4.4835606258695435,1.5659893975321606,1.5697368917003751,0.07678136142854744
326.2399999997758,walk,walk,0.541473388671875,-0.0,0.0,0.9935869259980792,-0.04194973663329568,2.922597769587499,-2.5335948147344314,0.5334949004274561,0.15124054084110453,0.005889434780350325,-0.7570750239340919,-0.12099301438405809,-0.04161707216436284,0.12497438640489812,0.4541168150239096,0.5893098199666292,0.6128164168844223,9.473250578147479,0.5156441700192942,0.21247635152435307,-52.01625311205546,-0.06072974058225517,-0.004711027443408969,4.305199417419396,1.5668768247881346,1.5709441092744947,0.06951875567026569
326.2599999997758,walk,walk,0.541473388671875,-0.0,0.0,0.9931533892887602,-1.1041627441803425,2.7412066298407547,-2.5958650565073995,0.5526385199561047,0.1509512765597229,-0.01344608339566256,-0.951222117446186,-0.1639605719232296,-0.05645828372698266,0.1095398617801496,0.39169584745683755,0.5487802993187338,0.548671358490944,3.1482598428866395,0.474211598143157,0.2061392452964783,-45.114521336983245,-0.05608987537319527,-0.00638682693243027,3.711310156388038,1.5681623205752602,1.5728319308668852,0.07117064292537728
326.2799999997758,walk,walk,0.541473388671875,-0.0,0.0,0.9927764231542193,-2.167658237584175,2.5380449985674085,-2.577390381680811,0.5586556345204727,0.14916137466488663,-0.006042278525069628,-0.9152769645607561,-0.17852239984206983,0.03027217333717889,0.08956311863549977,0.2947985867442187,0.5738552960039531,0.47439176704978947,-20.358903846540496,0.42579866852409565,0.23611471917724614,-30.442468110000053,-0.05176581604302669,-0.010250202566385272,3.083767729741227,1.5685150488298398,1.5696506884828687,0.02026428549705229
326.29999999977576,walk,walk,0.541473388671875,-0.0,0.0,0.9922023754004974,-2.9042567324145256,2.442001269191816,-2.5461579443291558,0.5387191109384238,0.16530692771408892,-0.008497278396244055,-0.6003807461933617,-0.06692413490130786,0.017403519064647772,0.07994353935870814,0.2536830107377971,0.6126318461355175,0.3589488353977204,-48.646730305977584,0.411866662908606,0.3853551533470154,-3.9616328271852814,-0.04898146161988373,-0.00995888486504555,2.9686569443901507,1.5672171984320855,1.5603163757309795,-0.12037824586834679
326.31999999977575,walk,walk,0.541473388671875,-0.0,0.0,0.9914565168014687,-3.282856577077262,2.5254542137088283,-2.579432544862277,0.49703389434680845,0.17170372285179017,0.004325246817023218,-0.2937260631649609,0.0944137563612309,-0.029590355350955937,0.1071272108856399,0.3550273182912727,0.6384306984734799,0.31199447181320195,-60.72767059570696,0.52419530096306,0.5546113636741639,-4.405201230739294,-0.04793434106878088,-0.01552354842424393,2.540612273488856,1.5657631858949967,1.560763373313892,-0.07668039700633122
326.3399999997757,walk,walk,0.541473388671875,-0.0,0.0,0.9909620216414958,-3.48992948854986,2.648674351309178,-2.619662161046987,0.4754696299236437,0.14809552009446406,0.019689160349787453,-0.16813104933002504,0.10897300810683858,-0.031325137685344916,0.12231086470700925,0.43955634907871066,0.6542712782271848,0.3459809806594849,-56.70704247596659,0.662559646796523,0.636483312810421,-15.925236144227512,-0.04703187228053536,-0.01684321388602257,2.3645048900264123,1.5641278374588798,1.5580960952625156,-0.09318807423571081
326.3599999997757,walk,walk,0.541473388671875,-0.0,0.0,0.9909805675278222,-3.6526133331111796,2.701119195861894,-2.636828268805237,0.4694171477723011,0.11485062304440294,0.037816473839801884,-0.1383218548673622,0.03703488250542652,-0.009379816291409469,0.13265074675310995,0.4718509581416449,0.6632117029574265,0.3602744128952027,-55.20980395103617,0.7441481038296696,0.690720849896431,-16.050441219766743,-0.045869043559163575,-0.021404580399394038,1.8925855870903048,1.5625574462299487,1.5568029594555974,-0.09035032473591922
326.3799999997757,walk,walk,0.541473388671875,-0.0,0.0,0.9914657950642367,-3.777984072828664,2.6886342414861293,-2.6431740267989405,0.46474204270323005,0.09018185391573984,0.052739199368495346,-0.10359262948223813,-0.015401609492840968,-0.006791454644591447,0.14202709654219278,0.48842286553927566,0.6665585052879052,0.35329080488777165,-56.64328539555077,0.7802881790691945,0.7461233560392857,-9.02214988620294,-0.045119823215644644,-0.025296491757035258,1.5462114115828913,1.5621060529179176,1.558529862476933,-0.07852311097433634
326.3999999997757,walk,walk,0.541473388671875,-0.0,0.0,0.9921545886626224,-3.8526528422471875,2.6634634619519093,-2.661153085305264,0.45887450624039305,0.07341441939638427,0.05908107488263674,-0.058206082381220596,-0.019229321132198746,-0.018867850888774053,0.15333769814931364,0.5068350335681788,0.6662393213440952,0.3424743798027039,-58.255047509351165,0.7993175174958503,0.7872287642607689,-3.7441595459890102,-0.04552826759675067,-0.03130074515938759,1.1661439669258569,1.562463699821663,1.5668296602502942,0.09447288799741001
326.41999999977565,walk,walk,0.541473388671875,-0.0,0.0,0.9928457910626974,-3.881617562512946,2.6561711540370365,-2.6729456695207747,0.45623361868320267,0.05489321575980039,0.058933655461025934,-0.019618946932964596,-0.0025127910311496795,-0.008021365010096789,0.15521290117722544,0.5137353439093657,0.6638924265621268,0.3295141246566773,-60.01149285472378,0.8123004198039666,0.8126832183847428,-1.0219768720852946,-0.04603630693136178,-0.022601482644677165,1.902074128895967,1.5647918552459288,1.5725507962465763,0.1048253161218672
326.43999999977564,walk,walk,0.541473388671875,-0.0,0.0,0.9934634085400371,-3.8548301354055328,2.6810062998589634,-2.681217902255634,0.4576932040732227,0.0382358757427483,0.05748867233210964,0.031053867147975464,0.027085701786610242,-0.005731513956391459,0.1545118479165668,0.5018277581590607,0.65990700252785,0.3153687503585816,-61.716883650003055,0.8213657752425199,0.829011411632061,0.5985772495623902,-0.04592614699117414,-0.009964416921138766,2.868881533620835,1.5664088600954695,1.570615970803845,0.0556136647916019
326.4599999997756,walk,walk,0.541473388671875,-0.0,0.0,0.9939752365064122,-3.754323273669801,2.721281636325048,-2.693389652794293,0.4625029039441626,0.023568539987184712,0.05274153792651751,0.09738377710031751,0.03691368001786302,-0.008925693490530247,0.15055925343541926,0.5007710334238799,0.6542531859609774,0.3095163192996979,-61.62585640712322,0.8273482025863625,0.8438438263187409,2.4426226388528,-0.04503036101934907,-0.0065329179167747525,3.0289523353516756,1.5667505036495486,1.5689220943436504,0.04599454552447343
326.4799999997756,walk,walk,0.541473388671875,-0.0,0.0,0.9942856410873578,-3.584724017115617,2.774976199601059,-2.7117077292891065,0.467831120989514,0.008140339615274559,0.042994382901391716,0.15634800481529668,0.05056240716109047,-0.01388630954312859,0.14832619633038602,0.5003398137598734,0.6478106680964827,0.3004553106079102,-62.0376366129537,0.8352235186115562,0.8625290256390572,4.222688589954135,-0.0435308719669008,-0.010299506783485415,2.5751967541114005,1.5667842050004228,1.5664820403740287,-0.008102321476618319
326.4999999997756,walk,walk,0.541473388671875,-0.0,0.0,0.994366562895562,-3.376030695636747,2.8448674055939,-2.7332013517682965,0.4715670420794999,-0.011630734146741838,0.032702359210859525,0.18657301462775075,0.06453879404068544,-0.015413840736252757,0.14945942268186685,0.5004088575255977,0.6413929687556651,0.2909243192920685,-62.59903191864965,0.8474841991781373,0.8795174595365525,4.726334103549764,-0.04187216259270431,-0.018101397156715396,1.8106460471747312,1.5668009895957955,1.567178295268166,0.008794592339440207
326.51999999977556,walk,walk,0.541473388671875,-0.0,0.0,0.9943201306788625,-3.1579344890018026,2.9123649983723396,-2.74979042512626,0.475300125150975,-0.03434838970268594,0.026196135394081558,0.1917580120126597,0.05894828968151796,-0.011126105325650873,0.14922492931401043,0.5009884749625899,0.6348211641750882,0.2842933621654511,-62.59502419669907,0.8537392511659776,0.8766715463647843,3.6288093911490096,-0.04061340317989331,-0.024757676944136622,1.2004532595430524,1.5668697933665614,1.5686940730497718,0.043066914177629693
326.53999999977555,walk,walk,0.541473388671875,-0.0,0.0,0.9942193513151262,-2.9212522493739876,2.964612066273822,-2.7570103590831474,0.47998753012684675,-0.055817598710895755,0.021879513771728688,0.21039013195630518,0.044188065093161186,-0.0029885155406535035,0.14770332872218478,0.5019673297809178,0.6272307825008288,0.27393034961318974,-63.01578150590527,0.8482751791625694,0.8699712541351319,4.339492918166412,-0.04030716845990065,-0.027572554722428325,1.0053833801594099,1.566993271403815,1.5697332744434953,0.06414172367572976
326.5599999997755,walk,walk,0.541473388671875,-0.0,0.0,0.9940965786012982,-2.638375162705496,3.0001260838893304,-2.7570394700138063,0.4858854901440466,-0.0753216399496437,0.019301742317917158,0.2534865237652883,0.0292111680974488,0.0014584575546234511,0.1459436016860863,0.5032950405035238,0.6175963165498735,0.26245937612152104,-63.19028948839684,0.8315820846433982,0.8541601758847237,5.406221841528927,-0.04101600145919779,-0.026540185511112216,1.2004448094701583,1.5671309621222065,1.5697040402278781,0.059651240877025676
326.5799999997755,walk,walk,0.541473388671875,-0.0,0.0,0.9939863131433889,-2.2895158764725188,3.0186271749332754,-2.7530980792861026,0.4929827754246673,-0.0945929254366431,0.018700360381873567,0.31243508983091806,0.013886555387177122,0.004210567183744941,0.1442904186179924,0.5050004503376018,0.604964336992546,0.2523853268871308,-62.50119870425239,0.803675333314845,0.8237506162772179,5.8725268962997,-0.04241799047986969,-0.02102911211550236,1.7906718871758844,1.5672257576418567,1.5684940249607444,0.028685958651399494
326.5999999997755,walk,walk,0.541473388671875,-0.0,0.0,0.9939170695794112,-1.8603435479086765,3.019715582108849,-2.7442247709755008,0.5017643036558709,-0.1141849260990815,0.01972435276871469,0.38378846582871406,-0.0016688080090826508,0.00821218398274003,0.14250872618590774,0.5070832316215101,0.588440268868377,0.24288425710296635,-60.9396889981086,0.762574312011946,0.7778366964707375,6.092086227450365,-0.043985990479579816,-0.01327103674411774,2.5450756281997267,1.5672315859232537,1.5662764043495536,-0.023725096210010448
326.6199999997755,walk,walk,0.541473388671875,-0.0,0.0,0.9939157921632735,-1.327445916405643,2.9894483643668393,-2.728987252037867,0.5136425670327442,-0.1319342488018599,0.0209017225430769,0.47713231522200367,-0.03190277565931548,0.013449751891197768,0.13971539846023628,0.5075989484439104,0.566671487133489,0.23178742196655278,-58.61715440354365,0.7040010519359682,0.7150085039833785,6.777437129208295,-0.04538799436480331,-0.00807335898280144,3.063960461461369,1.5671480688317734,1.5641446498170972,-0.0719473023565746
326.63999999977545,walk,walk,0.541473388671875,-0.0,0.0,0.9938832922190832,-0.635860031737331,2.9173776849630304,-2.7042878057887236,0.5286251122430138,-0.14259923073179687,0.015586950911768652,0.6227390059690804,-0.06942738003833913,0.021845239440189394,0.1328345042530118,0.48618155391754125,0.5383554949807438,0.21913001802062992,-55.3006354858131,0.6366068274034831,0.6552875277051926,8.876519065842045,-0.046727587997693124,-0.006583902239799502,3.2885427250608186,1.566991039376043,1.562490157125938,-0.10696967926114671
326.65999999977544,walk,walk,0.541473388671875,-0.0,0.0,0.9936237200878562,0.27212902919946824,2.7986930156977055,-2.659090070138587,0.5468380185383167,-0.14661485735495355,5.1142311464292406e-05,0.8170990700963597,-0.11061656930720976,0.04293920218436793,0.12113235865990164,0.4401632023168565,0.5026202698902181,0.20910684135055546,-50.105371853030185,0.5733444974510642,0.5951184567461014,9.093284883199043,-0.04814348700028463,-0.008195909857749942,3.27674403362058,1.5668121091028273,1.5623158247158409,-0.10633434947204068
326.6799999997754,walk,walk,0.541473388671875,-0.0,0.0,0.9930971475411243,1.3798582540190312,2.6250457668940954,-2.6124248901138833,0.5650316239529096,-0.14576378739004636,-0.01667761890821208,0.9848942902230615,-0.15923814412985807,0.04045447952122941,0.10440779812488286,0.3699089588094831,0.45845126879754083,0.2062465932617188,-42.06618008674308,0.5500686408478177,0.5328301724443436,-1.4897584500976426,-0.04960668769771517,-0.009583174437284472,3.280133962580359,1.5666484166022454,1.5626958341286064,-0.0934220635783773
326.6999999997754,walk,walk,0.541473388671875,-0.0,0.0,0.9927410041193687,2.3864253555221184,2.439183356178935,-2.662634401536079,0.5666047086389692,-0.1468278373650168,-0.005106537660060924,0.8579548985173959,-0.16571363419340368,-0.048900386550104445,0.0827914552616129,0.25598802461675374,0.40893643787389644,0.25459791090583805,-23.98543266856619,0.5875359775258273,0.4503418889293671,-27.82919201512425,-0.050427255743700904,-0.013386055082082751,3.0077008346336234,1.566520396479528,1.5637231611595035,-0.06592427613493826
326.7199999997754,walk,walk,0.541473388671875,-0.0,0.0,0.9922405690662788,3.0323567227486543,2.3852623569728255,-2.687761971625889,0.536560919796103,-0.16401547804483968,0.0009305723577836891,0.5198536531125681,-0.026136927955566547,-0.013396732536429912,0.09011071679460697,0.29309545462799014,0.44154702058499595,0.44897256162261967,-1.8346120756663078,0.6215257880287165,0.32843033340072636,-55.35187375276726,-0.05096989866102793,-0.029865932837128642,1.712859821453901,1.5666127315410263,1.5695412115142227,0.06909508041827905
326.73999999977536,walk,walk,0.541473388671875,-0.0,0.0,0.9917572370721769,3.376415131895921,2.481334663821156,-2.661096444833865,0.500385867075881,-0.16011861368398667,0.018005903329756375,0.2717932172156336,0.09988073077357401,0.02293270033226305,0.11108997104784897,0.380497542657298,0.5719291894489702,0.5787244078168869,-9.833043977008765,0.6425133548715238,0.3217895117053986,-59.33646773569107,-0.05323653656229855,-0.029289209470152858,2.0408092971136815,1.567335304923579,1.571830639889884,0.08431112225501974
326.75999999977535,walk,walk,0.541473388671875,-0.0,0.0,0.9916132082756178,3.593535876119984,2.5920111702656854,-2.6333300429119406,0.4841579888727268,-0.13356015818914604,0.035742663948413814,0.18048563846299595,0.0956695029966205,0.01970885473692814,0.1251509650419967,0.44653774481036823,0.692018727743603,0.6498627003679276,-17.23571160618742,0.6547643539576234,0.353417285943985,-55.18258591054582,-0.05803990757700838,-0.014791543781757358,3.7280776096106805,1.5676380363431741,1.5698064708099246,0.046416729451382345
326.7799999997753,walk,walk,0.541473388671875,-0.0,0.0,0.9919651047057912,3.76803231323164,2.642172338499057,-2.626862796873615,0.4783431775218365,-0.10345381377064598,0.053580561500011475,0.1480644592863854,0.03659544033193737,0.0003905434802928282,0.13368513136668345,0.4671397436858437,0.7561189951244897,0.7032696467289925,-14.57098689881704,0.6606414816051884,0.363603928352356,-53.91545463728286,-0.06464675559653654,0.0009314388036727878,5.617758951862411,1.5677594665189158,1.568858607946384,0.0237958193609386
326.7999999997753,walk,walk,0.541473388671875,-0.0,0.0,0.9926914424877537,3.8959840795115808,2.6488021393194874,-2.628472551060286,0.47233400119530666,-0.08136044942701294,0.0659467142846888,0.10527290777427929,0.003170657609371899,-0.001300486311453109,0.14290529333236945,0.4828104662144809,0.7844291805914748,0.7554543830851317,-7.4902895434187915,0.6614756503651644,0.3537238028297425,-55.45942670113912,-0.07082682606772227,0.00445391312241554,6.3641736089265795,1.5678095883510987,1.5678679843381524,9.480745514453938e-05
326.8199999997753,walk,walk,0.541473388671875,-0.0,0.0,0.993506517437986,3.9754736036442324,2.6559519489983376,-2.6198914095300627,0.4665362442395307,-0.06402309910812594,0.0677784655114096,0.06365643281499841,0.009320431699912797,0.008357938624018872,0.15295798008097125,0.503866484854798,0.80129799116998,0.791782499516964,-3.121283689784768,0.6595905245179086,0.3474741366157532,-56.039678708677464,-0.07555137543033597,0.001249545067548749,6.403495610066559,1.5677394161557496,1.5648741398886323,-0.06870942221900159
326.8399999997753,walk,walk,0.541473388671875,-0.0,0.0,0.9942525294998419,4.013355110610213,2.6844098744467253,-2.622821462711145,0.4651986096822059,-0.04438547556340992,0.06494435552409401,0.028295128746198307,0.027956665893513942,-0.007086697462730079,0.1537679923313201,0.5059708814012018,0.8127953352727283,0.8132193472633362,-0.897874462373766,0.6563108861540449,0.33293561008071904,-57.95991698143355,-0.07865625366407325,-0.002095307409763339,6.294538743273945,1.567674838521706,1.5658623103932023,-0.04316630803359929
326.85999999977525,walk,walk,0.541473388671875,-0.0,0.0,0.9948745609210901,3.992831467661591,2.73977526712328,-2.6223821671310104,0.46804149902306297,-0.029035060178015073,0.06071980182326944,-0.02595074443920362,0.052394987170528366,-0.0014658840524491195,0.15201763900483206,0.5015366232167088,0.8199920363065424,0.8280957129249573,0.8275832944079952,0.6517638324182047,0.3213138070354462,-59.13829638567785,-0.080285474276416,-0.012828200310468676,5.4841747652324475,1.5676540366982035,1.5673467864230752,-0.007109998556030946
326.87999999977524,walk,walk,0.541473388671875,-0.0,0.0,0.9953209440154931,3.8966205739116417,2.808795914909838,-2.614354499110345,0.4737350748808198,-0.015306237186017011,0.05255248909443984,-0.09350667019605434,0.06202528018558409,0.003040515418058571,0.14779903758505272,0.5009156184356404,0.8243296230463808,0.8418509897241593,2.754404438889225,0.6460689623727978,0.31498397257423405,-59.16501749451976,-0.08061793253179965,-0.015439863502979281,5.228062999782743,1.567593706153372,1.5657477912441373,-0.04392575242476397
326.8999999997752,walk,walk,0.541473388671875,-0.0,0.0,0.9954915986668859,3.7368073544225733,2.890051120926682,-2.6018943917954998,0.4794380994413261,0.0007756694979117254,0.03916172882113792,-0.14667080842023883,0.07399377741264475,0.0061781709885279125,0.14662883153324258,0.5006730173083057,0.8322483759964682,0.8636570807943345,4.950943473798992,0.6402907786412027,0.30444691445922856,-60.01532342353826,-0.07982832936686442,-0.007605499774217608,5.730896362461544,1.5670144001675552,1.5614206169680238,-0.11749796510251395
326.9199999997752,walk,walk,0.541473388671875,-0.0,0.0,0.9953967037526481,3.545644173608307,2.9788169694502207,-2.589675993351976,0.48362826321017377,0.021090123097879717,0.026593378413027932,-0.16999409885506353,0.07920202550398206,0.005318701318368764,0.1480500692253265,0.500924809166175,0.8433082367550493,0.8751869436750412,4.801332250987654,0.6350133647639931,0.2958653655300141,-60.64680527940713,-0.0776543530747266,0.0011232055723667117,6.177828461942224,1.5660854349107434,1.5600397617504478,-0.11810484964232024
326.9399999997752,walk,walk,0.541473388671875,-0.0,0.0,0.995159622909551,3.34058026584627,3.057688367642265,-2.5852734592660607,0.4879059971227236,0.04314440595878097,0.018829012101188414,-0.18111535576225316,0.06769395888455167,-0.0008200744505252426,0.14777845542852924,0.5016757357286213,0.8467545492466237,0.8698941406259537,3.880825657696609,0.6295843967061938,0.2873812105903626,-61.182986806939624,-0.07442473387990137,-0.0003400139510631589,5.746055672618668,1.565786946669703,1.5620087751135707,-0.08690663770221049
326.95999999977516,walk,walk,0.541473388671875,-0.0,0.0,0.9948621017145369,3.1036579848095904,3.1193028743983593,-2.5913983035610992,0.49319961580459826,0.06394486133125453,0.014325251754529618,-0.21147621558606863,0.0516634194849106,-0.009572938410694978,0.14650559256500953,0.5027978968498688,0.8382615543959404,0.8606351253042221,4.705721383689819,0.6228407000621586,0.2758331980953217,-61.94706533580742,-0.0711025444234296,-0.0100859209895134,4.698847597772835,1.565747761429456,1.5646153998509527,-0.027535673683523356
326.97999999977515,walk,walk,0.541473388671875,-0.0,0.0,0.9945558833932554,2.8093925544345852,3.1628171088162462,-2.606912098327805,0.4997507342434465,0.0835738947561063,0.012528013726365419,-0.2636503451282857,0.035230909021732815,-0.015817962655596454,0.14539404922927646,0.5042746476860968,0.81809315017603,0.8405420493731499,5.667303208397988,0.613619800965629,0.2640395846614838,-62.221162417893325,-0.06848978503608816,-0.01814471855759621,3.886450389754071,1.5657851517538688,1.5659293805197358,0.002147149532565631
326.9999999997751,walk,walk,0.541473388671875,-0.0,0.0,0.994288255550404,2.440898611615736,3.1859553509780745,-2.62840811937605,0.5076463481341068,0.10330147005622818,0.01304764625078862,-0.3294435325536133,0.016715225690930403,-0.019951838995664137,0.14443664659677682,0.5061356467772091,0.7858622118453499,0.8055961367139817,6.167251034120725,0.6008921885449936,0.25374386575317387,-61.51649703813685,-0.06675215575299043,-0.019519069418311122,3.6853527211836408,1.5658618216687872,1.5668482643500448,0.02193813348376187
327.0199999997751,walk,walk,0.541473388671875,-0.0,0.0,0.9941004849295801,1.9818502315110165,3.183417108264595,-2.6532130562296166,0.5177200232144042,0.12229661480237834,0.015383039662342505,-0.41033469372069825,-0.006748680298000625,-0.02157460910466598,0.1429651795849022,0.5083348987246558,0.7386043773602712,0.7530833736459017,6.463979435735817,0.5835166684574212,0.24353561666107182,-59.870834140858264,-0.0656239112508923,-0.014596264064311984,4.021920542401626,1.5659987265615662,1.568346961675632,0.053850393877683395
327.0399999997751,walk,walk,0.541473388671875,-0.0,0.0,0.994000371417998,1.3987045778783325,3.1391060433310654,-2.6811543227882466,0.5312186744871411,0.13768908228256674,0.016499859799159994,-0.5231072693915375,-0.04573216592040389,-0.023956202043769102,0.1388780153921116,0.49842735572115004,0.6746458866200955,0.6879183959612847,7.633531393178492,0.5599127946529727,0.23107306029891972,-57.3906638900495,-0.0642537095785564,-0.008325944840908053,4.398171920072196,1.5663950147254944,1.5701184359327436,0.07778304227668847
327.0599999997751,walk,walk,0.541473388671875,-0.0,0.0,0.9938330663394992,0.6287951072578999,3.04536695660775,-2.7206140166635513,0.5479131545042526,0.14510063535535167,0.008468348124792878,-0.6936681470747725,-0.08935391576958347,-0.03540099146989772,0.13006626915998157,0.46547363721169266,0.6077586946568175,0.6307260331163407,9.604353760496913,0.5289252017504122,0.21885559823608403,-53.45085582504334,-0.06181575588471147,-0.004630382359027865,4.436957704260917,1.5671786213325307,1.5711754125491262,0.07153415151811444
327.07999999977505,walk,walk,0.541473388671875,-0.0,0.0,0.9933861922679598,-0.3767392999883099,2.8956578347299335,-2.78826848279978,0.5682252496964852,0.14739313010500105,-0.010604608534080365,-0.9028329682003817,-0.13901586021134224,-0.06342906859342697,0.11614002956676671,0.40824001488071815,0.5480836751578945,0.5696442362318039,8.766454645071265,0.48978498218296435,0.20927671458816532,-47.50457467042274,-0.05786170522919212,-0.004735860228538516,4.028572895763436,1.5684182883067477,1.5729410073668242,0.06879794512455986
327.09999999977504,walk,walk,0.541473388671875,-0.0,0.0,0.9927718761425046,-1.5301919512366053,2.6889279817660876,-2.82572920029397,0.5835241609476882,0.14270973388437488,-0.021807217588513308,-1.0199287376525952,-0.18838161695367478,-0.0311297427086147,0.09714609451139498,0.32768000036537287,0.5483006331510349,0.5115089353570939,-6.133345591253416,0.4416419757399458,0.21353236701583866,-37.429399351665865,-0.05285065390771654,-0.00725015923380852,3.3577834892530385,1.56932714350784,1.573163714534092,0.0669498822540226
327.119999999775,walk,walk,0.541473388671875,-0.0,0.0,0.9921326389216065,-2.453374252177203,2.519484519689757,-2.779294192727175,0.5747992209084288,0.15253264143755146,-0.01838330402159146,-0.7692594466707389,-0.14286454203087956,0.03964211723415688,0.07530961762592796,0.19213959100136407,0.5925247265791355,0.4140429284820557,-35.6442864184477,0.3958048376547996,0.2997216966400147,-13.731073863921209,-0.04911036619565413,-0.006059083342552188,3.240233811312307,1.5693683830597804,1.5652695552394271,-0.1010017652138539
327.139999999775,walk,walk,0.532981540845788,-0.0,0.0,0.9913039441946178,-2.9723613796947785,2.5334975599705767,-2.784358166770427,0.5322280869280488,0.16899117087833815,-0.00573804006354213,-0.4085224841578537,0.037806423420041764,-0.009729775089061574,0.09985920745953997,0.3156664699393792,0.6258362722220412,0.3105403568992615,-59.29052423890923,0.47826194674604466,0.5103293445358277,-1.7622218423784552,-0.047494702778768425,-0.0131214514374733,2.6672525274190955,1.5672575367109258,1.5596749198571325,-0.1072343687257813
327.159999999775,walk,walk,0.524489693019701,-0.0,0.0,0.9906735133928785,-3.2454177237311925,2.657982753788569,-2.8174329167688916,0.5010643683120929,0.15507498911414247,0.014449287029016409,-0.21833275136496683,0.118189235073768,-0.02664823536974892,0.115618221377427,0.41471051510560875,0.6461519246749183,0.3391496923217774,-56.81605402394136,0.6246708843776915,0.6080820199499131,-15.046130153634733,-0.04664639626385714,-0.014863378554582599,2.496380295735242,1.5648082922495812,1.5584840600327134,-0.07560893213143799
327.17999999977496,walk,walk,0.524489693019701,-0.0,0.0,0.990534938785172,-3.4419650538594646,2.758634555586724,-2.843384303336754,0.48885038735210845,0.12404006638148349,0.03648875802895483,-0.16618771654869297,0.08348219079888108,-0.017209840611961465,0.12894505254776265,0.4649361434862553,0.6581102253918577,0.36631695296859745,-53.43670448140187,0.7271939144310983,0.6706325721392632,-18.31871120988076,-0.04561849540571359,-0.01694215759634972,2.2371654198595445,1.5619579191251758,1.554386116838503,-0.08855613317227418
327.19999999977495,walk,walk,0.5159978451936141,-0.0,0.0,0.9909354759352692,-3.6022339476134047,2.800334944609065,-2.8569420002784627,0.4816248933112508,0.0970646997732997,0.056156136933606965,-0.13462426397478786,0.031236715285327142,-0.008883910374166196,0.1380773109890091,0.4817544159812302,0.663576450867117,0.37189421918487553,-52.919164809491015,0.7757702899828703,0.7257640391985178,-12.841562919591015,-0.044802184917003725,-0.02316999733448029,1.6872938215474589,1.560615784956059,1.5562059854105592,-0.07220578650081197
327.2199999997749,walk,walk,0.4735386060631793,-0.0,0.0,0.9916742906452753,-3.7083005577648365,2.811958908256463,-2.868148896529433,0.47257685901389623,0.07796086068771384,0.06779940254613302,-0.08479957614248379,0.009569158534704941,-0.009131435552804278,0.14869723748506294,0.4992482911050964,0.664104823641935,0.3647277143249512,-53.92909226620091,0.7985183000862273,0.7750238042721749,-6.083983259953332,-0.04495438443436862,-0.028327883407473567,1.3426989215175793,1.560545692203796,1.5628818658128858,0.05798408794983875
327.2399999997749,walk,walk,0.4565549104110054,-0.0,0.0,0.9924837879144605,-3.7642659602884874,2.8284569411030964,-2.8842925991420616,0.4643373991110049,0.060652913634259106,0.06926572212836883,-0.042840600934101886,0.017982704242806312,-0.013650489879863883,0.1563570051801454,0.5176825434077466,0.6619906739373719,0.3628237631568909,-53.6924630735404,0.8151026223510882,0.8073478948721886,-2.792299864277439,-0.04535170562406834,-0.023686775192618373,1.7551434104441135,1.5625780708922887,1.570013557834971,0.10658963100575704
327.2599999997749,walk,walk,0.4395712147588315,-0.0,0.0,0.993264386447792,-3.771801544868424,2.8632995988033687,-2.8867093434891453,0.4608234976531462,0.04126114956513739,0.06852925234191838,-0.0005227361758258589,0.033522182946321345,0.0025795991231769297,0.15757234287741903,0.5171976046615249,0.6580050923255101,0.3482673850307465,-55.45240978875645,0.826948875556136,0.8261337515363694,-1.1511613805663867,-0.04536262366081085,-0.01194693446159363,2.672659218343988,1.5649873493409634,1.57087374692266,0.06539938996879814
327.2799999997749,walk,walk,0.4140956712805706,-0.0,0.0,0.9939986090329551,-3.713350108151274,2.9080652161246747,-2.895554615453811,0.4614936643287346,0.026422214974777813,0.06635777287168967,0.06014261008338126,0.0410663069397167,-0.007410844788328133,0.15577448018163217,0.49875555003540606,0.6520157869919273,0.3418724622974396,-55.37375643158075,0.8314495938312392,0.8361145865569115,0.44767053070244134,-0.04443499360490059,-0.004584024846553805,3.1334602183595357,1.565617962233759,1.5680170816317678,0.045816959089220774
327.29999999977485,walk,walk,0.26973425823709235,-0.0,0.0,0.9946185241057395,-3.573573576433719,2.962587229377975,-2.907192598345758,0.46245362017262875,0.012082560516916568,0.06068398235147808,0.132280779024402,0.05033794311170015,-0.006376186235256289,0.1547552885796469,0.49824112602080994,0.6442500963968978,0.3409707632312775,-54.00345472962599,0.8316522844217835,0.8435233917484284,2.0673380691722065,-0.042920360468068304,-0.004996962100267413,2.950135181586288,1.5657186379968626,1.5665834353253723,0.018928995252052414
327.31999999977484,walk,walk,0.2017994756283967,-0.0,0.0,0.9950431095379091,-3.3746348747465116,3.031909989734562,-2.919795019815675,0.4609915347780746,-0.006057796587803381,0.051281755385138,0.17967123428232407,0.06376958793079027,-0.008143873218371667,0.15859361962581403,0.49812831697131355,0.6358315380091543,0.3392320361385346,-52.75056241021255,0.8333106747382928,0.8570095014224053,4.066438390617841,-0.0411709557072327,-0.013187247514724734,2.143085973294748,1.5657815806833224,1.5669232339546562,0.026408239100149295
327.3399999997748,walk,walk,-0.0,-0.0,0.0,0.9953458144625412,-3.1559909561012973,3.10336938852568,-2.924818029525304,0.4561339793418738,-0.02972723765331122,0.04507579664756476,0.19228227329610503,0.06277188439978293,2.2146456716739746e-05,0.16763034164221227,0.4984469759551302,0.627058173229833,0.3464231875190735,-49.84722971925203,0.8276403131088473,0.8400769394288063,2.668052176321546,-0.03948921149146098,-0.01857169643044472,1.5818606434684768,1.5658841179264444,1.568307605846274,0.05694657861777814
327.3599999997748,walk,walk,-0.0,-0.0,0.0,0.9956206100845361,-2.921869930695523,3.1501920211046848,-2.9185459086467285,0.44981275439495944,-0.05308114342398613,0.04028185660235398,0.2066006926541921,0.03706593524204574,0.007960944112672534,0.17515291593564355,0.5822880224335445,0.6172866999751467,0.35069999959564213,-47.23962076038652,0.8037093533095087,0.8140857901821137,3.79287790651185,-0.038229836594323274,-0.020088457688689235,1.3830432161509016,1.5660302330878844,1.5690988258406997,0.07163159287322106
327.3799999997748,walk,walk,-0.0,-0.0,0.0,0.9958455246160032,-2.639505375598472,3.1431629301910107,-2.8981192273191034,0.444881681062428,-0.07270110397107046,0.03077441647118948,0.25252722369671116,-0.014025827025826013,0.01827267726212187,0.17808700082085854,0.6360438885146751,0.6058941889194126,0.34819165732955937,-45.51403230362585,0.7618957555326923,0.7843946826109887,7.4280825556712085,-0.03791337012452394,-0.019575962051749232,1.4553646289814066,1.5661771125470678,1.568584610982287,0.055293224560349595
327.39999999977476,walk,walk,-0.0,-0.0,0.0,0.9959389097897126,-2.2755653557485642,3.0529244355658185,-2.864636383465519,0.4429900567630914,-0.08875506114946957,0.014091163172494661,0.3265124634552154,-0.0903032281668329,0.02647946470834927,0.17373756491702513,0.6469971930979604,0.5926167701300491,0.34395117428398136,-43.74030084983329,0.7038228081862101,0.7342662310624719,10.204997535001857,-0.03835648303521103,-0.015678665786981585,1.842211576088103,1.5663042957910045,1.5681423929468274,0.04178662071741074
327.41999999977475,walk,walk,-0.0,-0.0,0.0,0.9957495372653535,-1.787264916818935,2.864278784225127,-2.818331833710114,0.44473014353139767,-0.09913849880366289,-0.01196774244226393,0.43960194478673353,-0.17781233808990382,0.03560546821384397,0.16291699446714433,0.6276473430352297,0.577452842492105,0.3396806206951142,-41.62983063765145,0.632406201123844,0.6680626582751275,12.274164807928585,-0.03927210977248974,-0.009937445819377902,2.3999816876620526,1.5664018803822712,1.5676176038519025,0.02724185503499248
327.4399999997747,walk,walk,-0.0,-0.0,0.0,0.9949793208306155,-1.094150232793582,2.589291805170506,-2.7314762980761262,0.4489324469635044,-0.10132899246808823,-0.052409065916583675,0.6276488359427673,-0.25151643721895006,0.0761466267560866,0.1486484632266279,0.5900207078270764,0.5608386731767698,0.3350340810070038,-39.36546864305683,0.5692093835929368,0.6189060669789315,14.100120261014174,-0.04078435602114177,-0.007737825810909274,2.731434664490876,1.5664730770621296,1.5673307788506627,0.019100450938038086
327.4599999997747,walk,walk,-0.0,-0.0,0.0,0.993352727808591,-0.1610224879748625,2.246791527931366,-2.5636610776419397,0.45520878124288117,-0.10512521722102654,-0.1043613587322535,0.8350000646846799,-0.30810065639678785,0.15453910607072702,0.1334743304769673,0.5397581231281625,0.5443598115244396,0.33443892862892155,-36.513388519623575,0.5269236676743534,0.5769578304538727,12.46191395477663,-0.04272114438251581,-0.0073041796684265164,2.9428146100708465,1.5665334270430307,1.567400216399181,0.019645454537217184
327.4799999997747,walk,walk,-0.0,-0.0,0.0,0.9909068024179287,0.9118344385991184,1.8813753150537926,-2.3600760067936366,0.4542470713943507,-0.11109066882831685,-0.14480246089852664,0.9346284952509049,-0.3160270167486224,0.17159887698785858,0.1188823011257029,0.47732677480605945,0.530445809635207,0.34349171187973027,-32.58121416193693,0.5288092913318314,0.539114975596428,0.8388734913805642,-0.04429098022789802,-0.007552488893270495,3.02828835772858,1.5665351934162466,1.5658778169140697,-0.016372386047719442
327.4999999997747,walk,walk,-0.0,-0.0,0.0,0.9882775575333098,1.761610382069397,1.6397160099343664,-2.2835298391717282,0.4193167638090096,-0.12032710992741198,-0.1353962871721602,0.6921915884492243,-0.1852093695933605,0.039921457449667824,0.11441201789461415,0.3842313143029726,0.5249648038250544,0.4335464027175904,-16.039790981707903,0.5697911220332953,0.47670484449958805,-20.251473636938726,-0.045440352954777156,-0.015963184833526614,2.4233308067244983,1.5666621419551072,1.5701351103321195,0.08190129690833971
327.51999999977465,walk,walk,-0.0,-0.0,0.0,0.9860067060395225,2.1666870089014294,1.5651118894826452,-2.2901731686273923,0.36549396125062267,-0.1369428790481,-0.10205387254821174,0.3040916779001881,-0.04926231540950626,-0.003997765361800272,0.12118489656487941,0.47057986191812284,0.5685545689472596,0.5685795184621811,-3.6247833116067176,0.6144913525852614,0.4024179365882874,-41.61118999594598,-0.04663755917346962,-0.027370046079158786,1.6061506140083872,1.5692315838021267,1.5773655281350494,0.10337680138807279
327.53999999977464,walk,walk,-0.0,-0.0,0.0,0.9841651026486068,2.2272788114264443,1.5481578864193917,-2.2996799605115794,0.3172956917121987,-0.13281383686281673,-0.07726321875750454,0.02128319163123893,-0.012703958790784666,-0.0074298047977373995,0.13908085766568534,0.49740201083817326,0.6728810028363896,0.6854481708655358,-6.439789713334038,0.6420317157867831,0.39114643004035954,-47.25393853043982,-0.049673941798075764,-0.03032690025866032,1.717098967976331,1.5718920898429136,1.5771478780493617,0.04352605080761174
327.5599999997746,walk,walk,-0.0,-0.0,0.0,0.9828749074153369,2.1384367367343424,1.4992743849063341,-2.318896499440474,0.28448184382261327,-0.10453735501668206,-0.05515691035388412,-0.08633845924744188,-0.04742606145767077,-0.014651263209265974,0.15190668600947027,0.5063935371946343,0.7696607607369658,0.7457700625458956,-12.082299078541451,0.658278194963328,0.4116102841148377,-45.6380188124818,-0.055920663568736664,-0.02185497917234898,3.0781536459659824,1.572435979432842,1.5728467631102085,-0.0010416802964134057
327.5799999997746,walk,walk,-0.0,-0.0,0.0,0.9821677074744686,2.020779508158236,1.393564127391872,-2.3417585030500936,0.26241419440883945,-0.07182581332534482,-0.034102608095595094,-0.10320395592755134,-0.09844045284299204,-0.016359062961088643,0.1546203128110879,0.5006391640137378,0.8132969198046772,0.7666052386561633,-11.809893048046575,0.6678059176894716,0.4232830491313935,-44.73440365723765,-0.06392807211723563,-0.00760956406593323,4.951210685010307,1.5725606008503428,1.5744151075318933,0.042428259382351216
327.5999999997746,walk,walk,-0.0,-0.0,0.0,0.9817872576402547,1.880897411339168,1.2500364826263612,-2.3405390400689807,0.2435581843550445,-0.048524842355939214,-0.025378435611527157,-0.12588283185043242,-0.12773155423192467,0.008754511216713437,0.154090666564442,0.4976337670548773,0.81681422700977,0.7955605846295357,-4.083447376307526,0.6735746923761641,0.4214979794273377,-45.80589985580031,-0.07138856270658916,0.0038878515362739535,6.431658482422768,1.572670048576137,1.5744406462595344,0.04062854649179865
327.61999999977456,walk,walk,-0.0,-0.0,0.0,0.9813607562669955,1.7025761496264311,1.1047637970232944,-2.3075811252741536,0.22841253177596163,-0.03180004828027686,-0.03121110486821737,-0.16089931641464347,-0.1237526205031296,0.035521192539406596,0.14851879897809375,0.47048170596188965,0.8015910013497318,0.79869315143919,0.6937192255639473,0.6783950773652377,0.4172523405799866,-47.36549660899511,-0.07662756265161341,0.0067194372415542575,6.951890802677644,1.5726053022935007,1.5694439404592395,-0.07612841782126666
327.63999999977455,walk,walk,-0.0,-0.0,0.0,0.9806325843208399,1.4616266442835524,0.9903262103872946,-2.2399380347777,0.2139041314354696,-0.019531389352950543,-0.04524506892303817,-0.21951839935270565,-0.0929510689858171,0.06531748412566588,0.13988112333060448,0.4267374672159315,0.7825319543901268,0.7981219005236626,4.3051000190467645,0.6836676333433211,0.3996362176189423,-51.51831471455757,-0.07911638733614931,-0.0007148638367652921,6.403298189633899,1.5712162195755637,1.564552470384586,-0.11273211189448797
327.6599999997745,walk,walk,-0.0,-0.0,0.0,0.9795562068726898,1.1356936870868555,0.8914092861476084,-2.1532123182198495,0.20196268270699877,-0.005131788488682604,-0.062353946978624064,-0.29579271592375855,-0.08393962394810597,0.07885155410901039,0.13223830453680446,0.38242166530728994,0.7672787572707347,0.7963017534861565,6.41146285281268,0.6893494136613778,0.38284389045333866,-55.59528828330009,-0.0794808771079046,-0.014333321899175647,5.2271408341611565,1.5680383373933007,1.559643124504435,-0.09475553642545523
327.6799999997745,walk,walk,-0.0,-0.0,0.0,0.9781603026984458,0.7306218422421393,0.7675923562873552,-2.045080241309453,0.19355111250857013,0.012105351843032224,-0.08203441527005932,-0.362929677670805,-0.11047907403281546,0.09966362503276925,0.12537199693880077,0.36743856536144714,0.7533536624564381,0.7887669440755845,7.476924193208045,0.6956653202149048,0.3710790958652497,-58.89676445167069,-0.07863977101026845,-0.020902480185031894,4.567535588020345,1.565150770516123,1.5588123642787814,-0.0630704707527516
327.6999999997745,walk,walk,-0.0,-0.0,0.0,0.9764061012297129,0.2662649578956063,0.5970988886865795,-1.935724584206408,0.1885884947116282,0.03264835149278734,-0.10600714376161105,-0.4125845016902345,-0.1520104405361365,0.09703388668892457,0.11397423335069115,0.3358344762195573,0.7299858286091304,0.7504402615526915,7.119726077194565,0.7034995028405996,0.37471363809204106,-59.76652348716152,-0.07696620660977105,-0.018127146363258365,4.611295890638025,1.5640648589767612,1.5596824468061805,-0.08107717663164732
327.7199999997745,walk,walk,-0.0,-0.0,0.0,0.974384362346802,-0.2247039033961449,0.3912301822026978,-1.8343973783321377,0.18481601110899556,0.049804316594394396,-0.12143197379150412,-0.42786455858101846,-0.18247939066890181,0.0908372226538513,0.10096141098090973,0.31676585283082015,0.7382190385057739,0.6970718477318287,-8.04346549590497,0.7126917707194615,0.3959259178886414,-57.7328872139118,-0.07492570221803489,-0.014137677103281024,4.752043542890419,1.5637844361155784,1.5587649115309596,-0.11744769253840208
327.73999999977445,walk,walk,-0.0,-0.0,0.0,0.9725764954500427,-0.6340882421295778,0.17891791711368601,-1.725448056363458,0.1771027365781579,0.05866197555719936,-0.10876440077166483,-0.34533482485350225,-0.18636658413211782,0.09199007210481115,0.0834603804292573,0.26118306862909146,0.7602083998381556,0.6300195467123986,-25.15590589730756,0.7216751517265494,0.4604920830974579,-47.69437124551371,-0.07255503988294695,-0.010359673947095874,4.842702601762066,1.5636911131928841,1.561294841854322,-0.05726823168093104
327.75999999977444,walk,walk,-0.0,-0.0,0.0,0.9710754396154098,-0.9335820957914651,-0.011101109697266964,-1.6600105106312493,0.16940472063220793,0.06908953552550107,-0.09078985934083876,-0.2501448389280705,-0.16245464860087228,0.047923621594791965,0.0775268982288377,0.2187794606464769,0.7779030300405886,0.5591235693941117,-40.72327759411404,0.7300625829971904,0.5313823309192658,-36.39925537880253,-0.06975615649302555,-0.010938196629285815,4.548677517036007,1.5637033717261983,1.5634212543204904,-0.007797614669427802
327.7799999997744,walk,walk,-0.0,-0.0,0.0,0.9698737231564397,-1.1309138114672719,-0.1569181137111938,-1.644608119831931,0.160546508033403,0.07335515040799753,-0.07141902090314972,-0.16137685805351099,-0.12206129165246549,0.006215288080404479,0.08273916391779212,0.2705373842330232,0.7902300075154558,0.5196926232824326,-49.630087897416495,0.7376064415659168,0.575955995584488,-29.668033951969676,-0.06695105559594372,-0.01792453154921532,3.7686076731119704,1.5637437299235926,1.5639716082200885,0.004335720713501139
327.7999999997744,walk,walk,-0.0,-0.0,0.0,0.9689126054068827,-1.2269222194148974,-0.25970038393047024,-1.6522761983087864,0.1510730267310321,0.07349140512449633,-0.055745167127922136,-0.07281570181540474,-0.08524628367896747,-0.010047968129840384,0.08871185513013068,0.2884879671891172,0.7984079350805025,0.5141970005283356,-51.7778014277623,0.7447586489545569,0.59756321575737,-27.03571950649157,-0.06421479809567442,-0.02394150495529175,3.0703718223598844,1.563786231491829,1.5644079272583604,0.01405435271466423
327.8199999997744,walk,walk,-0.0,-0.0,0.0,0.9681790335640956,-1.2358485611508043,-0.34262263321196007,-1.673434112581996,0.14282892018423352,0.0732281048949577,-0.04272136400679687,0.000874583071878124,-0.07101475251089089,-0.02120599229233431,0.09216471316094152,0.3172180134687906,0.8032399774494652,0.5220121827373505,-50.98933988338913,0.7514059794290878,0.5940000053892136,-28.834435531788294,-0.06211375057881692,-0.02616277821362019,2.7619487830522904,1.5638217931957803,1.5639363744244457,0.0017116519440717474
327.83999999977436,walk,walk,-0.0,-0.0,0.0,0.9676848712143025,-1.1849608842730976,-0.4288821291382375,-1.699663360932865,0.13703240390297547,0.07197168512296793,-0.031490371873236424,0.04976389487890316,-0.07602181939948134,-0.02466412568262617,0.09454712883825235,0.3257208372669612,0.8052598585155669,0.5321405616054535,-49.31637658581776,0.7571178239710799,0.5808764484176636,-32.1543758080835,-0.06077472600359962,-0.024559348076581958,2.825203785141955,1.5638886323481607,1.5649210133538127,0.023415689270375233
327.85999999977435,walk,walk,-0.0,0.10937499999999999,0.0,0.9674027161083517,-1.1070086175711256,-0.5215447396445189,-1.715416631417133,0.1333766205401013,0.0689094170053898,-0.02209352165732702,0.06966480365544361,-0.08122619396176606,-0.013300030730771776,0.0955633638100545,0.3080271105933634,0.805260433847304,0.5417048123130799,-47.44124799900751,0.7616336215378265,0.5658824976930619,-35.57631361498646,-0.06018024220284231,-0.025132573395967486,2.773088703262511,1.564005015337642,1.5661540676787973,0.04962959795548174
327.8799999997743,walk,walk,-0.0,0.1433423913043478,0.0,0.9672856222802112,-1.029953016615444,-0.6088397140007467,-1.7329358329705147,0.12976643444829264,0.06676516632914042,-0.013670474199438303,0.06622054265677503,-0.07485731845389788,-0.01827607832929256,0.09514679136411976,0.2769554111664347,0.8040251525224179,0.5455467638025284,-46.43195929878009,0.7648393763419868,0.5585773226270676,-37.36953029385371,-0.05995229859771737,-0.02112870588898659,3.0938547739325255,1.564146012552922,1.5664945200965286,0.05387484743097235
327.8999999997743,walk,walk,-0.0,0.1815557065217391,0.0,0.9673312157178673,-0.9675651173584058,-0.6881480517527877,-1.7494647150103688,0.12545127919113366,0.06458703148497039,-0.004899474748252352,0.052567152100448634,-0.06850393792143117,-0.01501636995053261,0.09184189623873444,0.24884500375169172,0.8018167628573741,0.5529717591056824,-44.62383256164489,0.7664767706209994,0.5508622017154694,-38.93367652738367,-0.05987026293147991,-0.018271568417549136,3.32415126962512,1.5642745985629583,1.5661346272513748,0.04221324954126763
327.9199999997743,walk,walk,-0.0,0.2197690217391304,0.0,0.967512222091842,-0.9078500806613553,-0.7575011843512369,-1.761222690088857,0.12027190625389692,0.06574776371460889,0.002483309634180383,0.05271721793102616,-0.05935506430664019,-0.010841714787275743,0.08659402708621096,0.23806572509283697,0.7986339024600474,0.5605681773672104,-42.609566137720485,0.767004264751542,0.5502241190919877,-39.059816513374145,-0.05983316487070898,-0.015086925774812701,3.57815701061574,1.5643568520032058,1.5649256178126216,0.011627802063424094
327.9399999997743,walk,walk,-0.0,0.3259171195652174,0.0,0.9677967790113469,-0.828458861446571,-0.8103188448103406,-1.766149533834979,0.1142368572788664,0.07195902626179088,0.00926779612348257,0.0725472511099401,-0.04422349697111316,-0.00396944400555983,0.08160541246268661,0.22818789143426232,0.7943516067373124,0.5740999069461823,-39.320483397489255,0.7670159302707416,0.5388280388364792,-41.0726868869785,-0.059791065218967904,-0.013912595063447955,3.668476364235346,1.5644257814308884,1.5650391199574352,0.012991935579346962
327.95999999977425,walk,walk,-0.0,0.35563858695652173,0.0,0.9681872050686569,-0.715490692264654,-0.8346575390029098,-1.765447035740692,0.1075617856900515,0.08287235306027041,0.017772794498285657,0.1028014912507903,-0.017783149100044214,0.0007182372325558076,0.07834692315196017,0.2437640771971169,0.7887153937209964,0.5857989725122452,-36.09809077818124,0.7667402905579034,0.5229762133607865,-43.85471718223893,-0.059912069742307617,-0.01441195532679558,3.646015886156351,1.5645352413295703,1.5662827336177707,0.03978393888258345
327.97999999977424,walk,walk,-0.0,0.3811141304347826,0.0,0.9687047220626694,-0.5742273790164895,-0.8198950482829749,-1.7624019983686965,0.10036990084159202,0.09596394119540538,0.028410542633320025,0.12629232684703245,0.017175003940818497,0.0031337149740038404,0.07669870030612136,0.2561311200280032,0.7816583664453203,0.5944395747432709,-33.16533205928381,0.7659594726233325,0.5098283525953293,-46.043571450918655,-0.06047882165167601,-0.01531520411372185,3.6452527750726964,1.5646938158974901,1.567496449960816,0.06450226704266056
327.9999999997742,walk,walk,-0.0,0.39809782608695654,0.0,0.9693789450427227,-0.42303009015642873,-0.7615728412132596,-1.757525036669874,0.09263062095725835,0.10899325371947231,0.040900435073479506,0.13253007011446893,0.05543974155972608,0.0048013541834980595,0.07630191590243386,0.2625916742088502,0.7732712665536705,0.5982428726205826,-30.86986106959964,0.7641466636907762,0.501554989481926,-47.129595315502776,-0.06156936684953732,-0.016565292328596118,3.6616288544759112,1.5649604129246009,1.568476208759892,0.07790319962646097
328.0199999997742,walk,walk,-0.0,0.44904891304347827,0.0,0.9702422103958056,-0.28116350442177435,-0.6600390212255165,-1.7516048668119313,0.08467538559108008,0.12181144107112302,0.05493764461831239,0.12249037759002701,0.09292783267492415,0.005644283009403741,0.07772988094205162,0.26562677606941676,0.7636366266390664,0.5982907202491761,-29.032307342774093,0.7607007439086578,0.49507396783924107,-47.55317619533084,-0.06318786962362176,-0.018284264206886294,3.682937442827782,1.5654553336402828,1.569291233359325,0.07781076338862256
328.0399999997742,walk,walk,-0.0,0.45329483695652173,0.0,0.9713314305792765,-0.16000941004610256,-0.5209317866253639,-1.7460935399945499,0.07701421369124915,0.13468552868900874,0.0702207598382569,0.10346117050657312,0.12487810822334486,0.004971974894052548,0.08011781254378997,0.2605169008270559,0.7526076590698929,0.5910813149461747,-28.2393037361382,0.7551280535007773,0.49461115267372135,-46.47375199340949,-0.06534921144024375,-0.019731716439127925,3.7707742230571686,1.5661266171620194,1.5700761389866948,0.07500360195598714
328.05999999977416,walk,walk,-0.0,0.45329483695652173,0.0,0.9726771982202391,-0.06434900899778592,-0.35398909934584294,-1.7418623153985011,0.07010626210862753,0.14712753925515762,0.08592629808635242,0.08088085749011037,0.14794493661656524,0.0036514114194500023,0.08310023523073175,0.25014604947394714,0.7399552879697667,0.5808167245635987,-27.686972194623134,0.7470596550695359,0.4969136055955887,-44.418898123029834,-0.06789024357036683,-0.020319155603647235,3.947863856459426,1.5669383723367423,1.571061708307314,0.074622841340514
328.07999999977415,walk,walk,-0.0,0.45329483695652173,0.0,0.974310652097071,0.00412410521554146,-0.17176064599037252,-1.7391690783020313,0.0641764204729135,0.15877734243763544,0.10196883788201191,0.05703751827102164,0.15973652268398528,0.002076536295678371,0.08636452285426993,0.2375770333466457,0.7253575535749861,0.5672025617609024,-27.36144436092932,0.7361319273419308,0.4985548939952851,-41.94035446792753,-0.07054257393529322,-0.020056824386119845,4.186552115607336,1.5677986241391817,1.5719216468692303,0.07352816027160886
328.0999999997741,walk,walk,-0.0,0.45754076086956524,0.0,0.9762697503423664,0.04383488691630995,0.013504996879989925,-1.738404717652015,0.05926142519383784,0.1694790186024051,0.11876299561958976,0.03167948180702567,0.16105241749931792,0.0002920365808266089,0.08979633244977327,0.22460634792320922,0.7084049760814712,0.5503427174339295,-27.16591532841484,0.7218868499097129,0.49728050198650364,-39.3546320783564,-0.07302924227007333,-0.019917194917798045,4.387066558358188,1.5685705952328164,1.5725319742173434,0.07285173337731186
328.1199999997741,walk,walk,-0.0,0.45754076086956524,0.0,0.9785921038683275,0.05458611916968396,0.1922689987661955,-1.7416634603362096,0.05512598172598074,0.17947916180349197,0.13654716703409925,0.006364098117386612,0.1543389574427463,-0.003590016182546939,0.09327239498208045,0.23391938235037607,0.6886115956128741,0.5294986751327515,-27.139585867588867,0.7038392903769736,0.4937189456472397,-36.45855027596275,-0.07514857202405743,-0.020215568318963054,4.511913083409544,1.569202661654061,1.5730169660360098,0.07411043800165104
328.1399999997741,walk,walk,-0.0,0.45754076086956524,0.0,0.9812520599560869,0.03923894919707403,0.36449415880875763,-1.7493744232884865,0.05115782978302986,0.18888452252938379,0.15265063841127327,-0.015904816997078103,0.14904532496948722,-0.007547434296492133,0.09534804353075159,0.2484244727315814,0.6659202758169156,0.5098375764141083,-26.37242173880285,0.6819741582991087,0.48926020529365544,-33.03564781801326,-0.07673919778930337,-0.02092412039637566,4.5531807788279295,1.5697169530708108,1.573472029803741,0.07652932076227947
328.1599999997741,walk,walk,-0.0,0.45754076086956524,0.0,0.9841581564801605,-0.0001005165121989998,0.5365484465783471,-1.760926911994175,0.04693748690471337,0.19738825591664919,0.1646128726108514,-0.03663278126479927,0.14963262957898346,-0.010655232314311333,0.0959772322834323,0.26323892045997765,0.6407734887865582,0.48998222615814213,-25.230917294234402,0.6567094108357046,0.4830848064670563,-29.33990631957063,-0.07765986243850787,-0.021829077228903773,4.517315894622886,1.570069736155512,1.5736649225414276,0.07832959255884298
328.17999999977405,walk,walk,-0.0,0.4617866847826087,0.0,0.9871877903218902,-0.06173314628611828,0.7140748004685253,-1.7743329897202407,0.04234978117403645,0.20482339625786156,0.17090346081826463,-0.05588320649797114,0.15488691245857814,-0.011852500031381248,0.09540202163677151,0.2716186867624458,0.6139073327781015,0.47003648545837406,-23.851154118965244,0.628714452088166,0.47488690283393864,-25.566097696004924,-0.07783792516912726,-0.022573827952146533,4.430570850648671,1.5702716578647715,1.5735593794793368,0.0756885450227121
328.19999999977404,walk,walk,-0.0,0.4617866847826087,0.0,0.9902025941343284,-0.14187289988301274,0.8993505367902696,-1.7872980648878731,0.03745086597236684,0.211684456834328,0.17042218500975267,-0.07153082573660612,0.16174805941831993,-0.010998500268352984,0.09410093025049938,0.2751233216665688,0.5862417249391667,0.44998280074691777,-22.41597899948689,0.5989300430844917,0.4655824687728882,-21.73994132558823,-0.07736026757641394,-0.023009236156940463,4.321827214859736,1.5704327176413404,1.5731976807997108,0.06377960467808794
328.219999999774,walk,walk,-0.0,0.4617866847826087,0.0,0.9930590146774727,-0.23433881507539162,1.0914760044516243,-1.7981585490284038,0.032359832962414556,0.21833583072421667,0.16265920495635927,-0.08154628979454707,0.16754897509337977,-0.00871136250085892,0.09233247030628129,0.27496302691933644,0.5588576774425954,0.4313176360378266,-20.86386614954238,0.5685514110667427,0.4544535663375855,-18.22512647603519,-0.07620747422298171,-0.023085405305027965,4.186162086734016,1.5705650847629122,1.57270664283489,0.04916161803314879
328.239999999774,walk,walk,-0.0,0.4617866847826087,0.0,0.9956313879864113,-0.3313996060877622,1.2861444867592353,-1.8059702601425691,0.027302669230561332,0.2253075756126369,0.1483096768017152,-0.08472016782768108,0.16921934543847794,-0.0056319115089880625,0.09060182724660348,0.2722757232505929,0.5328098801635991,0.41371441748237614,-19.44196748693786,0.5388788602758035,0.4416777577648163,-15.232812361193455,-0.07444419580472418,-0.02309406287968159,4.010812979914484,1.5706674456070238,1.572134441039014,0.03331603299113282
328.259999999774,walk,walk,-0.0,0.4617866847826087,0.0,0.997828312192879,-0.42660470640308085,1.4758931528719985,-1.8116466184761377,0.022459688623713194,0.23288300693745964,0.12882033491330924,-0.082571353582631,0.16405059241159417,-0.0035282482834958478,0.08923239389930716,0.26795121782779685,0.5090264828432488,0.3973028149852753,-18.284990837300523,0.5111241426639467,0.4281071212539673,-12.82180944217739,-0.07221837520959998,-0.023226457834243777,3.797011838508581,1.570741223169352,1.5715952974692464,0.018964556210423693
328.27999999977396,walk,walk,-0.0,0.4617866847826087,0.0,0.9995982891705337,-0.5161382651836004,1.6518368688926002,-1.8184869283856753,0.01800716202901707,0.2412823653971535,0.10608460319663467,-0.07724130528002632,0.15114829786279688,-0.004970579734397546,0.08845039331554516,0.262802589148299,0.488235588361516,0.3821941998252869,-17.488783700655716,0.4862593448955449,0.41440344717597966,-11.030323382945687,-0.06973619410867056,-0.023561581224203113,3.5576526582000665,1.5707936544594772,1.5712227116287232,0.009016700899225709
328.29999999977395,walk,walk,-0.0,0.4617866847826087,0.0,1.0009276119617065,-0.5990822651713128,1.8063131861085135,-1.826104383939754,0.01416410220556424,0.24996809714448712,0.0821233789594283,-0.07149350049836173,0.13176467862355914,-0.0053698032828215225,0.08846255016270224,0.2581610190830889,0.4709258045052391,0.36891237762069706,-17.02914411213559,0.4649176644851337,0.40125427510833744,-9.82334778898817,-0.06727021855889373,-0.023917057737708095,3.333466229857683,1.5708359015179494,1.5710888004810095,0.004923307943671626
328.3199999997739,walk,walk,-0.0,0.4617866847826087,0.0,1.0018368671149724,-0.6773387225322776,1.93327925291037,-1.83294644701767,0.010865461750114436,0.2588096727821539,0.058802908558839156,-0.06769523823564345,0.10728643349200251,-0.004598504269320735,0.08946281713437428,0.25528011078676616,0.45727914786478135,0.3576277580509186,-16.884290628341457,0.44730211853316804,0.3892561581382752,-9.096940826659631,-0.06510219252091502,-0.02402206435799599,3.1689421309116437,1.5708779553163408,1.57117237178092,0.005944529095523686
328.3399999997739,walk,walk,-0.0,0.4617866847826087,0.0,1.0023692862091858,-0.7543435110215382,2.0291834462104514,-1.8382011136064034,0.007980343508043358,0.26771224089448065,0.03744705952161669,-0.06706406174918435,0.07999022959664065,-0.003368254781401306,0.09146541439823673,0.25419735765515883,0.44719291201672984,0.3482363906154633,-17.03227140632275,0.4332390171668776,0.3790327694664002,-8.678152571542276,-0.06335132307386995,-0.023762022331357005,3.0726505914125823,1.5709259982605344,1.571440107463348,0.011212416679458935
328.3599999997739,walk,walk,-0.0,0.4617866847826087,0.0,1.0025767135074384,-0.83349334577158,2.093668090907458,-1.841768145292332,0.005350539410387237,0.27658849481403697,0.01874143319508587,-0.06933275146040987,0.05272771478325645,-0.00217257020810639,0.09432400557223809,0.25394072802506507,0.4403574536095462,0.340302565361023,-17.47977286775308,0.42232663388041464,0.37111256387329106,-8.38195319961571,-0.062064404566457204,-0.02302806191146374,3.053853702298752,1.5709841965662823,1.5717683288217068,0.017608329641415697
328.3799999997739,walk,walk,-0.0,0.4617866847826087,0.0,1.0025085381811387,-0.916375503033181,2.1293803730173058,-1.8440833417047438,0.0028427593820722625,0.28538956785264025,0.002821380405369344,-0.07270621891286878,0.028070690006737575,-0.001452794263713082,0.09770427954417767,0.25322115709740445,0.43632803623640803,0.33331919577217106,-18.22684260725133,0.41411559936927217,0.3658031311283112,-8.06742328717115,-0.06123489282256391,-0.021827356144785884,3.1085503753069625,1.5710505190833002,1.572008027038026,0.02167944825236038
328.39999999977385,walk,walk,-0.0,0.4617866847826087,0.0,1.0022051844818516,-1.001586541285876,2.141116041768174,-1.8460318739903854,0.0004275006922139866,0.2939773308371737,-0.010618478585344267,-0.07449999152403597,0.007710030721493298,-0.0015481524093487675,0.10126795932697566,0.25043290777164157,0.4345815575184949,0.3263276305446625,-19.347296880865347,0.4082633353734062,0.3635287966976166,-7.6054192857085,-0.06079780598015075,-0.020352586358785632,3.2127853956072046,1.5711157525699233,1.5719963612914563,0.019829541102042176
328.41999999977384,walk,walk,-0.0,0.4617866847826087,0.0,1.0017039979567923,-1.0821833174047273,2.135541646863088,-1.847224747317657,-0.0017821999481930596,0.3021179213112663,-0.021414030705515064,-0.06929219946837574,-0.006522121740585336,-0.0009497756914901173,0.10472938779718308,0.2608765523052813,0.4343754305960841,0.31770435836410527,-20.981228904099982,0.4045931161269865,0.36513573792076115,-6.824052873689143,-0.06065791664314502,-0.01877509541809559,3.3438967699004443,1.5711658022577177,1.5716341000929952,0.010085073257609628
328.4399999997738,walk,walk,-0.0,0.4617866847826087,0.0,1.0010363045184416,-1.1443755655753336,2.118009573694442,-1.8472100437882413,-0.0034788390223885806,0.30938765895607145,-0.030342935925808317,-0.05160442177853732,-0.016405705089917212,-0.00016720614929487945,0.10803832216551164,0.2809210415766139,0.4347894610296992,0.3052545275936127,-23.34309260548549,0.4032353384540832,0.37228725221252446,-5.4703586647007665,-0.06063914142141695,-0.01726801246404648,3.4689177044869255,1.57118380099993,1.5708613314614177,-0.008546209238572584
328.4599999997738,walk,walk,-0.0,0.4617866847826087,0.0,1.0002141514416127,-1.170856520005114,2.09299736853153,-1.8465198224839288,-0.0043325616879721284,0.3148425777185881,-0.038432700458989,-0.01816844786435328,-0.022457076177589564,0.0003037457810719296,0.1114338998973398,0.30977703639801885,0.4350470743930581,0.28582976129150395,-26.87444596125261,0.40479260170360604,0.38847122457122807,-3.063320778172804,-0.0606277122965859,-0.01614615619182587,3.5579007676946883,1.5711522036591752,1.5696235516056896,-0.036964717828991765
328.4799999997738,walk,walk,-0.0,0.4617866847826087,0.0,0.9992323683683983,-1.142797591259422,2.0702461841344904,-1.8464133322497451,-0.004752880201063306,0.31647305344039683,-0.046188095554014943,0.031731157602923665,-0.019017426993004943,-0.00029095571407812223,0.11545422350750385,0.36296609662787616,0.4346116886954017,0.2567168560276032,-31.985246409982764,0.41505186824532914,0.4208188739070893,0.19509822412032873,-0.06048681208104236,-0.01590986102819443,3.557990346190726,1.5710487762084855,1.56784773366009,-0.0762695924354819
328.49999999977376,walk,walk,-0.0,0.4617866847826087,0.0,0.9981687871553487,-1.073195590638501,2.0623324388810538,-1.8678306561528473,-0.006472531864070741,0.31073158940833,-0.048265676141484,0.06526841174025151,-0.004066509612832982,-0.02208811957621827,0.12115285148662568,0.44278542008550315,0.4332905829433374,0.22190294530487065,-37.95660999975906,0.45274948610062604,0.48613623645401005,2.8954421094036995,-0.06002890955443536,-0.017778444290161136,3.3538595124699695,1.5707588277875708,1.5657336854324222,-0.11487929738339547
328.51999999977375,walk,walk,-0.0,0.4617866847826087,0.0,0.9970147005745733,-1.0328069173215708,2.087375448562492,-1.905527404042521,-0.008193492032091852,0.2882166332264546,-0.05086277452536318,0.030501522461017557,0.02741258897592755,-0.032183020548102126,0.12943650249272085,0.5370828070583551,0.43463172264646815,0.20430962112045292,-41.58459723118911,0.5439656470804294,0.5896095421562195,0.5109549818734802,-0.05887117586764532,-0.023559437319636348,2.758473131930761,1.5696584793296742,1.5634224687651277,-0.1144762339835361
328.5399999997737,walk,walk,-0.0,0.4617866847826087,0.0,0.9958352379179242,-1.1106303121153605,2.1306924753507115,-1.935021360645568,-0.005065430437550219,0.2544131365866105,-0.050085058923925084,-0.08274328155680692,0.04076849297726942,-0.024360610906515992,0.1359900647140557,0.5889540060531284,0.44142682034701963,0.20321766402816777,-43.4241753998257,0.6576166655437174,0.6855268340954781,-4.2973606634939685,-0.05675286014618816,-0.028131243959069255,2.1681794129945944,1.5682877693490003,1.5624748964742303,-0.09818972062087047
328.5599999997737,walk,walk,-0.0,0.4617866847826087,0.0,0.9948569386684037,-1.3267106647536202,2.160167369983544,-1.9506242292818092,0.0022516344766172567,0.2268973587797332,-0.03985077032910966,-0.2017665352926535,0.024351326130770283,-0.011629045502595536,0.13623089471454505,0.5804145471671969,0.45118187321385406,0.20918927457427983,-44.32109610284658,0.7454637543750231,0.7505508207181693,-6.105510054778245,-0.05431766780456435,-0.028041850030422213,1.9649739715930055,1.5678539088273307,1.5639224343881488,-0.08761692428242385
328.5799999997737,walk,walk,-0.0,0.4617866847826087,0.0,0.9941588008483736,-1.613072989092839,2.1797179736760377,-1.9562297333469514,0.00942175534846648,0.21557045841403538,-0.02538350501909651,-0.253615793989028,0.017510840514419587,-0.003461977603821659,0.13578957765015146,0.5447420499216149,0.45999210536003987,0.21552238729095463,-44.68591404104508,0.7941974780567911,0.7917977881083489,-4.276929945027423,-0.052780391322100294,-0.030153391137719157,1.7273557228405374,1.567752924709943,1.5659281120583892,-0.04275408156840286
328.5999999997737,walk,walk,-0.0,0.4617866847826087,0.0,0.9936530345135404,-1.8947330477664222,2.213522856579772,-1.9602702364489863,0.014429361093039578,0.21616086139829097,-0.013461253351107552,-0.24266874500300645,0.032422385744547616,-0.002491873403571712,0.13687611316114265,0.5074040168056098,0.4660843639085573,0.21993670728302006,-44.77665051986619,0.813232254730275,0.8164637696394921,-0.9022010461416035,-0.05273660335961465,-0.03222291097044945,1.6398290724005504,1.5677872660968377,1.5690149937704683,0.02908374046891875
328.61999999977365,walk,walk,-0.0,0.4617866847826087,0.0,0.9932275447855985,-2.129700356330047,2.2729838012682837,-1.9702650150727978,0.018205970415128874,0.22058133369276597,-0.00609754616448591,-0.19869192328181767,0.055180994883884706,-0.007845675563755669,0.1407048469968241,0.4814838436274316,0.4693031713672838,0.21862516667938237,-45.372477093425395,0.8177762835525052,0.8345487501869202,2.6876769829777865,-0.05404586347674051,-0.027050313726067546,2.2338117377444027,1.5678764972545558,1.5697268203780532,0.04310799488941968
328.63999999977364,walk,walk,-0.0,0.4617866847826087,0.0,0.9928416685522503,-2.298918845088735,2.3582810541204906,-1.9818598125667042,0.021209916508203926,0.22389047898564285,-0.0006010285866178029,-0.14000679816420727,0.07750418174134871,-0.007088036612009031,0.14671275546529933,0.46329637512959465,0.46956534591967425,0.21479920413589482,-45.88353319223663,0.8183726135205983,0.8422454011092186,4.261323051499355,-0.05582288927133229,-0.017285178601741794,3.1801048145746384,1.5678848697974255,1.5672589161381603,-0.015574232983459172
328.6599999997736,walk,walk,-0.0,0.4617866847826087,0.0,0.9925309405948864,-2.3994422999228613,2.4691428083991025,-1.99474143976324,0.023697444424306217,0.225008209209349,0.006864921251994091,-0.07980164549193952,0.09984867831399906,-0.007564910366829089,0.15649707533090026,0.5051376837472614,0.4664872845816279,0.20982334878540043,-45.97044021998066,0.8184292576375545,0.842376300359726,4.308136219401389,-0.05713384182984033,-0.008955246955156329,3.9241634531879814,1.5677719045036431,1.564220897196281,-0.08453674211932563
328.6799999997736,walk,walk,-0.0,0.4617866847826087,0.0,0.9923854336642328,-2.4378401271119805,2.595702619571296,-1.997888764704004,0.026588091935503766,0.22276941659636446,0.017467801278567438,-0.027108422658691397,0.11111513659704042,0.003237477328061973,0.1707537190838109,0.6084473679850588,0.45932233037083264,0.20492927100753788,-45.25371409353031,0.8170727391747258,0.8393308308372498,4.128878287078068,-0.05768676197933255,-0.006157501786947253,4.150926552908072,1.5672377820998993,1.5618396115437627,-0.11478018709728792
328.6999999997736,walk,walk,-0.0,0.4617866847826087,0.0,0.9925577250777534,-2.414985946406577,2.713072110011366,-1.9805053682217475,0.030291706965004283,0.22104550316541804,0.03345278469791425,0.02604864958838187,0.09901189684516219,0.021534743911549872,0.18505894590684357,0.7042058682561512,0.44605646586744757,0.1984965589294434,-43.55789301916339,0.8062165074463447,0.8194406565675736,3.3005585452131525,-0.0577529505940571,-0.00672734081745148,4.08533937744966,1.5660479043369055,1.5598575354502082,-0.1115913575483441
328.71999999977356,walk,walk,-0.0,0.4617866847826087,0.0,0.9932558094880886,-2.307211846760036,2.7865340296992414,-1.9562383675906594,0.03523789423232097,0.2274390930100127,0.05673578857173459,0.10385755605421908,0.05593089563381961,0.0231542414600388,0.18657015850124517,0.7079440429527455,0.4222075243379058,0.18948743608093266,-40.07477017201449,0.7708418964115722,0.7670252055326701,2.258192502931005,-0.057808937732952016,-0.008016641438007358,3.987209982610339,1.5641895041086222,1.5574041356280923,-0.10322095210547938
328.73999999977354,walk,walk,-0.0,0.4617866847826087,0.0,0.9944891721417103,-2.0704721536641313,2.8048275606441733,-1.9277775377920594,0.04055642478854429,0.24191773658684404,0.07765086211977834,0.22173059155521882,0.007436439312628276,0.026476600730229054,0.18817701833912365,0.7125428930911237,0.38405093815848057,0.17870823409652714,-34.05160990263599,0.7059667101904527,0.6972235415527821,3.7833636490397886,-0.05826682916092066,-0.006485692411661151,4.172973554151187,1.562030090622227,1.5551282915235043,-0.09738538190596108
328.7599999997735,walk,walk,-0.0,0.4617866847826087,0.0,0.9959966775267088,-1.6422221120253215,2.7858172665479186,-1.868924100620995,0.045993836944545896,0.2656920001791167,0.08535543092053624,0.39607651264242255,-0.023410254891802994,0.056508064065133604,0.18737396089618433,0.7175712493103024,0.3281490337577851,0.16114751365280156,-25.77617210023028,0.6106683985934069,0.5964122947702408,5.32332144046442,-0.05926497530180783,-0.003926075249910357,4.490019555537672,1.5610461120332573,1.5564060092851997,-0.08774071249292614
328.7799999997735,walk,walk,-0.0,0.4617866847826087,0.0,0.9968684892681867,-0.984370627651147,2.809065418083662,-1.76940849685934,0.046628105777292386,0.29512308559204525,0.04672962741351745,0.6003381212609085,0.024237527072193572,0.09931962444524622,0.17974579693972334,0.7159547037315384,0.26423638443513425,0.16441587474441532,-13.042603618195466,0.5126505619340952,0.5086950447807312,8.951213688661433,-0.0603046113948925,-0.0037662379443645505,4.556865108353729,1.5608955782656373,1.5593921218947053,-0.034011767817904645
328.7999999997735,walk,walk,-0.0,0.4617866847826087,0.0,0.9974611566572898,-0.3187968968102565,2.9586718364305344,-1.7715612584205493,0.012594063111658654,0.34141882042801774,0.0505460023940394,0.5698058953077921,0.14294387457296853,-0.013010581012758853,0.16657849831431384,0.6172394950358838,0.27853437038731593,0.3055224802742005,3.3365524621815235,0.511976103801782,0.43622691300010685,-14.102090647844753,-0.06215197405457383,-0.01765505895018578,3.6655743435413592,1.5620432680865204,1.5671279870853305,0.08227422649800809
328.8199999997735,walk,walk,-0.0,0.4617866847826087,0.0,0.9975874076144978,0.1758708591603624,3.2031288148047006,-1.7410763742955742,-0.014455230257652576,0.32488109670335835,0.02394698097216901,0.39824043798305137,0.22269040076512592,0.02860239777296968,0.17771145233831398,0.6467361499260043,0.4865996141030054,0.5745524701128006,-2.3960106592477395,0.5292970404341153,0.3732794907341004,-29.465675400297357,-0.0643272913113335,-0.05006318034138531,1.2539560135288135,1.5650245828737677,1.5725067540020228,0.07805669700459247
328.83999999977345,walk,walk,-0.0,0.4617866847826087,0.0,0.9972319074748169,0.41814807379572694,3.382886716549161,-1.762844957905355,-0.007716486259930677,0.31253786845625264,-0.00562266839945957,0.18431431706886822,0.14725521057992288,-0.026393859536120078,0.2045591147670863,0.7354833713020259,0.7316252996458539,0.7402539395192862,-18.275319316243714,0.5417156004519295,0.3514019634971619,-35.236651183455336,-0.06673941030781289,-0.03364907316863537,2.774781249071086,1.5656355517270744,1.561692568747747,-0.10820505332552403
328.85999999977344,walk,walk,-0.0,0.4617866847826087,0.0,0.9971001152372104,0.48460451139115907,3.4467287796495296,-1.8708970440288935,0.004039970018244438,0.31280859918371584,-0.0018849713410050725,0.044619944902126,0.04429746176043166,-0.10530094222914127,0.2123618161673418,0.7365729570411697,0.89794560441002,0.8609510150203705,-19.777090417437975,0.5449446884071484,0.34526030089950566,-36.20120539964768,-0.06854388601014888,-0.014193195104599002,4.442679179606335,1.564125884728194,1.5571514845774055,-0.11376687264765936
328.8799999997734,walk,walk,-0.0,0.4617866847826087,0.0,0.9973008652593025,0.4382875115105729,3.4579746877976794,-1.9883707229910945,0.007638503546504887,0.3085723873708672,0.01062262160517676,-0.046735768022318915,0.007395092890908699,-0.09846138656682044,0.2159922610601278,0.7420427995604364,0.9855787250761022,0.9528815981397629,-12.774148434880978,0.540661585894605,0.3317281093845368,-37.28392788958955,-0.06910181023897465,-0.010284326225519183,4.7344830658317205,1.563138967225001,1.5588206511870504,-0.078244423661085
328.8999999997734,walk,walk,-0.0,0.46603260869565216,0.0,0.9976393011542262,0.33081218895179276,3.451792056430249,-2.0372938834311247,0.009609818360901409,0.30509444166364136,0.015247141026182532,-0.09788421377012635,-0.006981788704468332,-0.032505857193867047,0.21309194971247605,0.7300328130072845,1.013653009235271,1.0049922850379944,-3.733094192047438,0.5324412313252205,0.3174049046287537,-38.07162152324689,-0.06855769250776735,-0.012769854813814166,4.4318915344859855,1.5628570811305453,1.558768461732614,-0.0943551499202545
328.9199999997734,walk,walk,-0.0,0.46603260869565216,0.0,0.9979101281174753,0.24083432241853853,3.396052067924107,-2.0367225176038026,0.017830746910779818,0.32432420196959894,0.006090868905026805,-0.07396055619088489,-0.05623970055780147,0.0038837982193080196,0.19293052365805935,0.6449397422109918,0.9885327852476637,0.9952778902301789,3.273387060717798,0.5244656166868887,0.30517277982330326,-38.84406819417801,-0.06786009387060479,-0.020193967223167422,3.775629036697425,1.5627123727203163,1.5588564884797216,-0.09167171851788283
328.93999999977336,walk,walk,-0.0,0.46603260869565216,0.0,0.9978730516554446,0.19027784410490017,3.3009880859565417,-2.0277351801217436,0.025380747405293037,0.3641012071421912,-0.013722745192067613,-0.04118672563733004,-0.08587435222837117,0.007986500346372716,0.1674977502679407,0.5832591451073356,0.929505341177292,0.9633113082895279,10.845618017357804,0.5196342336660548,0.28236744668579106,-42.31206202136844,-0.06802733424422493,-0.0238683644682169,3.541039239300383,1.562731865028786,1.563665501116264,0.021970114792367088
328.95999999977334,walk,walk,-0.0,0.46603260869565216,0.0,0.997355863125284,0.11764557556011046,3.2159607674066355,-2.015058859716798,0.027661972904896123,0.4118282096692081,-0.03665378858181444,-0.07003715729996965,-0.07156158996390304,0.012052387594908287,0.15212394082415961,0.5911104612288446,0.8746955243658223,0.930810326004982,14.489190402809754,0.5177718363353,0.26696819927787785,-44.98568252035777,-0.06802881974112725,-0.008098247647285464,4.785016458940705,1.5627874797714851,1.5640187741205573,0.0287317979123198
328.9799999997733,walk,walk,-0.0,0.46603260869565216,0.0,0.9965390307143698,-0.027523012070762666,3.147403604797737,-1.9867410187821006,0.027900318742306578,0.46048912304919426,-0.04733954223792981,-0.13860748854870367,-0.05907504037346443,0.026908356782779162,0.14732970545994242,0.599942182700862,0.8287426926881873,0.8651830342063904,10.276199909624268,0.5155238592709586,0.25600583222007756,-46.526883607421524,-0.06674848464562864,0.013827231526374814,6.3617508009602055,1.5617631792924775,1.555531102506864,-0.11781308398220669
328.9999999997733,walk,walk,-0.0,0.46603260869565216,0.0,0.995632249190931,-0.2639915409307904,3.085024704118828,-1.9603076845476897,0.027550337111041944,0.5139231174723171,-0.04815012457664518,-0.21874483189163796,-0.05552967251073296,0.020822300609779305,0.14881218233749682,0.6099303376720214,0.7773045525542563,0.7934432562837601,7.089121592121269,0.5099653570159136,0.25974810984230046,-44.58109319133831,-0.06398432636643409,0.03206149935722351,7.56264085217756,1.557234986896557,1.5436672608316422,-0.14607499298840118
329.0199999997733,walk,walk,-0.0,0.46603260869565216,0.0,0.9948066290851588,-0.5938051069377316,2.988612322046573,-1.9391890040566748,0.0289018091398137,0.5644166359564708,-0.043985011468913496,-0.2996863913614723,-0.09199033779032309,0.01713297258356299,0.14908663535025332,0.6210525852168994,0.7051861116759837,0.706852541531086,6.242733609515647,0.49875363128015265,0.2550705161342621,-42.99728310816581,-0.05735775086015297,0.029069554805755612,6.533024155854664,1.5513103471753116,1.539013721323061,-0.09231141223358935
329.0399999997733,walk,walk,-0.0,0.46603260869565216,0.0,0.9941083636499018,-1.0562587310913654,2.850734069658362,-1.9259104501007822,0.03167972286619673,0.6187301034649705,-0.03679437415732001,-0.4211572590547665,-0.12500601731949354,0.0069841555258321995,0.14834567451441844,0.6333942668714378,0.6214614611429318,0.632946343387127,8.946005784790618,0.47946792511145614,0.2320310261497498,-43.065650338362516,-0.04971676715270871,0.009953603893518445,4.35229151537546,1.5478770227549172,1.5428601245344162,-0.024524419186191082
329.05999999977325,walk,walk,-0.0,0.46603260869565216,0.0,0.9933467774352454,-1.7045027732119231,2.7165179280027374,-1.9397792597686991,0.03303738117217838,0.6722720242339936,-0.03273133569581854,-0.5876152011996061,-0.1156334841359601,-0.019526562101522413,0.14536420577824868,0.6466315972937697,0.5437111463577399,0.5588772681007386,9.11118687064431,0.451471034271864,0.21113310124969487,-41.12899106304307,-0.04480271024550219,-0.008625018596649173,2.6366457826582437,1.5475233451755077,1.5504163506389141,0.07699990327251831
329.07999999977324,walk,walk,-0.0,0.46603260869565216,0.0,0.9923657304925738,-2.515546077005095,2.6226601027466145,-1.9605199279179895,0.031814537576789904,0.7224337050331128,-0.032434292857494565,-0.7328131728561615,-0.0776319309508924,-0.026882638374345354,0.13821549400221633,0.6455558342007395,0.48912873304640975,0.4802336182842255,4.361769771139427,0.41555521587541155,0.20739791658020024,-34.86724064488504,-0.043113370306200494,-0.015796235948801043,2.0921128430740215,1.5494276078831097,1.5563873753831268,0.10045203728455232
329.0999999997732,walk,walk,-0.0,0.46603260869565216,0.0,0.9923078518609293,-3.174533496446428,2.5518080360271593,-1.8545931897066923,0.02130258490333867,0.7338966434772546,0.036245206827185135,-0.5582646487355756,-0.07113793144702214,0.09621718040472833,0.1148748353578096,0.531619741218526,0.5251990116908636,0.37470836308097843,-30.291018383522847,0.36894937580783493,0.23879245784378056,-19.816739323099704,-0.044293357405192774,-0.008591513335704806,2.931615802524618,1.5510578571864628,1.5556813211128593,0.06408361094989731
329.1199999997732,walk,walk,-0.0,0.46603260869565216,0.0,0.9929865586520105,-3.64827443426124,2.481756440023256,-1.8058799462391197,0.01631382577157621,0.6879141891568333,0.07462127647109255,-0.395190151942425,-0.05983095766233243,0.03000860899841195,0.09383031944888962,0.31055394860725216,0.55905171155052,0.24849776294326786,-58.490830537767685,0.36595331378930696,0.3658213105449677,-0.05559808911511077,-0.04365924061311105,-0.003072298318147662,3.2028564977705694,1.5513413238960672,1.551978536224413,0.009990631283661074
329.1399999997732,walk,walk,-0.0,0.46603260869565216,0.0,0.9939716150608067,-3.976789059917014,2.521328583640591,-1.8552703213677515,-0.0021764934460801097,0.6145709717124997,0.09726082726425732,-0.27111277934474476,0.0549315188828526,-0.049025367016749186,0.11640307516658929,0.39102202034983535,0.57824632868816,0.23771617677307133,-62.780289981556045,0.4800909033074312,0.5300634738454819,-0.9920324567521206,-0.04034874311188574,-0.019649000093340876,1.4658616765665309,1.5514742084661537,1.5546307529271126,0.07424251814222538
329.15999999977316,walk,walk,-0.0,0.46603260869565216,0.0,0.9952672189419446,-4.2436733104884565,2.5891221241128624,-1.8817685475266108,-0.006902858854276198,0.5317783626031818,0.11188884675820987,-0.22807501763593516,0.058977340570960476,-0.013189419599205443,0.13614886655379702,0.5322260177641082,0.587403220845081,0.26837662723159794,-58.147232574856545,0.6092447832922177,0.6122078534612656,-9.921884893088496,-0.03561111473871087,-0.0319608498364687,0.02594974017912366,1.5536369663827732,1.5614304908499599,0.11048298714346322
329.17999999977314,walk,walk,-0.0,0.46603260869565216,0.0,0.9970513049959597,-4.473745364126558,2.5971530217486585,-1.8739663543136182,-0.0036799052660889987,0.4671263495894595,0.12822178869449904,-0.19621516386470644,-0.001371738308936051,0.008264952364437026,0.14683504458943308,0.6095607238199785,0.587801138108668,0.285707541967392,-54.41880178092016,0.678719361684847,0.6564801346907616,-9.437742601424823,-0.031835369394349444,-0.04575257580727339,-1.3186477871530689,1.5580596836982525,1.5673184164748073,0.07187175405197804
329.1999999997731,walk,walk,-0.0,0.46603260869565216,0.0,0.9991331052985813,-4.618087936656415,2.563282697209918,-1.8627609089484674,-0.003175695740365603,0.4228169616394502,0.13566946776269015,-0.11426515551855305,-0.03307687169186104,0.007153055642736083,0.15116741828452407,0.6355947450765473,0.5814020021840715,0.2864595439682007,-52.61334389557704,0.705329992326732,0.7013529625186921,-2.800823789649941,-0.03093471732362117,-0.0560490807518363,-2.051915068234667,1.5634008737462868,1.5728279811278463,0.05023341366883394
329.2199999997731,walk,walk,-0.0,0.46603260869565216,0.0,1.00115718948018,-4.653864167794091,2.52061499550179,-1.843132711575498,-0.005391873225408876,0.38718839784697073,0.12749276774659588,-0.02034009405404417,-0.038557645327652344,0.015441669447583337,0.14979068855054406,0.6258753303360578,0.5714414728342834,0.2878260996589661,-50.30170297477982,0.715912648619202,0.7282668037737012,1.3834775354941922,-0.032615673704123826,-0.048335354030132296,-1.161694167473191,1.57016601123366,1.5818101077288866,0.05232889551919423
329.2399999997731,walk,walk,-0.0,0.46603260869565216,0.0,1.0028248681399883,-4.599670401615318,2.4878371236299115,-1.795233162143247,-0.007058296505809508,0.3524099215940084,0.1061290561633143,0.05399057548418656,-0.030616078446408748,0.04336419400884286,0.15108106522054052,0.6174555692177222,0.5611876854963356,0.2905106630573273,-47.949633214933705,0.7249978403338464,0.7460299164453745,3.0392092279169125,-0.035126409172279986,-0.030465715751051906,0.5087971715093862,1.5760438828910819,1.5850023536891222,0.027762650064106387
329.2599999997731,walk,walk,-0.0,0.46603260869565216,0.0,1.0040066441259525,-4.477540075789254,2.463316716903474,-1.728889285797518,-0.0052356933866000935,0.31905617362144234,0.0788425710153039,0.11073033537541929,-0.025323484418682294,0.05671045636254449,0.15232613268948375,0.6099243647974592,0.5525559823695412,0.2847583081970215,-47.55276296190208,0.7354431784394375,0.7613589123288393,3.8153672802678438,-0.03665839451608281,-0.010671242326498034,2.1561792675926887,1.5771044213136287,1.5741539535061002,-0.09256325218309673
329.27999999977305,walk,walk,-0.0,0.46603260869565216,0.0,1.0046970015868162,-4.28029504177652,2.42283159590168,-1.6651826197883273,-0.00017373912935614647,0.29104833045228595,0.04949507078766152,0.17871498732516922,-0.042271354918146604,0.05124609628004424,0.15015463098755752,0.6029118076917682,0.5458434575762174,0.2860873725662232,-46.247341453866454,0.7417024419733371,0.7642137214938403,3.570007120411369,-0.03719523019115455,-0.007509275525808337,2.401927745309275,1.5748652106792076,1.566646163626063,-0.11722592954070792
329.29999999977304,walk,walk,-0.0,0.46603260869565216,0.0,1.004972589679523,-3.9573003098228687,2.364811642075892,-1.6143894771018972,0.00333389153919744,0.2720488165744368,0.025285043138505235,0.2965231959605571,-0.05504885191674993,0.03893976445171665,0.14850186422453926,0.5962921911179744,0.539278524880282,0.272270121837616,-47.561374181853395,0.7411444839709074,0.7563335255185366,2.8100797149751027,-0.03754886955691663,-0.013872484862804416,1.9144201885194334,1.5711169048763096,1.5630173080549121,-0.07026435041741283
329.319999999773,walk,walk,-0.0,0.46603260869565216,0.0,1.0050442227237253,-3.4858509623070257,2.301645540339181,-1.5755976171535278,0.003401532964371344,0.25445608806190945,0.01330410580271898,0.42648580859217167,-0.05754040251248336,0.028927832386442642,0.14842960095177837,0.5901295105930783,0.5302083151286381,0.2541555550346375,-48.99633303778938,0.7225097351220667,0.7201905746409893,1.1636946727957054,-0.03828024243014958,-0.017254415154457095,1.7237903118577405,1.5679584780719493,1.5616070379451394,-0.05408904654683959
329.339999999773,walk,walk,-0.0,0.46603260869565216,0.0,1.0050542620373029,-2.867417310626882,2.242891267309529,-1.5484228618004587,0.0010054012078714683,0.23568982786558887,0.007672070340001521,0.554732135729249,-0.05237804969714425,0.02012319272878804,0.14657391368715667,0.584223417445884,0.5171742918680868,0.24508676793670658,-47.97728075092132,0.6770322372717407,0.6643048238406182,1.4851751004658382,-0.03943841980404662,-0.015524610131978991,1.9788888949400252,1.5655471427645438,1.5594504040614248,-0.07177653649012897
329.359999999773,walk,walk,-0.0,0.46603260869565216,0.0,1.0050149055951998,-2.0702501581967256,2.189600089480923,-1.5284675448922582,-0.0018035877573976875,0.22036674850071672,0.0017950797862051112,0.7168326317990604,-0.0478063541505911,0.015626805577471432,0.1416368980672411,0.578275977546511,0.4989599142648576,0.2323558118591309,-46.593511088991576,0.6059551384780091,0.5933834996471405,3.611045766487754,-0.04096474615015183,-0.011688883602619174,2.4285030437112334,1.5638867308937472,1.5583764773741842,-0.08322759699781303
329.37999999977296,walk,walk,-0.0,0.46603260869565216,0.0,1.0048182005632038,-1.0153249390944805,2.152229309368957,-1.5050865193376743,-0.0054171550281072135,0.21404981686362357,-0.009338019226017609,0.9521802760757857,-0.03194683866321731,0.021215336930668443,0.12927159486091963,0.5354794323985633,0.4739663639181387,0.21631030109024052,-44.471484316762556,0.525395019846145,0.5200516518602372,5.668528963214671,-0.04294387930872202,-0.007753546535968783,2.9277106034199205,1.5630697904162218,1.5582479380950809,-0.09534838345994973
329.39999999977294,walk,walk,-0.0,0.46603260869565216,0.0,1.0042767817976914,0.3712483743762185,2.1574044607863616,-1.4655713335286293,-0.01034659550557021,0.2308749836739165,-0.029390475604908112,1.2552561315204318,0.01110853385721352,0.03816376254367026,0.10793788337950268,0.4432395933699059,0.4413417519050275,0.2186515119323731,-37.66162902579693,0.46454132326916986,0.43746165301895146,0.2713254252028383,-0.045978984837166274,-0.006048611551523211,3.3704280837614347,1.5628544235964423,1.5596456968173862,-0.07439786263254763
329.4199999997729,walk,walk,-0.0,0.46603260869565216,0.0,1.0039572963089114,1.7309859232939868,2.215598004611999,-1.4971223217062402,-0.016904435567928783,0.2503194233120199,-0.013510288729002614,1.161474636271555,0.05384681056311442,-0.04166191799450647,0.08639311626115947,0.2752085028490876,0.4051447030922403,0.28827775385475163,-18.248993105484406,0.4936024422669901,0.3327227618942261,-31.87148193420248,-0.04929087203527502,-0.007792490720748904,3.5066780190273965,1.5628084815708483,1.5619733774051547,-0.019848450188184055
329.4399999997729,walk,walk,-0.0,0.46603260869565216,0.0,1.0039436138816806,2.6581697051463467,2.328309083962589,-1.4825013104955704,-0.024235838837490378,0.22016200049627097,0.002376060325891124,0.7516204565812505,0.10686584734415562,0.01791222828945854,0.09720575672089259,0.3359622960282355,0.4638297636931842,0.5030380424509049,1.6310289178800055,0.5282676297087118,0.20635912683105473,-60.637957452849726,-0.05093181355818735,-0.025348165258765223,2.1268033639221025,1.5644188374036054,1.5707806230471015,0.09471253128765589
329.4599999997729,walk,walk,-0.0,0.46603260869565216,0.0,1.0043919730901871,3.215330116949997,2.4449732440960825,-1.4421196880385525,-0.025772082324928527,0.21502844349368475,0.023874174141211776,0.45296566907170527,0.10248631624011392,0.031344252782394874,0.11328143448423483,0.45732223061673616,0.583642689064754,0.6049446698675156,-6.105936036717161,0.5437472490574042,0.2043069985160828,-62.30345810079759,-0.05322060522908042,-0.024754299968481067,2.40165646393459,1.5677573432954983,1.5749748640642047,0.060274320875412984
329.4799999997729,walk,walk,-0.0,0.46603260869565216,0.0,1.0053856303549824,3.6301015675636643,2.4892230474963744,-1.3968493396794914,-0.02004491088798658,0.23429291728352059,0.04056087289701059,0.3521118624613266,0.031302367630496084,0.03989742786112936,0.12121689899947095,0.5130031898809815,0.6754405323343695,0.6692820724496842,-8.418934614286133,0.5476667942218423,0.23192570474243168,-57.145288050506146,-0.057783099045598016,-0.013643513619899753,3.787359601714924,1.5707894000702596,1.5765084682912112,0.04237061740571825
329.49999999977285,walk,walk,-0.0,0.46603260869565216,0.0,1.0067340709674133,4.004779267885273,2.454555278625157,-1.36349555789733,-0.01567025498652438,0.2605721239507208,0.04597087749831341,0.3225942943778095,-0.035813176501230976,0.028915367007398926,0.12306212889673887,0.520253070071698,0.7234441207004533,0.7198209252605439,-4.429901929046924,0.5458561405981756,0.2467177298316956,-53.715938109578566,-0.06381326900408876,-0.004544376581907275,5.078597660035852,1.5721880173797578,1.5757201950014115,0.04740764726053845
329.51999999977284,walk,walk,-0.0,0.46603260869565216,0.0,1.0081381780934873,4.354285252533165,2.383999951887229,-1.3307495948482457,-0.0157894602987543,0.2831050080886668,0.04068618462509231,0.30095437908186135,-0.06111717380003862,0.03455204720457416,0.12866390203239464,0.5302569713735682,0.7496237888682488,0.7622554444173575,0.1885282017403549,0.5418505008361258,0.24923417832946781,-52.370662081778235,-0.06974803897003497,-0.004066503793001178,5.581628141148872,1.5726892142921207,1.5764021950722218,0.07782840301938124
329.5399999997728,walk,walk,-0.0,0.46603260869565216,0.0,1.0093606848489884,4.682368936139678,2.332303012258032,-1.296019068370102,-0.017702551428949893,0.30316733876489593,0.029561620243879944,0.2827887927233957,-0.038080272622226845,0.03311841630585021,0.13742849448763847,0.5393063252751809,0.7651093445257717,0.7769434091100693,0.8984076388654503,0.5382910125213238,0.25332079198455815,-51.02702535261499,-0.07530577239086143,-0.006060390919446948,5.848576811133676,1.57275313636068,1.5715364555776596,-0.03136689395622421
329.5599999997728,walk,walk,-0.0,0.46603260869565216,0.0,1.0103225031978533,4.976298888212327,2.315993237428182,-1.2936701528899415,-0.017859649647460292,0.3226710381280963,0.016645169697086987,0.2520751404872487,-0.010610250179312237,-0.0018395764725544043,0.14341553437212698,0.5174234175523751,0.7667094105373827,0.775417388642788,1.4747045006766268,0.5357435795468207,0.2559086170444489,-50.17499597187718,-0.07963773103167734,-0.007673691213130954,5.994146564306555,1.5728706902253495,1.5754590139672637,0.06029050261460204
329.5799999997728,walk,walk,-0.0,0.46603260869565216,0.0,1.0109806426682502,5.185668580090283,2.335696571227739,-1.2979563407421357,-0.01755539537799494,0.33431097859056447,0.002507308805833608,0.1710689510812373,0.020690588010010842,-0.0043872671906351425,0.14664976678815464,0.49275611596704505,0.7614528872424403,0.7744999539504052,2.7797113106832327,0.5333729599503988,0.25883618857955937,-49.236014771906866,-0.08234538391885109,-0.014998327195644381,5.532949234299614,1.57301248147641,1.575742718106556,0.06343735677370406
329.59999999977276,walk,walk,-0.0,0.46603260869565216,0.0,1.0112961176841877,5.270140444421208,2.366638959955239,-1.304672141365539,-0.016528098379982387,0.344487777354899,-0.015799235845770115,0.05926836168059395,0.025849134946326954,-0.009510502086985884,0.14887258790234195,0.5535804428563244,0.7606778366130115,0.7860114362487793,4.607515270396926,0.5306529449429135,0.26181212928390507,-48.18503377584131,-0.08323495659035232,-0.011900468915700915,5.747921822505,1.5729792062220525,1.570498493774283,-0.06014057391376646
329.61999999977274,walk,walk,-0.0,0.46603260869565216,0.0,1.0112358627697293,5.236193901143958,2.378393133321522,-1.3156448151074658,-0.014700807616696322,0.358266077198172,-0.03815991930988543,-0.041483903189421814,0.0059057890556975775,-0.010318810558451026,0.1456871867061103,0.5606211171608582,0.7666472434271333,0.794384331668377,4.503502803368291,0.5280968820595681,0.26680687930679325,-46.83741078980285,-0.08212173159794987,0.0008560910820960971,6.570307103631883,1.5710366498970285,1.5628930584475875,-0.128178275910581
329.6399999997727,walk,walk,-0.0,0.46603260869565216,0.0,1.0108638683527964,5.1141945344487825,2.3612689510193308,-1.32594303070351,-0.012746530571957607,0.377249017052221,-0.056909556438124995,-0.11489134256531941,-0.01895591322410756,-0.0072936098000345,0.14527666083506877,0.5684751376704171,0.7678977116637675,0.7818185475120545,2.4418434771385416,0.5257243035761044,0.2684649315128327,-46.122139629731855,-0.07905406812099966,0.008325167745351789,6.816201064625177,1.5675370156179045,1.5583446764335513,-0.10508442152737221
329.6599999997727,walk,walk,-0.0,0.46603260869565216,0.0,1.0102461489240735,4.915991109956471,2.3288806433474343,-1.3355818074795252,-0.01134733446579409,0.4006451725439825,-0.07085384257904935,-0.1810995449742574,-0.03015811202128523,-0.005900694807482024,0.14486087373106757,0.576964185430492,0.7561108120374186,0.7608768225113154,1.8621271919766886,0.5230150363863441,0.2670121577033997,-45.868058405911235,-0.07490001208631329,0.000492476671934125,5.801017634836632,1.565009671406846,1.5585781087115884,-0.08009738230522835
329.6799999997727,walk,walk,-0.0,0.4617866847826087,0.0,1.0094044754537421,4.628905157649925,2.3017514592408976,-1.343582188392358,-0.010700953983536526,0.42683978956841917,-0.08141102604275127,-0.2608533727798648,-0.023319918629678655,-0.004915410744501124,0.14405684996460372,0.5859743161244525,0.7318066270388971,0.734480436185956,2.492426973863054,0.5192366707323008,0.26216582324600224,-45.97757379053051,-0.07090457810289884,-0.01179623901844025,4.5092477157127435,1.5642741122654877,1.5599409335241199,-0.09068681419316084
329.6999999997727,walk,walk,-0.0,0.313179347826087,0.0,1.0083854465569984,4.218092693799027,2.2857600246693033,-1.3490398240875108,-0.00993378840161512,0.4522975811637356,-0.08771554378562475,-0.3738165138456328,-0.013679088638800236,-0.003238019958847224,0.14148188685052004,0.5952941516739795,0.6924578309465829,0.6885047194013596,2.5403418005139056,0.5128481836244212,0.25615073111152653,-45.71020419911424,-0.06802424316610445,-0.018464370816946032,3.8107100105484952,1.5640918166447844,1.5603864614800096,-0.08706642021041441
329.71999999977265,walk,walk,-0.0,0.2537364130434782,0.0,1.0072370151609882,3.6373171440009293,2.273953822134286,-1.3578736419650568,-0.00855679239546361,0.4766763036289934,-0.09078222133656096,-0.5270090873704812,-0.011639072651617233,-0.00796794208671922,0.13797383374866873,0.6047597706511374,0.6318308007393298,0.620477684999466,2.97616439476886,0.5019572359341408,0.2497009125003815,-44.56557842869795,-0.06602594539875609,-0.018468401581048968,3.696574724138239,1.5639683412325944,1.5609835808113695,-0.0705633530170581
329.73999999977264,walk,walk,-0.0,0.011718749999999998,0.0,1.005875316652168,2.7947659032052075,2.2652789984251562,-1.3746293442345188,-0.006866958682084222,0.49074061448388495,-0.09619097931053201,-0.7683936460611769,-0.009015652701913858,-0.015939822785337968,0.13267720801926428,0.6137724122554985,0.5497730414911693,0.5351072933921814,4.160587677649506,0.48486978551186594,0.24715764191246037,-41.47592500737072,-0.06373021786166658,-0.011021911352872851,4.08859031064442,1.563833936840127,1.5601997946337343,-0.08624454562721223
329.7599999997726,walk,walk,-0.0,-0.0,0.0,1.0038125104683293,1.5908889601410017,2.2912849960148534,-1.4105024156968242,-0.006077835567004411,0.49184076002857013,-0.12199847726762508,-1.093117967211993,0.025659034498861914,-0.03636735669468061,0.123809297590161,0.5987692841437505,0.4672396358314667,0.4619555261383057,5.835412236181629,0.4641222918864083,0.2643868711242676,-34.3622576339863,-0.059314396721281686,-0.004179044812917712,4.1598982469737615,1.563115339724668,1.557213311357844,-0.12016116875620897
329.7799999997726,walk,walk,-0.0,-0.0,0.0,1.0006243368606864,0.09411198045540238,2.379280600089409,-1.4458477133168304,-0.0067058797661879894,0.4945272418241449,-0.16682792806653923,-1.3465567928517936,0.08347943670108324,-0.03728653314946466,0.10421085050970053,0.5117320299546323,0.40719627401048814,0.3769756641635895,1.56542890074563,0.446969189339565,0.3057532396564484,-24.271177927836746,-0.0528090028938349,-0.004492576420307162,3.4686692483888435,1.5614894025892314,1.5545825811982632,-0.11330409173085122
329.7999999997726,walk,walk,-0.0,-0.0,0.0,0.9982930135760553,-1.0891116894707067,2.4954344864767295,-1.298598211822567,-0.020158195329030272,0.49781377276928346,-0.0920116033715253,-0.9925521714586049,0.09597494244896144,0.139352757588797,0.08011541145585879,0.33010514966757654,0.4762840456913687,0.2891166296253205,-39.71451858635814,0.4401979017502012,0.37918499972915654,-10.50813330497707,-0.04922917637054318,-0.009018319845199588,3.0309033234186797,1.5577607699998495,1.5481370764732838,-0.10274675104657863
329.81999999977256,walk,walk,-0.0,-0.0,0.0,0.9968156535422198,-1.8424509127238917,2.574294405374261,-1.2818201197942858,-0.022829137142169293,0.48398679086636864,-0.048733503655713724,-0.6061337312121466,0.06635755482387179,-0.002891316212332018,0.0820825289713482,0.3439874802750267,0.5348189414909996,0.19083146121597294,-66.39163695405142,0.5285519272578417,0.5906242516288758,3.394576109671215,-0.04616902291155747,-0.017041328549385074,2.155620384842218,1.555398336140233,1.5509954023123265,-0.0390979166524027
329.83999999977254,walk,walk,-0.0,-0.0,0.0,0.9961389916524749,-2.3105423562078427,2.5747128085007054,-1.3168224252249352,-0.01751004706657106,0.4342639695697824,-0.014644439475629278,-0.38633508971663005,-0.0069711026110973115,-0.032758480049362465,0.09035154957518947,0.34516999686832794,0.5668243311998404,0.2216543343315125,-64.56946736589656,0.6427722986127754,0.6600357529172898,-6.165064532303651,-0.04344866235197492,-0.02413654997944832,1.3939170389080588,1.5560267745526928,1.5620281224087358,0.11795761854334107
329.8599999997725,walk,walk,-0.0,-0.0,0.0,0.9962655157364851,-2.7013009500570737,2.476736920557815,-1.339833363185772,-0.00831499930795509,0.36736551508766185,0.01612816276090481,-0.3379909970219002,-0.09482828211285141,-0.02312424881848123,0.09658695124718346,0.338369222720163,0.5834687460508515,0.24509952333068852,-62.17587743534505,0.7127708249395919,0.7044722598443032,-7.000176373808449,-0.04109478362506953,-0.029989377781748774,0.7607417918704913,1.558247442389409,1.5648290564254403,0.08457528876640456
329.8799999997725,walk,walk,-0.0,-0.0,0.0,0.9969530147205771,-3.0522407358838475,2.314396420045185,-1.3552716366043376,-0.0020700857915791834,0.30795647564738393,0.03592088921038605,-0.3004048768842353,-0.14556770953359288,-0.02015442739900711,0.09462104354226764,0.33413760248850066,0.5911315307073423,0.2569939282188416,-60.73182755918494,0.7441621446124104,0.7445502087870837,-2.3843527764843975,-0.0389402264661238,-0.038811484538018706,-0.10980701138606436,1.5619056580795305,1.5706230563059926,0.08628511996915827
329.8999999997725,walk,walk,-0.0,-0.0,0.0,0.9977898260506731,-3.3184745517064256,2.1483345043579987,-1.3644275850938705,0.0006451784356104592,0.264771447869832,0.04037592459320122,-0.22114471844257377,-0.14209256242652935,-0.014967841039845194,0.09002134478107482,0.3249297669074276,0.5939531939418057,0.2690234270343781,-58.70444065370442,0.7549006816117307,0.7614683799842596,0.3584083148585062,-0.03847323542626167,-0.04296102020889521,-0.37829997708951685,1.5661400647324284,1.5741375082120777,0.05444453284810161
329.9199999997725,walk,walk,-0.0,-0.0,0.0,0.998433527080542,-3.480674297600733,2.0167967601239,-1.3722664965330678,0.0010074564692669208,0.23024883122402803,0.031575453592809236,-0.1303527348891295,-0.10972018761574355,-0.01355471324371425,0.09457784362047608,0.3254651430245486,0.5950864862110132,0.27486954000091557,-57.72707163083479,0.7605402196629208,0.7770263489732743,2.516361521293846,-0.03858010581407547,-0.02971768863499165,0.7124340026368942,1.570700668644857,1.5795044184610725,0.06109214143136643
329.93999999977245,walk,walk,-0.0,-0.0,0.06346127717391305,0.998706382836965,-3.5454572946914515,1.9400340874429527,-1.3333769522293692,0.0021871548883897873,0.19528285304432336,0.01622647530878959,-0.048128307192653076,-0.06250107350765,0.03861205337520645,0.10523218848435233,0.37798837666809715,0.5966056045587969,0.2792105164775849,-57.25004397481802,0.7655700958363456,0.7816012513289452,2.4843021670154295,-0.03860767780865888,-0.01841976419091225,1.6152121018527033,1.573701734442982,1.579169737449336,0.04151834328706788
329.95999999977244,walk,walk,-0.0,-0.0,0.25011209239130433,0.9985610904153335,-3.4986166465724313,1.9301452808240047,-1.191730673420573,0.004908954385340161,0.1602931858365938,3.540510346019925e-05,0.04902500719580252,-0.009351575183224624,0.13690982731218226,0.11589485007057891,0.39930290738855934,0.5987946925525579,0.276940771604538,-58.10238786136244,0.7713323246469491,0.7890262242803574,2.7189259076350876,-0.03820672283957977,-0.0072364352643489865,2.4530311842014494,1.5741720800975172,1.572180087021041,-0.05804781036766711
329.9799999997724,walk,walk,-0.0,-0.0,0.43676290760869557,0.998052950040213,-3.3177008579765936,1.9648920382439128,-0.8780096794971085,0.009505664163364494,0.12392891641797664,-0.015979866563797514,0.16334638271756505,0.01621433864466236,0.2976401207251788,0.12662483245013162,0.4028581298867223,0.6008294394465331,0.28328324225044255,-57.313364043385825,0.772316800286426,0.7836311173090935,1.9826064657309537,-0.037834828544945485,-0.00821700990200043,2.3490631408896805,1.5737392584119478,1.5683186457440734,-0.11811067133588304
329.9999999997724,walk,walk,-0.0,-0.0,0.623413722826087,0.9972421062333807,-2.9893091476434392,2.0238726729014274,-0.37218148478364904,0.012348797052087818,0.08937159431343183,-0.030724791866721488,0.28659874256299755,0.028240536467833744,0.4646522790537134,0.14045267075531723,0.4802996727196196,0.6018850327271197,0.2829367902526856,-57.48945329528176,0.7689031112060829,0.7790255111107827,2.113485763936817,-0.03768140314740441,-0.011343690752983096,2.1002625004384905,1.5729660608788838,1.5673514486238838,-0.11313956440831135
330.0199999997724,walk,walk,-0.0,-0.0,1.0233797554347828,0.9962417350419561,-2.5242969148986605,2.110564296368476,0.4433282552437946,0.012587686126274169,0.04013776359594908,-0.039336166608421375,0.39271263842035387,0.0432165658678721,0.7566490342907859,0.15739475013908316,0.5542221367750955,0.6011229782122328,0.27569044497108464,-58.518643901657654,0.7580236951780845,0.7594621286193133,1.1676103050243525,-0.038131588222027876,-0.013608324527740481,1.9888055111044034,1.5727194230178105,1.569975375472057,-0.06249288976533048
330.03999999977236,walk,walk,-0.0,-0.0,1.0900407608695653,0.9951688692299235,-1.938164662177737,2.235762316747201,1.5251876909199775,0.008197135458593813,-0.004369893380222907,-0.04048258876386606,0.4871025602250617,0.07689376093025552,0.9701875711725205,0.16554527435765634,0.5718369321647374,0.5976355645917005,0.2716874268302918,-58.40594960223639,0.7439259450803914,0.7425536636660099,0.8957636180119335,-0.039016183079554886,-0.013485743850469592,2.0909721108812946,1.5727060936236732,1.57191421677773,-0.01986200253335216
330.05999999977234,walk,walk,-0.0,-0.0,1.1300373641304349,0.9941378762853676,-1.2598465815053725,2.3882088796831358,2.743161202934507,0.0022567092199611556,-0.04177411653171336,-0.03648391702507383,0.5574472604513863,0.10641196621025621,1.0761700013588988,0.16695587877291468,0.5696833282815361,0.5909696624392248,0.2739002194652558,-56.56989305574835,0.7266839225346311,0.7199855123112202,0.19577223440842273,-0.040333223843291605,-0.015783085674047473,2.0373225368392425,1.5727202881845959,1.5720228061959625,-0.017948427178049505
330.0799999997723,walk,walk,-0.0,-0.0,1.1567017663043477,0.9932649388162079,-0.5021873121639674,2.5314943483529704,4.043382434875701,-0.0018139380574148814,-0.07535294929290386,-0.029449975070451058,0.6206028497422967,0.10613676531393608,1.1433887098785422,0.16278455581699594,0.5635921980428167,0.5803224351327169,0.2752099719295502,-54.112501154922114,0.6945204958452794,0.6800807502517701,0.051109659692712306,-0.04240223657679464,-0.01828752011060715,2.046016897702963,1.5726735861464742,1.5708007964253903,-0.044999841417693066
330.0999999997723,walk,walk,-0.0,-0.0,1.2100305706521741,0.9925810237417272,0.369870442358154,2.634922197473838,5.443768634317318,-0.0030988593375217265,-0.10531020554308052,-0.0234020341319899,0.7201589177608815,0.08478549383489528,1.234173300481372,0.1483387554192831,0.5148762942376995,0.564406142771031,0.26816807057952885,-52.111903001926464,0.6373219347755388,0.6222637083778382,2.0082102811377096,-0.04549749133712381,-0.017714767903089526,2.397912666719634,1.5724109571382996,1.567876217229712,-0.10336858451345532
330.1199999997723,walk,walk,-0.0,-0.0,1.2100305706521741,0.9921099430742863,1.3720277567019001,2.7020707682989302,6.908904009135107,-0.006121153798416155,-0.12368495514218633,-0.013054266357063641,0.8261746953474174,0.07889758748641951,1.2759157841661128,0.12274702007324638,0.41196390080625034,0.5423401700108094,0.26925895478820805,-47.52923456881483,0.5973871113064693,0.5412926908979416,-6.805646700105154,-0.0494042286614362,-0.013464949280023578,3.093929156660712,1.5707524790801293,1.5640444395080686,-0.10443371151069929
330.1399999997723,walk,walk,-0.0,-0.0,1.2233627717391304,0.9925404872482075,2.2218430639105793,2.7132717033640326,8.286130342068104,-0.0077456816297427995,-0.1335091211228636,0.03161827832766267,0.6581215835417181,0.04089956077256437,1.1900975315991527,0.09186057838699549,0.2266932894598566,0.5149312060276229,0.34636772539711,-28.267739856742516,0.6159520554998456,0.40672228601074223,-39.27142152773199,-0.05344008549175702,-0.0171894907951355,3.126563349937702,1.5701885213216522,1.5674399615213752,-0.055971193797891255
330.15999999977225,walk,walk,-0.0,-0.0,1.2233627717391304,0.9933516745635267,2.7480350257720483,2.7034765870894097,9.61761187794646,-0.010804691131935744,-0.1355529208297628,0.04573668548274906,0.36545601690605917,0.044458232024932424,1.1574205912644713,0.10710549426701671,0.3425421952735363,0.5534862557828835,0.5791167255887986,1.0487965978436895,0.6262828819233733,0.28929860260581974,-61.46716858338396,-0.05723605348912432,-0.032273736968636516,2.203524568191806,1.5701533131767678,1.5708000495046854,0.01645331545863857
330.17999999977224,walk,walk,-0.0,-0.0,1.2766915760869566,0.9944254055128184,3.052708136089786,2.669435118441634,10.954268046152656,-0.011093018989699714,-0.1152484304207542,0.05701082640167334,0.19414077223464074,0.02697088142792437,1.169414706810679,0.12494030653959798,0.4173164992521151,0.6524801557464714,0.684632324839592,-2.4467148472186313,0.6264800927982566,0.26962972548103337,-64.2774254408784,-0.06182312452558214,-0.026581605151295665,3.070154305346475,1.5702756447104487,1.5735701809585572,0.07773538842759946
330.1999999997722,walk,walk,-0.0,-0.0,1.2766915760869566,0.9959398721779834,3.2727868904828767,2.579277707624164,12.31706347968663,-0.0043264006165066,-0.08854872683353088,0.07353573375132101,0.1311781924491392,-0.01798186749573595,1.1948030036399138,0.13283479930080996,0.4467753225139412,0.7359018631184188,0.7373076931039095,-6.373073574511002,0.6193679317270728,0.2649762418518067,-63.27358130967162,-0.06821303449249719,-0.020759315416216853,4.15506827955588,1.5704053723062321,1.5722489080340147,0.04187459205227139
330.2199999997722,walk,walk,-0.0,-0.0,1.2766915760869566,0.9977801253204105,3.420537294528567,2.467446850720865,13.707896225737652,0.001896222911111862,-0.07098016313002257,0.08669855852138579,0.0661517227932334,-0.025809736509018563,1.2185320098574834,0.13987953041279444,0.4517773021546117,0.7844960598959888,0.7890540894517899,-3.0105687164662434,0.6065720202182111,0.2505590405712128,-63.12535065818964,-0.07505216568031843,-0.01889436058700085,4.87309770586301,1.570390703317449,1.5683561296150565,-0.04964846317696232
330.2399999997722,walk,walk,-0.0,-0.0,1.2900237771739131,0.9996929911073469,3.4877291903318315,2.3778846999170358,15.11349354100754,0.006029838358871225,-0.05945484462677664,0.09110961874528697,-0.0019528625978768033,-0.00010178067071038577,1.2286801148390862,0.1517196074276953,0.4723216132770185,0.8125913105159256,0.8305678900728226,1.0099501093604437,0.590145453701116,0.2373165872344971,-62.270332807893624,-0.08020166535059353,-0.018314215540885928,5.2290066254670835,1.5702957493525562,1.567427813349712,-0.06831837703851786
330.25999999977216,walk,walk,-0.0,-0.0,1.343352581521739,1.001502509536671,3.498179833160452,2.3189059423472163,16.550914274877222,0.010361738179272854,-0.05136592139659157,0.08786554255997082,-0.04767337561241273,0.02833944006758997,1.2588537701134992,0.16186618497223168,0.4991299155366999,0.8291940551705492,0.85205560293293,2.805589095741801,0.572325701583045,0.2303937461624146,-60.198613732332824,-0.0837816431965904,-0.021114289015531543,5.208172552612309,1.5701311600712489,1.565210464684713,-0.1171040817073222
330.27999999977214,walk,walk,-0.0,-0.0,1.343352581521739,1.003090140677583,3.4887211557527094,2.2808423798582442,17.98927810366172,0.017241222819784078,-0.03687259527618121,0.07739886857253993,-0.05923431102068284,0.04458354288294408,1.2511213831798662,0.16357640094710682,0.5093022672122715,0.833663883885668,0.8542887803564072,3.409729651409927,0.5553105614371997,0.2354286101112366,-56.28515672697104,-0.08556835047248414,-0.017715092003345492,5.523189613205723,1.5700231458411231,1.5671807260200858,-0.0677371895448536
330.2999999997721,walk,walk,-0.0,-0.0,1.343352581521739,1.0043567902541592,3.477016837894747,2.2471822869006797,19.426710458029355,0.026849408162235414,-0.02080716218062351,0.060341984628507636,-0.05969067100700745,0.0461135338732364,1.2540851901875945,0.16181499887908962,0.5124342753062231,0.8292933737150618,0.8529621448764801,4.6463507728547775,0.5405995528243117,0.23806593682861332,-53.33441996462762,-0.08553722051389873,-0.017971455305814746,5.398931769479514,1.5700435464061955,1.5706376445428014,0.013604283749691392
330.3199999997721,walk,walk,-0.0,-0.0,1.343352581521739,1.0052556488075393,3.4523094408118693,2.22217191934318,20.857923340584282,0.03749670865513957,-0.0029538452374597616,0.04213083892508536,-0.07233013077539496,0.05460487346345959,1.244906585953508,0.15602258380312,0.5013146141295421,0.8224620890525534,0.8464826133499146,4.897730350910044,0.5285102041965645,0.23134569194412236,-52.56585250647425,-0.08364904925012498,-0.016329086571931842,5.274038071457836,1.5700290493169935,1.5687816862896562,-0.030558102390003793
330.3399999997721,walk,walk,-0.0,-0.0,1.343352581521739,1.0058294532401169,3.385440438538581,2.227009450291961,22.285626334581732,0.048301339050415566,0.011881967992883836,0.029189556907437526,-0.11281645450971178,0.08208913430244838,1.2422388835913645,0.15048133835846533,0.48634490803738895,0.8144471070682823,0.831413799191475,3.7273127129034567,0.5179544765756726,0.2181772377738953,-53.15065685010612,-0.080171046105749,-0.015028487145900729,5.013117072510102,1.5694274873749954,1.5638474536076665,-0.11716540294238462
330.35999999977207,walk,walk,-0.0,-0.0,1.343352581521739,1.0061972852846883,3.2496347416189746,2.2823676259279613,23.71885285929879,0.05847859819340803,0.02336632560653811,0.024936829421838252,-0.17649331947387178,0.12619701977723652,1.244963160241372,0.14530180858118108,0.46949877509511667,0.794988391551655,0.7927353393683434,1.2253000101782852,0.5071087578521075,0.21292165782547,-52.12029148642467,-0.07545112463122258,-0.014608393609523776,4.6033628975213245,1.567421444439971,1.559905025450933,-0.11333339265728974
330.37999999977205,walk,walk,-0.0,-0.0,1.343352581521739,1.0064165159774299,3.017833650695225,2.3900617735748457,25.161679359393467,0.06879476935687442,0.03247154171988222,0.02300355742629127,-0.26520457925000696,0.1669686438545947,1.2518419473908444,0.13918634295038707,0.44814464879795135,0.7583583307722805,0.7483681489179135,1.2210451530553836,0.49458863587388835,0.2142520931015015,-49.49703941716012,-0.07020318649097942,-0.02076985985040665,3.665693637233815,1.5653528988899976,1.5590909396246553,-0.08715233857752161
330.39999999977204,walk,walk,-0.0,-0.0,1.343352581521739,1.0064978534497295,2.665235251965779,2.524154308101107,26.619910578121427,0.08152432705654354,0.04064831594847827,0.01895657272323712,-0.376708551481307,0.17985981230526876,1.2657191403115104,0.13196874907281705,0.4154365864028061,0.7054424644999091,0.6969866652438641,2.821603027961936,0.4792129092663675,0.2128497746238709,-46.761552241864784,-0.06499921084881065,-0.02504082135856152,2.9122150686626673,1.564762547310817,1.5611450460687757,-0.07677082812146901
330.419999999772,walk,walk,-0.0,-0.0,1.316688179347826,1.006475381147801,2.1602843316842346,2.642988237166861,28.08043314492918,0.09790280347437812,0.04864912560575534,0.013019351051496347,-0.5167360484271056,0.1516145862621764,1.2670059867364736,0.12332139581753696,0.3655991423760477,0.6363139588828577,0.6280098718056679,4.20129653037737,0.4590692599062405,0.20906571414566044,-43.44958252216416,-0.05974355862755174,-0.021868088468909266,2.742254401889686,1.5646953673520834,1.564153359545815,-0.012138602546993182
330.439999999772,walk,walk,-0.0,-0.0,1.316688179347826,1.006291429524928,1.4596058140081525,2.719975438194921,29.53712426603626,0.11706540304804644,0.053129350552124456,0.0013967924969532086,-0.6950887640626262,0.09901630321286985,1.2665560154097755,0.11224184741778293,0.35409867843889575,0.5564784584986641,0.548477568889618,5.152197973667457,0.43259817839228965,0.21043679978942875,-37.9522366248782,-0.054025918566439374,-0.014311972260475161,2.862992622950072,1.564772439353116,1.5665558756277442,0.04157336183112148
330.459999999772,walk,walk,-0.0,-0.0,1.316688179347826,1.0056511603747829,0.5158863632279459,2.7562334011089615,30.985696137787983,0.13747440027643,0.05083752344273443,-0.026002677449968262,-0.913453533434255,0.04577365452184935,1.2602944143071049,0.09754846963246418,0.36203678093407143,0.47760936915035146,0.4686235871562958,4.8939785346092695,0.4007451917020779,0.22683701779937748,-28.850576641510163,-0.04677313617787173,-0.00745649188756943,2.74150785026363,1.5649061338163792,1.567564950598824,0.06180768734961628
330.47999999977196,walk,walk,-0.0,-0.0,1.316688179347826,1.0046644247682124,-0.5260573918800596,2.7832526392681642,32.49458370862193,0.14676254628715915,0.0536918789760694,-0.033696173030238495,-0.9564515637707711,0.024960560488922368,1.3489603081256623,0.08340102852928034,0.33514481705312243,0.45304493464192086,0.3877702441463471,-10.19643467682909,0.3663963529000502,0.2675130453357697,-15.197429246469962,-0.03902363579093905,-0.005438327044248584,2.261514872118175,1.5650285469131424,1.5672070321575284,0.050375108442501065
330.49999999977194,walk,walk,-0.0,-0.0,1.316688179347826,1.0039049694147455,-1.1873271962728749,2.9498651380094483,33.97978964539178,0.13166175844603228,0.07998425120321542,-0.011934644195530045,-0.5910350915390352,0.1443549194173412,1.2767282948949426,0.09066755471103256,0.2600511674633647,0.48519198231719474,0.2674386885414124,-41.8252853504026,0.40787319072431955,0.45353881385421757,4.417922832838555,-0.032887155795321074,-0.0008659839630126981,2.2194838279844524,1.5650049221785234,1.5640701794013858,-0.02205935576916084
330.5199999997719,walk,walk,-0.0,-0.0,1.316688179347826,1.0032449477769627,-1.5132880140498237,3.2260683180702636,35.330926053381695,0.11895814594624193,0.07912309407305672,0.005716968479992603,-0.3177679003871555,0.22212613885734273,1.1692262011410077,0.11438240673313432,0.40182156146437914,0.5068637097200067,0.2547270741710663,-47.07336612524741,0.5448690318046456,0.5614466604242325,-8.627486695618703,-0.02780303959290963,0.004292123764753339,2.283989389482967,1.565008839786756,1.5651741393790126,0.003724518878838741
330.5399999997719,walk,walk,-0.0,-0.0,1.316688179347826,1.0030194672667059,-1.7139458610001803,3.458748448047016,36.71978871309274,0.12100274318386697,0.038941939803056255,0.02186228323590193,-0.24189530028963374,0.15906254934477304,1.220312998571083,0.12336374341095312,0.45917714480960525,0.5169681639686216,0.30573017265892033,-38.815919605960595,0.6658229932368604,0.629456618095398,-16.257230803944104,-0.023002844375960157,0.01422343850135803,2.712574991983759,1.5644146010928106,1.558291525854218,-0.1297601669800119
330.5599999997719,walk,walk,-0.0,-0.0,1.316688179347826,1.0032428830702353,-1.9268565063782197,3.582793786696808,38.18799636134469,0.1259863085174966,-0.008763809042756556,0.032151957924925076,-0.2699998813829944,0.055174948490172446,1.2864926207939231,0.13692848980423636,0.48597898122020566,0.5212291599186482,0.33500111963844303,-33.856800262070806,0.7369298800426867,0.6973604794988633,-12.786473835611432,-0.017941825843309646,0.006008718907833097,1.6355314459743369,1.5619346767772737,1.5529928172886849,-0.13050426973247672
330.57999999977187,walk,walk,-0.0,-0.0,1.3300203804347828,1.0037249862893196,-2.1637118049130604,3.6347517503520463,39.67737643947124,0.1256250986171319,-0.04301403360535695,0.03610972483007213,-0.28995011238621404,-0.006381930045828363,1.2954432675225807,0.15076030688806502,0.4863419977197177,0.5228243376962743,0.3426642503986359,-32.55963327870858,0.7818293131212045,0.7609707110027075,-7.3923750924957154,-0.014571041634483344,-0.011674388498067859,0.05530312708440191,1.5597647246002564,1.553143833106804,-0.09437768098542051
330.59999999977185,walk,walk,-0.0,-0.0,1.3300203804347828,1.004271241326313,-2.399613977212908,3.6511885306609404,41.16137314721945,0.1229165518033623,-0.06764908098174979,0.03366446098699898,-0.2869322024420437,-0.03990435699097609,1.2903716280530746,0.16103242745290527,0.4853389374276532,0.5235053090888547,0.34507770207023625,-32.17677771094868,0.814027851934917,0.8049110856304169,-4.261910795190326,-0.01323121736976544,-0.013656146079301837,-0.10225965160311257,1.5593919996290324,1.560957550345409,0.045262472416668635
330.61999999977184,walk,walk,-0.0,-0.0,1.3300203804347828,1.0048043306589236,-2.623815512871863,3.651863690021478,42.64521254369093,0.12216464520388506,-0.08905037313714657,0.030298843748896777,-0.2766242085856895,-0.05687805987677861,1.290930391962729,0.15972689530881523,0.4938507287230541,0.5239731055850233,0.33331243064498906,-34.3567300052192,0.8261572636138708,0.8172103178153038,-2.563615241245576,-0.013329281072452216,-0.006408623605966571,0.5598206603279164,1.5609894399722768,1.5678869348899007,0.10993138683314581
330.6399999997718,walk,walk,-0.0,-0.0,1.3300203804347828,1.0052739270398132,-2.8086883728689815,3.669486976031058,44.12202882786473,0.12207415528401411,-0.10611013817268836,0.027854849841061922,-0.23790016293793595,-0.04230711186255612,1.2843885459010984,0.15782527712336827,0.49273164194221947,0.5239484283783478,0.31317884590721135,-37.9379762471679,0.8202866795827892,0.8244051497826577,1.1982337380043349,-0.014426884895053527,0.0031743504106998416,1.4708057503964866,1.5629626266005385,1.5684260998800874,0.0696759986590722
330.6599999997718,walk,walk,-0.0,-0.0,1.343352581521739,1.0056438700742947,-2.913619076726685,3.7081672202664273,45.56353122845306,0.12258416836074643,-0.11605706924148855,0.02402794070664057,-0.16196907257531798,-0.02706729358865341,1.2500963546010286,0.15474097710764345,0.4921006845230088,0.5227418338522014,0.3035228636512757,-39.36793082907234,0.8051224304833686,0.8234967600951195,4.495677304927439,-0.016392847936812355,0.0048875033855438205,1.8146130696627325,1.5634498823956733,1.565443671582687,0.03885197147586498
330.6799999997718,walk,walk,-0.0,-0.0,1.343352581521739,1.0057818566100072,-2.922767959630163,3.7578361147602783,46.96850976549464,0.12233016896551686,-0.12413005309824635,0.011800863789476609,-0.0772065934343829,-0.0178771776987309,1.2207746501883712,0.15143060344078024,0.4796911186901923,0.5214279065047268,0.30406908061599736,-39.02482341724304,0.7920965512102579,0.829101116622448,7.6669965148017525,-0.019335803624327623,-0.003387014567852023,1.4436753793753794,1.5635312089995392,1.5644748800382495,0.021448544539009497
330.69999999977176,walk,walk,-0.0,-0.0,1.343352581521739,1.005593910955285,-2.8641786593957943,3.8001621858105117,48.368875600973475,0.12048214006598276,-0.1396693435348298,-0.00653214115189285,-0.023860687671703018,-0.026127267636703644,1.2204048306137458,0.1542573160145456,0.4808231217330349,0.5217439620354746,0.3135156419525147,-37.505658105349646,0.7911860706114564,0.8394093003520966,8.699988990531866,-0.02305873801946208,-0.015895563364028933,0.7817284161633362,1.5636301864592874,1.5664688696101785,0.0674303122198342
330.71999999977174,walk,walk,-0.0,-0.0,1.343352581521739,1.0051958354270227,-2.790550851160874,3.816852415154612,49.79049959679548,0.11723166695796337,-0.16565493121322303,-0.019899607170353377,-0.018921681218026926,-0.04936313939210355,1.2396053559086428,0.15694706654684767,0.48592203749558177,0.5239548943333062,0.3205876436481476,-36.77291463901851,0.7929610074143497,0.8270990785608292,6.003481244286084,-0.02717683335857429,-0.019917928799986842,0.8090554321469303,1.5637930387044578,1.567903238622892,0.0970606946353349
330.7399999997717,walk,walk,-0.0,-0.0,1.3566847826086956,1.0047754962596704,-2.7097984512466753,3.804306005571044,51.23838117648704,0.11243838899583311,-0.19446075203737437,-0.02417665212082966,-0.012178257612436863,-0.07445070707510613,1.2614879343309207,0.15640268555844197,0.4850513669725575,0.5263242707490042,0.32095597055053715,-37.14322877737943,0.7854410247052919,0.8060336944112778,4.330267026611301,-0.031346733509231506,-0.018391098082065585,1.2663537629507218,1.5639878488146721,1.5681592051819444,0.09779181811577571
330.7599999997717,walk,walk,-0.0,-0.0,1.3566847826086956,1.004490502440998,-2.5865348323781157,3.762291714652916,52.705450083236926,0.10629029956058733,-0.22024927336928457,-0.020713467311848102,0.0293072320113293,-0.098927610815853,1.2762753430567235,0.15336195435977065,0.4791792733455607,0.5262852161401216,0.31525764730072026,-37.97744828589483,0.7635736866683737,0.7774425980100632,4.291968158542945,-0.035487037847709714,-0.015969257056713107,1.7897548566320758,1.5641570047007765,1.5675469108805538,0.07915632027706039
330.7799999997717,walk,walk,-0.0,-0.0,1.3566847826086956,1.0044239549678526,-2.380263769138109,3.691335189985523,54.18434281018813,0.09896593734506064,-0.24244720898482908,-0.013006946851939696,0.10664780975456246,-0.1209927384840602,1.28551280539701,0.1488775218359338,0.465890332349484,0.5218805656578807,0.30580739047622685,-38.55337868318683,0.7285531291846562,0.7412852134952546,5.157473141900153,-0.03957463082886634,-0.013707402348518374,2.2949866999818926,1.5642870917776321,1.5665986531362415,0.05359861107920977
330.79999999977167,walk,walk,-0.0,-0.0,1.3700169836956522,1.0046271482291274,-2.0580235556613427,3.592578277494149,55.6830110291611,0.09110732927066696,-0.26360843312937804,-0.0021294386878920675,0.21209977525161428,-0.1399497484176897,1.3044014717629662,0.14313700751580896,0.4465424754519274,0.5115296019390706,0.2916749503860474,-38.78269280939859,0.6833942071666032,0.6958267402300835,5.937042233630299,-0.04354842046373607,-0.01315339580178261,2.6514363548069855,1.5643575245389911,1.5651683987066627,0.018206421202046776
330.81999999977165,walk,walk,-0.0,-0.0,1.4233457880434783,1.0051862836475964,-1.585737236853506,3.4583134875191446,57.2373088547321,0.08397951814497415,-0.28579514570530856,0.013376911440904722,0.3467728359351435,-0.16471207175006272,1.358576098093873,0.13412185869114387,0.41419809493825027,0.49294122193622353,0.2677360561141968,-39.119727631866354,0.626155166567816,0.6358191233525277,6.458416006960719,-0.04755034609949615,-0.014645471423864367,2.8569946368041066,1.564398606719485,1.5646759320930124,0.005688492881817688
330.83999999977163,walk,walk,-0.0,-0.0,1.4366779891304349,1.0061613910711835,-0.9142970106916893,3.270673951819735,58.865826121579694,0.07863403400334452,-0.3026321431052895,0.030971127349069753,0.5273793746866474,-0.20153534397504153,1.42474070572947,0.118131600995106,0.35320480053258146,0.46308474398816096,0.23977754380798344,-37.92029619064262,0.5496736338154935,0.5535339203128815,7.051713283062767,-0.05172164118224217,-0.014818850159645083,3.186394100563912,1.5644303716281107,1.5644624506071687,-0.00018142159226410383
330.8599999997716,walk,walk,-0.0,-0.0,1.4500101902173914,1.0071930444299264,0.041301314476124396,3.04783797205678,60.57926244585119,0.07359883160201142,-0.30498196239061426,0.030959614025749736,0.7880543366992819,-0.2079030915943062,1.503940716662839,0.09053591041763495,0.28339591607916176,0.4215285840948418,0.22132984664535527,-32.86680801577935,0.4586973450418868,0.46393028762435917,8.517057826195337,-0.05655070909175079,-0.016806139796972278,3.45342808693926,1.5644978226608273,1.5656214517489553,0.025753772519933327
330.8799999997716,walk,walk,-0.0,-0.0,1.4500101902173914,1.0077927064718686,1.1610193217274136,2.8648780585222835,62.28419072790386,0.057867770514166327,-0.2980634601933394,0.020701637967533805,0.8988168523765663,-0.1290642683976904,1.464961675433469,0.06232371281540777,0.18936072101924079,0.37597329611848773,0.23698470857238774,-21.56513422811482,0.4227928854348864,0.3866553690681458,-4.00608471263169,-0.0615651429372855,-0.025072512403130534,3.2105771843131716,1.564650666465475,1.5679662761226774,0.07724219982866659
330.8999999997716,walk,walk,-0.0,-0.0,1.490006793478261,1.0081967830852898,1.9352893665957243,2.815324355453063,63.88284499120359,0.02407059735682832,-0.3132478861676945,0.024101960389144892,0.5588528149585517,0.011778018047871132,1.3926965687465274,0.09217974347174149,0.2664926427488122,0.4021978245425711,0.41866717603302006,0.3227315213963662,0.44973153928251763,0.3143332984695435,-26.613579100438116,-0.06505147825903981,-0.04037257954478264,2.159940383227426,1.565043097737079,1.5696289849415899,0.09977284772445398
330.91999999977156,walk,walk,-0.0,-0.0,1.5033389945652174,1.0083749806327484,2.4010848075495517,2.793506315206554,65.48693708318525,-0.0014712541240212743,-0.3031431065468868,0.017686412953918037,0.3108944657460415,0.03375315320722745,1.3973176262111682,0.13098329396337854,0.37131820658190173,0.533551262896643,0.5886671182165146,-1.2631899904596757,0.4707026478097082,0.28006658818817143,-35.940241842755874,-0.06694868257050586,-0.022239561378955844,3.669241199454131,1.5652649122295033,1.5679919508234144,0.061729746898448914
330.93999999977154,walk,walk,-0.0,-0.0,1.5166711956521741,1.008771865210144,2.735614990252035,2.6857803877482485,67.11659044360658,-0.010862874884734353,-0.28012721635303317,0.02177413699943988,0.21514079293201321,-0.03924682291281739,1.4288205806896508,0.15345964986556115,0.5103605060236325,0.658713448073558,0.6636992928037644,-9.110516705624535,0.4819202217951373,0.26947496202087406,-39.10840961239031,-0.06929046429397458,-0.012238907814025882,4.692130418546044,1.5653693122888015,1.5661260162428499,0.015757032757102864
330.9599999997715,walk,walk,-0.0,-0.0,1.543335597826087,1.0094934692774902,3.0323829728233256,2.5138257353424507,68.82815277974942,-0.016767191988990505,-0.25930783068857555,0.03257391515898707,0.1883925230143499,-0.07693828579010341,1.5064734404227216,0.15738776068927784,0.5311039705697826,0.7279436965790852,0.7190272931406498,-7.031272010975719,0.4866163573836406,0.25484982993698124,-42.078355791207976,-0.07292796326199832,-0.018457676470279696,4.563588154683201,1.565446989346568,1.566083842231381,0.01342483609722805
330.9799999997715,walk,walk,-0.0,-0.0,1.5699479210895042,1.0103150149122073,3.288291378346732,2.3528391698724738,70.63003334031986,-0.026771631657006065,-0.24426016271148512,0.037856618121246244,0.1506213161420739,-0.04797177328077559,1.5839890434844204,0.1601662240150437,0.5295437496850396,0.763225639626951,0.7772620406398774,-0.2729219967351777,0.48772849044778743,0.2402625468025208,-44.62564018447972,-0.07712562551423388,-0.025843634456396106,4.335482719944855,1.5654733095127347,1.5652598098800063,-0.005999461667153424
330.9999999997715,walk,walk,-0.0,-0.0,1.5699479210895042,1.0110692615880321,3.4843009647764247,2.238108705130762,72.46542402280355,-0.036748830851036814,-0.2278635846367394,0.03835159959757489,0.10002672938585204,0.0011749399463786697,1.60340648783822,0.16073503938153919,0.5289946863826287,0.7815041569953923,0.8042070430169106,2.639232534965635,0.48679293326645506,0.22649286058044438,-46.78125996760605,-0.08126048729716323,-0.028858433663845065,4.419529441102643,1.565525118638104,1.5663573604956746,0.018925925769281027
331.01999999977147,walk,walk,-0.0,-0.0,1.5699479210895042,1.01161625915312,3.6434429626602185,2.1571699511886453,74.27788131669378,-0.04160724133583541,-0.2052387626265754,0.029078764320565206,0.07602222430405443,0.03073841997362034,1.5773329459720116,0.15741456823423647,0.5289428488163452,0.7849785419744041,0.8095588844666481,4.186637809604556,0.4864670654527541,0.23223308589553837,-45.733484560795915,-0.08482003028707401,-0.027210756391286853,4.803521723228573,1.5663309703502024,1.571275438456285,0.09229555874823345
331.03999999977145,walk,walk,-0.0,-0.0,1.5699479210895042,1.0117904123156696,3.794612172051454,2.09361002328863,76.0554180043509,-0.0413723721009738,-0.177858601026798,0.009796151226871877,0.07525771478988524,0.04683522745474756,1.546852227599721,0.15366850878694757,0.523700496157493,0.7801306881388345,0.8080368649611473,5.440910908128513,0.4896230110166384,0.24320180084800724,-44.59067011172863,-0.08659867058439699,-0.02281943075358868,5.191310352134886,1.5678814757286939,1.5742162170768261,0.10127630883554525
331.05999999977143,walk,walk,-0.0,-0.0,1.5699479210895042,1.0115631969279137,3.913321094299119,2.035818008317854,77.81231566795495,-0.03805673873497193,-0.1532825994360992,-0.010694214353927449,0.04317400003037228,0.05322596755363668,1.530972253953489,0.1479131386472424,0.5166345239031425,0.7786762651051438,0.8131769981632233,6.3238496827834,0.4958016447939824,0.23815951612091069,-46.84113533705847,-0.08646663952651129,-0.016205816715955737,5.605071866629472,1.5683316818215476,1.5693728619203449,0.016414101980093118
331.0799999997714,walk,walk,-0.0,-0.0,1.5699479210895042,1.0110386942055898,3.95384327977651,1.990469890764399,79.54392910299417,-0.03296425063456937,-0.12978224074976805,-0.02445479565345201,-0.02754397130461555,0.06623521276292846,1.50585922535224,0.1415552235179837,0.5108037157370209,0.7840657282280654,0.8154940169701577,5.228457092720686,0.5025290421269316,0.22237239148712162,-50.93548550460628,-0.08448115736669923,-0.00799575746059418,6.0016396190763235,1.5666313162029268,1.5592096404120803,-0.11972732772418275
331.0999999997714,walk,walk,-0.0,-0.0,1.5699479210895042,1.0103776142860894,3.902740935407349,1.9793249559194734,81.2523377768368,-0.02785841036446312,-0.10602027991329657,-0.027850177603372897,-0.10608990727234047,0.0969745089534359,1.4847700248854614,0.13943483276923804,0.5157914661124158,0.786012812492097,0.7986467194209099,2.1652215039438016,0.5077811538686292,0.2122512843856812,-53.58780491352732,-0.08054827983474035,-0.0007301002740860013,6.162250097701197,1.561842508228203,1.5505982044101239,-0.10480466943853609
331.1199999997714,walk,walk,-0.0,-0.0,1.5699479210895042,1.0096889971864784,3.7640156694885425,2.0080942887831106,82.95451476321631,-0.02296032995251813,-0.0825540658905059,-0.026251264547406422,-0.1822795270644422,0.12799663135205006,1.4795559149552484,0.13903266395820044,0.5297724464069661,0.7735601812083575,0.7722110294202567,0.8238355220646094,0.5106430375738742,0.21177236106491093,-54.00659653655028,-0.07521273273854426,-0.003681003302335742,5.4289261347884805,1.5568837103199122,1.5478967877984524,-0.057593112815336966
331.13999999977136,walk,walk,-0.0,-0.0,1.5699479210895042,1.008987757015484,3.527074949857897,2.069011961623038,84.65633538692093,-0.01828053440128892,-0.05991153085050392,-0.025337494450411384,-0.270895347203462,0.1496608314418276,1.4778694777538048,0.13740172925059524,0.5329151604810933,0.7464076407481474,0.7447312020162344,1.941821929929016,0.5106966863297989,0.20974765088653569,-54.165868150040325,-0.06901221108287121,-0.012307583540678027,4.194595756854638,1.554995310378392,1.5509838837147236,-0.04901056975861113
331.15999999977134,walk,walk,-0.0,-0.0,1.5699479210895042,1.0082654426806636,3.1752968549416227,2.147585383894888,86.3630463412385,-0.01296416758056886,-0.038154043208662905,-0.0260697369880614,-0.3752463025422035,0.15536321082449212,1.483003457546139,0.13352096006357653,0.5187060334536685,0.7092659669837075,0.7088930096874237,2.98130241054729,0.5074998901970291,0.20827470090484623,-53.60758517313613,-0.062967649893128,-0.017269916087388995,3.3269623168067524,1.5548360637344223,1.5553425488010526,0.015060721932496263
331.1799999997713,walk,walk,-0.0,-0.0,1.5699479210895042,1.0075706182531252,2.6925106227350875,2.2206839411807056,88.07618191980632,-0.005877677713032957,-0.015948645761167054,-0.026116961053002125,-0.4936018326944982,0.136749001051797,1.489753245269173,0.12712673157279603,0.48551577313395905,0.6623541986966373,0.6572524469742775,2.9421164549676417,0.4999349758770891,0.20768157508468632,-52.01914981827819,-0.057161706823670805,-0.015647544711828235,3.0039745828451254,1.5550471381715452,1.5587888576969982,0.08560464327037573
331.1999999997713,walk,walk,-0.0,-0.0,1.5699479210895042,1.0069526814657739,2.060160674199428,2.2664433387171803,89.8028079406145,0.0033483386362350865,0.005675237878863228,-0.025528574151657567,-0.6285724566002534,0.09620019505966451,1.5048613744908892,0.11712812374214442,0.42803728459575346,0.6027420779866295,0.5899628337869645,2.6238862125323106,0.48666112438272996,0.2092251565704346,-48.917739276186715,-0.051124119503185045,-0.00867474749684334,3.0632330311145046,1.5561335823248266,1.5613236905023933,0.08824509092495969
331.2199999997713,walk,walk,-0.0,-0.0,1.5699479210895042,1.0063467045583079,1.2395722732939498,2.276055529352917,91.55090769303261,0.014407281516011065,0.022070855237698923,-0.029206412769048548,-0.7998059570537638,0.04510055985087418,1.5260334743325248,0.10201018230296577,0.34047744049563683,0.5315164209515928,0.5123613264808655,2.4444980568428436,0.46673931258805035,0.21772275235748295,-43.29602403945913,-0.04435131691198022,-0.0017554789781570462,3.0329407690925994,1.5576420179591306,1.5625435125962377,0.06988363741099982
331.23999999977127,walk,walk,-0.0,-0.0,1.5699479210895042,1.0054465844959253,0.1520436790429317,2.2657935455180924,93.32723965637064,0.026767779689268308,0.023214899607721506,-0.047284030982516184,-1.0445315150986063,0.004851664658445007,1.5520941339829228,0.08059638414211483,0.21688218831175093,0.45514335858358607,0.4267409231910706,1.1948488385346305,0.4404913020402881,0.2410685804138184,-33.88383122179291,-0.03593364224380233,0.0010820224881172152,2.4924205409461266,1.5587115325090024,1.5626884301141382,0.06493987687269948
331.25999999977125,walk,walk,-0.0,-0.0,1.5699479210895042,1.0046332938262392,-1.0188657055850372,2.271215361563932,95.1921569177333,0.030582971582914786,0.019290820993670164,-0.026664587105510604,-1.053660916572063,-0.009266575232153417,1.660797200041988,0.06402875809990342,0.14522957769792721,0.4522178843913173,0.3319591071853638,-22.736859127733283,0.40837316003325164,0.2927306678543091,-18.332919383044594,-0.027117671775556924,-0.0013970538973808316,1.5820292521242814,1.5595715401063521,1.5639235501125932,0.0791236642702525
331.27999999977123,walk,walk,-0.0,-0.0,1.5699479210895042,1.0042120330705944,-1.8071685233002253,2.405644359089862,96.92874465965006,0.026635973930557316,0.05184554830491555,-0.003117614991253943,-0.6967370520405445,0.09930357365796827,1.488789790852143,0.09399775334347067,0.28846166036899984,0.49142809081943933,0.2029664304504395,-55.036705412019494,0.45386074898146966,0.4858134475002289,1.5221761916946575,-0.020988431381374656,0.002361451089382169,1.5311422848861203,1.5607689752472764,1.566583705408919,0.10206455554004704
331.2999999997712,walk,walk,-0.0,-0.0,1.5699479210895042,1.0039557135252615,-2.2526138191803637,2.662937350287141,98.52086573675112,0.021564236203579706,0.050851270398202086,0.018470144508222642,-0.4198563900658634,0.18500894699307746,1.3837512287290799,0.10123990983087112,0.35579724388590667,0.515130268813592,0.21787587668991093,-55.34110546589591,0.5733320799323937,0.5812513169298172,-8.588386830631169,-0.016996846881057605,0.0052222132682800265,1.5552469149102905,1.564698234712337,1.5749798149750114,0.10923975111937237
331.3199999997712,walk,walk,-0.0,-0.0,1.5699479210895042,1.0041303337044623,-2.5627651399504168,2.8884841322271355,100.15547320699919,0.029180015290875726,0.010191349919131986,0.034779724006920545,-0.33451164700803093,0.12693820230741468,1.4379544858232134,0.10059777608160747,0.39527511345993,0.5263722638818004,0.2662184026489258,-47.70209624905462,0.6726820943387082,0.641675793791771,-13.529833887326614,-0.014210682532357754,0.010968216508626935,1.8610139855394423,1.5670195698415055,1.5703383249179006,0.015670887191472027
331.3399999997712,walk,walk,-0.0,-0.0,1.5699479210895042,1.004689648955554,-2.8673186198416465,2.999014094433896,101.86758971918533,0.041047006963717665,-0.03824296609221815,0.03958108783414909,-0.34619197016866227,0.011133784665560378,1.4994378191083866,0.10350003323752467,0.4102914843610868,0.5314724199517242,0.2992225077400208,-42.20144620276748,0.7268566671370909,0.6975049872348309,-9.584437177690726,-0.011922897824365997,0.0010799214243888827,0.9146136052858178,1.5672386216401069,1.5633499708906293,-0.09972068797615818
331.35999999977116,walk,walk,-0.0,-0.0,1.5699479210895042,1.0054058936872914,-3.1788166344843742,3.025135746094412,103.59173462005032,0.04741441110113241,-0.0749496969976249,0.036465575560981345,-0.35078553493732795,-0.06361327547123163,1.4979652206359377,0.10844123764906798,0.4092868838653255,0.534114561906376,0.3103468802223206,-40.48782021735791,0.7589411448865258,0.7468759112457037,-4.772967625729435,-0.011153652608469835,-0.009241282194852832,0.11826693923721107,1.567094226722343,1.5622601875052333,-0.11569196227221534
331.37999999977114,walk,walk,-0.0,-0.0,1.5699479210895042,1.0060906819846724,-3.468186421997116,3.014192320888497,105.3060589917791,0.05096099327946453,-0.10341752319228877,0.028776605490373194,-0.3277806878726762,-0.09902022729933095,1.489527200269611,0.11110361025616544,0.40196692973393006,0.5359266687972255,0.3117906537303925,-40.48946443589614,0.7811598084787278,0.7761579167494774,-2.7103265926003237,-0.011847894845115108,-0.009471140056848529,0.23241263242024068,1.5671294411561818,1.5692704238877178,0.051412256256708165
331.3999999997711,walk,walk,-0.0,-0.0,1.5699479210895042,1.006641639119717,-3.7045620280767153,3.0090965232408178,107.01699474148515,0.05492025642083439,-0.12474934335362531,0.021207113066738382,-0.27770953477367283,-0.09563749916927378,1.4874496695609232,0.11736509224611308,0.4093706962847674,0.537355406172149,0.298371413017273,-43.131084706034734,0.7910703768983326,0.7892354216823578,-1.1314577985362892,-0.013704476314829517,-0.004504728317260745,0.8400749619085647,1.5679060064173944,1.5732577334106446,0.10359234513513663
331.4199999997711,walk,walk,-0.0,-0.0,1.5699479210895042,1.0070280662041775,-3.855340892138051,3.04584802079636,108.73321523998789,0.05908818602427578,-0.1423956372727955,0.016288949847882154,-0.20011635130203395,-0.06123449141579783,1.4957542976841198,0.12534256605228863,0.41582164107409675,0.5379197246931885,0.2815573599586487,-46.189973047615034,0.7904331179541773,0.7981115740189553,1.4165594514245061,-0.01651739468148187,0.0032889366149902316,1.7424407758400142,1.568232079296608,1.5710530460760475,0.062195378267125415
331.4399999997711,walk,walk,-0.0,-0.0,1.5699479210895042,1.0072222272031977,-3.892586526339348,3.123893749848995,110.42470955369872,0.06291730977534889,-0.15327168847055966,0.009693717826514474,-0.09850628907269869,-0.02765273651105829,1.4706104321397937,0.13007001955221997,0.41740604971667733,0.5372326030978611,0.2780612793216706,-46.60355188529602,0.7877541918124408,0.8092312228331566,4.042512754763423,-0.019910616670309196,0.002596472203731534,1.9903200711169264,1.5682349134187918,1.5668158971652866,-0.034726985671577164
331.45999999977107,walk,walk,-0.0,-0.0,1.5699479210895042,1.0071771364066175,-3.807688378046067,3.209264408892344,112.07337136611746,0.0665006440016016,-0.16081934273756412,-0.002492413163931926,0.007976049808129188,-0.022548102780028625,1.4334250355213523,0.13276989752269389,0.4451833446208735,0.5356245351418245,0.2833782818565369,-45.28614480790473,0.7901359426817011,0.8267627146492005,6.3581962661124845,-0.02411573929898377,-0.00932051166892052,1.4207449696455359,1.5681441110137933,1.5659269069269777,-0.05211712394064372
331.47999999977105,walk,walk,-0.0,-0.0,1.5699479210895042,1.0069148014486706,-3.633989866598372,3.2722468801929963,113.72565513217629,0.06906276612952929,-0.17889230865129332,-0.015975227749678557,0.07763695034585928,-0.04149840897145333,1.4431473160143506,0.13931709698279943,0.4745670138832763,0.533783738658632,0.29099498059844975,-43.56549298013675,0.7970876706734352,0.8359457116971016,6.411140349068425,-0.029184453839773916,-0.01866322308778763,1.1269171806943838,1.5681282874446945,1.5686444279686094,0.01312855992613636
331.49999999977103,walk,walk,-0.0,-0.0,1.5699479210895042,1.0065622933307445,-3.415855626734617,3.3089360594940236,115.40375896263879,0.06961417059736036,-0.2060681753339404,-0.02293511043775526,0.10952573233337215,-0.059979899342814086,1.4638555288428838,0.1436821525964748,0.48806956540975444,0.5315602223924489,0.29618630673980717,-42.199451228287685,0.7987279757243002,0.8244842153439522,4.520035675791129,-0.03417173741432544,-0.020874162390828135,1.3392698945227763,1.568204584854785,1.5706939597562433,0.05937180861895858
331.519999999771,walk,walk,-0.0,-0.0,1.5699479210895042,1.0062691884146813,-3.1603364233072395,3.3285312003975918,117.09231059575119,0.06805406203915501,-0.23444314959265627,-0.021331647408756534,0.14218416221463048,-0.06811886800793607,1.4701916922154112,0.14344917407837954,0.4852732200841775,0.5275751679779659,0.2967106189975739,-41.25216684084931,0.7857682148554028,0.7986371454248429,3.3941021788890313,-0.038610491204642126,-0.020801621675491336,1.6682690216516245,1.5683002328259907,1.5704423704132915,0.050355240534042514
331.539999999771,walk,walk,-0.0,-0.0,1.5699479210895042,1.0061418563876754,-2.8399412300972715,3.3356185358999313,118.78521623400904,0.06479256619679577,-0.2611942015794121,-0.013964657008166273,0.20216648379810498,-0.07211795181017575,1.474098744785354,0.13914866776193982,0.4668034654779491,0.519937086788264,0.2913652148494721,-40.56060354055359,0.7551796844571204,0.7633005634347201,3.972743678046162,-0.0425528198520554,-0.02106174007058144,1.935977435075941,1.5683500496961993,1.5690420188889385,0.015884687765410993
331.559999999771,walk,walk,-0.0,-0.0,1.463342391304348,1.006250103336406,-2.4195163022823767,3.318360738056631,120.4422413804537,0.06012103392551083,-0.2805965110407454,-0.0037303057600904547,0.29572977904411674,-0.08405421994089443,1.4355078125644634,0.13208693959943468,0.4327970229676606,0.5068202081042887,0.28251249458885197,-39.37588195638158,0.7082372002690126,0.7146920591989756,5.00852039649507,-0.04594729690363508,-0.020873467624187472,2.192788017096421,1.568303320557427,1.5665814050421596,-0.04106078692739236
331.57999999977096,walk,walk,-0.0,-0.0,1.3833491847826087,1.0066721384225188,-1.8603714245198701,3.249178408939524,122.04195162492888,0.055576908806373095,-0.29502419243704975,0.008693055755885127,0.42549127899260564,-0.11898721232163074,1.3848067639141382,0.12166867215881377,0.3833737217265534,0.48596548928737093,0.26642350223159794,-37.92798470335394,0.6426150436205562,0.6458347302327156,5.985938123779942,-0.04902301686510406,-0.02135102190077305,2.3842123431058373,1.5681274135168417,1.563812534599054,-0.10078159355886922
331.59999999977094,walk,walk,-0.0,-0.0,1.316688179347826,1.0074383843426953,-1.0886869940770867,3.0933703480107098,123.60776521952185,0.052784770130323885,-0.30160708040325623,0.01998862072478906,0.6260398776902943,-0.18178224666239126,1.3592774546664077,0.10460698757367007,0.3346714965187966,0.45400933984387243,0.24043534066772465,-36.00567852126032,0.550297019474572,0.5491542753229142,7.462224357381849,-0.05239056524137243,-0.022207488492131236,2.6062740583792707,1.567424737056085,1.5621496637300134,-0.10431367963537563
331.6199999997709,walk,walk,-0.0,0.011718749999999998,1.1033729619565218,1.00801433379122,0.008828242360267536,2.8713824080397723,125.09875150709907,0.04988048246997635,-0.282137797122482,0.004098304835351332,0.9332199780199208,-0.21119024498219524,1.2877293432846177,0.07763301083693026,0.240589539205541,0.4119473148621034,0.23142174747085575,-29.277203099237926,0.44410586631105825,0.44881857302284245,9.66564326318408,-0.05654169274097956,-0.025627178326249125,2.7101226013669297,1.5664104829026462,1.5611753103271604,-0.0943961271558503
331.6399999997709,walk,walk,-0.0,0.037194293478260865,1.0500441576086958,1.0079607763956135,1.1975916995417295,2.7034137229736928,126.39806306231131,0.03215456510716822,-0.26753707344474226,-0.014348016052531363,0.9679472237812906,-0.11815445736939524,1.098853306219752,0.06210872086630617,0.16844180960523825,0.37298451238055935,0.264849045539856,-16.48097297015864,0.4205048031875432,0.36706126597023014,-8.12176777416618,-0.06065659371563418,-0.03766244575381279,2.0740905491877335,1.5656593501274911,1.561328091932881,-0.08463196914743881
331.6599999997709,walk,walk,-0.0,0.06691576086956522,0.9967153532608696,1.007722000061641,2.0089460987174528,2.687905706507549,127.52979409299704,-0.0009035477878083897,-0.27425919176972513,-0.005658989059310119,0.6130637154374508,0.032819808841883145,0.9769970407471206,0.09119129674043187,0.24920887557520366,0.4339198170972938,0.4777132060775757,2.2544655951140697,0.4557100404182261,0.2740263130912781,-35.581121148800285,-0.0630010460620316,-0.048355532065033915,1.2913611218092453,1.5654999467099173,1.5653348912433267,-0.0006652293925585575
331.67999999977087,walk,walk,-0.0,0.09239130434782608,0.9433865489130435,1.0074682797119798,2.5011809150047806,2.683281454313919,128.60097864229587,-0.01769624856410353,-0.2613115065466693,-0.003306770689245427,0.3576985340513651,0.02916193295481504,0.9256547506934533,0.1130421608723175,0.3567527089767911,0.5687156314769214,0.6089029696235657,-3.959221590691591,0.4811913207897603,0.24901033308601384,-43.759968073406135,-0.06449152239161784,-0.02970075719058514,2.8567049347456535,1.5654073502427799,1.5628401630506397,-0.06098502869564378
331.69999999977085,walk,walk,-0.0,0.17730978260869565,0.676742527173913,1.0074963091858715,2.826446680842883,2.612921583300325,129.52683733140637,-0.02161403486497737,-0.23082040363182857,0.00515843304851022,0.23395779497286595,-0.030350200699709506,0.7864419678496859,0.1260865454087227,0.4300182671355774,0.6754620458884186,0.6752787989029885,-8.51262971791686,0.49489091172862787,0.24395746853446965,-46.218852780961704,-0.06615268599707066,-0.018083117157220843,3.934535990376682,1.5653228999103084,1.5625030950591445,-0.0676745915776506
331.71999999977083,walk,walk,-0.0,0.1815557065217391,0.6367459239130435,1.007727723276997,3.0743635895322976,2.531521904497497,130.34273202104424,-0.027705901316445698,-0.20309500677083617,0.01360690625375599,0.17866884990605017,-0.03209089391335022,0.7034790778748432,0.1359683504427504,0.4628023756921484,0.734416844730924,0.7313569432521463,-5.207300811238165,0.501957996703383,0.24341229465103154,-47.077098468427835,-0.06915101704532127,-0.02634134814143181,3.5958480977213987,1.5653213304639173,1.5652005442366481,-0.003200077028648483
331.7399999997708,walk,walk,-0.0,0.19004755434782608,0.5967493206521739,1.0079290581647709,3.2864366546433743,2.493344876352089,131.12999128337876,-0.038330627504186546,-0.18196261192896046,0.014536179084014712,0.15210291954530883,0.011257245714927255,0.6846589675804535,0.14648367759424025,0.502644348587363,0.7674914742861135,0.7825186636695862,0.06178388496354925,0.5069743524075104,0.2467903878936768,-47.21538539708104,-0.07343504724026957,-0.028909555822610858,3.803348301348468,1.5653995901703301,1.5672941089556098,0.04453702142993382
331.7599999997708,walk,walk,-0.0,0.2027853260869565,0.5700849184782608,1.008017016271063,3.4895023129447953,2.5050083582666542,131.87921262096177,-0.04778757981464304,-0.1568094900518284,0.012503369531330875,0.14888801705771912,0.05389271190559897,0.6446323684215961,0.15233441559874691,0.5163260584635585,0.7871593113913039,0.8081593525061608,2.213957159346744,0.5120401541785661,0.24832261469459538,-47.8535049613846,-0.07810367739466789,-0.025237527862191203,4.487079622276299,1.5655596095145343,1.5689630762622238,0.07945179311280437
331.7799999997708,walk,walk,-0.0,0.24949048913043476,0.5434205163043478,1.0079533892203187,3.718662648712648,2.5412577238339216,132.56085309129634,-0.05293503147187706,-0.1242297387214154,0.004770985027497331,0.17863038336939097,0.06999310199983583,0.5827367807338173,0.15361107824876685,0.5344200096998734,0.7974941470438013,0.8213355180273056,3.480975777012423,0.5189963085083168,0.26529920961952214,-46.19370733341172,-0.08236807112270875,-0.020604229718446734,5.175070905154007,1.5683694406295219,1.5765073590860248,0.09417714564484725
331.79999999977076,walk,walk,-0.0,0.24949048913043476,0.5300883152173913,1.0077311935305937,3.968941307616398,2.5841937328014217,133.18706785227937,-0.05438329087011882,-0.09169581049824528,-0.004246985407448138,0.19570927074077293,0.07442516962521117,0.5370500706543002,0.15309486234663763,0.5369405756081732,0.8064064670122483,0.8337729808340073,4.214797026190789,0.5278863977070177,0.27144292857742314,-46.83592600484334,-0.08529888280865716,-0.015666115283966067,5.724171299731001,1.571522604184535,1.5779814769462228,0.05448097745097538
331.81999999977074,walk,walk,-0.0,0.24949048913043476,0.5300883152173913,1.007427330755147,4.192138022960608,2.6289270277102488,133.78443225476397,-0.054167456457882054,-0.06571404887603768,-0.009100453997113003,0.16568983568324022,0.07630453458752269,0.5143191378127976,0.15036685355493828,0.510792698711205,0.8204267351396668,0.8498132761964798,4.158014433640998,0.5366879982796913,0.2630719628582001,-49.92150373921272,-0.08673806032492064,-0.011489673703908923,6.090883642721207,1.572137584007783,1.5699822709843994,-0.06488757726783387
331.8399999997707,walk,walk,-0.0,0.24949048913043476,0.5167561141304348,1.007118424488725,4.356979101266832,2.6789898253172084,134.35488172721486,-0.05446875564798863,-0.04135707786564505,-0.00997176098743775,0.11396523706852686,0.08179107071677988,0.4890248333557099,0.14849268664276022,0.5157156139161646,0.8345119073749596,0.8492506381521225,1.5389289187150614,0.5439167226793625,0.26625443365669255,-50.52967830459804,-0.08695148148524197,-0.004925842583179477,6.567478766854085,1.5688667864537527,1.5584256381676078,-0.13379442040101774
331.8599999997707,walk,walk,-0.0,0.24949048913043476,0.42343070652173914,1.0068716451391266,4.4729380146918345,2.739134981191243,134.87825220537837,-0.056559747626258955,-0.013047774995458663,-0.007511534566049177,0.0752857051338767,0.08820449552478968,0.4444122719306059,0.14832996570934456,0.5165090187327597,0.8396586464445891,0.8414586645016671,-0.035573405124413704,0.5491375007033594,0.2680754747638703,-50.98598285247439,-0.08599721579210229,0.0015108220279216739,6.9440849223359775,1.5634803700631545,1.5523204731703282,-0.08895228710805106
331.8799999997707,walk,walk,-0.0,0.24949048913043476,0.4100985054347826,1.006685924557236,4.555846003332002,2.8047073029318867,135.36737399126272,-0.060296881970492926,0.01477656585644518,-0.006648730663289185,0.0487878723082151,0.09060079103080704,0.417850871183062,0.1481817557550474,0.5179080762325533,0.8338558542707405,0.8336921122322083,0.4717730146057676,0.5528574161741159,0.2704168346176148,-51.119204751491104,-0.08435924437664902,-0.0017779834568500547,6.517883242756294,1.5601703761395256,1.5537030327082157,-0.05939196702996678
331.89999999977067,walk,walk,-0.0,0.24949048913043476,0.3834341032608695,1.0065110059772004,4.600757060656539,2.8683563628320723,135.83973114437674,-0.0647608263033274,0.03991004776562729,-0.008987675738560831,0.01407625888470217,0.08750029077298518,0.40474368204248196,0.1468676951204629,0.5197420671979655,0.8214755966168235,0.8276273768792153,2.122998546993947,0.5554777684102102,0.2675581064472199,-52.021449860655146,-0.08222913174126988,-0.008711542189121249,5.763960701225035,1.559600258674293,1.5579574194685102,-0.029417817623139483
331.91999999977065,walk,walk,-0.0,0.24949048913043476,0.3567697010869565,1.0063109672531685,4.5906878208677355,2.9223801691532043,136.29527051607695,-0.0693901490634794,0.06366965356946461,-0.01364728379001325,-0.03546389789557386,0.07707950222349694,0.3901776585594011,0.14508746577319503,0.5219689883171912,0.8077064905814705,0.8184463020811081,3.0520334694093947,0.5569240471246326,0.26649246480560307,-52.3852666790401,-0.0801881132624823,-0.01375645697116852,5.204815607052868,1.5596327879146303,1.5607367710158706,0.02565877865206783
331.93999999977063,walk,walk,-0.0,0.24949048913043476,0.2101154891304348,1.006068115936957,4.513117162305824,2.9647532596094335,136.6667349255055,-0.07407655154634304,0.09441133808641072,-0.019617698724101535,-0.09138261789080676,0.060105311380572124,0.30659407414891565,0.1439987485625183,0.524689346475691,0.7931161454027281,0.8025881883153916,2.894463407354783,0.5569700302366974,0.26700431969261174,-52.19553085472897,-0.07797095197782129,-0.014847743511199954,4.9266180934719435,1.5597622779392326,1.562083381502378,0.053427789078884624
331.9599999997706,walk,walk,-0.0,0.24949048913043476,0.1701188858695652,1.0057731487460198,4.365568706245317,3.000116124552953,136.94386769135247,-0.08011630180749672,0.12606033728452476,-0.025361972282274534,-0.14853899214945163,0.04798769193071021,0.2294897667192726,0.14350854768822485,0.5279193126050856,0.7777258824225388,0.7839708116302491,2.3767315116022516,0.5555401025627308,0.2687783327350617,-51.50674709406666,-0.07576362393340115,-0.011957331746816638,4.982788964600401,1.5599051801650596,1.5623248101160407,0.055660164326445896
331.9799999997706,walk,walk,-0.0,0.24949048913043476,0.14345448369565217,1.0054300380855683,4.155975503075716,3.031329643874938,137.16390363746066,-0.08700506671140583,0.15701298748614279,-0.030340400727930338,-0.1990502526735561,0.040358606456789195,0.18432109449631429,0.14311516426102727,0.531665644712918,0.7608563176137815,0.7639426358441115,1.9296467060312392,0.5527593039113541,0.27039245631790165,-50.61352059528176,-0.0737618540668581,-0.007717519253492358,5.173598472151318,1.560025244506042,1.5617240418628335,0.0385138398318684
331.9999999997706,walk,walk,-0.0,0.24949048913043476,0.10345788043478261,1.0050524469617683,3.887220414515297,3.0534501467710364,137.33829541188211,-0.09356760770589793,0.1883961169400724,-0.03477274492762816,-0.24900067056120354,0.027965600276553267,0.14527899913893494,0.1420300294542072,0.5358783483091547,0.7391995383731739,0.7395196661750079,1.8296632139288547,0.548526127288039,0.26947379973030094,-49.90617736604274,-0.07195387184296176,-0.005469116568565371,5.21958016894048,1.5601118601441946,1.5609040365502715,0.01700208606167567
332.01999999977056,walk,walk,-0.0,0.24949048913043476,0.0,1.0046328419236978,3.547717886227567,3.0603295310709973,137.4349061736439,-0.09940839768761622,0.2218980447196867,-0.03993760728017459,-0.30861875923504084,0.008558206240425633,0.07344548799708207,0.14027716301081822,0.5404746370135324,0.7085913629564675,0.7074931759784222,2.3149718128466588,0.5425178683554738,0.2659069683799744,-49.33027207027143,-0.07018498933959415,-0.005285258591175082,5.094296591381206,1.560199987982886,1.561220427317965,0.02250696316646236
332.03999999977054,walk,walk,-0.0,0.24949048913043476,0.0,1.004139861014002,3.1204574011151167,3.0476734670877894,137.47205570527657,-0.10519812247807313,0.2511451039349461,-0.04614266543913512,-0.3845934149184438,-0.012166373835957648,0.02802912968907813,0.13833770900641174,0.5453797129842907,0.6677731745186808,0.6660474475870133,3.04022567437945,0.534500595999813,0.2616010990390778,-48.508011587491225,-0.06874140723135042,-0.006805445253849032,4.877460655317674,1.5603403962068374,1.5628655006126047,0.05818291284028436
332.0599999997705,walk,walk,-0.0,0.24949048913043476,0.0,1.0035129646266392,2.578497573766262,3.0175773089335336,137.47782119493894,-0.11088805114372689,0.2753786908777702,-0.054116588515681366,-0.486916476375864,-0.02837332132325024,0.003423190834092177,0.13620125387025656,0.5505048560217927,0.6188173700124306,0.6175247889409066,3.7855588961391775,0.5242684597517401,0.2561727848300934,-47.47434215643337,-0.06738839353293251,-0.006560179591178897,4.792649349167416,1.560634782683688,1.5641799059644819,0.07813165840883442
332.0799999997705,walk,walk,-0.0,0.24949048913043476,0.0,1.0026536443042526,1.8792466869789872,2.9819659871627806,137.46040865323056,-0.11605930054768451,0.2938527306534581,-0.0645079659482449,-0.6286353250787503,-0.03224867264722856,-0.01689305762762357,0.13355555917444747,0.5556651931869612,0.5644874989886206,0.5620383110294342,4.021556767025157,0.5115139921883219,0.2505587723503113,-45.99769031016627,-0.06544172510814118,-0.005145578831434253,4.714506532602287,1.5608960419162303,1.5642691657826782,0.07610951427954149
332.0999999997705,walk,walk,-0.0,0.2537364130434782,0.0,1.0014018403457325,0.9764726263159986,2.962909189681585,137.41979971536577,-0.12082766145864314,0.30693570764121153,-0.07954725096631693,-0.8103677756114365,-0.015018862673968824,-0.038021818696332255,0.12446275262163442,0.5221754319913248,0.50641923173463,0.4997593101511002,3.5742896308335643,0.4963588202507437,0.24932200577354435,-43.30893135909639,-0.062302948843376685,-0.0036192975938320188,4.518350373797588,1.5610721852369787,1.563841467066157,0.06345815935597696
332.11999999977047,walk,walk,-0.0,0.2537364130434782,0.0,0.9998593624598423,-0.10528296557246489,2.9751005289592563,137.38426340665927,-0.12784753664510984,0.3119147006749458,-0.08327171847199528,-0.9603255658851074,0.015606820643834531,-0.02561155371358175,0.10797695429614891,0.4376305410615231,0.4784046966021769,0.4294172611484528,-6.352383253243772,0.4781173991154913,0.25849861767387394,-38.18913272625417,-0.05787381012805617,-0.0018507048487663297,4.222333951884775,1.5612259206428472,1.563672592206347,0.056048626229618634
332.13999999977045,walk,walk,-0.0,0.2537364130434782,0.0,0.9990060775781852,-1.0966866877531731,2.9511682360195333,137.40329050425356,-0.1268715069961622,0.32055982668062666,-0.04187804124056587,-0.8477818186503631,-0.029005280712933228,0.022049079370346447,0.0927832405184778,0.29352984290024947,0.5140388469120387,0.3322909560451508,-35.83748712185989,0.4541545228097551,0.3017257240066529,-25.623170343485025,-0.0539834154628776,0.00334224924445152,4.375625651148155,1.5612127527785513,1.558599221794355,-0.06410281462312568
332.15999999977043,walk,walk,-0.0,0.2537364130434782,0.0,0.9987104743478334,-1.8028916367332104,2.8797542959777127,137.40638693316802,-0.11730555446187212,0.32040571249128175,-0.016632393802212757,-0.5790244229527803,-0.06468082648101676,-0.0026267507245027848,0.09118640560846439,0.3213245912404673,0.5458981822591441,0.2245735910186768,-60.278093072125365,0.45711798639030254,0.43604279425239567,-4.223508096406152,-0.05016613834947134,-0.003364845365285876,3.5305911000707355,1.5610996728176256,1.5576388717577339,-0.08248935743972327
332.1799999997704,walk,walk,-0.0,0.25798233695652173,0.09012567934782609,0.9985718205019299,-2.167851802210412,2.832090775444803,137.4151361160006,-0.11504274648588532,0.3036862435430286,-0.0058930861350642355,-0.2818057545533726,-0.03661766023660288,0.010229641153842891,0.10852100049660733,0.3793056304580402,0.563058384455843,0.18375275399780278,-69.60010788319903,0.5486366025158959,0.6074768837938309,2.659954381813874,-0.04789040873422952,-0.025329509004950526,1.6855361753760458,1.5621402374051307,1.5676422056690336,0.09662091134531631
332.1999999997704,walk,walk,-0.0,0.25798233695652173,0.1701188858695652,0.9986490451205063,-2.3374117563559738,2.7428821214186887,137.50808988291863,-0.10439348752390551,0.2642071587244719,0.0009023381573094198,-0.13820522664457713,-0.08931042044953978,0.08758778511034601,0.12082889717928165,0.36371735370291125,0.570878699447998,0.2071613457450867,-66.08213128587907,0.6534075174317329,0.6771590646753312,-4.169758300761394,-0.04655247574222876,-0.030433404445648196,1.2162224264351709,1.5663530693243346,1.5763946373895288,0.09242347899765058
332.2199999997704,walk,walk,-0.0,0.2622282608695652,0.25011209239130433,0.998975186744952,-2.432123295535009,2.573623869107678,137.68650165799568,-0.09004793045375724,0.22090090856440747,0.004784899431342828,-0.08397363352639121,-0.1629233004981024,0.15749344852935054,0.12943875447445355,0.409516764873278,0.5731212741773537,0.22164360549545292,-63.439106826607194,0.7213438095429016,0.7313788479591012,-3.5523021917222612,-0.044895900858871796,-0.02529849782586098,1.4726542538832819,1.5715450918118181,1.5800566070661426,0.03402326662601016
332.23999999977036,walk,walk,-0.0,0.2622282608695652,0.3167730978260869,0.9993749054113726,-2.48197977743727,2.372052891598404,137.9359270554887,-0.0791346268295777,0.18153363232491143,0.0041092964199581986,-0.04792593405976348,-0.18628902479439308,0.21724011957290482,0.13957021802760164,0.4720664316434215,0.5727418895883476,0.22304681804275517,-62.91782377387682,0.762206189699869,0.7771352690110207,-0.5406685687760469,-0.043063232174589613,-0.02625384666025639,1.2414586899863478,1.5753808902805428,1.5815691820294142,0.029223561535707265
332.25999999977034,walk,walk,-0.0,0.2622282608695652,0.5034239130434782,0.9996659385234148,-2.493313018681782,2.1991740526435963,138.30687921272394,-0.07194055654827501,0.14025428548685687,3.051626278651647e-05,-0.019257551425424804,-0.1604060065378402,0.33409723862462143,0.15235900705524866,0.5468093475670639,0.5720407256800267,0.22649631764984135,-62.1483026826794,0.7900649421759441,0.8070731696138382,0.8563705408710915,-0.04188045897593836,-0.02672093287110329,1.1489825507119242,1.5791964614671543,1.5870719498903036,0.063354454263847
332.2799999997703,walk,walk,-0.0,0.2622282608695652,0.5300883152173913,0.9998056938097294,-2.4639470373690444,2.0819969949796073,138.81090559698617,-0.06588515876147426,0.10227890917720697,-0.0029385263172640617,0.013639183251685009,-0.1155378074134564,0.44945132624384954,0.15327587438867254,0.5429614299425056,0.5714505725526433,0.2341086056480408,-60.67666043552235,0.8083838178503797,0.819189780617714,0.5067305237365964,-0.04124449856404786,-0.021794441342353824,1.520876665312915,1.582126167723021,1.588065741857934,0.051979989005047134
332.2999999997703,walk,walk,-0.0,0.2622282608695652,0.5567527173913044,0.999811308790067,-2.375175532947287,2.0263276500861243,139.38356701259954,-0.06032850216451892,0.07419704538332361,-0.004354639165749017,0.06711570439448053,-0.06335925784611969,0.5019820675294924,0.15277072230670616,0.5400174593296118,0.570388542131114,0.23816160228347782,-59.722073123561955,0.8210292668171388,0.833092653418541,1.1775340296220043,-0.04054758117380015,-0.015262729674577716,1.9802386088891524,1.5826515938310886,1.581712518161583,-0.03333781975055871
332.3199999997703,walk,walk,-0.0,0.2622282608695652,0.6100815217391303,0.9997290532215775,-2.2199632053166316,2.0102344720817795,140.00198676752203,-0.0542515942869778,0.04744977194537124,-0.005838192717904853,0.12347801619769647,-0.033237861243390725,0.5445612886955056,0.15033226154196302,0.5375846278355171,0.5683296741102883,0.25078130629158024,-57.002694623271296,0.8259451834094953,0.8331173818955422,0.9347157152691915,-0.040484007290858756,-0.018323230743408206,1.7700607906018193,1.5816382197121786,1.5753811730951548,-0.11604195772535841
332.33999999977027,walk,walk,-0.0,0.2622282608695652,0.7300713315217392,0.9996004781190038,-1.9830608113383317,2.030952992168722,140.70133328626883,-0.05035392605992148,0.01907450850654457,-0.005051303055562202,0.19480658821415375,-0.0003455355884457688,0.6220435294285273,0.15032983228253569,0.5356457457721825,0.5644900635392607,0.2540065732250214,-55.595961679097805,0.8218991890093796,0.8220848452696801,0.39600243357685494,-0.04152697013028997,-0.025354751572012904,1.3549494293867879,1.5786366501131308,1.5703842391208291,-0.09567966485727777
332.35999999977025,walk,walk,-0.0,0.2622282608695652,0.7700679347826087,0.9995247185713456,-1.6605527279334473,2.093423397623258,141.48216442572203,-0.049875421878710496,-0.009112849155557618,0.001661549270524143,0.26565221423412344,0.03706975367073946,0.6911609945381472,0.1520193985625321,0.5342291399842788,0.5577232513274686,0.25333265330886845,-54.27486598659396,0.8073562654007824,0.7996934440383912,-0.1689529641053107,-0.044063718409995935,-0.03058777116239071,1.2228576981275265,1.5755872901371213,1.568797259865749,-0.06732341636012795
332.37999999977023,walk,walk,-0.0,0.2622282608695652,0.7967323369565217,0.9995780555397749,-1.2676049698525393,2.1973483159838256,142.3184095391733,-0.05137286174413032,-0.037362474991697106,0.011812801639972401,0.3223364176608312,0.07622425569270996,0.7372089501002109,0.15232419773925215,0.5332833562862099,0.547574652737611,0.25830800201988224,-51.29566087095297,0.77826378217054,0.762695878038764,-0.41106194955950137,-0.047706328802464164,-0.02949302010238171,1.6602151995537184,1.5734265598106987,1.5678026855871559,-0.06978282767993525
332.3999999997702,walk,walk,-0.0,0.2622282608695652,0.8500611413043478,0.999785209838611,-0.7910525441249895,2.334752546764071,143.2088683430375,-0.053006621829335174,-0.0644793559684866,0.022472594171161778,0.3950164570104117,0.10902922074062879,0.7857811941880315,0.14956665238827352,0.5326540435265756,0.5332328244002101,0.2575751629123688,-48.52920540653778,0.7324590022238033,0.7152182732174397,0.6445057528821057,-0.05189663418551057,-0.024038304761052134,2.462024627509168,1.5719026149177575,1.5665572316334129,-0.08320638446446177
332.4199999997702,walk,walk,-0.0,0.2622282608695652,1.0100475543478262,1.000158115465368,-0.18650034778128322,2.4850317711666685,144.21801474883637,-0.05321231416491012,-0.0934990411626983,0.03206265060469149,0.5058287965018265,0.12388575405767385,0.8988001299085776,0.14380225613459663,0.5321778007368286,0.5130205133395945,0.2478752222309113,-46.18726909658574,0.664697226042127,0.6468973692903519,2.3648091502549953,-0.05617231871439696,-0.01673974767327309,3.3922695326675933,1.570456563996804,1.564689358039248,-0.09415448770916848
332.4399999997702,walk,walk,-0.0,0.2622282608695652,1.036711956521739,1.0006120430783039,0.6084803150993918,2.6293846634756854,145.34550917827193,-0.05257816532116058,-0.11356128642451696,0.03559468218252583,0.673010491349383,0.12842682178469375,0.9947596392477346,0.13169626943859203,0.5022111169636211,0.4853250505787333,0.23392621543502812,-43.142191410798766,0.5771479402507782,0.5665597256669999,5.306132921986173,-0.060070605708908466,-0.00891620218753815,4.309355488399716,1.5686698491645676,1.5620240488037944,-0.103154142244702
332.45999999977016,walk,walk,-0.0,0.2622282608695652,1.0767085597826087,1.001122268447477,1.6211528926447862,2.7555406156262583,146.5431749608561,-0.05442197187075585,-0.11461924815160895,0.03931965901608941,0.8569088278161314,0.13153064501359346,1.042742305240231,0.10778377411998782,0.41652948077255325,0.44854395141713627,0.22978899743652348,-36.645604904674386,0.5186895149836078,0.47459698584175114,-2.952608073800369,-0.06379081171612654,-0.007923345267772677,4.679148027883975,1.5674017700610052,1.561930368928659,-0.0964310914936746
332.47999999977014,walk,walk,-0.0,0.2622282608695652,1.0900407608695653,1.0020899992737948,2.47715967270442,2.840832498447607,147.66325616841698,-0.05664985664702232,-0.11206422416764171,0.05901524937549384,0.6684195972766582,0.10385396363279033,0.9656662118901832,0.08176655189055256,0.23075356119522028,0.40999931865968003,0.3156054106006623,-14.027734400651607,0.5348025142657847,0.3656990018138886,-31.901825653342726,-0.06691110768265048,-0.01964227966964245,3.954732884023517,1.567265594502263,1.5687853333488584,0.03908755096675604
332.4999999997701,walk,walk,-0.0,0.2622282608695652,1.183366168478261,1.002960145201438,3.0327714142129,2.9208250860438825,148.85350331922535,-0.06567573784052161,-0.11080391894841132,0.05256405323616454,0.4001720771505015,0.12434518631987693,1.0473771029929329,0.1146025269248982,0.3765819019226762,0.4897595212775035,0.542837971116066,2.27477254178873,0.5478389035713845,0.2888397958526612,-47.650330027731755,-0.06992454322942604,-0.03495574574917555,2.961490358754002,1.568043438285916,1.5727775230020762,0.08778213041927918
332.5199999997701,walk,walk,-0.0,0.2622282608695652,1.2233627717391304,1.0039359121940705,3.4465732915050675,2.9573484019417564,150.09304614718678,-0.06337970561231669,-0.08060041482730908,0.053871135283765526,0.29729404847907,0.08864645774822938,1.0803631999887742,0.13946700992899033,0.4640298376673565,0.6149894599503658,0.6269935157546997,-8.074669868175636,0.5527062431771522,0.2809821751365662,-49.30946496643342,-0.07437615618132698,-0.03035647347569466,3.766357824372103,1.5693126518390854,1.574189686490643,0.07663316500304346
332.5399999997701,walk,walk,-0.0,0.2622282608695652,1.263359375,1.0052572009887637,3.834199305482741,2.93169067471225,151.38433255222938,-0.055375885880452794,-0.04899219818935369,0.06524063039318478,0.27868410740394356,0.04503652138491805,1.132405971897578,0.15281864192977465,0.4881364620122168,0.6950539312658989,0.6791262489209176,-9.180514378016792,0.5513217026748141,0.27472550537681584,-49.69792940508971,-0.08092250444461234,-0.027387201040983203,4.651144434517275,1.5708359727117678,1.5754664906248927,0.06325307990605958
332.55999999977007,walk,walk,-0.0,0.2622282608695652,1.3033559782608697,1.0068348104536498,4.175554097217669,2.8854871404841367,152.75598583110056,-0.05169410451634015,-0.031279714366688145,0.07490367498770151,0.22897936312765138,0.045113899961656545,1.2037611719110959,0.16140281638394333,0.5014979740637757,0.7339082795152103,0.7310741341138483,-3.573047708965457,0.5448072179267379,0.2631121959934235,-50.21642894020442,-0.08775409577370012,-0.02467157803475857,5.425831828082968,1.571473958552968,1.5744055260852456,0.05765238613209367
332.57999999977005,walk,walk,-0.0,0.2622282608695652,1.3300203804347828,1.008406938028466,4.435226150821126,2.8606167644666463,154.18735320432418,-0.05183752907541798,-0.021004280397003017,0.07495894460434258,0.15370420762101772,0.07717006119393019,1.2502975929890177,0.17003592651091232,0.543450136755139,0.7579267278411104,0.7743197989115715,1.0164820125631118,0.5352402748657614,0.2541681316146851,-49.87250079480854,-0.09232983417279873,-0.02254479117691517,5.827422596043251,1.571662489914666,1.5746807672963024,0.06950921906384895
332.59999999977003,walk,walk,-0.0,0.2622282608695652,1.3300203804347828,1.0097774489809213,4.61877508138274,2.8609931203805328,155.634328466917,-0.05020463874817692,-0.008783553495540317,0.06548756871847088,0.0893807446796914,0.10303790032016151,1.2568544214594204,0.1718070544474463,0.5464321994890448,0.7749566294763175,0.794997067416668,2.240176041214464,0.5249938441522014,0.25492198135948185,-47.838023401321834,-0.09451394745602165,-0.02152942791581154,5.953286432091214,1.5717308134605465,1.571815143613565,0.0002748235833047192
332.61999999977,walk,walk,-0.0,0.2622282608695652,1.3300203804347828,1.0108285247408364,4.763463061032335,2.873065339201688,157.05071168383924,-0.04432600857739911,0.010949989465758127,0.04856054901463016,0.06186245848738247,0.11245054502494603,1.2242476985965332,0.1702302154788703,0.5384400259376431,0.777506125447406,0.78978863474226,2.0464324301227843,0.5164822796981037,0.26604951288795475,-44.426651426822446,-0.09432272570370408,-0.017789150774478915,6.107326448157665,1.571855396320617,1.574486972107041,0.06123112777773443
332.63999999977,walk,walk,-0.0,0.2622282608695652,1.343352581521739,1.0114553730302696,4.8899714480679215,2.89087399523319,158.47438455654782,-0.03595452215661134,0.030537302922642697,0.025956738742343954,0.04607914327337491,0.1211328476534916,1.239153524422356,0.16499911573960432,0.5215345429652843,0.7704206302224379,0.7883794393787384,3.8192007611403924,0.5113284333043302,0.27034513022995,-42.9796493253981,-0.09199646586231675,-0.022213691100478175,5.447561759169046,1.5722985808167012,1.5768983776629448,0.09751607933940433
332.65999999977,walk,walk,-0.0,0.2622282608695652,1.3700169836956522,1.0116248432101216,4.974169810516048,2.918749933637222,159.91345585704664,-0.025906095522255992,0.051799100016102044,0.0026889364353095786,0.003561627337750631,0.13391730983701647,1.2477453755382277,0.1566923527423516,0.5033911889571951,0.7668601067097178,0.7957454484353066,5.453177438241461,0.509219322993018,0.2588425960788727,-44.9042133139248,-0.08808417952170444,-0.019263652339577678,5.283339721134308,1.5724422013660782,1.5716115518421412,-0.02347267701344327
332.67999999976996,walk,walk,-0.0,0.2622282608695652,1.3833491847826087,1.0113894029871744,4.9763568904970406,2.9637278970061267,161.35406389328094,-0.014770155458953946,0.07238778455908365,-0.016529726641787142,-0.07334246119015428,0.15001945432137043,1.2470853346679656,0.1505324380047933,0.4942752892151859,0.7726555603493783,0.8053104963550568,5.402964965590144,0.5085901573731698,0.24708873894310002,-47.01990450059627,-0.0826689261391599,-0.011375784128904345,5.398840092547427,1.5709147862610053,1.5634771876916767,-0.1265691062663024
332.69999999976994,walk,walk,-0.0,0.2622282608695652,1.3833491847826087,1.0109230807087466,4.878073593518764,3.0294209723740946,162.8065799137672,-0.0034971320471383635,0.0912977813649989,-0.025393502590126786,-0.16398832582765166,0.16858013661610732,1.2583385531408715,0.14660314034164906,0.49015112422185175,0.7722147378194494,0.7801049586782456,1.502451874395903,0.5071003065339,0.24375856783485417,-47.28318359322421,-0.07603104559645274,-0.00987065136432648,4.924662072509736,1.5674520451911544,1.5581641768053651,-0.10664241879518646
332.7199999997699,walk,walk,-0.0,0.2622282608695652,1.3966813858695655,1.01032798908266,4.667039995942094,3.123525625675601,164.27774845265913,0.00801700338039543,0.11088161072451208,-0.029095603074674167,-0.266185821229804,0.19149577058499923,1.272666844016672,0.14359235909292994,0.4842827153676132,0.7553356087593146,0.7536508359411955,1.108885710969561,0.5032598072665802,0.24111161496734623,-46.88740697951297,-0.06904980876659358,-0.018143716454505923,3.6879390520974646,1.5646652795008558,1.5582370844617963,-0.07025928930609579
332.7399999997699,walk,walk,-0.0,0.2622282608695652,1.4233457880434783,1.0096220047441558,4.336410944795397,3.2416171549599047,165.77656481255278,0.020419550046082806,0.13239787369455702,-0.032583808043541995,-0.374800628678576,0.20664102474330254,1.297344312114181,0.14139776994453468,0.4749297967323673,0.7253977062778902,0.7267156348029375,2.691944976281264,0.49645161214973044,0.2358084109077454,-46.389395268070935,-0.06282467515248642,-0.025687831640243533,2.6309142700987005,1.5639912225876402,1.5606781833753467,-0.06784470068932531
332.7599999997699,walk,walk,-0.0,0.2622282608695652,1.4233457880434783,1.0088523257976614,3.877225860690651,3.3623287903281165,167.29744920540588,0.035197947089788434,0.1570408488113388,-0.0350547890436964,-0.49228598068733426,0.19780257151298083,1.316228232398229,0.13892335152777935,0.4553496196189184,0.684697847834671,0.685664118493557,3.5147646757945097,0.4855534435895634,0.22924582030868534,-45.29627063152516,-0.058107408100140305,-0.0247710544615984,2.412313718153716,1.56393037096416,1.5633554899082065,-0.013183585661806467
332.77999999976987,walk,walk,-0.0,0.2622282608695652,1.4233457880434783,1.0081117791004617,3.269695934306048,3.4518840744170203,168.83776534716998,0.05365955435220486,0.18246872125613872,-0.03513574194789965,-0.6279645838830826,0.15468918660082506,1.336994523508498,0.13480191252355014,0.4162347288031184,0.6309896167674233,0.627711848581791,3.8396039866728433,0.46834287330947044,0.22223774459457402,-42.978309039359445,-0.054509586896798135,-0.01633275225758553,2.8597977881195074,1.564011276933509,1.5657954023167968,0.04146239141642163
332.79999999976985,walk,walk,-0.0,0.2622282608695652,1.4366779891304349,1.0074467370012339,2.4878274139798595,3.4761865607206945,170.40844772314003,0.07661212731698439,0.20605337761177306,-0.03535227857873361,-0.786343068164508,0.07853714210242786,1.3696939255509415,0.1279047268740486,0.43397267537673795,0.5627677650549848,0.5552217897424698,4.291438913656279,0.4423591444307613,0.21660117175674443,-38.64538594103223,-0.051236018251597314,-0.005806549638509753,3.4564048117147945,1.5642941320894599,1.5680414413050294,0.08298393747928555
332.81999999976983,walk,walk,-0.0,0.2622282608695652,1.4500101902173914,1.0067219325496002,1.5033286864319537,3.4160617524020007,172.0087270864507,0.10405768272322011,0.2264673028998129,-0.043937842468193704,-0.9677383667216681,-0.017691550460681153,1.3977271706709629,0.11631908798559962,0.44259662288768076,0.48201465018403244,0.4729694810161591,5.086565034950018,0.4063741599253887,0.21539393928146366,-31.616434270993107,-0.04742921939350469,0.001214672625064847,3.682467837796496,1.5648909107994609,1.5689516861871362,0.07971933845866246
332.8399999997698,walk,walk,-0.0,0.2622282608695652,1.4500101902173914,1.0055378054610116,0.33773347931641684,3.2967714550629688,173.6247845431138,0.1291864361458991,0.24919458223801857,-0.06914691054138213,-1.1104622420581678,-0.09182348814917393,1.4162424520707098,0.0981476631016428,0.4057539279869833,0.4188805462481687,0.40049470331764225,1.602287163581484,0.36405157969056817,0.23637936380004887,-19.761355227428332,-0.042303224403246686,0.0028184957802295657,3.331614018455581,1.5651217365374703,1.5671973128751397,0.04559565701471518
332.8599999997698,walk,walk,-0.0,0.2622282608695652,1.4500101902173914,1.0045643338806909,-0.4616795438980294,3.3530973971609774,175.34670275822026,0.1069731689746626,0.2710401966298287,-0.029595738241648815,-0.7220236787153107,0.07104619778305166,1.5064630809593205,0.09180008921090606,0.2892760397306954,0.44493360171357715,0.3024813022861481,-28.21726075104691,0.3678330727646999,0.3999143328914643,5.189159703353578,-0.03827752972820971,-0.001974503695964816,2.682110591413352,1.5651913298937592,1.5669289876655221,0.04123299811841237
332.8799999997698,walk,walk,-0.0,0.2622282608695652,1.4500101902173914,1.0036587414066565,-0.8943644318652447,3.598531446592136,176.88603909613187,0.08707661325190345,0.27615385993989555,-0.009001840232073764,-0.4268924459130643,0.21632921985748477,1.314652602622303,0.10870725875636242,0.3110927969668652,0.4764706731573843,0.2806232359657288,-37.71966710643679,0.4794811591277088,0.5021222021827698,-5.641436767276897,-0.034471824735198865,0.0023834414780139895,2.7281188017495275,1.5655442765635093,1.5700795681164146,0.09973849732804888
332.89999999976976,walk,walk,-0.0,0.2622282608695652,1.4500101902173914,1.0030294919158353,-1.1802704745182082,3.8388710956826393,178.37415118248333,0.08269805824730582,0.2364920041061406,0.0034445586077769446,-0.32656853828171817,0.17763198259765545,1.2988111324579887,0.11758679434197954,0.375139006954194,0.4946586113245903,0.3256727245101929,-31.828567223876902,0.6084786651157472,0.5914963569889069,-13.571466852836137,-0.02994496938730694,0.009514377266168592,2.8997892605089475,1.5656664157991933,1.5645700910076976,-0.02951089808118652
332.91999999976974,walk,walk,-0.0,0.2622282608695652,1.4500101902173914,1.0028895696286853,-1.4748710133859628,3.937580640959956,179.92531010533924,0.08760954818954733,0.18039724901684617,0.014375709954957228,-0.35572330447584866,0.03663719369885019,1.3559629976907526,0.12862644233998283,0.40346352294588067,0.5044335414824794,0.35657582547760014,-27.36692045994643,0.6893438924559495,0.6509519007453919,-13.33916561876183,-0.02471014052821321,0.006325472891330716,2.1916606958886025,1.5648869390924798,1.558311383514154,-0.1338195129277133
332.9399999997697,walk,walk,-0.0,0.2622282608695652,1.4500101902173914,1.0031915484376874,-1.8360055683413379,3.8997978659330883,-178.4910215654537,0.09048942671778351,0.13022811266899592,0.022386679202579342,-0.41802625348690103,-0.08632114892035206,1.3761146174575836,0.13477482525804182,0.40404569531903634,0.5100944639753392,0.3643343832740784,-26.673516409287416,0.7287095625888823,0.6990718629608155,-8.475760414449773,-0.0205937409556927,-0.014752551168203357,0.24953550932614466,1.5629648054313572,1.5549914839625836,-0.12833926413550628
332.9599999997697,walk,walk,-0.0,0.2622282608695652,1.463342391304348,1.0037009953898774,-2.2231794560294285,3.7673147410342063,-176.9095218091257,0.08985841557080128,0.09552771185218083,0.021466988449952443,-0.4299989254820305,-0.17388341303288093,1.3696618129017624,0.13282871440519484,0.3756599378361347,0.5138065779420006,0.3625084545860291,-27.519120445785223,0.7497476450786373,0.7384690244147778,-3.7487254027196317,-0.018426436543951954,-0.023235260695219043,-0.49730377471508747,1.5624443887025066,1.561679437099445,-0.008687395059423586
332.9799999997697,walk,walk,-0.0,0.2622282608695652,1.463342391304348,1.0042176771288291,-2.575666475692067,3.5833953584988505,-175.3066101074196,0.08972419996801409,0.07043105705072054,0.01551380901361542,-0.3913709410144019,-0.22338358593277152,1.3912892502687122,0.12776438150360891,0.3595332083747447,0.5162372045702279,0.3419943239936829,-31.552521319714444,0.7604940745810368,0.7585592486361266,-1.2341003499567578,-0.018125832265256162,-0.019728467985987666,-0.14078514370938106,1.5641468037518984,1.5715052730352164,0.11716727879839427
332.99999999976967,walk,walk,-0.0,0.2622282608695652,1.463342391304348,1.0046557680319204,-2.843276161639288,3.407769343735157,-173.7033509299916,0.08977406552103034,0.05637270420775009,0.01236696326920685,-0.307285330944869,-0.215878909447289,1.3857743712491608,0.12264910182191081,0.3619076853084614,0.5168259785791682,0.30469156172370915,-38.23133637920045,0.7634636561879912,0.7714906737605334,1.1980735804841858,-0.019065083038728968,-0.003982248902320865,1.26102404440009,1.567291360342028,1.574818560196507,0.07617439691138642
333.01999999976965,walk,walk,-0.0,0.2622282608695652,1.463342391304348,1.0049901058528632,-3.005294067514625,3.2722102516731764,-172.10760731216453,0.09092499330986671,0.04423508669621974,0.010705607936496466,-0.21040141896784137,-0.1844288762203521,1.382234560553214,0.11950561733644702,0.3750156546669865,0.5152716702000949,0.28326431777572636,-41.647037324068165,0.7595891008458816,0.7742709231028557,2.9298623321957624,-0.02044747473943437,0.007068951427936551,2.279030246896205,1.5683401446810572,1.5709293245286227,0.041638818125608344
333.03999999976963,walk,walk,-0.0,0.2622282608695652,1.463342391304348,1.0051357524722104,-3.0555079637148017,3.183669346670642,-170.54394959485478,0.0916898321299327,0.03693952673808039,0.004751027959984335,-0.10770628113139566,-0.14370587177318717,1.3511971018719489,0.11516251133968346,0.39174122273394724,0.5123659172221365,0.2720446672687531,-43.04245535766445,0.758022376973815,0.7909711387405396,6.000310037003546,-0.021643140544863198,0.0052874989807605716,2.221042245070726,1.5683875181660962,1.5672027629748464,-0.029743615905546725
333.0599999997696,walk,walk,-0.0,0.2622282608695652,1.4366779891304349,1.00501287512809,-3.0060468039335335,3.1232467535049135,-169.01247132201877,0.09126878682881888,0.029844975470102227,-0.00720070642307263,-0.01970086306251525,-0.12081193143594707,1.326983949929921,0.11145949909465444,0.40598607236923323,0.509377705858933,0.2713449683437348,-42.624080245625564,0.766503525693394,0.8129100513110161,7.610246816935804,-0.023260601629393075,-0.011717251688241961,1.0163277362220586,1.5684071690375556,1.5693824042514444,0.023560745606058208
333.0799999997696,walk,walk,-0.0,0.2622282608695652,1.4100135869565218,1.0046619716436824,-2.912912206437151,3.0634945607319373,-167.4876008133504,0.09046460601744237,0.013904327063584219,-0.019296584322849114,0.011618074142481671,-0.12085801521943917,1.3240951950446966,0.11150038209876156,0.43515779884690303,0.5075898434328149,0.27584058907127385,-41.58278040056176,0.7784781803261679,0.82009839382267,6.503635718653462,-0.02554260369094118,-0.020564983785152438,0.5271051510154453,1.568485080456229,1.5708797623351693,0.057056127892543475
333.0999999997696,walk,walk,-0.0,0.2622282608695652,1.3300203804347828,1.004233126510033,-2.8134135030527414,2.979908187219333,-166.00131864852509,0.08903998341564039,-0.0027164748066042833,-0.025758119961073155,0.018903452193967094,-0.14033613408481876,1.2828093920361294,0.10943309156403708,0.4426983363655035,0.5066759547398626,0.2758137967834473,-41.485233197194226,0.7827788819505966,0.8165422391543389,5.758551668001847,-0.027755717776472174,-0.017692203819751742,0.926101296882793,1.568557725595076,1.570348502410996,0.04237325621192827
333.11999999976956,walk,walk,-0.0,0.2622282608695652,1.1167051630434783,1.0038938728566023,-2.695811376668811,2.8454466167696,-164.65723188486888,0.08674826070195599,-0.007397446535082934,-0.02617895211600374,0.04730027466143798,-0.17924138182596264,1.1432557727855195,0.10781183173901962,0.4365769182645011,0.5048490606071749,0.27296299603080754,-41.59922024920509,0.7736818666367644,0.8017523672828675,5.815265514565699,-0.02958824088288165,-0.012338935583829883,1.4805049739747231,1.56856596989927,1.5684966140375018,-0.0017383610784699008
333.13999999976954,walk,walk,-0.0,0.2622282608695652,0.0,1.003763894229309,-2.5807844863469986,2.608122930429942,-163.9541003102902,0.08250672697454633,0.038276839392395734,-0.024527166834296326,0.07352051741222791,-0.24467705850301147,0.5015611099801078,0.12270463096649474,0.4447360079618598,0.5024413597416995,0.28859425451850895,-38.309208044745475,0.756565609203155,0.7827785175690651,6.11295348252281,-0.029880488874101076,-0.005942001193761828,1.9260872636823057,1.567433176481523,1.561548020033586,-0.10324448931211133
333.1599999997695,walk,walk,-0.0,0.2622282608695652,0.0,1.0039516682813592,-2.4490990192997173,2.2434186721289415,-163.78866502385324,0.07891573989300402,0.06194879087182656,-0.02037134668521318,0.1142360938768431,-0.3371241363999983,0.09130007503217058,0.12848943957098818,0.4635209865652174,0.49767174475562326,0.2723733272800446,-40.18933193504388,0.7236105803738455,0.7484219029942751,7.1976715009577426,-0.0308942548476926,-0.016021619737148288,1.2557222682948006,1.5646478726693378,1.5585876994714618,-0.04786278856037955
333.1799999997695,walk,walk,-0.0,0.2622282608695652,0.0,1.004608868114874,-2.181102611419651,1.7768333072078661,-163.75314033646455,0.07577842767593865,0.06557464673908388,-0.006097634004997729,0.2534254445120084,-0.41868953318127605,0.013409583249361444,0.132796893221989,0.48295359069050603,0.4839962681255482,0.23107228543853764,-44.47767179082833,0.6608718555948353,0.6832242619643212,9.239657967685543,-0.03503710238001473,-0.021042329445481303,1.3654011799678327,1.562788949176582,1.5594062258437753,-0.02557426579772272
333.1999999997695,walk,walk,-0.0,0.25798233695652173,0.0,1.0056872798110659,-1.671305729431434,1.2789156139311015,-163.71776596553138,0.0704511683081101,0.07641164276411083,0.010989240230877165,0.47430010602131706,-0.43723353131283765,0.01938025376813113,0.1328467576807272,0.48258726822765474,0.45718166860211545,0.19845406081771855,-44.521454665830404,0.5711385408019768,0.5927063312778473,11.33545217305187,-0.04235550552394005,-0.01710219979286194,2.4358754844209622,1.5624318888683377,1.561073680682528,-0.02587638381205539
333.21999999976947,walk,walk,-0.0,0.25798233695652173,0.0,1.0067852739924688,-0.8612841570883053,0.856871524720132,-163.67947948265578,0.05984648844081046,0.09867128431777028,0.01641008219767629,0.7422164474330089,-0.3581229734311765,0.027683718257914137,0.12679502359534592,0.4481196401719275,0.41746307608247274,0.17732868459320072,-40.19101025256194,0.47774546783779415,0.49855669703578953,11.470312258230397,-0.05153078422735859,-0.008132460713386538,3.9874964834214364,1.562518952932358,1.5647598219052434,0.052292580172190205
333.23999999976945,walk,walk,-0.0,0.25798233695652173,0.0,1.0073268737673347,0.2176047620766848,0.600590314463266,-163.65558085196494,0.0448653602085075,0.12082539690594953,-0.004138436253165522,0.9811195248801018,-0.20696572941489066,0.029543393075939256,0.11387204045265865,0.3876462435104703,0.3701885444369611,0.17853633430099491,-30.97316364402439,0.4063709225045352,0.41522283222770695,8.707575430888715,-0.060207327282946886,0.0004543222486972781,5.323420149865017,1.5631614708397652,1.566619153408754,0.06335799442635895
333.25999999976943,walk,walk,-0.0,0.2622282608695652,0.0,1.0076195752874717,1.2142645555334497,0.5583611768097657,-163.7730238114994,0.018860970357370103,0.1261858139855947,0.01131518173938492,0.8439769239117884,-0.015743771388677136,-0.1229680072764417,0.09893096651870899,0.2954947835858059,0.32625321317111344,0.2096405413398743,-17.62610910235357,0.4101190034414063,0.3416363384971619,-13.00470833389122,-0.06517337642246891,0.0006537780165672274,5.531110578984736,1.5635473796476673,1.5662123200431943,0.05508113946625484
333.2799999997694,walk,walk,-0.0,0.2622282608695652,0.0,1.0075821491524684,1.8184895232548866,0.7205742677566609,-163.86757511906697,-0.0068540799798454,0.07778317863952487,0.01164411771248277,0.48075153587524755,0.16142083008062483,-0.07472062847947224,0.10648294563836005,0.3253389718140778,0.35736442371016547,0.375903436208725,0.2919443450675443,0.43597948441920686,0.25341109302139286,-34.900814322434805,-0.06530298282118334,-0.019425419345498088,3.6617251085863542,1.564657450667696,1.5695277408645034,0.07797858804587207
333.2999999997694,walk,walk,-0.0,0.2664741847826087,0.0,1.0071611001662844,2.083502725924519,1.0153129756821915,-163.83062714029293,-0.03174320014696123,0.05043754548491581,0.005527969344506535,0.20058600646497354,0.27012985485744584,0.035121705601856346,0.14208262282612477,0.533580705421415,0.5183827902065378,0.5922219839344025,-0.5647777183501361,0.45214050451705107,0.20191738870239262,-46.29918290431338,-0.0634918432559682,-0.0319566123187542,2.4095036035598465,1.5658343228370062,1.5693858352438093,0.04938571197398341
333.3199999997694,walk,walk,-0.0,0.2664741847826087,0.0,1.0067926598634267,2.23628401884989,1.2513005282372727,-163.74426047208476,-0.0378202424811316,0.056010404398755584,0.0013768767727712732,0.12685340770201492,0.19724104004688126,0.07035176492487702,0.16176926226095337,0.6038198834904402,0.6722779863514546,0.6882305603871346,-9.461278093063207,0.4619326446072177,0.22735957172012333,-42.988441679015985,-0.06291202504548471,-0.024851083010435107,3.008520990528027,1.567313938162694,1.5713046587020636,0.04747990023362744
333.33999999976936,walk,walk,-0.0,0.2664741847826087,0.0,1.0066066711899844,2.4018473256762136,1.3433497297595878,-163.58927140414525,-0.039765110447851776,0.06390778107330998,-0.004867898187140769,0.14389736016466964,0.06999085094686926,0.140849573558542,0.1631449696785994,0.6098094094727995,0.7629510398963569,0.7678494781652689,-6.271773468149966,0.4697614148775895,0.24972195293998722,-40.20610111044965,-0.06435209683163043,-0.01343609690666199,4.155845232505756,1.568512376530005,1.5721125447139621,0.051053456451310875
333.35999999976934,walk,walk,-0.0,0.2664741847826087,0.0,1.0065064936598889,2.580900682274887,1.3120217263497413,-163.37438404061538,-0.04324185070904119,0.06848281607733953,-0.013549550088950008,0.15130584022043098,-0.03022235577247491,0.19323920674618852,0.1605784435330059,0.5899828727535261,0.8045641413927156,0.8179713573703766,-0.8408259520409493,0.4771085223143419,0.24569330480194096,-42.20759538897417,-0.06663907240812937,-0.006437978893518451,4.942482043410265,1.5687392261054145,1.5688977085933566,-0.000987486287397199
333.3799999997693,walk,walk,-0.0,0.2622282608695652,0.0,1.0063859435274263,2.7466488354305474,1.2139608826441906,-163.14898491552438,-0.04731025588424411,0.07669772277107888,-0.021597143809166414,0.13758837733609236,-0.08124813454510285,0.2006115768430667,0.15627645770317206,0.5500345494875793,0.8132930793132288,0.832896017695427,2.901401225248292,0.4841946155784915,0.23149589564895634,-46.014755134642876,-0.06902201063467005,-0.012771307677030566,4.630435524846193,1.568751714650902,1.5677899283305288,-0.02412523102849869
333.3999999997693,walk,walk,-0.0,0.2452445652173913,0.0,1.0061052303918068,2.8890356711136405,1.0947202287526479,-162.96439286314856,-0.051479058329921994,0.09605394996116745,-0.03342252024568129,0.11864615065614952,-0.09750391913042501,0.159972935708,0.15141556066745027,0.5072407944149372,0.8044475642352241,0.8317837503204346,5.680176807115815,0.4921181035030875,0.229406991268158,-47.87990659943296,-0.07203505558007582,-0.022427627071738246,4.136512373026422,1.5687708009923786,1.5685786356166482,-0.005462853123527001
333.4199999997693,walk,walk,-0.0,0.21552309782608695,0.0,1.0055824105378603,2.9775466634036754,0.9797520004249705,-162.82371673201283,-0.05597395541981804,0.11827915628179472,-0.04636494168424788,0.06740659204604736,-0.09322855584435281,0.12392400450142388,0.14518043400437872,0.5096947639052646,0.791543616382354,0.8229338836321831,6.717630660001463,0.5007182205289579,0.22468052175140385,-50.33076151071443,-0.07530041706967504,-0.02155464626848698,4.477798313412017,1.568812494843042,1.5700709943607927,0.0298722735941805
333.43999999976927,walk,walk,-0.0,0.17306385869565216,0.0,1.0048090482261791,2.976986322676564,0.8787642126915897,-162.70575519659573,-0.06006127452647509,0.14040645530613619,-0.05856060386179676,-0.013124484848691602,-0.08165120091635412,0.10563611690593055,0.1419504229505413,0.5124041604384694,0.7825115758069765,0.8134723913321495,6.317545936616776,0.5091162650962879,0.22102538611984257,-52.48697593992742,-0.0775317684042034,-0.0115064412355423,5.39575787538681,1.5687183098472297,1.5661046815053106,-0.06169704551435426
333.45999999976925,walk,walk,-0.0,-0.0,0.0,1.0038525266877643,2.8790036756909974,0.7952727814210442,-162.61256679157364,-0.06367164490626624,0.1640744585576698,-0.0659098435016108,-0.09844542802780928,-0.06749950471743235,0.08748945854278997,0.14079187743615273,0.5153759116274832,0.7665812810914658,0.7753281679401398,2.9179884882909763,0.5164211015363938,0.22595838573074345,-52.80820511785528,-0.07744384411366753,0.007848405092954633,6.871831920799214,1.5667633130397094,1.5563364339009405,-0.12145694692709252
333.47999999976923,walk,walk,0.04894621475883152,-0.0,0.0,1.0027540771586583,2.7087085038405956,0.7287720069427526,-162.5746101319294,-0.06139895784038523,0.19036379806356277,-0.07202575179132512,-0.15549828768382626,-0.05617608337226925,0.03068284271162327,0.14329960015350524,0.5185623006602076,0.7274067013809022,0.7190036002943516,1.7629871635024301,0.522943169027135,0.23133383061981205,-52.97480239959396,-0.07076223830264984,0.020937648415565488,6.9403252589276,1.5648011255302379,1.5489477666974545,-0.3198158503345489
333.4999999997692,walk,walk,0.10838914954144022,-0.0,0.0,1.0014061628911433,2.4573840304308545,0.6859685922052684,-162.53513136018333,-0.06378168063585354,0.21588282642768342,-0.08361849520573078,-0.22908951283895249,-0.03333230315441416,0.037426149338360575,0.1476939843622763,0.5215875161113668,0.6693209743568219,0.6639897089848519,3.827738963376595,0.5297668591655107,0.2380543735275269,-53.016003636559056,-0.06036764849226132,0.014255788922309873,5.388253057271033,1.5593857433333875,1.5490047189355374,-0.07104816400183836
333.5199999997692,walk,walk,0.17632393215013584,-0.0,0.0,0.9995709723303562,2.0682409198372906,0.6973701611557267,-162.49084922947114,-0.06721705012636986,0.2372777931550621,-0.10306188189321705,-0.3576515031274638,0.018041726620393606,0.037009536682794164,0.15503983165305513,0.5240771394255322,0.6103736660733428,0.6126984890947342,5.239215176756012,0.5376462559927778,0.23630217578506474,-54.83630263434193,-0.05017279695518687,-0.004100839793682101,3.1277747807103573,1.55753785653892,1.5538062269747734,-0.04665846874609953
333.5399999997692,walk,walk,0.7028184973675272,-0.0,0.0,0.9971039425828202,1.470803163220459,0.7907424717592091,-162.43950877712928,-0.06963242228648314,0.25190259156904293,-0.124981680415139,-0.5472027671368276,0.09222902615717261,0.04331536746662823,0.1745105834122343,0.6429584656636123,0.5619141973582502,0.5675735857734681,4.95419710408859,0.5466818244878222,0.21552715566253666,-60.30197806021079,-0.04247563131656209,-0.022762858495116237,1.1652287394827194,1.5573658955731262,1.557298411889422,0.0017076361001347054
333.55999999976916,walk,walk,0.7792451278023098,-0.0,0.0,0.9943939665707838,0.6540280793818177,0.9918001179556332,-162.36880676972336,-0.07511762738334726,0.2597470274560879,-0.11471974018768764,-0.7259361420894253,0.19351935318163477,0.07578394212254277,0.18641084434930252,0.7521643520967833,0.5324449179299173,0.4894394662628174,-5.3338623506314224,0.5509316278219346,0.20438001420593266,-62.721837600615686,-0.03757034075344928,-0.025790804252028468,0.6841759150470156,1.5574788908604473,1.561031104339707,0.08433858607765261
333.57999999976914,walk,walk,0.8471799104110055,-0.0,0.0,0.9926381614764233,-0.25024516501663846,1.234641791518017,-162.3684462868966,-0.06952980759206208,0.2616188222180788,-0.05798532956356598,-0.7990035869179133,0.21167229939710105,-0.018171193062946716,0.19033932282806082,0.7484654374126896,0.5584310710808836,0.35445309546089177,-38.93329372649911,0.5488318353505922,0.24959857132530217,-53.74959359988565,-0.034882705884989325,-0.015698331594467166,1.3892199273784431,1.5576282707136768,1.560822087614286,0.07481300731683954
333.5999999997691,walk,walk,0.8981309973675272,-0.0,0.0,0.9919682136604712,-1.1689457087722248,1.47343144934252,-162.54088975861066,-0.053862055834116164,0.25421545411326574,0.00017203898360914748,-0.79496685229126,0.21199364451191893,-0.16318984109600795,0.18605670616275985,0.5727505716331878,0.5785431114389713,0.20748356845474247,-68.29221835692564,0.57388910478747,0.39573488500213627,-34.30742788475885,-0.03382718689947961,-0.01148600056767464,1.7331906744561167,1.5577797813132832,1.56137781897043,0.08479797959205419
333.6199999997691,walk,walk,0.9660657799762228,-0.0,0.0,0.9920355507960685,-1.8951970230566506,1.7643800772776788,-162.6979483777618,-0.04016279275745794,0.230810405370774,0.042106304721665856,-0.5986606784851032,0.26656974158612073,-0.1169189482329024,0.18880160424962053,0.6022688206912045,0.5879312088363712,0.09910336997604374,-88.70812590021222,0.6378377668190076,0.6331225049147606,-6.29221067615252,-0.034918514095837246,-0.017439919710159305,1.464359029280292,1.5601282771118805,1.5686875314400077,0.12294161078235856
333.6399999997691,walk,walk,0.9660657799762228,-0.0,0.0,0.9924072295944258,-2.320524557119926,2.105879406337142,-162.71775345531574,-0.026295672195231934,0.19269081010894817,0.06094387480192185,-0.3364707392674031,0.30262796037908657,0.011123652201949013,0.210929508493835,0.6139389686079396,0.5944389759755478,0.05897615220642094,-96.98593406382754,0.7485176808142021,0.8442624222884179,8.123819870048553,-0.037223156626161685,-0.023731437698006633,1.2066083748626002,1.5677145302558435,1.5827877570823312,0.09426803491304198
333.65999999976907,walk,walk,0.9660657799762228,-0.0,0.0,0.9932066304702419,-2.574986932256055,2.382052267403709,-162.69171557245213,-0.0034379342204318014,0.15236684901516134,0.07545972849204505,-0.21118384827722886,0.22806361533257566,0.030077270996425896,0.2098306005889865,0.6148539460741427,0.5967109629435733,0.09530649449920658,-90.4604318251157,0.849621130560904,0.8967047568807602,0.4906842227779684,-0.038209583111392546,-0.020797067508101466,1.433710045885137,1.5767202528765563,1.5890001061320782,-0.0033864136918383414
333.67999999976905,walk,walk,0.9745576278023098,-0.0,0.0,0.9943797321028379,-2.782096658562157,2.540699989931609,-162.70502878343504,0.02248189904696935,0.11558523261801665,0.08132932319955977,-0.1771626671993114,0.12604370920634758,-0.011352174878839036,0.2066984521988742,0.6158032254526907,0.5934417373509796,0.12627325322723393,-83.85277703372405,0.9080554621499327,0.9313872244606018,-0.34149130911942027,-0.03817868402346483,-0.018891264870762828,1.5377659850009102,1.5813700378628344,1.5858744441479922,-0.02740359203106607
333.69999999976903,walk,walk,0.9830494756283967,-0.0,0.0,0.9956720489460984,-2.960490325434099,2.6324426826928358,-162.7454174555205,0.045320368706899844,0.07918312573757452,0.07952191327266146,-0.15026797532490838,0.07661263907410458,-0.03270369064180038,0.20478863791137933,0.617501489264966,0.5869490672144543,0.14197901752090458,-79.60439831914086,0.9362244715272876,0.9553239431629181,1.2639329667578951,-0.03823708467895623,-0.019153357669711116,1.5283007733145642,1.5819840657431083,1.5799064247817278,-0.0625768850022465
333.719999999769,walk,walk,0.9830494756283967,-0.0,0.0,0.9969780028177108,-3.0836784187432396,2.70998648318695,-162.75347657395605,0.06571942128788244,0.040717422335368826,0.07845470255034452,-0.0998521675879609,0.06661458202668794,0.0034381714178105005,0.2015946739747917,0.6201553943672378,0.5778922439201954,0.15354082849121098,-75.69294172669456,0.9396544796070194,0.937137150431633,-0.647400185537319,-0.03917946283303679,-0.02036714665591717,1.5602805302845775,1.5809051316072376,1.5753255479917407,-0.09741860776417066
333.739999999769,walk,walk,1.0,-0.0,0.0,0.9981169665964716,-3.1272770687762272,2.8138215329521024,-162.74604459661356,0.08368562561501292,0.0063342203612814785,0.07080783948906613,-0.02909146810175983,0.09327929345109609,0.011405213755411791,0.19839752509677738,0.6226154345204347,0.5678134936025451,0.17101214196777348,-70.65580359810069,0.9283576779413963,0.9248821076402665,0.33321060384387335,-0.03997342744673337,-0.012676037102937701,2.2257241002333124,1.5770315767499161,1.5675158065692067,-0.0934156064121576
333.759999999769,walk,walk,1.0,-0.0,0.0,0.9989570406342625,-3.0922266283576523,2.961218742123298,-162.76735163248577,0.10011518328578213,-0.02487474979682991,0.05926242275202611,0.03995161153099962,0.13357247465954322,-0.014470046490608346,0.19616593563639212,0.6243483343134054,0.5578741499180204,0.18435416486358647,-66.47396714109455,0.9073884211557425,0.894546368385315,-0.5753424499679745,-0.04026267652329528,-0.014738644659519198,2.057201033222819,1.571163559517823,1.5605696451798559,-0.05720100482005644
333.77999999976896,walk,walk,1.0,-0.0,0.0,0.9994553217233286,-2.9586106013869613,3.1686501362792856,-162.82809834832645,0.11442331220822191,-0.051545707703866614,0.0480932309550716,0.13150444683416865,0.19027094698340363,-0.04623893033475529,0.19543027859718304,0.6258614509261027,0.5478856881045927,0.18539492156600956,-64.48307803194722,0.8814587457576625,0.8647109430680275,-0.8983995801292926,-0.04115392947548917,-0.027610871195793155,1.1377881743485734,1.5658418320614826,1.5576073185489059,-0.026819099901989135
333.79999999976894,walk,walk,1.0,-0.0,0.0,0.9996896948807319,-2.714362319543107,3.4298744623012483,-162.93561447650632,0.12975751373709615,-0.07462642661038633,0.04132357617545566,0.23103593097877934,0.236733623313931,-0.08681954061215263,0.19404314946133802,0.6272932645639333,0.5369249458240115,0.1918536808738709,-61.26866431850612,0.8390173442696174,0.7989085253725052,-3.7465513126782186,-0.04356049375250157,-0.035510305501520636,0.7850419805071766,1.5623990609551517,1.5564515807614208,-0.03685224469952786
333.8199999997689,walk,walk,1.0,-0.0,0.0,0.9996142235049801,-2.341593465926857,3.707680797972272,-163.05107113511332,0.14921851782801296,-0.09770620693745216,0.027391033728515916,0.34633056138120033,0.245212280578934,-0.08699188243940491,0.19111133454226975,0.6287203815651685,0.524925192829111,0.19836995866394047,-57.84133458936614,0.7714272635435319,0.7347772524157763,-1.0814808631846624,-0.0469460807845405,-0.03191628232598305,1.39442406152723,1.5604791645284675,1.555791394127953,-0.05549970403156597
333.8399999997689,walk,walk,1.0,-0.0,0.0,0.9991088655017706,-1.791630658572801,3.9471485409993172,-163.16071910635932,0.1729900300734651,-0.11524054061993638,0.003207313582399644,0.5078167567809224,0.20424544122764665,-0.08674137276184839,0.18720319229632199,0.6293038788080974,0.5119655409530602,0.19773427512741093,-55.556934385005,0.6844604269527211,0.6625325467834473,3.156697157865704,-0.049837592651463085,-0.019885518774390223,2.5531190520693414,1.559323802902887,1.5548592771351815,-0.07418024512985909
333.8599999997689,walk,walk,1.0,-0.0,0.0,0.9980950860796751,-0.9839574906810781,4.108017030227498,-163.27417553312895,0.2003222663056592,-0.12409576963447586,-0.02719264287867215,0.7438487055046316,0.1313927009385905,-0.09515250446370124,0.1813304637649727,0.6299618509584415,0.4962145365029382,0.18543378379440312,-54.71823038482648,0.5917146259522094,0.5836939301738739,6.14786174671915,-0.05185083710771264,-0.008189561963081363,3.6027062230877767,1.5589988547440496,1.5551621804893494,-0.08728075892927456
333.87999999976887,walk,walk,1.0,-0.0,0.0,0.9966270162130939,0.12454299176390403,4.193374270500259,-163.4015386912208,0.22851568595088095,-0.12427363631684718,-0.053061378768332335,1.0146441837611564,0.06901159673822521,-0.11298077142278025,0.1604205522194749,0.5787976307831955,0.4737244190599135,0.18503824737167363,-50.263337238354126,0.5208190605983917,0.47891519334411625,-0.7579443576031499,-0.05294644106189814,-0.0014410085976123838,4.181241849056515,1.5588353376838906,1.5551079328120232,-0.0878881941873232
333.89999999976885,walk,walk,1.0,-0.0,0.0,0.9956103644581923,1.2920956376666937,4.225186698201022,-163.5610919472593,0.25493071209883217,-0.12755123288166784,-0.024045170961006272,1.0294188339777415,0.017747242228604566,-0.13558216417383184,0.13454918405458316,0.4641138463912218,0.4532776854598267,0.2562820997486115,-33.94009357472671,0.5431287425299294,0.34809673693275456,-37.13448365187774,-0.053162622451115325,-0.008240751177072528,3.601840028137491,1.5587720774278677,1.5579251118883968,-0.01954075221466615
333.91999999976883,walk,walk,1.0,-0.0,0.0,0.9946258155251988,2.286020247646155,4.312418124050018,-163.63695932056254,0.2739809110595332,-0.12936655473856914,-0.015619123337638836,0.8412140054527166,0.08789307845494246,-0.0614517871234953,0.1225275470296893,0.363550893447097,0.5064676344673624,0.502307855750084,-5.578212755193789,0.5745991209338386,0.22483024861907963,-65.47411436497221,-0.0522474280913294,-0.027836189791560176,1.8926178965245035,1.559418340664211,1.5647237368807674,0.10470743373752939
333.9399999997688,walk,walk,1.0,-0.0,0.0,0.9936842989388389,2.993940150515748,4.490263619169204,-163.65694183869073,0.293380671698578,-0.12368082959605987,0.000898163658056346,0.5878566205960368,0.16437610826373067,-0.01847756541778265,0.13259203300980432,0.40441353811677805,0.6162426898720023,0.622646779979229,-7.97371278437906,0.5984946445659053,0.19408110644912724,-74.64233281267747,-0.05230342272250436,-0.018731850385665896,2.683654324225351,1.5624372282300178,1.5702761647239805,0.08240781234292122
333.9599999997688,walk,walk,1.0,-0.0,0.0,0.9930412964677766,3.4926268492854136,4.685029246839597,-163.67125910781255,0.32198266469568737,-0.10594457377464703,0.020911299791339023,0.4171285508331963,0.1689675035558103,-0.022606637497358733,0.13367328451055813,0.3977794314879317,0.7149542505704685,0.6903825786361695,-12.347525131463447,0.6115511111525436,0.21377167966461186,-72.60976333834195,-0.05469909841278251,-0.002609736472368243,4.307505949117279,1.5656189871958615,1.5709835507855296,0.02797814458813365
333.9799999997688,walk,walk,1.0,-0.0,0.0,0.992652058398004,3.8509783091174943,4.8519120535476175,-163.7096941679584,0.3531290651387772,-0.08339506713429844,0.03278704403431755,0.30175258906423985,0.1395805863980558,-0.04558147114201519,0.12986915637132962,0.3898788131087396,0.7826260085512563,0.7599302560487986,-9.492003156280678,0.6169556799986933,0.22707686688995365,-70.60158653357666,-0.05726275822443435,0.01270615756511688,5.737036584903175,1.5663524353170255,1.5682899740472913,0.032574552925093966
333.99999999976876,walk,walk,1.0,-0.0,0.0,0.9923722193175667,4.109641071293086,4.9879040994806605,-163.7570626499238,0.3828618215076147,-0.06105711577659666,0.03680617489695145,0.21952086771014287,0.11316262542572315,-0.04832343580790567,0.12826919154325814,0.38291589336186793,0.8280957329475103,0.8123586710939408,-6.481416010926381,0.6174395857561246,0.23452369239425663,-68.97161574101439,-0.05886447822634734,0.017117661237716672,6.163842001185754,1.5665323621398126,1.5691882030055404,0.060744110707687066
334.01999999976874,walk,walk,1.0,-0.0,0.0,0.9920175101103632,4.300369893875421,5.1162528014881445,-163.81371352383434,0.4111765624674236,-0.03793645061044033,0.03340235296560916,0.16445849326579026,0.10886660383764137,-0.05882950779195084,0.12937843330659488,0.42080053191497985,0.8553067274086555,0.8368136000285149,-5.513499091680972,0.6156032486395333,0.24695307877159123,-66.22470652050487,-0.06054135071526731,0.005433269590139386,5.375533457393809,1.566680974245293,1.5686740272626758,0.04502745280942738
334.0399999997687,walk,walk,1.0,-0.0,0.0,0.991402910193261,4.425176565890727,5.266716068606591,-163.90596483349117,0.4400961853528075,-0.014305969564288493,0.02384544247672107,0.10911587981110826,0.12841085390090878,-0.09526483538480238,0.1336400083297767,0.45258525556254553,0.870475900064119,0.8569476243505478,-3.6775961548262703,0.6131452791712627,0.2525802936801911,-64.7220080724015,-0.06252623051292776,-0.005904111266136172,4.643888587397054,1.5676290625941982,1.5723651501298428,0.0832604597173845
334.0599999997687,walk,walk,1.0,-0.0,0.0,0.9904648419330956,4.4586626561573555,5.461590406344377,-164.02004934196327,0.4703799346243182,0.003780753887966178,0.01516534616183804,0.027081456816861207,0.16828498807829376,-0.11323653138517784,0.13734958345247608,0.4501808625579752,0.8791978172170284,0.8690677818307877,-2.5624033672275295,0.6099019263312684,0.24451527860260014,-65.52884724002419,-0.06478473299679863,-0.018107990920543673,3.8617299695057032,1.568872150596318,1.5738953429222584,0.08268277305975362
334.0799999997687,walk,walk,1.0,-0.0,0.0,0.9892196976149513,4.381980287187168,5.709381844197357,-164.14121413444664,0.5010237121947296,0.020123431762117838,0.00902805012661581,-0.06930236999544423,0.21406583885610939,-0.12252072373537798,0.13708729452881407,0.4268567107367258,0.8840855139093764,0.8777315255651474,-1.583874904305421,0.6051750987053237,0.23613766696548466,-66.0751702091897,-0.06705497169125887,-0.01989979036152363,3.89746283021942,1.5691035776636433,1.5678957526520372,-0.03413970403515678
334.09999999976867,walk,walk,1.0,-0.0,0.0,0.9876271039477813,4.195085465513374,6.003923284467677,-164.24877943933168,0.5313626159638783,0.03423270931685779,0.0002478015014191065,-0.16580235541670377,0.2550676670785423,-0.1098547921142633,0.1389207688516567,0.42070390134683777,0.8905143933316165,0.8928299036273957,-0.16617820012057294,0.5991413702036696,0.23862997558212284,-64.44219814747456,-0.0689754639895374,-0.010601896047592166,4.774613052644399,1.568202335947229,1.5619049400970817,-0.1220329011999465
334.11999999976865,walk,walk,1.0,-0.0,0.0,0.9857035492230911,3.9224712963433497,6.332505537217488,-164.3501171711309,0.561394637197713,0.05078225546817939,-0.007515243411728233,-0.23697966667896642,0.2839921741472711,-0.1081783190627717,0.14140108697233283,0.4601684277583038,0.8911943925453827,0.8875557121286393,-0.7424581513712013,0.5920235853806249,0.23997668292617802,-62.833431752094825,-0.06964914522574521,0.0016620464622974368,5.736212422350528,1.5669486391965393,1.5606538311526656,-0.11390782310135422
334.13999999976863,walk,walk,1.0,-0.0,0.0,0.9835408346079879,3.5689093839318944,6.659972763400429,-164.46018848971886,0.5938339831395003,0.06795252342569047,-0.013290474464797433,-0.3070628494189145,0.2774761911299572,-0.11478998138654752,0.14137893469349389,0.4812975342882718,0.8788083296776078,0.8803102311143876,1.2431982822031487,0.5826078835897311,0.2307165649185181,-62.62831532519096,-0.06905322731101414,0.0005037046968936892,5.529768532666798,1.5664910278324546,1.561797089217651,-0.10587980084836
334.1599999997686,walk,walk,1.0,-0.0,0.0,0.9812487942907863,3.119891078647674,6.93309935508431,-164.58222937180784,0.630228802003366,0.0842219235496068,-0.018175242567712246,-0.39053403580009477,0.22387685074947067,-0.11961898917715251,0.13954129452625502,0.48233365885379115,0.8520541961040642,0.8643901434192658,4.3597366288952255,0.5687122158992829,0.21582440402603154,-62.46472474555757,-0.06791378086528435,-0.00661275461316109,4.842194636785061,1.566331058161021,1.562566182850349,-0.0890849676032845
334.1799999997686,walk,walk,0.9830494756283967,-0.0,0.0,0.9789700911243672,2.56014877199031,7.101878543923986,-164.70719337235477,0.6702270696391125,0.09953831734520556,-0.020134528946557442,-0.4883657922363748,0.1283800709795497,-0.11407324296374616,0.1361049368360277,0.46742129312390307,0.8091114424321888,0.8262511279830933,6.557316660542089,0.5473320461807122,0.1940298464546204,-61.96996647231916,-0.0669250138931086,-0.012457090616226199,4.3051702377776,1.5662471774860505,1.5640802339599014,-0.05154540439039801
334.1999999997686,walk,walk,0.9745576278023098,-0.0,0.0,0.9769266756020771,1.8584769823143064,7.11793794234867,-164.81848848669398,0.7144866701047661,0.11166535975096799,-0.015347925468177037,-0.6184117288545422,-0.009162336998204923,-0.09338970995781322,0.12829867511883195,0.42610172323506906,0.741321893356705,0.7535796568194628,7.745224797907918,0.5131970048341995,0.16110322740173344,-60.77925302972559,-0.06610566740655327,-0.011925320327281955,4.292244602386805,1.566254285492476,1.5662013993546844,-0.0018788889646591267
334.21999999976856,walk,walk,0.9660657799762228,-0.0,0.0,0.9751370773344484,0.9292301945747665,6.954576623636678,-164.92246238238357,0.7639291929605271,0.11363092632544533,-0.014805621683152831,-0.8305085932823583,-0.16735277212235042,-0.08622147859212981,0.11295969836590314,0.3454556692351765,0.6494720503650565,0.6668497410068512,10.668678412339169,0.45976674820699587,0.12514261272048954,-56.167332057153125,-0.06429224529395292,-0.00645793899893761,4.527296621401279,1.5663353754009048,1.567616985453713,0.029054913194245535
334.23999999976854,walk,walk,0.9575739321501359,-0.0,0.0,0.9733259230483969,-0.26134099616159445,6.632444651072891,-164.98803812310626,0.8095388255807405,0.09250437699165744,-0.03045572405186192,-1.0709228936943607,-0.3011034473348749,-0.051368539513377054,0.08958855417089034,0.278329515815386,0.6229592057805868,0.6071075734148026,-0.5378007461672317,0.3814491659656851,0.10311965015029911,-44.2294347012803,-0.059858280038536264,-0.004154495149850848,4.184612797954382,1.5664276166910522,1.567598513601768,0.026219549108506744
334.2599999997685,walk,walk,0.9405902364979619,-0.0,0.0,0.971112787351732,-1.1741655113358724,6.389935183916093,-164.93159242586026,0.7895340585822356,0.10433409402837379,-0.04781877595701493,-0.7527451099226069,-0.19683712161546338,0.049716851165507725,0.08047926604923292,0.20804914978098804,0.6883608670653614,0.5191702481756211,-35.70577705192034,0.31425050865680887,0.23636988666152958,-8.972383559637688,-0.05498969483834179,-0.004853687435388568,3.7342983835208665,1.5663052273819351,1.5613460459694743,-0.11889325712875
334.2799999997685,walk,walk,0.9405902364979619,-0.0,0.0,0.9686500705183999,-1.6607349069717228,6.376656360541458,-164.97789351007484,0.7281438414096468,0.13877742865662623,-0.03644680064197031,-0.3769119202128658,0.016453368930642167,-0.05200424272039526,0.12332376179903098,0.35890104174977083,0.7403521860037133,0.4310306396732331,-59.61128517060636,0.4354585268005274,0.46814567711448674,-5.236580270514349,-0.052285099775295794,-0.011641982197761538,3.107619246528602,1.5645940385775627,1.5571846061334491,-0.11914300665272583
334.2999999997685,walk,walk,0.9405902364979619,-0.0,0.0,0.9666033634041382,-1.9184646777736964,6.423010151466631,-165.01052717369214,0.695665170072066,0.12521415729902383,-0.013345860731589054,-0.20622079466747867,0.04140028393595692,-0.0245305309310022,0.15123359060459493,0.4733208914989464,0.7749290063478799,0.4449356880435944,-62.016701242054374,0.6171758670419822,0.5753183450946808,-22.39038699884751,-0.050581390642528756,-0.002562887221574786,3.7502213131591025,1.5617737603740869,1.553637743270445,-0.10335574419991711
334.31999999976847,walk,walk,0.932098388671875,-0.0,0.0,0.965416301426212,-2.142187627752358,6.37122732102063,-164.9998084194669,0.6873898585420826,0.0866144600948533,0.019778771535160937,-0.19830070768526165,-0.05891089381079096,0.008668446510282111,0.1674606374353606,0.5252182442534513,0.7983296539758639,0.46247805025672917,-62.22543025416866,0.7340681275604296,0.6537945729146004,-23.71299819329635,-0.04790092832618095,-0.0036229074001312284,3.389977631144135,1.5571116213841503,1.546635151183653,-0.09380217803736798
334.33999999976845,walk,walk,0.932098388671875,-0.0,0.0,0.965167306661162,-2.3671513083690567,6.219263575496082,-164.9899850852849,0.6810468342253694,0.05703750432405255,0.05399303524279956,-0.19536230818152406,-0.14066946746321513,0.0010092956769659524,0.16889715984473047,0.5395551877403306,0.8127928660589709,0.4563418116817475,-65.25587580297565,0.7954215264553799,0.7335199753219486,-16.053081744142567,-0.04529480115382159,-0.019049943611025813,1.9582682934029618,1.5542692865015857,1.5489547925949574,-0.046399850484259375
334.35999999976843,walk,walk,0.9236065408457881,-0.0,0.0,0.9655893342125158,-2.539763239371327,6.029006395348583,-164.98252845969455,0.673178057650929,0.04124748688255984,0.07919766658640927,-0.1427014922011296,-0.16661257816234426,-0.00039029337020950183,0.1678610352580395,0.5509687829682018,0.8196416350207318,0.4383032408008576,-69.16125092864141,0.8332628118266583,0.802014150882721,-8.726729711914324,-0.04488192761691668,-0.03310719430446625,0.9283535814374554,1.5543437178991313,1.559876066906798,0.12659108433327623
334.3799999997684,walk,walk,0.9236065408457881,-0.0,0.0,0.9663414606145512,-2.65705405309879,5.852391325598415,-164.96986228763052,0.6685165961729658,0.02568637969663113,0.09234619631432556,-0.09791741841395264,-0.14984778862450282,0.00452184232586696,0.17007355702295943,0.580540508807562,0.8212462578506649,0.4254444625625611,-71.36926947324338,0.8685333360448257,0.8612640809664727,-4.25222998529912,-0.045734361139245505,-0.030535596609115603,1.2656384856265963,1.5587896062927844,1.5705203649536252,0.12233704381744748
334.3999999997684,walk,walk,0.9236065408457881,-0.0,0.0,0.9672584178376155,-2.748162536312453,5.718086953434694,-164.93238027234716,0.6719013747314503,0.0027185305614157483,0.10218137588213849,-0.08063046514094153,-0.111382076772191,0.030772136788601436,0.17328426725259505,0.5987505373162949,0.8192665393058,0.39384741451835636,-76.43282964923391,0.9021197556568612,0.9071616467485428,-1.879735699992052,-0.04629940856235104,-0.01582836285233498,2.4659521882782416,1.5632312735384464,1.5707018527150631,0.03943785099313735
334.4199999997684,walk,walk,0.9236065408457881,-0.0,0.0,0.9683372587816907,-2.7813963948269316,5.609041492100476,-164.90895069784693,0.6828684470788713,-0.009286608531471372,0.11176250816698591,-0.020559184524517285,-0.09277973741818175,0.010393285497743102,0.16946168614830825,0.5597920661845909,0.8132548390496556,0.3738592353115082,-78.64368688487755,0.925282349996492,0.9352975126752854,-0.11805044238051687,-0.045998685120113895,-0.0048381194472312955,3.271979120361865,1.5652912052599055,1.5694177330419898,0.04150143856558061
334.43999999976836,walk,walk,0.9236065408457881,-0.0,0.0,0.9694527808633007,-2.7036619369221415,5.5218591861613024,-164.9047202502487,0.6974675334902999,-0.013782390712132012,0.11484129022250306,0.08244045815515483,-0.07162049679303073,-0.0013121628701626246,0.16159059294511877,0.49795040125566364,0.8029554372545474,0.3568161216030121,-79.53459411640777,0.9391973315202939,0.9635444369564057,3.1983963419584938,-0.04546096901789199,-0.0009420879185199765,3.533855296702255,1.5658442852427608,1.5693284247950197,0.07304473433273743
334.45999999976834,walk,walk,0.9236065408457881,-0.0,0.0,0.9703871570250655,-2.5160269790830387,5.472813613638294,-164.90894335281007,0.7116647375715526,-0.020549209853534842,0.1087186309514928,0.1761522693551557,-0.036430770888701815,-0.0062802523325530615,0.15727159194682697,0.4703717911104506,0.789582071331392,0.3441567209014893,-79.17246743266344,0.9569290077056599,1.0024699654827118,6.682504723983846,-0.044540429655015513,-0.004849034547805789,3.1238919045606175,1.5660238892077047,1.5692220956966758,0.07429704129658982
334.4799999997683,walk,walk,0.9236065408457881,-0.0,0.0,0.9711218979227841,-2.281502437174719,5.441124259625467,-164.91514141258503,0.7258525515912959,-0.03552779629221788,0.10081746071618554,0.2085899007193335,-0.02582451220314117,-0.006972536761545248,0.15617719609324876,0.4744226206248695,0.774296635098691,0.33768472936248783,-77.43906515300105,0.9738168138120531,1.0156437542686463,6.126895693953793,-0.04333439601094993,-0.01246621757745743,2.4044575646952864,1.566156215594902,1.5689629123494506,0.06572355793065779
334.4999999997683,walk,walk,0.9236065408457881,-0.0,0.0,0.9717716693213876,-2.041419986066709,5.405965971212009,-164.9133461535764,0.7408076030855385,-0.05593853567937535,0.0973032282579381,0.2101899766054954,-0.03071534354538778,0.0008152046517211631,0.15500207548938394,0.4756390361769571,0.7568883495023346,0.3157308187732697,-78.09400342410835,0.9759505116236002,1.0116025593528748,6.2374442658476275,-0.04255458153772207,-0.022032882273197177,1.6016984904138138,1.566323626157526,1.5700846605882526,0.08821882534429887
334.5199999997683,walk,walk,0.9236065408457881,-0.0,0.0,0.9724034525126627,-1.783392539260897,5.366918413103039,-164.90558735564372,0.7566448583269005,-0.07487964603411947,0.09696767335075976,0.2284960802428557,-0.03423749010116237,0.005095560505242298,0.1534465493305019,0.47723421247465747,0.7363333015151574,0.28995398547744755,-78.79452763072509,0.9606663077654037,0.9997206118354798,8.244813923041107,-0.042884949326084464,-0.031338374316692355,0.9464605716914978,1.5665142952970392,1.5702710368618846,0.08749327242514617
334.53999999976827,walk,walk,0.9236065408457881,-0.0,0.0,0.9730512213017776,-1.4803895278827273,5.321939567485327,-164.89800067831575,0.7733760943504953,-0.09114565602587879,0.09825195106485082,0.2706082084278748,-0.040396425950542846,0.004394550057398729,0.15025679894065383,0.47156065737843306,0.7113942720515901,0.26979977753257756,-77.60030813048556,0.9304387530780784,0.9709172781953812,9.706005612827724,-0.044725336526796895,-0.03273766972124577,1.0659126673628108,1.566663103585586,1.5691848316178203,0.05819109239801559
334.55999999976825,walk,walk,0.9236065408457881,-0.0,0.0,0.9737346624240116,-1.1124307776690776,5.2631086159143345,-164.8863846381804,0.7914727081941159,-0.10765645521045115,0.09981735723527704,0.3285114426180421,-0.054082426242165596,0.009596374786157831,0.14519917441201988,0.4515679029058896,0.6808389269099581,0.2530561771640778,-74.68678040079679,0.8860299850135726,0.9235974040279389,10.338479839752523,-0.04769883970265096,-0.025355364382267,1.9559903680657915,1.566704161675215,1.5664297521993995,-0.007817240620791512
334.57999999976823,walk,walk,0.9236065408457881,-0.0,0.0,0.9744664885334894,-0.6601342974643656,5.173213176482028,-164.86742027001694,0.8124712362340158,-0.12383887798752309,0.10036146164914263,0.4037281306990139,-0.08408759100221883,0.01578587935225828,0.13867665949707741,0.41721818056521814,0.643028516327528,0.2348858502159119,-70.5994313279405,0.8256063991746988,0.8582734328160286,10.77680646074286,-0.05094972004647236,-0.015456098318099978,3.0215124405529385,1.5665954243525595,1.5626821697637916,-0.09362749875770356
334.5999999997682,walk,walk,0.9236065408457881,-0.0,0.0,0.9752930649697901,-0.08163387013422106,5.009310286046803,-164.8381652414262,0.8386752116884806,-0.13547711691906164,0.09894138145624697,0.519008610771571,-0.15540242464692638,0.025715124447492417,0.1288757242558119,0.383457942112017,0.5945754865494255,0.2111175444374085,-65.34507783491473,0.7429372525490756,0.7682805911103487,11.316392676423625,-0.05389471241066497,-0.007901291549205783,3.8455662422946952,1.5654221452582162,1.5585940939322591,-0.12569674857131233
334.6199999997682,walk,walk,0.9236065408457881,-0.0,0.0,0.9760063838019356,0.7201847337178103,4.736254642378571,-164.7862671956216,0.8716645952230153,-0.1344166569965136,0.08077033177682474,0.725837729813728,-0.2538434114167981,0.05019065760948362,0.11312930216457531,0.34268838458820594,0.5313649590816142,0.18867657449340824,-56.8977102859916,0.6547323144858657,0.6929270264158249,14.079937130639705,-0.05650643902429036,-0.007719869911670688,4.0518634917983,1.5632686512933112,1.5558421083674312,-0.10906926959291961
334.6399999997682,walk,walk,0.9236065408457881,-0.0,0.0,0.9762279717665611,1.7800694360064084,4.338569259390019,-164.72049460949538,0.9076452865704027,-0.12089019819355441,0.040037868743091884,0.9517539143783084,-0.36345594828913014,0.06638524805340648,0.09114129901059861,0.2736079459557309,0.44967450219581273,0.17606655624008183,-43.060027031406676,0.6180055032759972,0.6285942282924653,4.132819461547072,-0.0590118387573556,-0.013433399796485904,3.7896961961463838,1.5620044378379536,1.556895653991449,-0.09020114423162748
334.65999999976816,walk,walk,0.915114693019701,-0.0,0.0,0.9758192805981434,2.7184045263860224,3.9764061405941002,-164.78674667743866,0.9049008601003878,-0.1132480215934571,0.009394967688337946,0.7935251769267447,-0.3103002202545547,-0.06421511651285733,0.07512132807739007,0.18454712529035658,0.3559218964630699,0.21907494332885746,-17.423056655656744,0.6669161621146831,0.5464475389966965,-25.806747212248307,-0.06014779775531908,-0.019861997291445735,3.283567043874268,1.5618363064718754,1.5611968518183112,-0.012711714675370411
334.67999999976814,walk,walk,0.915114693019701,-0.0,0.0,0.9747780873565509,3.2270368458849195,3.899293289460029,-164.74082814702908,0.8412035534276858,-0.15300590777975168,0.00826835144624951,0.3922037864651503,-0.02569595306937092,0.06336815592600842,0.1145234433217132,0.3000911927510709,0.4267593836873772,0.45122508075332646,-2.4689920360645807,0.7144708874761075,0.41437969472503666,-57.6349069516012,-0.05996664716708992,-0.035671735368669036,1.9305589612660443,1.562205649572814,1.5665355597571016,0.09229570405100979
334.6999999997681,walk,walk,0.915114693019701,-0.0,0.0,0.973843082108039,3.465565919897004,3.996126096684249,-164.6888327803918,0.7969174673393811,-0.1461726652118156,0.02915539217017918,0.184865127257774,0.09871388498888505,0.033791476782620254,0.14672926411165557,0.42202054186136023,0.5865159030421742,0.5474271562347413,-20.25320108692455,0.7455991892455996,0.4216505971202851,-60.66801299953465,-0.06129398504597026,-0.03549784254282713,2.1364764591849013,1.562404421066869,1.5631939855352521,0.0147708640013988
334.7199999997681,walk,walk,0.915114693019701,-0.0,0.0,0.9734737216911701,3.635954816871534,4.082429786983378,-164.66511816275758,0.7793464025088898,-0.11476457792398895,0.05620716322841865,0.1457180247580378,0.07122935199032104,0.018741916084935386,0.16508268265709922,0.4944801558919335,0.7022578681820365,0.6239779156098366,-23.32381197182688,0.7661405735170749,0.4440034117946625,-59.542170721841515,-0.06585641994606636,-0.024275369197130206,3.5859285483449854,1.5625193641606325,1.564460207982409,0.04465111326354656
334.7399999997681,walk,walk,0.915114693019701,-0.0,0.0,0.9738171892348482,3.797346441541204,4.101952282140058,-164.6416375146644,0.769015340215635,-0.0854232997021508,0.08347444648429996,0.13754684854779103,0.011667873399517664,0.019697405850132008,0.16486998596414437,0.506833321138963,0.7641927358830922,0.6951090928564072,-17.381991065151215,0.7785696871498538,0.4511610653648377,-59.87453279328525,-0.07280674121407794,-0.00894802734255791,5.501334010389941,1.5626969275494698,1.56484221973871,0.048178327424671444
334.75999999976807,walk,walk,0.915114693019701,-0.0,0.0,0.9746674518968489,3.9164128568941665,4.081332933573891,-164.61531574258342,0.7589727173110707,-0.0680469609234408,0.1018697060167209,0.09531023928103831,-0.018068069762852326,0.024982620801231807,0.16252522238564623,0.5185359901906138,0.8000812677542859,0.7624351896742583,-9.717150988148386,0.7842491334509526,0.4384012606391907,-62.68441882858275,-0.07887759774133209,-0.0011029347777366666,6.55400436553981,1.562890717215161,1.5661111728236556,0.0742879719785847
334.77999999976805,walk,walk,0.915114693019701,-0.0,0.0,0.9757035955900428,3.9884711555357963,4.065016656343226,-164.58120689858225,0.7517169759811513,-0.05297250546932134,0.10841629452557547,0.05566727888099163,-0.008451917091083913,0.031414739350161404,0.1638018592961667,0.5436815231263153,0.832647144865346,0.81768719222641,-5.42291554192221,0.7853878985607354,0.4312231030712128,-63.83852217178009,-0.08302892579746568,0.0014663867652416201,6.986073896966055,1.5628641878376972,1.5599259280547977,-0.07154476194811195
334.79999999976803,walk,walk,0.915114693019701,-0.0,0.0,0.9767729255759438,4.029365944899271,4.076590513185811,-164.57869013065726,0.752490884419483,-0.03107160792745912,0.11135122541678287,0.03208794564859691,0.015126044630455112,-0.004116760744672545,0.16473729098116757,0.5506988122128205,0.861905077146493,0.8576035883674622,-3.2125712188717115,0.7833069005261136,0.4036549117813111,-68.18433598570877,-0.08525996014164812,-0.005997116863727572,6.4615962815302455,1.5627950233249992,1.560783294303763,-0.04788165628791314
334.819999999768,walk,walk,0.915114693019701,-0.0,0.0,0.977820406151442,4.006823018080454,4.118530380549788,-164.56985955555254,0.7587623423606319,-0.018556443114592154,0.11298609307315452,-0.03047400995370004,0.04224155782962601,0.009247963751873305,0.1604508098743131,0.5142253896754743,0.8843862634306693,0.8873111989746094,-1.363174695381982,0.7779033841352799,0.38885081675148014,-69.62637185861736,-0.0860225939536511,-0.02022068686783314,5.300307427110174,1.562767708956112,1.5626367193595052,-0.002425994658737544
334.839999999768,walk,walk,0.915114693019701,-0.0,0.0,0.9787412706813172,3.8815428306063042,4.181361146566263,-164.5471728389632,0.769536543515242,-0.010837901829354716,0.10884204768615709,-0.12435244556831565,0.05953178722140579,0.01696167372353547,0.15436654087328625,0.4892195055223929,0.8999246107157137,0.9156712081680298,1.5080126717649716,0.769157142858127,0.3733877029666901,-70.58338416318395,-0.08522312344373624,-0.020767721533775332,5.107053245546446,1.5626725538804254,1.5602289040521264,-0.057609108643494
334.859999999768,walk,walk,0.915114693019701,-0.0,0.0,0.9793596157996495,3.6566007738370367,4.2687474170026265,-164.5280123241753,0.7812243504833268,-3.1618562255358775e-05,0.09625905360516132,-0.20855164101422574,0.08171068288022804,0.011343652444758393,0.15052680495487858,0.4887137808359762,0.9156572336292513,0.9512803491601944,5.0581293420031885,0.7582047078848643,0.3595717933425904,-70.93080228831934,-0.08303455282547423,-0.010483979433774951,5.679455877398909,1.561439716759083,1.554798074340868,-0.11813625678414061
334.87999999976796,walk,walk,0.915114693019701,-0.0,0.0,0.9796181988404294,3.376118672977342,4.373581307694412,-164.51506274903826,0.7917567715874341,0.016933710608697614,0.08096216109851977,-0.25076769788495185,0.0946675254464478,0.00558925064986689,0.14963493870031297,0.4885903283202143,0.9330050695264439,0.973638319636345,5.851222395205831,0.7461529371477729,0.34989292290306095,-70.41851823278868,-0.07941681487981733,0.00039801821112632474,6.182132313770486,1.5601368461806506,1.5539065304160595,-0.11151395334979158
334.89999999976794,walk,walk,0.915114693019701,-0.0,0.0,0.9796281034525953,3.0833364306256223,4.482458820977072,-164.5142647574733,0.8026695747242273,0.03975197428260383,0.0709579760724626,-0.2564479405187792,0.09592021580092863,-0.005292810564856573,0.1495944687400618,0.4889105209788819,0.9397905052237916,0.973515712882042,5.515458387417994,0.7329410360406423,0.3293879118213654,-71.64101881577388,-0.07489700278309377,-0.0013081461191177396,5.637053803190818,1.559789569299337,1.556269577978599,-0.07969445514774687
334.9199999997679,walk,walk,0.915114693019701,-0.0,0.0,0.9795169024841006,2.779925793384619,4.587912454160428,-164.52550994416853,0.8142902655785039,0.06310763488887917,0.06663683222480403,-0.26659007929327233,0.09137380189698313,-0.014817962575157327,0.14932781733171618,0.4897441196596418,0.928623432999418,0.9623961534748078,6.96206726062416,0.7174899296510582,0.30486396815872197,-73.10344140646487,-0.07058866289128403,-0.011440060287714007,4.497063039983713,1.5597404184251495,1.5583752219513536,-0.03295535681182233
334.9399999997679,walk,walk,0.915114693019701,-0.0,0.0,0.9793827991230626,2.4404832324155272,4.678030135400686,-164.54592200899774,0.827126798228385,0.08421313490699298,0.06620062500975386,-0.3006360985472713,0.07558149291128448,-0.02148299438985768,0.1486136890103756,0.4910336342424086,0.8997229939206923,0.9361798104295731,8.87720533195644,0.6982317025757415,0.28391421702003483,-73.11879674981813,-0.06708615030831963,-0.019619752839207652,3.6067087230450547,1.5597502722097278,1.5592388336495042,-0.013247349994752283
334.9599999997679,walk,walk,0.915114693019701,-0.0,0.0,0.9792936782966082,2.0362976791425558,4.7358880879880125,-164.57436620211786,0.842064623000847,0.10366187389408565,0.06747932661226382,-0.35937213837819276,0.04484762074604334,-0.026855300709887755,0.145812563519511,0.478049607917853,0.8545798754245812,0.8907837059745789,10.156194504980608,0.6734770197725883,0.26635853316879277,-71.40548771358606,-0.06465417955622639,-0.022659107297658923,3.228696233521283,1.5598140064630885,1.560426057590592,0.01293471151186994
334.97999999976787,walk,walk,0.915114693019701,-0.0,0.0,0.9793188189854317,1.5375867876039067,4.737485530668767,-164.6078482529787,0.8602894629093508,0.12106068362409654,0.06992802410793955,-0.44481575756233727,-0.007793235084700763,-0.02896589721862471,0.14091397067105296,0.4463552179334386,0.791417148680661,0.8234951284179688,10.904472661983077,0.6409666842701652,0.24574274685478215,-68.67474869739817,-0.06314543173787672,-0.01979775093495846,3.387189699809698,1.5599791002904695,1.5629983500525833,0.06950434415718473
334.99999999976785,walk,walk,0.915114693019701,-0.0,0.0,0.9795122909593739,0.8951157999360181,4.641848029831531,-164.64863270563217,0.8845097311370563,0.1332556354012333,0.07041240362237201,-0.5764592083755122,-0.09854144787755938,-0.034598692392362206,0.1320274980047902,0.3901583043716287,0.7073044925227366,0.7366605133215189,12.167259811872402,0.5971677805700644,0.22019706037139897,-64.53123790688497,-0.06150988015963765,-0.013220786303281787,3.7721227258473413,1.5613261110164582,1.5665302027896524,0.07759844771967114
335.01999999976783,walk,walk,0.915114693019701,-0.0,0.0,0.9796491628208182,0.017735726883024983,4.417164368365008,-164.71039548296824,0.9155978187371321,0.13370437248834258,0.053426768518090834,-0.7920594980767142,-0.21421820292114774,-0.055373825745651264,0.11656540731661315,0.340711870060452,0.6228472835009643,0.666633219684124,14.780491569669753,0.5385034848561369,0.19779161479568486,-56.87958050823241,-0.05867455261693472,-0.0064097635447979,4.021009593448067,1.5634254334962474,1.5684894782439351,0.052911564958753085
335.0399999997678,walk,walk,0.915114693019701,-0.0,0.0,0.9793165952646272,-1.1360728677569933,4.0434160920304665,-164.7940279446033,0.9518501433145464,0.12406740430957044,0.011180949089920907,-1.0355466635049533,-0.34478684016718986,-0.07720942110863874,0.09404242248329224,0.28015903427893607,0.575048197273289,0.6052904066095353,9.122710001913035,0.46152462225348445,0.18136558797454838,-44.5583077396927,-0.05357341663147498,-0.0014768458902835874,3.8798895955230797,1.5651821671347843,1.5694393844292045,0.048150737308226055
335.0599999997678,walk,walk,0.915114693019701,-0.0,0.0,0.9782046900360263,-2.2660877902109893,3.6660964837182934,-164.79289321098162,0.9558643091768113,0.11549845924646747,-0.02931411616964079,-0.960310749193361,-0.3198388414756547,0.022967407825353253,0.07882607374632138,0.20198401386638962,0.6156899231330054,0.5385482248315812,-17.5923266686428,0.3711852799792648,0.21148894097900395,-21.766607030328785,-0.04768984446155738,-0.006759851425886157,2.9493606679546716,1.5655324729586844,1.5652542573348165,-0.014161486324475326
335.0799999997678,walk,walk,0.915114693019701,-0.0,0.0,0.9765094472517916,-2.9294271049451006,3.5755788347197623,-164.83414303757914,0.8914823414750048,0.1565299108724693,-0.02835939169756234,-0.5201518446268495,-0.038125061550150774,-0.05509704899486133,0.10991241771695795,0.2781667432598308,0.6788039910854534,0.4006372478256226,-54.933478528363736,0.42712457620351907,0.44434968497848515,-2.437748986332778,-0.04474753250099438,-0.013646709918975833,2.3337114849831497,1.5645636013975375,1.558490633307445,-0.11326552519424415
335.09999999976776,walk,walk,0.915114693019701,-0.0,0.0,0.9749220570060825,-3.2510952520177954,3.673781447647912,-164.90055791787077,0.8416951954088808,0.16278870193095002,-0.0045275844859341136,-0.24897589591175556,0.10294023147478826,-0.05072178855559563,0.1389418300725657,0.38670853125713645,0.7219663109869264,0.40501982834434513,-60.31361853902549,0.5825858076113024,0.5516149040708542,-18.52050311511907,-0.044269772967776594,-0.010711132735013965,2.6632041426067725,1.5634783423305492,1.5586361114815355,-0.08535437994965553
335.11999999976774,walk,walk,0.915114693019701,-0.0,0.0,0.9739035205552734,-3.456620908958197,3.7811146155933355,-164.93883118104924,0.8193848903482243,0.13608017672448736,0.02524463324997068,-0.17204292979554023,0.09243659983424315,-0.02818305552822971,0.1614209362577517,0.4912151313896485,0.751197446188087,0.4299444940338135,-60.03870449462005,0.7025194327488866,0.6272410612950325,-23.12892738791696,-0.043965166676375074,-0.007603957504034045,2.892352250048361,1.560214481409796,1.550796926295805,-0.1122016380680109
335.1399999997677,walk,walk,0.915114693019701,-0.0,0.0,0.9736385288068803,-3.643164644399482,3.8294694207618,-164.98052458199803,0.8057892725742368,0.10582517594622655,0.055829881467709515,-0.15899824782440233,0.037851635661583706,-0.03563690959045153,0.16313000844433284,0.4952502448041427,0.7706327297340255,0.4407530215034485,-60.84718322914372,0.7686140945805728,0.7000441413769722,-17.615724765283094,-0.04314497909843395,-0.015055581182241443,2.200603819074521,1.557464556801189,1.5517205002665997,-0.055352055267912884
335.1599999997677,walk,walk,0.915114693019701,-0.0,0.0,0.9739604849063827,-3.7916667307989624,3.830498364414874,-165.03019070009216,0.7931144115758599,0.08580395255799386,0.07773553511739398,-0.12027711558769351,0.0008556582369711021,-0.04367173869194258,0.1613395869170036,0.5109948072228478,0.7822391808225047,0.43108979728317265,-64.08519472866142,0.8062704413912171,0.7686388783553839,-9.844528987488829,-0.04303086964301061,-0.028027118369936946,1.196934462624247,1.5570644652438017,1.5594392915204645,0.06555600387567155
335.1799999997677,walk,walk,0.915114693019701,-0.0,0.0,0.9745648886970392,-3.893501514627665,3.826562825305578,-165.0847483107007,0.7830691667539553,0.06860348252201387,0.08831042844542986,-0.08044871311800364,0.002410453684546772,-0.04804511467479304,0.1632501418236903,0.5388402992662744,0.7883352645367774,0.42405066754913334,-66.03499203802166,0.8393028382941461,0.8258170795092583,-5.187170045034684,-0.04408471758161253,-0.032151985168457034,1.017402255490246,1.5595905110615733,1.5681177315250516,0.11448704983802382
335.19999999976767,walk,walk,0.915114693019701,-0.0,0.0,0.975296517629469,-3.9657585492318685,3.846145313779488,-165.10993505601513,0.7807568398486711,0.04445093533513241,0.0953943661621561,-0.0585314104860272,0.023241625266515503,-0.014892719331167825,0.16548187568567424,0.5536934344683507,0.7904150178796363,0.3998701658496857,-70.45806240320964,0.8704936072286383,0.8677943136940003,-3.079401113442368,-0.045364541582816637,-0.022286999225616458,1.9175096213925007,1.5628050563523401,1.5699267548457265,0.06783258708205442
335.21999999976765,walk,walk,0.915114693019701,-0.0,0.0,0.9761328459689844,-3.977976168071474,3.8938994600170385,-165.1335156652869,0.7845471005153709,0.02826827866951823,0.10322383128480883,0.0003258891500157292,0.04790482085499416,-0.020315920533430665,0.16309426333390176,0.5253225965589304,0.7882401496393547,0.3803443100700379,-73.26315613009417,0.895172604007171,0.8976793226251603,-1.6080375789444208,-0.045625837764518395,-0.010957013070583346,2.782084603591511,1.5650698983245677,1.5703864538059116,0.058560291412631194
335.23999999976763,walk,walk,0.915114693019701,-0.0,0.0,0.9769951528052392,-3.8825518016492313,3.9659079974889275,-165.16457306270783,0.7925697275781252,0.018939320248668588,0.10703901961352297,0.09948856274696022,0.0685318904982239,-0.023121513571186417,0.1576512828894349,0.48683012275665116,0.7815102465121337,0.3661708321819306,-74.25979445035655,0.9127742565454028,0.9263552513370514,0.9560511769166071,-0.04546314253757658,-0.004007785767316821,3.3083020041031763,1.566185831366826,1.5701729779080034,0.06533849547426264
335.2599999997676,walk,walk,0.915114693019701,-0.0,0.0,0.9776902732676658,-3.6769982510301102,4.068688080086172,-165.19613565460227,0.8017262627849144,0.008386567608352338,0.10167354384802385,0.19346867160723683,0.09666225968137543,-0.021873990823408247,0.15358216755316204,0.48648672616604166,0.7713830532238188,0.35483551886177067,-74.2207604735068,0.931142835287813,0.9649067160139084,4.512117493777966,-0.04484469331017187,-0.006321418285369876,3.0478412015937812,1.5664920365464599,1.569897079183209,0.07682050647371481
335.2799999997676,walk,walk,0.915114693019701,-0.0,0.0,0.9781330519979888,-3.407325240416059,4.19445543791943,-165.2274262806428,0.8103962981711309,-0.007435905184585834,0.09234101573384643,0.24327263670767016,0.1144531466205432,-0.021127642470502632,0.15225197350365163,0.4864591242789058,0.7591671786902119,0.3486948099384308,-72.96643994785458,0.9500186645193008,0.9865745839128495,4.998954811883415,-0.043664542544243255,-0.013241554796695712,2.3692133494419343,1.566661653842297,1.5701955252275348,0.08269125935297558
335.2999999997676,walk,walk,0.915114693019701,-0.0,0.0,0.9784047571017682,-3.1193275850924,4.326202186701582,-165.2449401204481,0.8197472249987474,-0.02935697041471753,0.08636905774918978,0.25389753760860917,0.11668633469612608,-0.00662056944015766,0.151964761016709,0.4868592846437073,0.7450315457948965,0.33082191016769413,-73.49096465136445,0.9572236137750478,0.9881401893148423,4.975394945398134,-0.04259640239575757,-0.02289438731968403,1.519268591802022,1.5670949894734858,1.5716514189675928,0.09787230937505628
335.31999999976756,walk,walk,0.9066228451936141,-0.0,0.0,0.9785940811080396,-2.817923569833934,4.454822516647598,-165.2473922420367,0.8300820650115154,-0.05126984138559693,0.08400026176185463,0.2658976941868714,0.11220433167159735,0.004450673272760348,0.15118489368635915,0.4877134011664953,0.7282430662264022,0.30865491297340397,-74.25679938077228,0.9462679941778979,0.9781868096837998,6.607399477405328,-0.042419334927409624,-0.031922255828976634,0.8338977505674424,1.5677186869965347,1.5721129004791856,0.08792080250979215
335.33999999976754,walk,walk,0.9066228451936141,-0.0,0.0,0.978757759508687,-2.4818676824647548,4.568730554333853,-165.24165621680967,0.8417994199432022,-0.07061754694386749,0.08347755593538131,0.2984643823555324,0.09703974756924505,0.009632351500079451,0.14989925121369446,0.48895400394018196,0.7076303618238022,0.2896339085350037,-73.67970323515551,0.9182232094611192,0.9542329397449494,8.720277803626361,-0.04357157735794738,-0.03466549906879664,0.7808717316241782,1.5679819210962969,1.5710930109903694,0.07032297174581147
335.3599999997675,walk,walk,0.9066228451936141,-0.0,0.0,0.9789357295586947,-2.0863436432561304,4.652035993403498,-165.22552348488279,0.8555542048391,-0.08888928250552532,0.08345124768006004,0.35199457196985035,0.06772381800275337,0.01782882153324047,0.1472133930493305,0.47975813135029877,0.6818329867196581,0.27325336005783085,-71.59062819265567,0.8749497656982124,0.9114523765096665,10.049123682506043,-0.045903791303218304,-0.028635264560580256,1.5143750900258601,1.568050576353738,1.5682472859457612,0.0031134210550184667
335.3799999997675,walk,walk,0.9066228451936141,-0.0,0.0,0.9791680364999098,-1.6074875403415458,4.68421538008581,-165.2007074061624,0.8722897032541853,-0.10581203307104717,0.083369264079497,0.4265823991314068,0.02018856088519758,0.022846176995022213,0.14249423204631348,0.4516557254444981,0.6490598153900483,0.25497571494674687,-68.45137262184899,0.8154336718200327,0.8486812275300026,10.80310596638861,-0.04872020683786906,-0.01869015693664551,2.561051546296415,1.5679557339182906,1.564329750178802,-0.08686849886360043
335.3999999997675,walk,walk,0.9066228451936141,-0.0,0.0,0.9795416408866305,-1.0063831845111493,4.624556454243385,-165.1695264601386,0.8944146631406097,-0.11887770736980795,0.08351198901028957,0.5380820531313505,-0.06641662921989405,0.026125581230799874,0.13478865350247035,0.39972045282370594,0.6059004528103399,0.22877232101058964,-64.6090050459341,0.7336098306219814,0.7612270854810477,11.655496893107,-0.05144719376955156,-0.010489232093095782,3.4300268037968538,1.5668734044552346,1.5601948083326698,-0.12537509042040246
335.41999999976747,walk,walk,0.9066228451936141,-0.0,0.0,0.9798935809954752,-0.19148386245410604,4.4397828384352485,-165.11838881032423,0.923350569336379,-0.12031850421273793,0.06915463420425028,0.7360610613533258,-0.1789113014714838,0.0459003735163423,0.1206452294028758,0.34350705575251395,0.5485166142165643,0.20500955846405033,-57.47911295940492,0.6448552067328709,0.6855333384523392,14.576514982477278,-0.05415229924305633,-0.009352534264326098,3.7387205099115493,1.5647891560350435,1.5572991513595462,-0.11238745689307866
335.43999999976745,walk,walk,0.9066228451936141,-0.0,0.0,0.9798202332959707,0.9042865225312624,4.10499097245187,-165.04376701549407,0.9592893449749315,-0.11330720666934907,0.02938740079709979,0.985886618869737,-0.31250641960299463,0.06956563974107556,0.10023522058199577,0.2888303390380255,0.47306881128610295,0.18423847224807743,-46.252081611045625,0.5749741191477912,0.6241260331521035,14.535641789107578,-0.056681118987971804,-0.014645162224769595,3.5060417891910687,1.5633450933891646,1.557981406612742,-0.08930673437467254
335.45999999976743,walk,walk,0.8981309973675272,-0.0,0.0,0.9787722952483137,2.1313978668643947,3.7012842613801333,-164.97618923696504,0.9812402068124514,-0.10385192780602867,-0.03246353521807692,1.0889735164751766,-0.36443762517145756,0.0816949889814494,0.07744716185662105,0.18457225705178426,0.380175129686672,0.19560287263488774,-26.949662288120848,0.5858743245775802,0.5684735265026093,-2.5127896134809937,-0.059030333310729155,-0.023104713484644893,3.014895354526925,1.5630982526463049,1.5615331225976825,-0.033766627941360206
335.4799999997674,walk,walk,0.8981309973675272,-0.0,0.0,0.9769237162398102,2.929383923761242,3.5398442747851715,-164.9787675192853,0.9211853476268521,-0.1303345129118975,-0.045105380190993125,0.6378289410659455,-0.10607784820110606,0.004511364376432139,0.09771720339643473,0.2237162216908749,0.38419681906453507,0.3791451838264466,-1.8761393516956832,0.6560663889901456,0.43235016729927067,-45.84616752640412,-0.05930798324927814,-0.03669519275426865,1.8135372475409215,1.5634221414235558,1.5676367164537788,0.09169253627132841
335.4999999997674,walk,walk,0.8981309973675272,-0.0,0.0,0.9750200814380747,3.309551260336491,3.5944253280715697,-164.9232528368048,0.8625639287042077,-0.15501728682212468,-0.024585010514120237,0.28923692489389446,0.06958592946846812,0.05164389157352672,0.13134879467853114,0.3507627011576196,0.5282981642821598,0.5206375506172181,-13.755799986407922,0.7092362315103282,0.39803613092994694,-60.04303257953408,-0.059742872749117756,-0.03436589352786541,2.049152141042822,1.563671725684977,1.5660631538317085,0.05293619282136655
335.5199999997674,walk,walk,0.8981309973675272,-0.0,0.0,0.9736017094830128,3.5110543954625584,3.686775535979748,-164.899293952639,0.8348567705840604,-0.13376240509811668,0.003067895700203105,0.16540283149177398,0.0810768259674122,0.011806881710653905,0.1558268669674848,0.45250964273036853,0.6641317378801919,0.5968912180910111,-23.02372403192728,0.7448068397331498,0.4216835286865235,-60.85067372279131,-0.06254834672665294,-0.025006312131881717,3.1618588480472805,1.56367908873413,1.5620546315744996,-0.04009584097437192
335.53999999976736,walk,walk,0.8896391495414402,-0.0,0.0,0.9729610794911279,3.6988922905740957,3.718000676591084,-164.8748947732014,0.8205869757920206,-0.1008292476819099,0.034763984199771884,0.16411409531572396,0.020612119988171553,0.02444667492730308,0.1650216536914243,0.49637789553889594,0.741334472648711,0.6687911015400887,-19.200885877477706,0.7690414490102565,0.43688524630165104,-61.61755927366745,-0.0684448955541976,-0.014794982224702838,4.628465072954735,1.5637727959337926,1.5657754608378291,0.0464973630274518
335.55999999976734,walk,walk,0.8896391495414402,-0.0,0.0,0.9730028259580286,3.869251875200391,3.6823620670732393,-164.8388838512081,0.8077790056066285,-0.07732832556777397,0.058904314620171476,0.14199082856175232,-0.034423996546815314,0.033831540735956095,0.16194783992677325,0.5048514868685002,0.7836776924521734,0.7423875138560534,-10.868373281127475,0.7847575460815658,0.43058211472129826,-64.93827163997425,-0.07486102023878835,-0.002035900205373767,6.180984479212366,1.56389311321348,1.5657337003335834,0.042034146394415044
335.5799999997673,walk,walk,0.8896391495414402,-0.0,0.0,0.9734357224568717,3.9934890051446255,3.6320169385581975,-164.8033070733114,0.7954608715940281,-0.058738267470060654,0.07342802339722837,0.10033711434173467,-0.03944293846989601,0.03357931763247409,0.1628409327489316,0.5280177654523017,0.8201667545306555,0.8064604413161278,-5.50385936067452,0.7939909876922617,0.41720841195678715,-68.52131707673846,-0.07976487414897461,0.0013037145137786837,6.752157962406514,1.5639102123996844,1.5627348304674507,-0.02945050374036559
335.5999999997673,walk,walk,0.8896391495414402,-0.0,0.0,0.9740574960470884,4.082684716889386,3.6143841269087784,-164.78320484977937,0.789557356642211,-0.03652629779308982,0.08349846755562493,0.07324186682719805,-0.00753203004755707,0.015451728452174806,0.16561975297118156,0.551119455117494,0.8574388902552557,0.8534141268978119,-3.8208610659758797,0.7985329443036395,0.40097040798759465,-71.90947327821854,-0.0831490696761358,-0.0019054703414440183,6.6850577450686774,1.5637555792685542,1.558992480202067,-0.11338800814661004
335.6199999997673,walk,walk,0.8896391495414402,-0.0,0.0,0.9748612338628443,4.1298041575314945,3.6319619015399174,-164.77611375506189,0.7914359383040976,-0.01566809142949154,0.09523004197433853,0.03447273771856253,0.020749848337301254,0.004170456754235488,0.1655589875139,0.5396261794831008,0.8866251197946818,0.8872824546346665,-2.294143473431675,0.798519589342185,0.37547124292945866,-76.15372716115304,-0.0853507408789567,-0.015333335101604464,5.722151026826564,1.5636094296766951,1.5607883085445047,-0.06579756418864649
335.63999999976727,walk,walk,0.8896391495414402,-0.0,0.0,0.9757909166620745,4.0813355926940735,3.6855130455751355,-164.75286653167933,0.7980299788841397,-0.006196935200503531,0.10504446245625748,-0.057799274685281656,0.05403185846234591,0.01981912829855418,0.16032467460764538,0.492134332934485,0.9050955251930115,0.9127762701759339,-0.17108222597367062,0.7934725292229046,0.36298347380256657,-77.11391449374189,-0.08619075096547625,-0.022775286063551906,5.114482807095618,1.56345759071707,1.5601989378169656,-0.0761830437765417
335.65999999976725,walk,walk,0.8896391495414402,-0.0,0.0,0.9766504763352749,3.9131873309921805,3.7751966399792107,-164.73499614613144,0.8071350379377852,0.0036728933800273707,0.10467523803212186,-0.161554635153905,0.08421147474689575,0.007831634779323849,0.15495670109239837,0.4852658111791944,0.9206316289729262,0.9505241301307679,4.048199167019958,0.7842101436227011,0.3530041959533692,-76.9252899284201,-0.0853321979422753,-0.013221646845340732,5.716117600343615,1.5621513031414422,1.5556162309781194,-0.11327950024634487
335.67999999976723,walk,walk,0.8896391495414402,-0.0,0.0,0.9772714864832576,3.6595384338281747,3.8912303420861507,-164.71829007961145,0.815552915240222,0.01688930164206246,0.09565709101953242,-0.2308173278107403,0.10584505838394334,0.009169915089933128,0.15268485854660882,0.4853668892757512,0.9402609777895373,0.982094460392952,5.870952983511884,0.7723940651268907,0.35056094195938114,-75.04294758293474,-0.08276439931088715,0.0005777969956397982,6.5217705261125944,1.5602546483989643,1.5531330297649384,-0.11067621767366394
335.6999999997672,walk,walk,0.8896391495414402,-0.0,0.0,0.97768380529765,3.377402525587942,4.018135708459753,-164.7059204923521,0.8239333446186339,0.037148971086246305,0.08798450980959654,-0.2489908062465142,0.11296004363786637,0.003433983894601946,0.15239253195597155,0.48593414949610575,0.9541854501399174,0.9889377590665818,5.101200896010782,0.7587475183137667,0.3388575699577332,-74.5522988701599,-0.07862278219780525,0.003460933268070218,6.335245978811919,1.5596237389546583,1.554934047436762,-0.102355414742934
335.7199999997672,walk,walk,0.8896391495414402,-0.0,0.0,0.9779914523359167,3.08754598820038,4.150042562092638,-164.70715939204226,0.8329769922624164,0.060439542830673355,0.08531522193567782,-0.25452472727777586,0.11608569013963273,-0.00828368587187095,0.1519207650798014,0.48698329063341095,0.9513179424067103,0.9819851454744339,5.734661600306439,0.7427711674151359,0.31778962280845646,-75.29025332301106,-0.07403816120581844,-0.006900328397750857,5.119688034052969,1.5595277569743269,1.5574610878661752,-0.049212579006116086
335.7399999997672,walk,walk,0.8896391495414402,-0.0,0.0,0.978267505553488,2.7720285543611682,4.279377729744329,-164.7183737591564,0.8431721020837114,0.08178096697318965,0.08565741651670883,-0.27930556820867614,0.11177274949077659,-0.015742966707844183,0.15078930233624505,0.4884431182411585,0.9302170738228553,0.963979550863266,7.758483277304789,0.7233349905439804,0.2984273817787171,-75.01397961152185,-0.07003987262765111,-0.01844208985567093,3.9100110953518894,1.5595136407638468,1.558465681313026,-0.02586719054454769
335.75999999976716,walk,walk,0.8896391495414402,-0.0,0.0,0.9785615220170625,2.4041401319863063,4.3900944862147675,-164.738532477636,0.8552529997188039,0.10095310955881212,0.08711006662254085,-0.3270361568022455,0.09276729311245353,-0.022315053685423573,0.14929870527607955,0.48856326763229785,0.8924106084361217,0.9270082947263718,9.263265454965978,0.6990964349369579,0.282840349937439,-73.09186657033408,-0.06705481476882083,-0.024341742694377902,3.25544290355973,1.5595324995311635,1.5590928302094818,-0.011759134449378114
335.77999999976714,walk,walk,0.8811473017153533,-0.0,0.0,0.97890502930878,1.958504915473469,4.462814560835404,-164.76779747185398,0.8698509427884396,0.11845286118807972,0.08826580009277996,-0.3968626636375739,0.056773042282044175,-0.027849534958303775,0.1457151570643023,0.46997225533975917,0.8379380760950034,0.8700451191911698,10.181434951896696,0.6685045895426872,0.26788661744689946,-69.79348569931972,-0.06515970264231809,-0.0231921274214983,3.256362488153281,1.559630997576359,1.5610857059196115,0.03273182111038927
335.7999999997671,walk,walk,0.8811473017153533,-0.0,0.0,0.9793636641248092,1.40194410319327,4.463090439993961,-164.802819219348,0.8890654939970889,0.13275183688740394,0.0894364489211949,-0.4973731854651158,-0.01161887917178941,-0.030461589898663335,0.1397093262937518,0.4286821092344184,0.7622107182313713,0.7888320099959374,10.962486276168542,0.6288401990723789,0.24609322216606144,-65.88702698325788,-0.06359893982133395,-0.01757375076413155,3.596401036472109,1.560457968460749,1.5647796590760827,0.07574271263557905
335.8199999997671,walk,walk,0.8811473017153533,-0.0,0.0,0.9798497278822756,0.6610550709256496,4.353126299517547,-164.85494232242775,0.9144397866927243,0.13807819093872378,0.08044851426582707,-0.6674449289228432,-0.11243843425295336,-0.04604758071642662,0.12758829350492507,0.35775746394606445,0.6716188168579912,0.7043537918875218,13.304029713331758,0.5766866194303624,0.22493604686355595,-59.35891094413392,-0.06129644707542448,-0.010649620741605761,3.922419911049913,1.5624043618281334,1.5678523194924474,0.06477447643273403
335.8399999997671,walk,walk,0.8811473017153533,-0.0,0.0,0.98001277467309,-0.3479666781710501,4.099481168834434,-164.93179060904683,0.9469634284563689,0.1325210324735749,0.047799101251222734,-0.9094052767870492,-0.24151581600516403,-0.06902955158341392,0.10930390848623844,0.3022924967565047,0.5929410172865319,0.6402802702436448,14.926472851849857,0.5085062478589523,0.20621375110244755,-49.238122448674375,-0.05734259386155413,-0.004447742551565173,4.009551743185396,1.5645040365093121,1.5691603788123012,0.04507567100139244
335.85999999976707,walk,walk,0.8811473017153533,-0.0,0.0,0.9793166927146135,-1.592277467622628,3.713893650470062,-165.03884476261928,0.9771979416775074,0.11977161955662974,-0.012319129791168837,-1.1070241161801024,-0.349722338554928,-0.10037422436497641,0.08461646596596965,0.21868159319465946,0.5704426176305574,0.5838692274341584,3.5948318113090743,0.4240573625962098,0.20537576940155033,-33.03085430150682,-0.050715853324352154,-0.0031613476574420957,3.4198369823357337,1.5657442209602028,1.5694110405579687,0.05274177095612119
335.87999999976705,walk,walk,0.8811473017153533,-0.0,0.0,0.9774885598108836,-2.5805074434364976,3.4454823976063915,-165.056472561548,0.9514084953868933,0.13261094478812094,-0.05913118372968297,-0.8054320584236193,-0.2076442974205558,-0.005447810629196671,0.08202733258072269,0.2337455961797014,0.6320503178833896,0.49386834468936924,-30.2843045812632,0.35241893266202107,0.28056088950729374,-7.049656251245024,-0.045165240394593895,-0.012768599390983584,2.2911083656270237,1.5658419462221207,1.5624006961420656,-0.0860321589878328
335.89999999976703,walk,walk,0.8811473017153533,-0.0,0.0,0.9752555135508248,-3.0714253030112415,3.462340620769092,-165.14073786722102,0.8823667473473639,0.1731490606492976,-0.04450924412477708,-0.37114806211928525,0.0514563825512373,-0.08294853838683144,0.11896520346688277,0.3036394285755568,0.6950218632069045,0.3913824346313477,-59.45119613591883,0.4580759389682033,0.47759328153228764,-6.1639435920998,-0.04331257655172899,-0.017008393257856372,2.0127273020601364,1.563948203032572,1.5568272520736337,-0.1046213103594826
335.919999999767,walk,walk,0.8811473017153533,-0.0,0.0,0.9733838108815123,-3.2839497969310805,3.599825539471685,-165.19239118046707,0.8408141347651776,0.1621411835807715,-0.015316885454393685,-0.16421006498730298,0.1287598544062075,-0.03034537346593085,0.14704582354056164,0.42474692349860294,0.736535785313899,0.41572518017387394,-60.881637575180044,0.6191006340161433,0.5700056340942383,-22.000311639248324,-0.043257703137554455,-0.007450691610574725,2.863744313301698,1.5621157813545694,1.5564632558212161,-0.08082649142855813
335.939999999767,walk,walk,0.8811473017153533,-0.0,0.0,0.972279317302139,-3.449941097838473,3.6973106723000004,-165.22221780777969,0.8223675506919348,0.127376501968001,0.019154724748638927,-0.14433363328608237,0.07909747834870101,-0.025275536917322722,0.16502224447663352,0.4943244811586614,0.7649532827571343,0.4399732139358521,-60.64633090712238,0.7256422938882785,0.6475340437541008,-22.537213914014146,-0.04283642625546696,-0.007664921879768374,2.7906960291541707,1.5585941950223021,1.5489958601952076,-0.10982071693578291
335.959999999767,walk,walk,0.8811473017153533,-0.0,0.0,0.9719971588244053,-3.616215707612214,3.7166748821553717,-165.2656968796142,0.8087493876726989,0.09759808752398212,0.05030246563411857,-0.14108477653213394,0.012028910369342217,-0.038548043728933695,0.16502914482249334,0.5178894497331528,0.7837665915808935,0.4432603504905701,-62.713300471217394,0.7839493313505927,0.7267844744423628,-14.969485897771452,-0.04193004333422788,-0.01913556568324566,1.7725398596899526,1.5571392844846943,1.554074425524521,-0.04183698615282504
335.97999999976696,walk,walk,0.8811473017153533,-0.0,0.0,0.9723054231338338,-3.7462558630456697,3.694533022731245,-165.31464621365154,0.7954100171485511,0.0778148311842069,0.07266473550819344,-0.10460447409893248,-0.017784198927074737,-0.04416626314166432,0.1647026301003161,0.5344937488300368,0.7946936666692566,0.4288480367908478,-66.67913021263712,0.8215687955204312,0.7937317204127312,-8.097632122496657,-0.04201661346338485,-0.029552851989865306,1.0059644985090548,1.5574386328663614,1.5624416817859292,0.11077729948165223
335.99999999976694,walk,walk,0.8811473017153533,-0.0,0.0,0.9729152618774022,-3.8363412504046037,3.6815243689979407,-165.3597281715331,0.7867316716541319,0.058407268542015015,0.08556798935913654,-0.07175923633900314,-0.004333438192490841,-0.03884071297991024,0.1669895902452194,0.5603317213741685,0.8000472237703962,0.4181497183094025,-69.15021934454262,0.8551439960669587,0.8457801949629784,-4.4834936220562085,-0.04318517767987078,-0.030291023850440982,1.0993576729257626,1.560605737565889,1.5698676009610772,0.11038214224441514
336.0199999997669,walk,walk,0.8811473017153533,-0.0,0.0,0.9737192790813283,-3.8909556671290306,3.700116518703064,-165.37714075174625,0.7858252179706782,0.03526728747527237,0.09713569045091291,-0.042188596721616005,0.02252804484327304,-0.00958600914665583,0.16822254916352233,0.5618763587239624,0.8008322388427216,0.389410653377533,-74.1202879171531,0.8833003015348686,0.8837263074169159,-2.2622022311042795,-0.04451239006445887,-0.01975083835422993,2.0541311429379943,1.564036372241084,1.5709463444486738,0.057338838884836124
336.0399999997669,walk,walk,0.8641636060631793,-0.0,0.0,0.9746769721929995,-3.861052955405885,3.758412735833236,-165.40352832884312,0.7893875061471725,0.023438189329169364,0.10880838155325478,0.04083209867508009,0.058909321808953335,-0.022828071422897493,0.1641734846047494,0.5185487623968656,0.7965876835110931,0.3743017997989655,-75.69810575782859,0.903927335938363,0.9097841319093705,-0.6812004436035868,-0.044879098003593,-0.00814870670437813,2.9526606631482175,1.5662960748198331,1.5715539839998365,0.057878348692632656
336.0599999997669,walk,walk,0.8471799104110055,-0.0,0.0,0.9756627816495234,-3.7106959577957226,3.8464043937441836,-165.43075013378962,0.7966244612455448,0.014205843186440064,0.11295201094255128,0.14761481342341584,0.08213572650787859,-0.017425441768301384,0.15856139159180005,0.4851915567850682,0.7875211293882767,0.36418513324356083,-75.52407131899226,0.9200869194036616,0.9423355546245575,2.625496665105551,-0.044905904018452236,-0.0026591226458549527,3.382868213974601,1.5674766552436348,1.5715681950510025,0.06518452126570554
336.07999999976687,walk,walk,0.8386880625849185,-0.0,0.0,0.9764857730155911,-3.4605157697957027,3.9597866944942304,-165.46043645981547,0.8040553980645164,0.0023295153918728136,0.10732025224679496,0.23043745233236354,0.1048475535422104,-0.020790780586233352,0.15564778714716992,0.4849577482892308,0.7751950129369819,0.35817504789924626,-74.13988301719178,0.9393578020077353,0.9789651867399216,5.493022260325731,-0.044328647843466136,-0.00581762492656708,3.0480754267910233,1.5677616919434092,1.57054813326751,0.062193953119203414
336.09999999976685,walk,walk,0.8132125191066576,-0.0,0.0,0.9771321296059029,-3.1718299670026924,4.086034502790869,-165.485963505562,0.8106704832239228,-0.01767773077944926,0.1010667697778379,0.25621009657252614,0.11320121180228454,-0.015344627795052235,0.15558770208262623,0.48511039174363774,0.760688623623969,0.3505511369953156,-72.7327289642391,0.955150934435383,0.9901474055299759,4.984615648268697,-0.043183375411674066,-0.014237030595541003,2.253113424307238,1.5679087606470854,1.5709404538333893,0.07091341576682442
336.11999999976683,walk,walk,0.8047206712805707,-0.0,0.0,0.9777069424520332,-2.8829066257007434,4.212230386832167,-165.49614989738402,0.8175881302035455,-0.042363291763935544,0.09921596621928681,0.25297379852577695,0.11090972031614099,-0.0018005753431490877,0.15557708839810805,0.4857579729758198,0.7438505767074799,0.3330761876354218,-72.6683194640574,0.9538119739199462,0.982208841706276,5.202090619318981,-0.04224111969745623,-0.024897081032395366,1.3379980355040766,1.5680873772801844,1.57203369708215,0.09247269695628729
336.1399999997668,walk,walk,0.8047206712805707,-0.0,0.0,0.9782755875942323,-2.5803998852423193,4.327842014318753,-165.4946411731673,0.8254266889790772,-0.06442019487868245,0.09950162180717133,0.2673063248329874,0.09944587617707965,0.00651856516817844,0.15484481253906188,0.4868249984135134,0.7237084997714485,0.3138469543704987,-72.25206765322984,0.9320898201959653,0.9647113170871735,7.601734549590905,-0.042342280214280145,-0.032986858114600184,0.7581682864934878,1.568260523366167,1.5715178207442642,0.07564176058332284
336.1599999997668,walk,walk,0.8047206712805707,-0.0,0.0,0.9788736515240365,-2.231465010784604,4.415919682125733,-165.48599993998437,0.835023385437595,-0.08244083962917684,0.10000773594244823,0.31101905404083796,0.07257288658876117,0.01060329992739015,0.1536207491519414,0.48490123686819303,0.6989006257732822,0.2968665447483063,-70.48848477624263,0.8924990332010997,0.9293280776987076,9.804806332650127,-0.04388870626849843,-0.03317127488553524,0.947832408542725,1.568371015634165,1.5698773742601753,0.034180740475379695
336.1799999997668,walk,walk,0.7707532799762228,-0.0,0.0,0.9795315369255926,-1.8072499975683955,4.458163720396052,-165.46684825333634,0.8468497726793741,-0.09911403798294334,0.10020590498836965,0.37859100493018716,0.029893036410549956,0.018307807017795136,0.1509311665090528,0.4645156930549895,0.667850116389659,0.2815380778560639,-67.18346750877336,0.835924022182042,0.8709586348781586,10.87533096948138,-0.046502422529967,-0.02430531866848469,1.9242784785314242,1.5683531236748007,1.5666071132705093,-0.042561889428618896
336.19999999976676,walk,walk,0.7452777364979619,-0.0,0.0,0.9803240552004738,-1.2754354231950307,4.422837696781338,-165.43939256915772,0.8626660647412369,-0.11336834619722967,0.10096260889642886,0.4758277574047458,-0.042772930282586996,0.0235072688927431,0.14666781436432863,0.42076457985221205,0.6278535090469493,0.26144544150924687,-62.92104167528829,0.7571752947854085,0.7853414651403428,11.486493106298957,-0.04936180831876288,-0.012958466261625293,3.0731615131010757,1.5679074982459464,1.56238127992903,-0.12107941866922886
336.21999999976674,walk,walk,0.6943266495414402,-0.0,0.0,0.9811491748437932,-0.5611704469296659,4.275992106769709,-165.39227965304843,0.8838932140738415,-0.11866137305525874,0.09083503101341009,0.6444421556466197,-0.14422484128162893,0.04171000834294489,0.13756807082028566,0.42481970166193794,0.5757082558246085,0.24614621069526677,-55.3656408202526,0.6632602252940459,0.6968281578669548,13.726953856035419,-0.052168083353944905,-0.007514192909002307,3.73268278015841,1.5662952261773584,1.5589778863773227,-0.12309506920577763
336.2399999997667,walk,walk,0.44806306258491846,-0.0,0.0,0.9815710608705054,0.4282705213535964,3.9944708872621972,-165.29926695197494,0.9095599361245699,-0.1133411658280335,0.053127495926223414,0.8920962088517873,-0.2640820727882676,0.08700419182998023,0.12439987753869575,0.4670169781732241,0.5091235600566999,0.2502692129859925,-41.53045935987346,0.5813737014248638,0.6253844436655045,14.608485285732531,-0.05486492342226057,-0.00976519584655762,3.7618809268329247,1.5648261155303629,1.5589698695526004,-0.09887526439788125
336.2599999997667,walk,walk,-0.0,-0.0,0.0,0.9805454928721249,1.68164559883089,3.593646192211427,-165.0679427259082,0.9295424227513392,-0.1133297416596705,-0.045576202450346506,1.1185271156204273,-0.36427155221581725,0.24638329477573712,0.11070349732299693,0.4910095382223155,0.43543044577388157,0.3167459454784394,-15.68601449179024,0.5250703599397919,0.5618976291666031,13.847141511784061,-0.057034448911621766,-0.015428177267313006,3.4518099785280976,1.5645817509584345,1.5640059982374788,-0.009871179540083232
336.2799999997667,walk,walk,-0.0,-0.0,0.0,0.9788341822851752,2.7215978067587696,3.3738642391846057,-164.95244278261652,0.8499342963406427,-0.10233884712430993,-0.04284630285502869,0.8407976981271958,-0.14672187829597824,0.05088699673251826,0.13017455606190204,0.40131459383573004,0.4579298983285325,0.47963918116188053,1.7535403718391862,0.5787225224829674,0.48031927015876774,-22.90345193501608,-0.05913834297316471,-0.026490942761301997,2.7333706741458537,1.5665240800917286,1.5729204642534733,0.08276785482305943
336.29999999976667,walk,walk,-0.0,-0.0,0.0,0.9777085022530859,3.2081796231964104,3.3503271584428767,-165.00071938008713,0.7642641228671898,-0.12736998366355745,-0.0023216047959199113,0.36487400847625934,-0.007542663371112365,-0.047951718525024445,0.1818635489825408,0.6731724999689471,0.6097565532158228,0.5967051025876999,-15.24307141335933,0.639517144903127,0.47998280193901066,-33.37993990682237,-0.06029586910995204,-0.024916366860270503,2.8877109312189164,1.570609981994502,1.579114160774696,0.06568620808302827
336.31999999976665,walk,walk,-0.0,-0.0,0.0,0.9774183987610828,3.3636528062456463,3.328446718625092,-165.11500804186372,0.7102216477026124,-0.12007446659989596,0.0369176636948156,0.11832916482832682,-0.028580124031670373,-0.10183607467437471,0.21903691516663948,0.8149572083131112,0.7546610374477438,0.6767814990530014,-25.677362779914528,0.6739449748632029,0.5020001020679474,-33.551807831773345,-0.06247140250803382,-0.022487404942512515,3.322867617358063,1.5719901149398736,1.5735278765619278,0.00891434162838866
336.33999999976663,walk,walk,-0.0,-0.0,0.0,0.9782600137162443,3.441077724973389,3.2209434783347923,-165.22024025573836,0.669971681949605,-0.09026348922439004,0.0812151470309223,0.07033757508237307,-0.10853994943073222,-0.08004987470914,0.2337702544914959,0.8409049906189707,0.8326136607968109,0.7390928727040291,-23.017285555659242,0.6907464029527465,0.5068753000745774,-34.36309570725428,-0.06728265892500902,-0.012723445147275927,4.640510491128344,1.572681558642131,1.5767189490557194,0.07811489432186444
336.3599999997666,walk,walk,-0.0,-0.0,0.0,0.980087977960285,3.4963260919688497,3.042097578287979,-165.32332551552437,0.6346183869119155,-0.05956304262266197,0.11668493079647962,0.04953331619362982,-0.1662924975995131,-0.08318092297023164,0.23383856611177467,0.8614204001988442,0.8541105254151453,0.7861612897763253,-13.938948807712478,0.6953219396253387,0.4902256813297272,-37.254195511732874,-0.07345332038787433,-0.006911481916904452,5.670766673260962,1.5746418085560194,1.580798943801272,0.08114101974361793
336.3799999997666,walk,walk,-0.0,-0.0,0.0,0.9823655540587908,3.5053295897470313,2.8278129610804177,-165.39144654383375,0.6051774795360486,-0.043318274702102096,0.12729511117737619,0.0038516245416149297,-0.19165231353658238,-0.041236512217505676,0.23027591619085708,0.8657500911850082,0.8514351476523452,0.8293412562856675,-3.8445876191635673,0.6926373299100358,0.4806550231227875,-37.94817880786898,-0.07837893708170038,-0.004436738044023517,6.18299544221632,1.5754628126428294,1.5790262169152975,0.0693414779811349
336.3999999997666,walk,walk,-0.0,-0.0,0.0,0.9846695232418802,3.459762819614569,2.589910743653807,-165.42076628698115,0.5879078294422357,-0.03148650546474458,0.120369627165398,-0.04528847066078993,-0.20958006561322398,-0.010113040121719414,0.2177664888948673,0.7989149447072683,0.8389299890325295,0.8463558193693161,2.264110366279767,0.6863797475976107,0.4544346120605469,-41.27227710944098,-0.08104364761876677,-0.003457422554492953,6.3486049738274195,1.5753950371850813,1.5710774374142766,-0.10388310439861403
336.41999999976656,walk,walk,-0.0,-0.0,0.0,0.9867791240799634,3.3589522050913456,2.332529762229086,-165.41583956261317,0.5800401863565285,-0.021488154732276044,0.10403677743823034,-0.09505268753540075,-0.22435909316951855,0.022210238893277574,0.19893061458952077,0.7155029206373154,0.8190847377604931,0.8506618228206635,7.2164929619664235,0.67852682013635,0.42536125447845463,-44.970394890846045,-0.08186645254420523,-0.015610604733228686,5.339722236055702,1.5741295914516096,1.5683237605676532,-0.09636764626750774
336.43999999976654,walk,walk,-0.0,-0.0,0.0,0.9885031621608018,3.1900474723065395,2.092194496829527,-165.37368168004488,0.5745677657430778,-0.011366769300524725,0.08249050415855878,-0.15762804407038575,-0.2021136825744705,0.052897806703876185,0.1832457072957542,0.678438438289976,0.8012510390239793,0.852489226723671,10.583455253287514,0.6702151418714526,0.39929796125984196,-48.13049303742898,-0.0812546784496295,-0.023095290362834933,4.6133773366903865,1.5702921575385629,1.5612788249686838,-0.08275445233806086
336.4599999997665,walk,walk,-0.0,-0.0,0.0,0.989716514468586,2.964627700186221,1.8393149378590397,-165.33116564159104,0.5713455097167283,0.004704170775177148,0.05057531181194861,-0.2038709683528972,-0.22200958411250815,0.04809215918269437,0.1758256593925846,0.6511403930603155,0.7909355374027182,0.8684607085237503,14.736674986242695,0.662902514846539,0.383230575586319,-49.78015054081072,-0.07913161383221905,-0.015561177581548694,4.960711565219627,1.565235151498701,1.5559453976288915,-0.05619821940136882
336.4799999997665,walk,walk,-0.0,-0.0,0.0,0.990482237164736,2.724387075754501,1.5130091271470523,-165.30495755815735,0.5687611253044671,0.025231359028994392,0.01687778905987965,-0.21071680739133253,-0.29294596199134854,0.03726648829324554,0.16964466067821607,0.6363364923446992,0.7679796620114718,0.8301245432744027,13.0866030014467,0.6572129562243184,0.38085175421333317,-49.3010096560118,-0.07595916910241217,-0.00820577070116997,5.240292135208804,1.562356928333946,1.5566777580366016,-0.05398233943262511
336.4999999997665,walk,walk,-0.0,-0.0,0.0,0.9908614158402425,2.4778731809314385,1.096651366492417,-165.29386761175402,0.5644407377951896,0.04665939599264983,-0.01616754949096573,-0.21662302188255453,-0.3726625679984251,0.025847757443893955,0.16062402297975917,0.6075005456491672,0.7166258333523073,0.7670372084180117,13.314539377624087,0.6527016768603109,0.3750938263187409,-49.60648842446484,-0.07263739905481,-0.011818117648363116,4.682392940502756,1.5619269398412279,1.5602847312525392,-0.0325194131539516
336.51999999976647,walk,walk,-0.0,-0.0,0.0,0.9907060026637897,2.1643089621519835,0.6218375913155323,-165.311117924347,0.5584737601505078,0.06353712335535514,-0.054774047819499405,-0.2838651974799182,-0.42042948911607125,-0.0015275353718203263,0.15033613119615485,0.5682402378373179,0.649922549011753,0.7068582859287262,15.721441936369166,0.6490536022778916,0.3680205133209229,-50.28711603123299,-0.06966286512337017,-0.021473490819334987,3.6928448692081055,1.5620842433597038,1.5645543907717347,0.05522094037693813
336.53999999976645,walk,walk,-0.0,-0.0,0.0,0.989772100463072,1.6878017454837735,0.15168841040928085,-165.37661136927628,0.549976795222113,0.07217267938656094,-0.09845686384988604,-0.4373568271145866,-0.4097712832589519,-0.05035603522557713,0.1397279856663084,0.5234790476410385,0.5959083817661239,0.6561307471642495,15.231655461837976,0.6461055911744419,0.3625656452426911,-50.79389394763157,-0.06679987976143592,-0.028307040408253673,2.921586353953241,1.5639584431492612,1.5691450324789167,0.057074665740487626
336.55999999976643,walk,walk,-0.0,-0.0,0.0,0.9878777438269669,1.0006012443506869,-0.2599443671546209,-165.4944336422563,0.5405940488942039,0.07513025210387393,-0.14457362740759644,-0.623969070415965,-0.3543693738162637,-0.10091886258287558,0.1270819341648458,0.47107268463025626,0.5614675248108718,0.606635847354889,10.950441824342718,0.6445946762251377,0.3735446419963837,-48.65846482412312,-0.06344977124367532,-0.027285133674740794,2.705509081880909,1.56663887005129,1.5719840678334713,0.039860991518240005
336.5799999997664,walk,walk,-0.0,-0.0,0.0,0.9853144673295523,0.18491586937318374,-0.578337426381654,-165.58177692094043,0.5236458148666979,0.06957033574497636,-0.16632851215551558,-0.71883455681611,-0.2675859752572484,-0.06479658861525836,0.11801543001923662,0.4235509671488275,0.5735822929528932,0.5648900952587128,-2.8662759551975125,0.6442752128853243,0.3966043379554749,-44.5513680904545,-0.05972007680336475,-0.02119131498038769,2.873631217162678,1.5682761122808901,1.571960478363979,0.04008844189696705
336.5999999997664,walk,walk,-0.0,-0.0,0.0,0.9827782182144723,-0.5347620994614581,-0.7478094220690543,-165.59099958700205,0.48852221903555504,0.070900247590723,-0.14321963710161528,-0.6023938241129249,-0.12519908087592893,0.011586298873957537,0.12201317910644606,0.4048281755954546,0.6081552755524838,0.5170861419687272,-19.422871585839843,0.6452864595600731,0.4724533047924042,-31.18053142477437,-0.056558564645893955,-0.012389506399631503,3.3572176940746723,1.5697850661890471,1.5746493845195055,0.06775086617538802
336.6199999997664,walk,walk,-0.0,-0.0,0.0,0.9806865915835808,-1.0069686559257733,-0.7846887766402251,-165.56406796932433,0.44950560233416087,0.08105699736961301,-0.10969512945829205,-0.3842708033447721,-0.021115194873402063,0.021515668580393135,0.13450399037129607,0.5024352394195198,0.6512948139259307,0.4872158553848267,-32.85377946112521,0.6479780784414496,0.5485171165714264,-18.106402527690744,-0.05535289863745968,-0.011001891642808917,3.484786681508035,1.5702288320509494,1.5720736405760527,0.035783851107092576
336.63999999976636,walk,walk,-0.0,-0.0,0.0,0.9788710025437519,-1.2351308461782389,-0.7553780600092934,-165.5753222202406,0.4110661127650775,0.08824081164528831,-0.08980918843094039,-0.17374455443556833,0.03090966124079877,-0.014686564123097203,0.14117750972204202,0.5775984110461765,0.6820671139843624,0.49228767421340947,-36.48771003606388,0.6550356299629986,0.5996691223630906,-10.514501285194054,-0.05523059037697966,-0.013177900761365893,3.3594544273674627,1.5702072415456338,1.568209438858974,-0.048220120417160846
336.65999999976634,walk,walk,-0.0,-0.0,0.0,0.9771619441112586,-1.266122293977362,-0.6818206843686857,-165.61593578383236,0.3711984852177286,0.08259433697253561,-0.08008158686202614,-0.008499177214454196,0.06966904942446518,-0.036117538494297476,0.14934297096353405,0.6395557962324283,0.7036933918580827,0.5030721214065552,-37.747238922973864,0.6776971043623636,0.6513880502829552,-6.555444003089942,-0.0552324573437164,-0.020100488513708117,2.8105581194261884,1.5701357566185217,1.5686136868730665,-0.035651231216772765
336.6799999997663,walk,walk,-0.0,-0.0,0.0,0.9755142529561434,-1.173063479693528,-0.5927514110841666,-165.65041505393526,0.3381323569845503,0.06633967351488444,-0.07536173350425054,0.09167423779417781,0.07894399517875605,-0.0266785432771688,0.14645180710034458,0.6275909717827207,0.7201359447658412,0.522813522482872,-36.7618413189264,0.7062224013992312,0.657850497628212,-10.95004734706491,-0.05567393151715459,-0.028704223409295085,2.1843273736737516,1.5700995635611747,1.5693630010769248,-0.01728466190958918
336.6999999997663,walk,walk,-0.0,-0.0,0.0,0.97391053367156,-1.0220046142863803,-0.509697751417745,-165.6831311602473,0.3130201583221748,0.04788344471966101,-0.07385930784142275,0.13579552206261802,0.07190319515015652,-0.027846650474090923,0.1459605142204942,0.6140293329266646,0.7339519828757934,0.5463455405483246,-34.813283861700285,0.7261390227773937,0.6586626928696633,-13.679378017248144,-0.05613121019186698,-0.023613910377025607,2.626100708240796,1.5701217590031735,1.570778568549502,0.015473153275482886
336.7199999997663,walk,walk,-0.0,-0.0,0.0,0.9723229564245466,-0.8684881493523204,-0.41844359398833425,-165.72116195967808,0.2945760561260609,0.030909222968377618,-0.07178481787000421,0.13194147281262314,0.08213889709864626,-0.032126563973351556,0.1526764536982237,0.6285196922858147,0.7469267920848315,0.5860120293149949,-29.944796711161082,0.7251498959079861,0.6215626683483124,-18.518327348245585,-0.05624911698402933,-0.022474429756402972,2.7063586128450656,1.5702054206147196,1.5722455850750685,0.04797646753588197
336.73999999976627,walk,walk,-0.0,-0.0,0.0,0.9707269965290943,-0.7084694103570878,-0.25794047417898214,-165.7808473807791,0.273109723486708,0.024121381810212453,-0.06419099994922853,0.14314783261785186,0.15103556272333998,-0.051343830948690834,0.17100961314309587,0.6652105316063828,0.7590077944598269,0.6083558585891724,-28.036291215830445,0.710767914817472,0.6030971344957352,-17.928130091277552,-0.05622629041874676,-0.016564159840345385,3.1729154028705264,1.5703686927670462,1.5741516102985025,0.08879086215552799
336.75999999976625,walk,walk,-0.0,-0.0,0.0,0.9693138752105639,-0.5570454395193755,-0.009522039907224724,-165.85442916664897,0.24770489951074226,0.01739485926501749,-0.04267730838033714,0.1285731311337711,0.22607435223998265,-0.062155702982779004,0.1912181488321604,0.7001496699443679,0.7689929051843405,0.6278742265353203,-26.157473556151697,0.7122525930923911,0.6022657838115693,-20.09409442049886,-0.05582624131699705,-0.009781479090452197,3.6599051778819875,1.5708633607853941,1.575217736227858,0.09032529806375732
336.77999999976623,walk,walk,-0.0,-0.0,0.0,0.9682188499554014,-0.4270962281823945,0.26858272333150085,-165.91098484993043,0.22736722760104547,0.008973910255684944,-0.023873853206554694,0.11135746284755164,0.24390372776032637,-0.04576127639544473,0.1951010525903012,0.6866943894264508,0.7763919349624879,0.6403072562465668,-25.057889503246138,0.7215663004443861,0.6095000293502808,-20.91384645968713,-0.0549960805822209,-0.006267438828945163,3.851229510679008,1.5712964319195295,1.574731793528843,0.07193482302942708
336.7999999997662,walk,walk,-0.0,-0.0,0.0,0.9674517027593924,-0.3120069761754707,0.5283549169587742,-165.94498382435518,0.2111903262532443,0.001472611134688601,-0.008856074774758943,0.09944230242874418,0.22365320935932856,-0.02619528821721255,0.19057882328554368,0.6787539998654029,0.7813164658220685,0.6490977716097832,-24.174680351971897,0.7278733437607217,0.6121192958602906,-21.320276398847046,-0.05409158230491436,-0.010993982851505282,3.3980148888780253,1.5715042434089903,1.5744135578111291,0.06625738998113097
336.8199999997662,walk,walk,-0.0,-0.0,0.0,0.966970521702705,-0.20593760152022444,0.7600198335506285,-165.96681732721942,0.19769225988119007,-0.002735234623219798,0.0029124386340476345,0.09201408260967564,0.19943662492584238,-0.017749006968379225,0.18554603877608608,0.6688497490140775,0.7841709866183988,0.6597797733197213,-22.609073599486408,0.7307151923588917,0.6072519954690934,-22.439506550934375,-0.05366952750679605,-0.01661777049303055,2.9426998865529863,1.5716590640839896,1.5742202795058966,0.058892541966231476
336.8399999997662,walk,walk,-0.0,-0.0,0.0,0.966697348994487,-0.109581282855528,0.9681195731480335,-165.98131885656267,0.185448905212304,-0.005232263728888055,0.011011971160502622,0.08313780303160521,0.1793842790279151,-0.01160713977509947,0.18245880285403948,0.6623463100912899,0.7856095932727005,0.6731584903249741,-20.35167067631964,0.7312525194368847,0.5979216333875657,-24.039192777806676,-0.053769864312677274,-0.018579113483428958,2.8206027612582973,1.5717947445626295,1.5742246995628357,0.05621254619208756
336.85999999976616,walk,walk,-0.0,-0.0,0.0,0.966571419096586,-0.02788648272325028,1.1526250327049024,-165.9862688381297,0.17379044339111513,-0.006881632943088207,0.01610853275907756,0.06948845407956357,0.1582094208510621,-0.0027988767920187293,0.18279201441991325,0.664036507308478,0.7861846875141306,0.6869233485708237,-17.911853325776544,0.7301814362956353,0.586118349100113,-25.848791895851196,-0.054117728051162904,-0.01577795967459679,3.085498533962586,1.5718863510075192,1.5731618509576202,0.02894145218151537
336.87999999976614,walk,walk,-0.0,-0.0,0.0,0.9665729504228275,0.033774440782166466,1.3068699000075963,-165.9866816032544,0.16261082009108618,-0.007253410870750331,0.01951763244643307,0.051324445562519826,0.13096631124666414,-0.00020071183072569083,0.18413688344967805,0.6641630293613984,0.7861625409381229,0.6960957955965996,-16.211032572705186,0.7278223779677288,0.5760252859840393,-27.14521565531672,-0.05448874549270568,-0.011543746292591098,3.454680654939697,1.571928546858742,1.5719459199294925,-0.0008391588845114558
336.8999999997661,walk,walk,-0.0,-0.0,0.0,0.9666904481196997,0.07283745461853522,1.4285613652954878,-165.99526378658638,0.1515716272893358,-0.005945184511554162,0.022124374456548197,0.031764382220710916,0.10250217556612329,-0.009083953811183671,0.18499709477419168,0.662342018431299,0.7856841282265972,0.6995151054511071,-15.474010130805004,0.7244704587012972,0.5682951596031189,-27.858266471540222,-0.05478438889038411,-0.008738856017589572,3.6992607025667534,1.571966752633991,1.5720022509754181,-0.00042738208249940794
336.9199999997661,walk,walk,-0.0,-0.0,0.0,0.9669067570802082,0.08736499360978961,1.5242182996559954,-166.01917375762721,0.14045352245297238,-0.0038630061510470364,0.024422218962204218,0.010454036685937649,0.08085597215455001,-0.02286849070107516,0.18444663570212486,0.6576044164467048,0.7848814118897341,0.6982806783566475,-15.52739907869473,0.720049512497293,0.5622977849493027,-28.05960289039644,-0.054990524743345016,-0.008366639912128451,3.7412109252999057,1.5720406340275002,1.5729845047876716,0.020960461752106037
336.9399999997661,walk,walk,-0.0,-0.0,0.0,0.9671820081388823,0.08037961468800205,1.6046315034705505,-166.05553314638928,0.12916529879184863,-0.0013925294193204412,0.025561519288086743,-0.007393608836472699,0.06875292027751627,-0.03294159108716173,0.18293309347522044,0.6505318036665781,0.7839175636562872,0.6967908602604866,-15.608925158194134,0.7149464109109899,0.5586066481122971,-27.753334218360028,-0.05514243022125542,-0.009582030773162845,3.6534769423997977,1.572158249337229,1.5740339572489739,0.04277563640185492
336.95999999976607,walk,walk,-0.0,-0.0,0.0,0.9674709843873706,0.05788794691164474,1.6773502212942286,-166.09975336339127,0.11786869872836127,0.0013899772000091624,0.02510706047139128,-0.020082906641886507,0.06264258863464969,-0.039351156249359094,0.18132587665069388,0.6416903772517096,0.7830027535771034,0.6954552989850045,-15.688182262177076,0.7096363913199215,0.5553401496658326,-27.3692848344316,-0.055244392596259934,-0.01043680235743523,3.590322642036107,1.572283692333883,1.5740689265490055,0.040395739555063016
336.97999999976605,walk,walk,-0.0,-0.0,0.0,0.9677483278429074,0.02712134505089462,1.7451841629087648,-166.14803462744962,0.10665297542015,0.004477102614257858,0.023760162321287737,-0.0262763759447731,0.05854966976361503,-0.04244017504571712,0.18006319074090413,0.6334286970014,0.7821651181094997,0.6927137386450768,-16.0364665359668,0.7044584705920129,0.5523399647722245,-26.987322529333337,-0.055308017936358936,-0.01042871102690697,3.5939080139961934,1.572395602415779,1.5737257565320015,0.029534194359422082
336.99999999976603,walk,walk,-0.0,-0.0,0.0,0.9680062514710231,-0.006556649007261791,1.8089013568284575,-166.19687063803516,0.09545342536117013,0.007610078459934417,0.022121819587978802,-0.02832050385961687,0.05503344241041044,-0.042524023493750486,0.17938349385016775,0.6276172164986787,0.7813764513578586,0.6901988659451008,-16.350938194953528,0.6995981100765993,0.5495973017463684,-26.630347229831415,-0.055328196087960774,-0.010053112357854846,3.62294563698352,1.5724912238275328,1.57342280847435,0.020117333103312162
337.019999999766,walk,walk,-0.0,-0.0,0.0,0.9682421349971225,-0.04165703498978767,1.868728020187679,-166.24363369557173,0.08424616261419525,0.010627917154284492,0.020362080816681533,-0.029557741542622622,0.05169367023077137,-0.040447624059271554,0.1792459878329894,0.6246420522120979,0.7806485310489643,0.6878724184284211,-16.64326986747048,0.6951302586614316,0.5474424895296097,-26.243827585839316,-0.055330185160017975,-0.00953425392508507,3.6637281978527785,1.5725749876540531,1.573281458853233,0.014870115672750215
337.039999999766,walk,walk,-0.0,-0.0,0.0,0.9684543217946947,-0.07912077289123912,1.9245975788242058,-166.28741113966862,0.07313876380071789,0.013307427505352274,0.0184899045975832,-0.0318427884935419,0.04824447268775495,-0.03779362144581459,0.1792136059716083,0.6227040964332902,0.7800211766984045,0.6855174389133454,-16.96178065880436,0.6910686995716943,0.546120264793396,-25.78175197207775,-0.055318598206465855,-0.009031678736209872,3.7022476807325133,1.572651855522787,1.5732847594604373,0.013247093445941344
337.059999999766,walk,walk,-0.0,-0.0,0.0,0.968640715042155,-0.1207236466139474,1.9763362021992341,-166.32861732932153,0.0624739038516666,0.015507573890055502,0.01647716769435533,-0.03571771791752032,0.0446837074892816,-0.035597093167238684,0.17891567361631638,0.6199998985902022,0.7795577200255769,0.6831465002546311,-17.31749689607164,0.687392423274618,0.5452737745294571,-25.301737683527854,-0.05526934678293755,-0.008924442529678348,3.7047743839306237,1.5727222202303006,1.5733131815627694,0.012425876014053101
337.07999999976596,walk,walk,-0.0,-0.0,0.0,0.9687984296871665,-0.16702875554027505,2.0237416715822136,-166.36844900048533,0.05241263975828559,0.017491289162554394,0.014300138382556758,-0.03976571362956573,0.040882881920549514,-0.034510871875276704,0.1782380735755185,0.6160817324979988,0.7793157323088422,0.6809187841067315,-17.691690833912748,0.6840959822845276,0.5445550170192719,-24.866729603546545,-0.05515936765593214,-0.009040366113185885,3.6832625067166327,1.5727857859314098,1.5732800497621775,0.010230950718440822
337.09999999976594,walk,walk,-0.0,-0.0,0.0,0.9689280018040305,-0.2164305706556146,2.0663111025556096,-166.40752131744978,0.04291783931106016,0.01948944904374287,0.012132281383897638,-0.042205900150425836,0.03665130081685545,-0.033853255380951276,0.17726679794390166,0.6117125589836558,0.7792740841528526,0.6789078426012993,-18.062416074261,0.6811877743832168,0.5438385393867493,-24.501949522346283,-0.05499604325742275,-0.00912674814462662,3.6603174499136695,1.5728419540127998,1.5732030731574178,0.007155301263553723
337.1199999997659,walk,walk,-0.0,-0.0,0.0,0.969035134751502,-0.26549178171867216,2.103835609689447,-166.44576333522323,0.03400139309056925,0.021651298512505027,0.010265535001621959,-0.04150556055219255,0.03229931583573476,-0.033088337676157875,0.1760961898796589,0.6074008065829111,0.7793722553463884,0.6773032408604622,-18.37922504557182,0.6786742639715907,0.5429872807512284,-24.23234012396938,-0.05481237103173296,-0.009260791540145877,3.6339198598957934,1.572891121263986,1.5731421357900381,0.004636538095296693
337.1399999997659,stand,stand,0.0,0.0,0.0,0.9691137797351553,-0.31009718287878824,2.1369819294104824,-166.48448486395537,0.02536542015516446,0.02433357905428221,0.008073796498004306,-0.037016734329735346,0.028578911558081663,-0.03377190327269719,0.17603981397766236,0.6067113977349328,0.7796289267639385,0.677253005803737,-18.44681466005373,0.6767401493078957,0.5429854448052568,-23.92890295239439,-0.05463300948900177,-0.009098616678175967,3.6328598254651805,1.5729353549193112,1.5731415145782295,0.003673155098194588
337.1599999997659,stand,stand,-0.0,-0.0,0.0,0.9691612636780788,-0.3469804852353203,2.165308094067105,-166.52529142799614,0.016982801662652914,0.02729912814432199,0.005754700227999565,-0.029985109134148168,0.0243682790587963,-0.035722114257752825,0.17604213777068414,0.6059104183390841,0.779945424066368,0.6769265324828988,-18.56691717081022,0.6754598487467249,0.542971180907576,-23.750779918545668,-0.05442132195546766,-0.008042766694755251,3.6985326135137795,1.572976395793022,1.573137647919341,0.0026538741778521432
337.17999999976587,stand,stand,-0.0,-0.0,0.0,0.969190047714403,-0.3769236352246021,2.1853220373063134,-166.56828120327322,0.009076519166711488,0.029811662958164457,0.00378009567321506,-0.024020300217690853,0.01653262033267068,-0.037583348867396574,0.1761437731841453,0.6047777447724,0.7802395817518979,0.6761149222699585,-18.764611807816927,0.674653847647189,0.5429269114124604,-23.650029034880927,-0.054016905474228674,-0.005411565901105047,3.865517463870555,1.5730160775127893,1.5731278844462053,0.0014576513200555462
337.19999999976585,stand,stand,-0.0,-0.0,0.0,0.9692243930948183,-0.40051889413845143,2.191571689576949,-166.6128915365603,0.0014328325034137384,0.031787039199924295,0.002511428168233484,-0.01837814090283426,0.004036186529639608,-0.03905187971050087,0.17635413781817944,0.6030536753481532,0.7803617471586175,0.674666178511927,-19.03385901188937,0.6740819676821233,0.5428144948229081,-23.58424547202575,-0.05316735682124486,-0.0007430854286614979,4.145873250720506,1.573054832179553,1.5731105276485586,8.310109854677678e-05
337.21999999976583,stand,stand,-0.0,-0.0,0.0,0.96928857980462,-0.4189596625188621,2.178426637713023,-166.6601159727234,-0.006026511981447219,0.033126307838823935,0.0018784835056786526,-0.013998885946465646,-0.013693803913326339,-0.04164839638301433,0.17666957124628163,0.6004134537162041,0.7801896066522065,0.6724714119968415,-19.376213497949955,0.6734910714131149,0.5425715494832993,-23.52031056977544,-0.05150246361440951,0.006197522042274474,4.522005439569957,1.5730940245743088,1.5730886030078413,-0.0014651059936509727
337.2399999997658,stand,stand,-0.0,-0.0,0.0,0.969420658201959,-0.43257855532773026,2.13574509856508,-166.711517392527,-0.013434877612469429,0.03379887076829035,0.0022014319515327556,-0.009624997420751319,-0.04063414523783314,-0.045658381203190906,0.17706724792147935,0.5964349390970997,0.779475715315262,0.6694244288748666,-19.755162682311745,0.6725238035828655,0.5420889611830644,-23.404383004943618,-0.04858825744560845,0.015409682938115841,4.9557132661174785,1.5731351444486994,1.5730739432380607,-0.0029297217207374963
337.2599999997658,stand,stand,-0.0,-0.0,0.0,0.9696608581258385,-0.44042828852471816,2.054904470927938,-166.76814002283774,-0.02111023098074105,0.03381352343683359,0.0036859375132466407,-0.004335262030593282,-0.07478169201891981,-0.05058536893158554,0.17746101375751466,0.5992165064172026,0.7779215525495315,0.6654029627891526,-20.13570022724222,0.670851424826252,0.5410979293622284,-23.227984838407657,-0.04401167383682061,0.026635718998584287,5.395183045814895,1.5731801318231018,1.5730935110947402,-0.003704753604524755
337.2799999997658,stand,stand,-0.0,-0.0,0.0,0.9700392699102934,-0.4418853349837567,1.9318181467999989,-166.83067806368703,-0.029303814240735748,0.03305813598889284,0.006273125555655767,0.0013308226602497494,-0.11190178968500368,-0.05606691070824346,0.17774985153106104,0.6097592689058156,0.7753126512793452,0.6602575507768685,-20.512447804026703,0.6682372272172998,0.5391655278699784,-23.033175978869714,-0.0374010123827787,0.03940413977110416,5.774740469804037,1.5732306938777356,1.5731774075927725,-0.003067613534010799
337.29999999976576,stand,stand,-0.0,-0.0,0.0,0.9705735381918158,-0.4352563553123255,1.7687860234487398,-166.8980820793543,-0.03820327908589437,0.03164124437820254,0.010004657822207356,0.008672435283173087,-0.14627172197703864,-0.06046299117731682,0.17782468661124395,0.6206468204248555,0.7714769198528928,0.6538196126048447,-20.887989870841626,0.6645775535988415,0.5357110945971009,-22.915862086279567,-0.02848325016507757,0.05304917006695313,6.023949880304949,1.5732883395969743,1.5733456750480883,-0.000525902257135244
337.31999999976574,stand,stand,-0.0,-0.0,0.0,0.9712729725178442,-0.41806588912745973,1.5748378096656908,-166.97157711300443,-0.047864820417555735,0.03023531147661402,0.015189170388231692,0.01812323112922065,-0.17203456314669785,-0.0661354573220044,0.1776004644419152,0.6307133480857237,0.7662653194877677,0.6460181904301644,-21.250058166673295,0.6598742599912182,0.5300958860979081,-23.000273810825494,-0.01716402628841404,0.06683309053993226,6.0876556997424744,1.573354111050706,1.5735761191159965,0.003320441811182677
337.3399999997657,stand,stand,-0.0,-0.0,0.0,0.9721476051431212,-0.3895346151518777,1.3639089627558751,-167.0532265093577,-0.05810873885036496,0.029278254242098522,0.02241968921566448,0.027971039985576002,-0.18518901822240705,-0.0734910203628458,0.17698724950035388,0.6382779600253315,0.7595412360562239,0.6369963269975143,-21.549402906765668,0.6540892640781476,0.5216965761169373,-23.388002639033534,-0.0035711795427629664,0.0801939150846315,5.943798431620118,1.573422863846968,1.5737337917037448,0.005448401715316458
337.3599999997657,stand,stand,-0.0,-0.0,0.0,0.973221301947149,-0.35271581963684007,1.1511164514221877,-167.1441164348344,-0.06846793589103517,0.028932588968699498,0.03255117120235884,0.0346008307091184,-0.18520505087526717,-0.08152555742729668,0.17594698341327542,0.6412700945850893,0.7511296785223717,0.626977442881849,-21.711359521518833,0.6469499406685343,0.5099319572807206,-24.116913343231396,0.01193763378594577,0.09272410209948301,5.600368865677224,1.5734801243171581,1.5735803913973623,0.0006238900722574017
337.3799999997657,stand,stand,-0.0,-0.0,0.0,0.9745455444694527,-0.31657747966629424,0.9488138363486208,-167.24452422755257,-0.07826452143422667,0.029325756386794632,0.046727603170704485,0.03260511942455901,-0.17492769570798,-0.08966059377615236,0.1743266461652491,0.6370149758496524,0.7407588866339291,0.6159516536970673,-21.68125778144882,0.637997753291255,0.49429463699146736,-25.184720124217424,0.028785771745459533,0.10424574319665265,5.10143773435428,1.573502821113328,1.5728767689227614,-0.016267938317215454
337.39999999976567,stand,stand,-0.0,-0.0,0.0,0.9761951542229728,-0.29543373567740244,0.7652240185101818,-167.35387197911555,-0.08684327596437597,0.03043242186101721,0.06562218526564258,0.017553173462555027,-0.15793689924154755,-0.09719902321960909,0.17184523980453095,0.6228155456505544,0.7280618805471973,0.603430616187806,-21.473421695246504,0.6262244661097377,0.4751960291965409,-26.290299181653257,0.046241509118047155,0.11470790933969786,4.509921106696192,1.5734646219811852,1.5715341749023428,-0.04670302253678307
337.41999999976565,stand,stand,-0.0,-0.0,0.0,0.9782370613024816,-0.30272217787595185,0.6058994045318851,-167.46985568910503,-0.09404096316411768,0.032265496128048465,0.08831346684144259,-0.008844960262815406,-0.13631896443802083,-0.10250545236450469,0.16809057551364184,0.5978737874385123,0.7126519561841783,0.5889468450508119,-21.101511885435638,0.6105113611616266,0.45548841186141975,-26.710275184718178,0.06348779084169319,0.12407710122013084,3.8939286263677326,1.5733522781692486,1.5699077868557452,-0.08201264917427913
337.43999999976563,stand,stand,-0.0,-0.0,0.0,0.9806808390763271,-0.3407792481253386,0.4745552156641856,-167.5927751586632,-0.10025666572985124,0.03592164100069685,0.11138898616373831,-0.03557819684741994,-0.11158277371905763,-0.10870695015478582,0.16207440530001174,0.5631774662872296,0.6942729660491331,0.573461143291712,-20.353581038164773,0.5904696604069288,0.43820189053872827,-25.885443439437264,0.07971237417602446,0.13216543906360428,3.3030533748876376,1.573183092415928,1.5687689054931633,-0.10444708594620825
337.4599999997656,stand,stand,-0.0,-0.0,0.0,0.9834545272575649,-0.40047657509862167,0.3723577041605171,-167.72562754663213,-0.10598247585628842,0.04168585577202257,0.13043722526304763,-0.05320353646041019,-0.08609552181360657,-0.11765668167234113,0.15341501926508308,0.5222108712839385,0.6730879487661718,0.5569442487366655,-19.298783139924375,0.5665975463455305,0.4237471508091249,-23.897496548041246,0.09422382509626537,0.13985356356741732,2.853920005472869,1.5728814868708643,1.5681563562529142,-0.10737071322080885
337.4799999997656,stand,stand,-0.0,-0.0,0.0,0.9864275638036869,-0.46590214597788465,0.2955271262541905,-167.869557832034,-0.11121743041849803,0.049038267906016376,0.14222398060414845,-0.056348160345432455,-0.06444227319548629,-0.12720484556548123,0.14253876577934033,0.4933994398151541,0.649568149010478,0.5389082471066781,-18.132494164819555,0.5400099273345635,0.4102315630507889,-21.334418592137975,0.10652998486114133,0.1477053253659284,2.620573638921348,1.572502884872062,1.5678547567175953,-0.10309256280359896
337.4999999997656,stand,stand,-0.0,-0.0,0.0,0.9894504731618741,-0.5214185029453604,0.23473494212729917,-168.02179362525663,-0.11586332566583371,0.05676668668129582,0.14548402948544786,-0.046357249210415494,-0.051485691562846575,-0.13396463509073359,0.13022443309767204,0.45337334447388367,0.6244093198504178,0.5190405793434053,-17.05130892831807,0.512069939614604,0.3958585848066591,-18.785053747798305,0.11638318971144113,0.1554328911990781,2.586667010128753,1.5721495812428534,1.5676472644685664,-0.10064684093793731
337.51999999976556,stand,stand,-0.0,-0.0,0.0,0.9923828171581858,-0.5568287594170226,0.17882943375726493,-168.17825347152828,-0.11978739037655498,0.0638919720841924,0.14069315147642855,-0.027721101633319395,-0.04827727379308019,-0.1371759819387274,0.11734996004580238,0.40759217651380203,0.598400354694417,0.4970692030797004,-16.256588817067296,0.4841617396409647,0.37980215440845483,-16.649131175135462,0.12376869237606956,0.16261686641883863,2.7070591928659495,1.5718461572172555,1.5674093798238515,-0.10069519994306607
337.53999999976554,stand,stand,-0.0,-0.0,0.0,0.9951129521521865,-0.5657043263432748,0.1205163747480661,-168.33561641508524,-0.12289706615111179,0.07006973330343345,0.12984707922935929,-0.004184314412007772,-0.05084823082272523,-0.13771146628969974,0.1048336768438771,0.36153590756199844,0.5723337237272876,0.47290377075871576,-15.906662050988594,0.457620597568339,0.3619848671480041,-15.179318383615653,0.12881322434293332,0.1687942954252131,2.926927659778773,1.5716377028295019,1.5674172763970398,-0.0987917177106126
337.5599999997655,stand,stand,-0.0,-0.0,0.0,0.997563827121788,-0.5478239547919296,0.05932068632677412,-168.49288669514496,-0.1251502337340965,0.07493749812607407,0.11536047591575334,0.018968572483852534,-0.05301014194911067,-0.13765955199071578,0.09313915062322595,0.317905063174529,0.5469713361652058,0.44721927979254233,-16.016584693480908,0.433588898005523,0.34361962939468543,-14.348373044421088,0.13177757661429002,0.1739876180453815,3.2196233189108523,1.5714612186670327,1.5675038812958488,-0.09302795254430597
337.5799999997655,stand,stand,-0.0,-0.0,0.0,0.9996864816448893,-0.5054295803461313,-9.566031058473026e-05,-168.6502335575639,-0.12649172992194596,0.07840127932583,0.09903124993889444,0.03993328109047774,-0.05072326114017736,-0.13775382991225316,0.08226161495318485,0.2766080526962829,0.5229984337941102,0.4213574059412144,-16.461246529104542,0.41307385469758984,0.32670134276049834,-13.969494877774736,0.1330049575199393,0.17828234935921194,3.560214121830837,1.5712966241549213,1.5675073544891949,-0.08919641660501898
337.5999999997655,stand,stand,-0.0,-0.0,0.0,1.0014501260202593,-0.4442853983166398,-0.051852080660892905,-168.8065397299616,-0.12679438463386478,0.07996847328933565,0.08176577895345581,0.05545391956698678,-0.04340195206357638,-0.13659109896864036,0.07242968977272296,0.2371584204339003,0.5011359630719406,0.3974384937549934,-16.99144970309504,0.39685548508034546,0.31230626881529083,-13.971392614706065,0.13302097411096533,0.1817013207264167,3.897596378222829,1.571143090753622,1.5675280473003896,-0.08522400267692404
337.61999999976547,stand,stand,-0.0,-0.0,0.0,1.0028422056734216,-0.373238587432711,-0.09259824921652064,-168.9588929484618,-0.1258605405724413,0.079566597950247,0.06424087714543202,0.06304332563220387,-0.03357629582869277,-0.13271211846263978,0.06396441787606424,0.1990755422280629,0.4820986651235102,0.37599418428039555,-17.640507473973692,0.3853179879959164,0.3007701423416138,-14.332483648619268,0.13235999102506238,0.18439657092094422,4.20248763000836,1.5710033305253248,1.5676501284301758,-0.07915395333559613
337.63999999976545,stand,stand,-0.0,-0.0,0.0,1.0038854354272013,-0.30237810062092857,-0.12401179593712415,-169.1033342770455,-0.1234106379796558,0.07736175283080393,0.047828818792444175,0.06162859690144358,-0.025970347615808877,-0.1252376679462312,0.05732404622022209,0.16185027265555763,0.46630745329276324,0.35656104352569584,-18.544874372942072,0.37812251403134367,0.2913867023239136,-15.062845240950459,0.13138186950576003,0.1866808444261551,4.479849314116745,1.5708789663366973,1.5678096062452078,-0.0725820995586359
337.65999999976543,stand,stand,-0.0,-0.0,0.0,1.0046380905979146,-0.24138030724530146,-0.15256295755976185,-169.23738837570696,-0.11956223175473357,0.07398427541890311,0.033823050164361594,0.05203096554250673,-0.02423895493170724,-0.1163686124942606,0.053199582199613314,0.12513792261077566,0.45375611850608816,0.3383644607315064,-19.809126447550106,0.374247444093199,0.2835967924842835,-16.02297492850465,0.13038513683454864,0.18893167227506638,4.73973901362133,1.570771253698421,1.5680176730216027,-0.0652672310190398
337.6799999997654,stand,stand,-0.0,-0.0,0.0,1.0051683997412049,-0.19451479013197445,-0.17991066299711622,-169.36313619321444,-0.11447530864949762,0.07055406556960188,0.02321347671252961,0.03935378160232411,-0.02322211037599445,-0.10900779701858146,0.05237660577982479,0.1234124757952163,0.4440571014837692,0.3206446256885529,-21.471912547401935,0.37266544096175946,0.2771004226455689,-17.084614761864305,0.12957833916618924,0.1913393422961235,4.9857252289044265,1.570678158079362,1.5681560545176745,-0.05995649328426233
337.6999999997654,stand,stand,-0.0,-0.0,0.0,1.0055493527066788,-0.16070705023108822,-0.20477851389982266,-169.4788857839604,-0.10841064897461541,0.0674559122000281,0.016439719678665213,0.028198873203063354,-0.02091765964699555,-0.10007025613619958,0.05467386512744118,0.13289002769683167,0.4364658500749903,0.3035758223781586,-23.34034173971115,0.37239422861087756,0.27231041457748417,-18.000519440972692,0.12909139938187225,0.19403768926858903,5.222274579525839,1.5705890995589462,1.5680754597247124,-0.059842224838736746
337.7199999997654,stand,stand,-0.0,-0.0,0.0,1.0058569306841088,-0.1358237707294048,-0.22521074670231778,-169.58440194282497,-0.10167075947388121,0.06524647341810355,0.013683245536895932,0.020919623405460365,-0.01686442936384895,-0.09116899106113184,0.05910716446365204,0.15668144052698416,0.4300106407678804,0.2870797004947663,-25.235149141378397,0.3725081991159016,0.269282856250763,-18.592728597991936,0.12896360826630487,0.1969306379556656,5.442608177268155,1.5704891907429008,1.5676384552330256,-0.06785407642865998
337.73999999976536,stand,stand,-0.0,-0.0,0.0,1.0061451396077519,-0.11143518490244293,-0.2384164941026144,-169.68296653856476,-0.09481942221968821,0.06469630106882415,0.013753211744010969,0.021494661590358906,-0.010348845464840028,-0.08546322105567913,0.06454919647307002,0.19985387617604072,0.42377761244879947,0.2711815026054383,-26.991034538024216,0.3726119888580245,0.2678751733551026,-18.860907318063546,0.1290577476359057,0.19944682568311692,5.6261000472880065,1.5703615553476755,1.5668334758788824,-0.08378768389303559
337.75999999976534,stand,stand,-0.0,-0.0,0.0,1.0064438958137174,-0.07952233766410015,-0.24288730714076587,-169.7800003458136,-0.08828815307651643,0.06538883295217358,0.015249408360181252,0.028932493564269215,-0.002667909963279538,-0.08474643204746461,0.07003794762929436,0.2368343197992509,0.41711516867841736,0.25628317263221745,-28.440912893689298,0.37262275665177713,0.2681330826530457,-18.809160630618415,0.12940513152641053,0.20171562433242798,5.765809221954688,1.5701919109774747,1.5656655824691534,-0.10727607407351639
337.7799999997653,stand,stand,-0.0,-0.0,0.0,1.0067681399594757,-0.03484367979478027,-0.2409857475913833,-169.8813178775724,-0.08234426444557078,0.06676972897044711,0.017128465684630487,0.040446234264019686,0.0023903776713747604,-0.08907956189897508,0.07512222771479256,0.2674057078924297,0.40963239210354746,0.242406019235611,-29.529866753524324,0.3725338814676719,0.2696017411003113,-18.52173097403868,0.1300476817564251,0.20342419147491456,5.834822062478869,1.5696492368645811,1.5642071797460795,-0.11567850050340192
337.7999999997653,stand,stand,-0.0,-0.0,0.0,1.0071292100390719,0.022736603492419998,-0.23669269819806815,-169.9913551448197,-0.07703113246148859,0.06799114411840274,0.019136299967743596,0.051531695641106864,0.003963678138450753,-0.09711351931437893,0.07955857249244354,0.2921685110561394,0.4011526800021765,0.229273774887085,-30.290375799733464,0.37218205447655556,0.27188781764602665,-18.024008754040132,0.13101555865150838,0.20442694276571274,5.8198436689892805,1.5685857906774476,1.562576923793602,-0.11182217908964626
337.8199999997653,stand,stand,-0.0,-0.0,0.0,1.0075279514581221,0.0911284776231327,-0.23260195460506355,-170.11296468223787,-0.07238028008421117,0.0686237928375411,0.020858864811423686,0.06059527386340899,0.0033560310802838627,-0.10743802393724568,0.08315901292398682,0.31099963881651066,0.3916966817251089,0.21680609252548222,-30.756815971190825,0.37149683411328394,0.2743348863372803,-17.435382100992488,0.13231448628875067,0.2048288866877556,5.730236911409387,1.567121711974647,1.5608392174304009,-0.10573235227723325
337.83999999976527,stand,stand,-0.0,-0.0,0.0,1.007960575112337,0.16470388908837919,-0.2308140479194336,-170.24781181441028,-0.06868774333024892,0.06837329780530627,0.022175058633464265,0.06444072629107196,0.0010388965260600942,-0.11913144881701708,0.08601568625467357,0.32531453170071845,0.38145435925261456,0.2050636794815064,-30.966125205363745,0.37035742814404954,0.27635697391128544,-16.83041938474336,0.1338601113508028,0.20451800376176835,5.568239954074137,1.5654362764194893,1.5590478417411924,-0.10144932644177845
337.85999999976525,stand,stand,-0.0,-0.0,0.0,1.0084121921816278,0.23799993383377277,-0.22985703789232123,-170.3961882264284,-0.06589936900248125,0.06714499685850188,0.022857703410299097,0.06358931500129841,0.00033750631133363043,-0.13091068890533095,0.08840158575225589,0.33689863096628186,0.3707431719483307,0.19373033311462406,-31.039379637984258,0.3688239115690326,0.27811918523406987,-16.206119283453663,0.13552606308919132,0.20382869839668274,5.373735192883838,1.5636975420672328,1.557354573434639,-0.0991005867916666
337.87999999976523,stand,stand,-0.0,-0.0,0.0,1.0088648041303159,0.30801395768361717,-0.22676919210497648,-170.55588322243202,-0.0639426119584285,0.06510677198329524,0.02297090526146266,0.06046712196624584,0.002335272766794209,-0.14047526311705885,0.09049116997368056,0.3466811934205928,0.35991296233149717,0.1828560617218018,-31.03733435737807,0.36707944131072,0.2793743994483948,-15.649664575986252,0.13714974893106532,0.20280133038759232,5.164280382793429,1.5620129150788795,1.5558112154663086,-0.09765567890872015
337.8999999997652,stand,stand,-0.0,-0.0,0.0,1.009302924556564,0.3743776035585646,-0.21867469802576384,-170.72328524057878,-0.06256796760787639,0.062450426664840554,0.022615324413016908,0.057331006683605884,0.006775901883144971,-0.14682088945273356,0.09227508723496221,0.3546885556434416,0.3491678627603102,0.17291686799621586,-30.898215437791052,0.365356944992389,0.28033927943801884,-15.167818619325022,0.1385531428780325,0.20188774764537812,4.991244748298315,1.5604263628652657,1.554373547709036,-0.09723776926011285
337.9199999997652,stand,stand,-0.0,-0.0,0.0,1.0097162343046537,0.43798473801076454,-0.20404444756579926,-170.8943764995714,-0.061512349795329595,0.059283368524223556,0.02192311967024911,0.055065167514823626,0.012413999266553939,-0.1496516830612238,0.09389778250973803,0.3616487040900065,0.33861215791269533,0.163957932258606,-30.625008167860965,0.36384478175349566,0.28088734414672856,-14.813642174229663,0.13960684284347666,0.20135063529014588,4.883402389058783,1.5589812696089957,1.553129466524768,-0.0971878229917689
337.9399999997652,stand,stand,-0.0,-0.0,0.0,1.0100988351913072,0.4990385953707175,-0.18277707427804818,-171.06520941408692,-0.06056902747614469,0.05558402753459126,0.020961150806644614,0.05287674030753367,0.01802574505069412,-0.1490613594258265,0.09532087802121302,0.3675600862806322,0.3283373368154341,0.15627221133804325,-30.181174771592467,0.3626302277328944,0.2808828737983704,-14.619276424861539,0.1402426369412769,0.20119154304265977,4.842994243163048,1.557725823229149,1.5520995988458872,-0.09822284482783052
337.95999999976516,stand,stand,-0.0,-0.0,0.0,1.0104484889232448,0.5570482992401627,-0.1561989702080527,-171.23240918430778,-0.059609985790272865,0.051438242318483755,0.019764996930098477,0.05022975396424806,0.02235490349069373,-0.14560737652920566,0.09661335767949165,0.3726905432492173,0.31841555943671596,0.14976064231491093,-29.59303625927755,0.36171581115819507,0.28030536439514164,-14.582418137063712,0.1404562921556705,0.2015009880065918,4.873868021792302,1.556703964371452,1.551324436715293,-0.10022008291401646
337.97999999976514,stand,stand,-0.0,-0.0,0.0,1.0107659426112146,0.6111116310780194,-0.12585644133166382,-171.3930907479266,-0.05862202775433858,0.046847391020705974,0.018480479950246445,0.04675246894989689,0.025427148194301252,-0.13968093125842085,0.09772737701447148,0.376724184720059,0.3089780273899568,0.14446792867279057,-28.88434071372332,0.36104383801114265,0.2787471201667786,-14.761187591378718,0.1404368715728919,0.20206745564937592,4.932885806089518,1.5559290749861157,1.550755525282073,-0.10358114322634072
337.9999999997651,stand,stand,-0.0,-0.0,0.0,1.011051583940491,0.6601816540175475,-0.09346958351152904,-171.54452133805776,-0.05761512946939528,0.042180943757955086,0.017043774222376844,0.04234890004462421,0.026967835832474394,-0.13133283940577498,0.09863065091070851,0.37930806384200827,0.3001013360883901,0.14048395421600346,-28.046806698941772,0.36056249504035315,0.2767920878181458,-15.04090126995161,0.1403090327321973,0.2026054620742798,4.991975156148327,1.555371258683091,1.550363015657711,-0.1067206105613468
338.0199999997651,stand,stand,-0.0,-0.0,0.0,1.0113015448010305,0.7040779295739852,-0.059681751442524536,-171.68389138880048,-0.056487574020978114,0.03769816102291019,0.015342549533698152,0.037923665929225546,0.028210048354815997,-0.12053804601383485,0.09933345094519946,0.38039861120161245,0.2918936380783102,0.13779703643417363,-27.104575039857945,0.36030945670109665,0.27419988181686406,-15.479682998418502,0.14012551225631298,0.20313145816326142,5.051550381876837,1.5550034189414885,1.550137160620141,-0.10958201262655369
338.0399999997651,stand,stand,-0.0,-0.0,0.0,1.011513068131342,0.7422905628111304,-0.024502371041816014,-171.80740119611644,-0.05492495164488358,0.03339432003169887,0.013539676429723396,0.03288136173259229,0.029496844245285012,-0.10621875071704558,0.09977733558487076,0.3796906969290017,0.28447135941040835,0.13668135669326786,-26.030055097155415,0.36027680707869636,0.2711644556770325,-16.038382278571454,0.13989427156413917,0.203486105799675,5.100712983748072,1.554785942187414,1.5500226451963663,-0.11208913335467502
338.05999999976507,stand,stand,-0.0,-0.0,0.0,1.0116854450447916,0.7735451145459087,0.010738545311044059,-171.91131502107186,-0.053146652126399206,0.029386320698942692,0.011539366204673916,0.02677088128828972,0.029560811452861206,-0.08878047250199181,0.09991889519508919,0.37681743808292933,0.2779664093343202,0.13729588058090214,-24.81909777105256,0.36040891159178523,0.26761148240661625,-16.713633043155838,0.1395696379617315,0.2036653220653534,5.147009472282435,1.5546026200279368,1.5500113873690844,-0.10861045840576988
338.07999999976505,stand,stand,-0.0,-0.0,0.0,1.0118091116249677,0.7978597454682624,0.044827550809960655,-171.99457252619462,-0.05123285474637423,0.025981116922173097,0.008890661801520787,0.02079142123914638,0.028676798281018576,-0.07071007834368395,0.09977869694152142,0.37199055225479416,0.27262148235845163,0.13959214952087406,-23.534167302017217,0.36085922208750854,0.2637126829872132,-17.521484897066934,0.1391877662810936,0.20371190309524537,5.1842882718184065,1.5544324380460273,1.5501087590069056,-0.10235380932632497
338.09999999976503,stand,stand,-0.0,-0.0,0.0,1.0118752474350434,0.8144686657886163,0.07539555177207721,-172.0583098784886,-0.04902925424005347,0.023129154847306804,0.0055764306316520565,0.013913216717011378,0.025371519067064766,-0.0538433385791307,0.09942283356373462,0.36604435141269737,0.2686926197370221,0.1434571531066895,-22.241951995943033,0.3617216322704222,0.2600362684974671,-18.370282447131487,0.13881021162532858,0.2038324385881424,5.223527571535111,1.5542782079872328,1.5503064042836905,-0.09410877677091409
338.119999999765,stand,stand,-0.0,-0.0,0.0,1.01188119303182,0.8217092804630795,0.0985310753637778,-172.10581051173662,-0.04636729383054474,0.02066558810812579,0.001744276519907831,0.005375031918544036,0.018752004699794836,-0.03997867167081805,0.09910372972504061,0.3612732400837256,0.2663950226231494,0.14775619771575932,-21.180858178119326,0.36296615708470215,0.2572974350700379,-19.116957853974306,0.13849636831204,0.20399741679430008,5.2579604502944965,1.55414266860093,1.5505578837305785,-0.08507466770809548
338.139999999765,stand,stand,-0.0,-0.0,0.0,1.0118257537098145,0.8184044528840855,0.11198058919308744,-172.14386960135488,-0.04321947166382593,0.018692618181424276,-0.0023265495369290926,-0.003954835562837271,0.010187551603418946,-0.032467430120751546,0.09899659595390806,0.3602538288837579,0.26585128308526695,0.1508375194320679,-20.67067193421204,0.36458757629807126,0.2566512611160279,-19.5562950672096,0.1383203677348209,0.20465420037508011,5.3160339565252,1.5540259266864778,1.5508041179687262,-0.07664242167625793
338.159999999765,stand,stand,-0.0,-0.0,0.0,1.0117276968443085,0.8074487136112931,0.11422800276037304,-172.17590602932674,-0.03963003345908661,0.017021863647307376,-0.005393759757169286,-0.010218778725835223,0.0004344781472022798,-0.02725058839423838,0.09938394797914825,0.3660306208933657,0.2665084683528501,0.15050093200302128,-20.934415951546267,0.36643630886315687,0.2592795279273987,-19.433369718325945,0.1382896387128164,0.20611796379089356,5.427370759781373,1.5539261262029398,1.5510046242684603,-0.06972201140777459
338.17999999976496,stand,stand,-0.0,-0.0,0.0,1.0116104984367635,0.7927034259895878,0.10677232424974667,-172.20453290307776,-0.03581708845444514,0.015420038908960343,-0.0070875363897166515,-0.013125505458295382,-0.007776008003269396,-0.02456335314815599,0.10060185809297974,0.3798163641018055,0.2677850585466533,0.14506266381835942,-22.19030308270172,0.3683358671253832,0.2653758313903809,-18.680260693390892,0.13840095676237585,0.2082960292696953,5.584453380494208,1.5538378611557875,1.551143490052271,-0.06439849566939884
338.19999999976494,stand,stand,-0.0,-0.0,0.0,1.0115020061641995,0.7825645554605136,0.09289222203751435,-172.23226005981448,-0.03195529911825481,0.013940997932149994,-0.007016935463346151,-0.007916421486010483,-0.012886600352519664,-0.023977850049289772,0.103006488938369,0.4006503287637119,0.268756236690343,0.1348659780273438,-24.174978237434875,0.37021157476268846,0.2742993619689942,-17.410565770676577,0.1387580569565424,0.21071789264678956,5.736171588577463,1.5537550459914096,1.5510832148552418,-0.0640215157715181
338.2199999997649,stand,stand,-0.0,-0.0,0.0,1.011424556978488,0.7841971884070221,0.07694147563153171,-172.25810143814306,-0.02853438145552101,0.012001875407070003,-0.005484173290963003,0.002907792820170795,-0.01423894082659367,-0.022021426265159034,0.10646648319734445,0.42455313434447994,0.2688656722697239,0.12239525582885746,-26.375389039596268,0.37200965135315284,0.2842294361839295,-15.94046506410719,0.13936246916417883,0.21258118599653245,5.823646415768368,1.5536680161517324,1.5508169143409014,-0.06831276087582949
338.2399999997649,stand,stand,-0.0,-0.0,0.0,1.0113737593317893,0.7983026345903055,0.06328961363769593,-172.27872600905386,-0.025616681250117606,0.009042694263477867,-0.0038626777745391595,0.013908487002762853,-0.011601606428354769,-0.01689278395459847,0.1101792451511513,0.44628823196641326,0.2680634349279497,0.11105839278793339,-28.19971124448046,0.3738173733132081,0.29376677539443974,-14.550763000468274,0.14023117164457427,0.21325401067733765,5.793559823319149,1.5535675127582649,1.5504181480914832,-0.07528761966304
338.2599999997649,stand,stand,-0.0,-0.0,0.0,1.0113463865191081,0.8241379931422758,0.052958236618718096,-172.28865294927903,-0.023131849434120683,0.005090467844030177,-0.0023270317568759888,0.02396708623936846,-0.00871742404290681,-0.007318033459892556,0.11341268143794389,0.4627166615152918,0.2664041476864088,0.1024584558258057,-29.383006528690373,0.37564297841367217,0.3020416882286072,-13.390868757727905,0.14135964320716668,0.21284000426530839,5.655272616493646,1.5534482471425144,1.5499581026793003,-0.08319077929347758
338.27999999976487,stand,stand,-0.0,-0.0,0.0,1.0113371264207431,0.8583806201551416,0.043448467161075775,-172.28978456377996,-0.021253316774417687,0.0008965206929324411,-0.0013523021591146562,0.030857104532909418,-0.008261959199695893,-0.0002391005791593105,0.11578025829240805,0.4731800991219565,0.264180472255192,0.09671185281372074,-29.973495483869907,0.37744973575188495,0.30829355981445317,-12.588300718941587,0.1426018875943604,0.21158426105976105,5.449416370247704,1.553311919416558,1.5494894667476893,-0.09092293257377303
338.29999999976485,stand,stand,-0.0,-0.0,0.0,1.0113404308662013,0.8971380509323642,0.032218879966066455,-172.2862912531299,-0.020175885728216027,-0.003310372093742227,-0.0008888138097871779,0.03437126079380052,-0.00995881298577395,0.003639932670524324,0.11733047707218007,0.47877348203537046,0.261664956661919,0.09301702048873906,-30.16327408474434,0.37919090628435137,0.3120296385536194,-12.223085083735231,0.1437365766028531,0.21006218194961548,5.243556362462076,1.5531640189835774,1.5491512308776856,-0.09530415738581006
338.31999999976483,stand,stand,-0.0,-0.0,0.0,1.0113547171087818,0.9385108648552173,0.01934506475138917,-172.2783447721965,-0.019984975135038035,-0.007468625622632096,-0.00041264030593397773,0.03655002123768048,-0.011198698602405719,0.007499977992720652,0.11837250919237079,0.48126119483022267,0.25889986468217013,0.09054479863739018,-30.090946385592055,0.38083127913387715,0.31300155189132695,-12.332770783125147,0.14456535110435834,0.20892276465892792,5.1036120286485405,1.5530104578194808,1.5489569793403626,-0.09614134418468054
338.3399999997648,stand,stand,-0.0,-0.0,0.0,1.0113806805019747,0.9840297198486264,0.008890446912351175,-172.26627189064484,-0.02062749016028831,-0.011122676453899772,0.0005712796374809821,0.04033961559407174,-0.008544361927579548,0.011000206031442231,0.1191341679796586,0.4814993854110852,0.2556959888878507,0.08895526197052006,-29.76604118929861,0.38244297427111423,0.31137494113540654,-12.912784920896515,0.1449206614811488,0.20840678215026856,5.0609986942758765,1.5528581523315277,1.548920525512147,-0.09329460221730418
338.3599999997648,stand,stand,-0.0,-0.0,0.0,1.0114229365903462,1.0351730890317439,0.006477071460692162,-172.25031369047426,-0.021961312635172522,-0.01404560143728803,0.0023685867168074305,0.04549241811874536,-0.0007634230451292801,0.014152920326551965,0.11953554462983879,0.4785892462617351,0.25181437283280267,0.08901587989425663,-29.0044574700258,0.38404097136356335,0.30678323772048954,-14.025017229746588,0.1448698801781837,0.20812445729970933,5.064438010325804,1.55271443688973,1.5490504487365961,-0.08678080305889697
338.3799999997648,stand,stand,-0.0,-0.0,0.0,1.01148268747348,1.0953612913466673,0.01856266652163023,-172.22793710084346,-0.024039981965143488,-0.015762022979074204,0.004833109530436729,0.0539153595128649,0.012830943527197863,0.019995264473091818,0.11947893588992314,0.47029315513038294,0.24706026162166844,0.09195802476501469,-27.552204731841055,0.3857338361263327,0.2983454253921509,-15.853455568298573,0.14434297092493678,0.2072378009557724,5.06272562360403,1.5525878656444432,1.549410293152976,-0.07522329679301652
338.39999999976476,stand,stand,-0.0,-0.0,0.0,1.011549815307362,1.1695512567438702,0.05558664861788248,-172.1929607577458,-0.026436477027847786,-0.015458896803532622,0.007753972473783014,0.06664651933755698,0.03613621377079483,0.03146418115717164,0.1188194485394697,0.4499946022439062,0.24165511747876645,0.10113690164184574,-24.87713882839111,0.3878019991350372,0.28311637904739384,-18.9944139343138,0.14321585506597864,0.20484985262155533,4.994224329421164,1.5524933455565053,1.5502288828552246,-0.05347404412782045
338.41999999976474,stand,stand,-0.0,-0.0,0.0,1.0116131659752272,1.2534701326012443,0.12561478530497852,-172.12575272603905,-0.028387087404959373,-0.014131025783062388,0.010865955368936317,0.07406251905329689,0.06628106208651531,0.0617743593399138,0.11679548118593688,0.3984195723738848,0.23744846577596077,0.12788907554245,-19.406907005881152,0.3901265264887278,0.25451580550765995,-24.58019124250847,0.14092777523218195,0.1995120480656624,4.819107504025575,1.5524537672018743,1.5513500443608046,-0.02633058568423223
338.4399999997647,stand,stand,-0.0,-0.0,0.0,1.0116075301155703,1.3028068569023954,0.2262267961181695,-171.97664205763996,-0.02888643740919999,-0.018517355641822192,0.009812129007966398,0.036202977478530726,0.09392120578168932,0.13973131873966438,0.11542679567198866,0.3034416334116229,0.24492882524754722,0.20740053918457035,-7.420963109664468,0.3918288813412031,0.2034765270004273,-34.02834835471924,0.13698025184990312,0.18727584779262543,4.250325570642981,1.5525199334112205,1.553998451954174,0.034505795936767406
338.4599999997647,stand,stand,-0.0,-0.0,0.0,1.0111569571075094,1.1795360865507458,0.2960077023330778,-171.7429788634897,-0.02489932317979521,-0.03757469577198986,-0.019812930019888174,-0.13580574501615503,0.05828293098550333,0.21135822415490213,0.1225720731545947,0.3780569203731706,0.28989884781555025,0.3830598380813599,12.978741095009804,0.3933361491872187,0.16179291274642948,-41.79573070427613,0.13234455110468613,0.16889767944812775,3.1826050846205773,1.5540787982208657,1.5601262266695977,0.09259330771080922
338.4799999997647,stand,stand,-0.0,-0.0,0.0,1.0097878764475234,0.7382621341780323,0.20043127540483316,-171.6229752741051,-0.006658750917802102,-0.05982885240293395,-0.08774767060864669,-0.43067302500719445,-0.1066186586279814,0.08055225076500921,0.12956786999459935,0.3718421359383798,0.3732439479484688,0.500266024137497,15.88775840499178,0.39651747915135416,0.1829662707099915,-38.67791109758164,0.1301430526610848,0.1737961083650589,3.6012358692993454,1.5570642124157055,1.5640344324470044,0.06778151833758586
338.49999999976467,stand,stand,-0.0,-0.0,0.0,1.007020800856314,-0.02842388739023866,-0.05216175006549208,-171.85537303638083,0.01821799117752791,-0.056205782610319624,-0.1711526583646528,-0.6850906568272607,-0.2293827144683362,-0.2310721635596877,0.11154334554948925,0.3232515443224826,0.4361903206659782,0.48833523061370854,4.32717889485165,0.40753709978672,0.21827153232192997,-34.888056171697784,0.13276933950173753,0.18826477080583573,4.30143566647849,1.5613044859796876,1.5698603953183174,0.06193311357436582
338.51999999976465,stand,stand,-0.0,-0.0,0.0,1.003524263391546,-0.7733582773177282,-0.24699846326769198,-172.21206509569882,0.01794024193295576,-0.007706126031731748,-0.18831025459294412,-0.6025632866140279,-0.1426837186329902,-0.2807368345077496,0.09562241905389285,0.27962767045304343,0.46978741993710044,0.43659947183227543,-8.51311331644399,0.4283472739095638,0.2473496582756043,-34.20997277110824,0.13523188479181658,0.20396483540534974,5.397254511102849,1.5654946186928131,1.5727564043313742,0.038736928595845654
338.53999999976463,stand,stand,-0.0,-0.0,0.0,1.0006371338042261,-1.1793429230024526,-0.27055457434803504,-172.4049492552797,0.012276978178592536,0.02290449361736814,-0.14082802595124655,-0.3190265812151605,0.0007956712386031871,-0.15368024161358046,0.08820993671341303,0.21641527054970414,0.5163338159374118,0.335842081571579,-36.121317973317296,0.4514385371736798,0.287572958732605,-31.28294880272605,0.13480708601400276,0.23340353965759278,7.912029296824211,1.5668547192098998,1.5694328716904402,0.031024555621201662
338.5599999997646,stand,stand,-0.0,-0.0,0.0,0.9986811667639499,-1.270707818415691,-0.1690349385373488,-172.49368510342174,0.015074870735504533,0.044236952900568755,-0.07851638976936766,-0.0453194093858227,0.10305584218164468,-0.06469011998413227,0.09183184758267585,0.2741991562403877,0.5413997838305672,0.2672006275901795,-51.26826868185994,0.47181940377203474,0.32210908200836186,-28.523565192076667,0.13408935247539092,0.24416912198066712,8.841066645542458,1.5668747735060589,1.5634651000559807,-0.08389116962379634
338.5799999997646,stand,stand,-0.0,-0.0,0.0,0.9978277802654155,-1.1258873452824876,-0.0018518997647756809,-172.5063793988138,0.019569533870445115,0.055330078392011574,-0.017441950498180314,0.14823086557831203,0.15094199028531557,-0.0007016441937207729,0.09598082651004927,0.29113238906088534,0.5466307482945574,0.259930410648346,-52.01407621824541,0.4854986785942378,0.3460761692771912,-26.15302450134209,0.13294708747799633,0.23553550839424134,8.27106454566377,1.5667917244636473,1.5636580272526026,-0.07564736647854788
338.5999999997646,stand,stand,-0.0,-0.0,0.0,0.9978985037357754,-0.8747485306353521,0.13543869433970687,-172.512782091173,0.024345607132367046,0.061856422765655644,0.022846634760800268,0.22624390340676734,0.11254575459618536,-0.006190671451558905,0.09556043656804578,0.32450408429560057,0.539658436935023,0.28254623081779484,-45.75853141158336,0.4913529416482293,0.36147634055709843,-23.830642679651316,0.1316930236990674,0.2222674772143364,7.316179805039474,1.5667408816656976,1.56426204395895,-0.06043405312933377
338.61999999976456,stand,stand,-0.0,-0.0,0.0,0.9986194644820434,-0.6251625402442037,0.17931305686885166,-172.56349684111265,0.029496153259050466,0.06537138703285868,0.04355885796689903,0.2147056726891386,0.02690650676655851,-0.04984439539989136,0.09423589185709462,0.332572682497586,0.5265840693420866,0.2923926499137879,-41.16312888369713,0.4897642101161182,0.36901340749359135,-21.612449035457196,0.13123226569494562,0.21631554365158082,6.827269115460345,1.5667100666000537,1.564814280992794,-0.04642701537006276
338.63999999976454,stand,stand,-0.0,-0.0,0.0,0.9996235588510062,-0.4310461072580923,0.12304883416295773,-172.6590864254982,0.03339867334723837,0.06243084163773684,0.04497025134582611,0.16214151090689513,-0.05950320623140508,-0.08880151192442552,0.08987203382468179,0.3181696183279012,0.5118969184677332,0.2935054984340668,-38.1795979544076,0.4834583407870427,0.3852948930511475,-17.183893839234337,0.13253268720893333,0.2068299189209938,5.864430930188369,1.566436505187943,1.5615879635274887,-0.1126643736710693
338.6599999997645,stand,stand,-0.0,-0.0,0.0,1.000662482634752,-0.29262442966206353,-0.015403693304759413,-172.78688508072955,0.035087876535465856,0.05748074014091181,0.037519714612058476,0.11581383224848342,-0.12871454850275904,-0.1154782474826603,0.08244717164593286,0.2791452637162346,0.4978765908781242,0.28844315674400334,-36.62258050364116,0.4749222652405898,0.38822154071426396,-14.945002426044518,0.1349145614207861,0.20373368114233018,5.371099331204596,1.5651347235231532,1.5581682727620483,-0.12573193771781796
338.6799999997645,stand,stand,-0.0,-0.0,0.0,1.0017059226979588,-0.17876374191629577,-0.1784135159737072,-172.93257135557576,0.03333815447533587,0.053743933158987914,0.03625402056669395,0.09793772261819883,-0.1419753942663728,-0.12907629578748608,0.08156579338349607,0.2667721757307316,0.48396716171251725,0.26153967645263676,-38.9658061441237,0.4653723688068688,0.3750775840530396,-15.509994684681333,0.13736506646333632,0.20123897343873978,4.974532684061047,1.5629421097032263,1.5555794930965186,-0.10659870083506165
338.6999999997645,stand,stand,-0.0,-0.0,0.0,1.0027649782894617,-0.06842007515692015,-0.30131108083257546,-173.09209211666047,0.0300561854951302,0.05177127676588469,0.0415894444068996,0.0958212736054412,-0.10100391793842327,-0.14119156736905158,0.0825971293623701,0.27425533545462943,0.4693900326906809,0.24459634091949467,-39.34473624003029,0.4554006400463334,0.35722074773406987,-16.895488405734078,0.1393278907077924,0.2032959371805191,5.011380282229901,1.5607369327976417,1.5539607259393216,-0.09452452429131963
338.71999999976447,stand,stand,-0.0,-0.0,0.0,1.003826039827687,0.04730317395124244,-0.35904226976910314,-173.27078804410084,0.0263511425369727,0.05115170691936564,0.04807481501087319,0.10092623061090715,-0.04345149066843186,-0.15855183597250305,0.08037018156470292,0.2699833510982892,0.4540226913640498,0.2367663171539307,-37.93022999549256,0.44564544626344027,0.34811327722167973,-16.796446988719588,0.14066585253362343,0.2043723002076149,5.026362357294993,1.558617568378032,1.5518589655817032,-0.09591100949298001
338.73999999976445,stand,stand,-0.0,-0.0,0.0,1.0048544245450701,0.16210524718743216,-0.3547682727037318,-173.45578271333346,0.023049420509009724,0.047345339050452004,0.0522172043745733,0.09865511485645491,0.009251436951346604,-0.16150730372345173,0.07708723025505747,0.25849346054840344,0.43843792703867396,0.2353707340011597,-35.35808873377994,0.436355496036742,0.33906404044723515,-16.79087050847505,0.1417522116566043,0.20589224845170975,5.073404444935025,1.5568507183605913,1.5509070849925757,-0.08971762273604252
338.75999999976443,stand,stand,-0.0,-0.0,0.0,1.0057923772736885,0.25523781198432044,-0.30520324115811465,-173.63071355087487,0.02079387501864351,0.039066026959330286,0.05153261913730767,0.0771856856708668,0.04642316123620414,-0.15152902547734362,0.07343837102345115,0.24532510621233877,0.4240590312473207,0.23973129060363774,-32.07534878589863,0.42755943635646215,0.3312405135879517,-16.65684807091673,0.14255347219193792,0.20304374247789383,4.798681980084175,1.5561711274733527,1.5517427048594237,-0.09166982549311177
338.7799999997644,stand,stand,-0.0,-0.0,0.0,1.0065713045582838,0.30777032349732125,-0.23397607103597273,-173.7836861510278,0.019849806948244186,0.027088742535603987,0.0450167898343371,0.040235700543698585,0.06254467606608662,-0.13108990851162156,0.07075331033679402,0.23720020110208945,0.41256672476488515,0.24393860366439823,-29.46899278496537,0.4194680868055393,0.3272459295043946,-15.97725273167062,0.14328954444539482,0.20171491652727128,4.635616658427503,1.5560005572375328,1.553390344879079,-0.060434961760999426
338.7999999997644,stand,stand,-0.0,-0.0,0.0,1.0071603175192971,0.31097783071765284,-0.16877960195203745,-173.90675862340044,0.02035560443735348,0.013988529898255756,0.03453419769065216,-0.0029543868693585307,0.054352607369586706,-0.10445024611953808,0.06859101063799557,0.22983331163246074,0.4049874729454086,0.24821931984519963,-27.633511033706505,0.412056879437476,0.3230950024375916,-15.444285630793585,0.1440816459698053,0.20232146084308625,4.6168033758041345,1.5559590230407334,1.5551509710908413,-0.019106881954238777
338.8199999997644,stand,stand,-0.0,-0.0,0.0,1.0075510600347855,0.2740962501447451,-0.12212568843554684,-174.00667343477025,0.0216683334090425,0.0040265805320794205,0.022694163801377176,-0.03647219714389254,0.03797296934180431,-0.08526129646180988,0.06710043089188193,0.22421886372199828,0.4014037895814043,0.2495718684444428,-27.053188066929778,0.4057160593892445,0.31850317981338505,-15.214530729751573,0.1450580097208158,0.20500577092170716,4.741493801173014,1.5559622822281736,1.5557944050938368,-0.004419858240215873
338.83999999976436,stand,stand,-0.0,-0.0,0.0,1.0077751351945312,0.21171083567258253,-0.09481941971243076,-174.0921038118048,0.022956132779739537,-0.0025871619205620044,0.012789166474010672,-0.05685172782733821,0.021432351725100718,-0.07340382314427643,0.06615736217877762,0.2178023837733472,0.4009736839109102,0.2493407514343262,-27.260162850096332,0.40056567211848537,0.3138554480323792,-15.216394586091333,0.14625418831299664,0.21095361411571503,5.108824375216222,1.5559751983151706,1.5557522795111418,-0.006024142101883981
338.85999999976434,stand,stand,-0.0,-0.0,0.0,1.0078828395580863,0.14002512733132472,-0.08105137177441786,-174.16567354888974,0.024252763013244104,-0.006603278183684789,0.005986506335302151,-0.06330582168802582,0.010707159005920206,-0.06287353782768372,0.06542825288811233,0.21086800334559722,0.4024651625642273,0.2488522317657471,-27.762471712888722,0.3965402566879614,0.3096444990882874,-15.335699962113152,0.1476279671668821,0.2159665957093239,5.390451850505555,1.556023535585938,1.5566750693083287,0.014510600467585752
338.8799999997643,stand,stand,-0.0,-0.0,0.0,1.00790411189097,0.06967731877211923,-0.07086076498189998,-174.22551305151325,0.02551162279794255,-0.008533029781751656,0.0015811986192577345,-0.06110567895337437,0.008838469690329146,-0.050625568081655595,0.0647449939113423,0.2049552786160041,0.40509197673943625,0.24984825518226628,-28.14419243717077,0.3936283937086118,0.30563465621566777,-15.6184175416106,0.14908075269978585,0.21902453005313874,5.515035429761995,1.5561230017044567,1.5578794528678537,0.0403791590476297
338.8999999997643,stand,stand,-0.0,-0.0,0.0,1.0078662731507757,0.010302881981453743,-0.05474096956569347,-174.273833291963,0.02656739541569636,-0.008159641591558514,-0.0005013686352965067,-0.050383956728720064,0.015085882625999194,-0.04113315751520543,0.06488121207849445,0.2027842704073689,0.4080729981396851,0.2496382382164002,-28.746042236398708,0.3918581516130175,0.3027487185249329,-15.90644773444762,0.1506102427716854,0.2217724457383156,5.60786443822334,1.5562557216648654,1.5586540133640647,0.05536610670182119
338.9199999997643,stand,stand,-0.0,-0.0,0.0,1.0077838343324554,-0.03333584953569954,-0.031167021653881428,-174.31476438772967,0.02778209231397718,-0.006228721423638423,-0.0019691146045053157,-0.03645115859545535,0.02126613434012049,-0.03497294307765081,0.06438619397903611,0.19916603819862475,0.41106288153701853,0.2535003807792664,-28.590856020717677,0.3912058654481272,0.3022362377891541,-15.966228272816224,0.15222233346392855,0.2253843754529953,5.763332794655948,1.5564145602482358,1.5592837178096652,0.06627878557596456
338.93999999976427,stand,stand,-0.0,-0.0,0.0,1.0076720073493215,-0.06364285398407697,-0.008037959156651587,-174.3474046521088,0.02970881938181273,-0.004523116412619478,-0.003510545141639063,-0.025241038768019548,0.01973628929647252,-0.027569461053927446,0.06347201491516107,0.19360770815152897,0.41396306872200295,0.25815028812980656,-28.269012882899563,0.39133424413400664,0.3038233306655884,-15.763092038181737,0.15389839565286673,0.22584736943244935,5.662648300396322,1.5565875656166104,1.5597036995873332,0.0720106845131708
338.95999999976425,stand,stand,-0.0,-0.0,0.0,1.0075346330635206,-0.08480970947693123,0.005359785438292602,-174.3702809795073,0.03193091608653769,-0.0036034216211068924,-0.005882084790283529,-0.01771326362238989,0.01033415529141531,-0.01895747444928647,0.06255742103022836,0.18731954071704993,0.4168893880944945,0.2627146926174164,-27.97588250244879,0.39202560904039535,0.30565814044570927,-15.599791734400881,0.15555626898310848,0.22611553072929383,5.5527683425531675,1.5567707438921905,1.5601196412876726,0.07749428828400479
338.97999999976423,stand,stand,-0.0,-0.0,0.0,1.0073695866859556,-0.09879678956447119,0.006665720612220362,-174.38247082549267,0.03418560247382952,-0.0033183239357937764,-0.008477695856274815,-0.011488844100908946,-3.7141879866523264e-05,-0.009457925135045968,0.061846060495246186,0.1803850712564473,0.4199321097235371,0.26595480110740666,-27.94886545121462,0.3932148995640755,0.30661348369216923,-15.679654710716846,0.15712560275268667,0.2267368197441101,5.482056340191446,1.5569597218492797,1.5604258173093677,0.08025007077260538
338.9999999997642,stand,stand,-0.0,-0.0,0.0,1.0071835109569969,-0.10661382370154729,-0.0010759344062692877,-174.385505686379,0.0362375811962259,-0.0032128342584348385,-0.010327138529956034,-0.006278696955882674,-0.007621834104647969,-0.0015818465416070286,0.06130572244038781,0.17343917506723436,0.42302477576162817,0.2682911839733124,-28.08837627627641,0.3947847087874534,0.307265022064209,-15.873610476648988,0.15853591793336289,0.22732087075710297,5.4249223205213255,1.557150341625521,1.5606279282778979,0.08050067702722852
339.0199999997642,stand,stand,-0.0,-0.0,0.0,1.0069899898348098,-0.10908963109460203,-0.01395502538514418,-174.38537957919817,0.0379652217330459,-0.0026136791128524785,-0.011070604593291187,-0.0015131743150918141,-0.011669436010226405,0.00015107836192748052,0.060887524110732325,0.16674728537841144,0.42602239548611265,0.270084002281189,-28.296030162718544,0.39654915307594824,0.30763701465225224,-16.139524948532213,0.15971158613300326,0.22774568796157837,5.378238984282958,1.557342617433906,1.5608235693485022,0.08055945114281336
339.0399999997642,stand,stand,-0.0,-0.0,0.0,1.0067963820979258,-0.10758374522284647,-0.027476254796745734,-174.38291626907494,0.03924302569923313,-0.002232994272151654,-0.011061908988398187,0.0017594272826108608,-0.011773642131547548,0.0023985630737057705,0.060453398643763256,0.15979745506934806,0.4288715993546179,0.2720281269798279,-28.44749596546874,0.3983906715291593,0.30853144195175175,-16.314824906778117,0.16058824413981246,0.22789589166641236,5.336768148416635,1.5575284539950398,1.560914671322751,0.07839397175821027
339.05999999976416,stand,stand,-0.0,-0.0,0.0,1.006606177937274,-0.10325220342839322,-0.03832405492451785,-174.37578406172605,0.04017545179532027,-0.0024017549788529946,-0.010580922072878543,0.004037228793503105,-0.009180423983149848,0.006748442227807672,0.06004117041969595,0.15731003030296564,0.4315540493592859,0.27424401905632023,-28.518978210887916,0.40023892150732177,0.30970177915191655,-16.437187221296696,0.16113695328686897,0.22813115119934083,5.329807556824067,1.5577066642819801,1.560921977548349,0.07438947407266795
339.07999999976414,stand,stand,-0.0,-0.0,0.0,1.0064213591275994,-0.09671048065083136,-0.04545279343723994,-174.36239893834238,0.04101174095873306,-0.0029356760697493876,-0.009927170445484716,0.005894104065272492,-0.0059170032738379294,0.012344718952179716,0.05962404982234238,0.15729898783463564,0.43406219720238776,0.2767632093677521,-28.503472726422693,0.4020493605748254,0.31110481288528447,-16.50805388528675,0.16135534364961301,0.22828464806079865,5.342883794156335,1.55788033393215,1.5610189869016886,0.07261061808349278
339.0999999997641,stand,stand,-0.0,-0.0,0.0,1.006243992063218,-0.08921590676767559,-0.04915853936673799,-174.34289135538964,0.04188814298375882,-0.0037897945487442627,-0.009222311135414154,0.0066666288301815355,-0.0029959130668021795,0.01761971690926423,0.05914049822024351,0.15692986175399548,0.43641846370177995,0.27948860194778447,-28.425539426305637,0.4037514293480606,0.3124170091400147,-16.5704931958966,0.16136818552358626,0.2285000890493393,5.370162492735694,1.5580541630885816,1.5612166731566668,0.07318592215675979
339.1199999997641,stand,stand,-0.0,-0.0,0.0,1.0060771376565167,-0.08169476568359244,-0.050115314770717234,-174.31871818235314,0.04277147225959222,-0.004829216035095604,-0.008404550091758861,0.006558059871676127,-0.0005294085976998487,0.021567024801424146,0.05861570647839528,0.15627112482753508,0.4386265015727591,0.28235537674522404,-28.297056876476233,0.4052741906301134,0.31355986859893803,-16.625249012835596,0.16132841694536007,0.2288517415523529,5.403977960037876,1.5582286159342185,1.5613797523960948,0.07288618555470824
339.1399999997641,stand,stand,-0.0,-0.0,0.0,1.005923531756876,-0.07469243958500837,-0.04969378324710929,-174.2914473779621,0.04353775297502539,-0.005694565305159446,-0.0076020133565410765,0.0060250168673086635,0.00041766644585093904,0.0240741481530445,0.05809185144222096,0.15556946838936253,0.44067583790954995,0.2851063695201874,-28.158403335184055,0.4065695199734636,0.3147491004714966,-16.626740982048492,0.16126042508320032,0.2291295439004898,5.433137745493295,1.5584026665183788,1.5615356427565694,0.07244842559373396
339.15999999976407,stand,stand,-0.0,-0.0,0.0,1.0057854668207624,-0.06867994427257693,-0.048519858282090246,-174.2625465627565,0.04419864269761615,-0.006465846446251389,-0.0067360435797849,0.005174867022014926,0.0011005796217654848,0.025373485160581157,0.0576414519885851,0.15494614536557644,0.4425529297340915,0.28760678436851506,-28.032989724218943,0.40760091034216817,0.3158255007514954,-16.598135861717964,0.16118117380746338,0.22911875545978547,5.439239363016617,1.5585747707534792,1.5616556446016312,0.07121836598774431
339.17999999976405,stand,stand,-0.0,-0.0,0.0,1.0056622183194042,-0.06274921434869889,-0.046153332604536405,-174.2328880684169,0.044751673270343885,-0.007076504631300856,-0.005875733888325289,0.005194854698429208,0.002184759971730822,0.025962793436168308,0.05724699712276349,0.15419983522452596,0.44423902554167993,0.29003919031715397,-27.884059269124513,0.40841530462210207,0.3168447401771546,-16.54454911332942,0.16108307024844118,0.22896764278411866,5.436094202057172,1.558745745875014,1.5618109640613675,0.07086158722084952
339.19999999976403,stand,stand,-0.0,-0.0,0.0,1.0055511775341197,-0.05662447303166571,-0.04248542509129729,-174.20309762101772,0.04518664032797823,-0.007632535427424021,-0.005152230214430096,0.005359255973087278,0.0032968183235852866,0.026023966840935223,0.056902653494982504,0.15318362032505023,0.44575949491687766,0.29257587459182743,-27.68850582252544,0.4090616935481802,0.3178753044853211,-16.46245418963234,0.1609652185319854,0.22881055474281312,5.434062187956565,1.5589160152935098,1.561968376202929,0.07056104901528104
339.219999999764,stand,stand,-0.0,-0.0,0.0,1.0054487480172052,-0.05038675807603421,-0.037934494769650835,-174.17360137430222,0.045514198418153594,-0.008170243589691375,-0.004659210605309287,0.005422001515746163,0.003987945280390973,0.02572607118746975,0.05661570312346512,0.15192429540625735,0.44716253066626716,0.2952382352600098,-27.452834867306102,0.4095860724697338,0.31894783046340947,-16.354400207482733,0.1608347925139488,0.22872093915939332,5.438012179000527,1.5590854638000387,1.562117535895157,0.0700808562800169
339.239999999764,stand,stand,-0.0,-0.0,0.0,1.0053510251550068,-0.044351639745059866,-0.03297626453763044,-174.1446901884028,0.04573440866107783,-0.008781079193097514,-0.004407785393691278,0.005198868693464878,0.004298834959140711,0.025191091887598716,0.05643046247293329,0.15054921021021722,0.44850687758578184,0.2979576673755646,-27.200839312445012,0.410029457215496,0.3199031737098694,-16.25621429352136,0.16071194691319401,0.22874726951122284,5.449481264828258,1.5592536389403062,1.5622517236456752,0.06927592485199142
339.259999999764,stand,stand,-0.0,-0.0,0.0,1.0052547107253345,-0.03873040244474759,-0.027986757804100752,-174.1165544837656,0.045873564153645574,-0.009442511627823986,-0.004354084517345755,0.004831192071738515,0.004290444914684687,0.024490209300528965,0.05635160751764955,0.14918818499023134,0.44983825377494513,0.3006500687847138,-26.954877043033875,0.41042894506264477,0.32080457475280766,-16.162412581168574,0.16061684212073066,0.22877517938613892,5.4577471414084435,1.5594197407723935,1.562362333102572,0.06796188353004687
339.27999999976396,stand,stand,-0.0,-0.0,0.0,1.005158039038451,-0.033343685690882606,-0.023207509815118176,-174.0890425064263,0.04601038833134782,-0.010138029309285305,-0.004397650681859596,0.004658188221459342,0.004088509167071121,0.02398056229675106,0.05639248961814568,0.1479366058651268,0.4511707744194329,0.30323416855430607,-26.729677718212347,0.4108121387803856,0.32163683440780644,-16.08047229917849,0.16056295797772574,0.2288577914237976,5.466357997743349,1.5595834202602665,1.5624627771735669,0.06646265779696288
339.29999999976394,stand,stand,-0.0,-0.0,0.0,1.005061247300287,-0.027958861397699243,-0.018878541590124268,-174.06160073035136,0.046138068812327085,-0.010827943584361724,-0.00444209866338236,0.004684367614845453,0.0036715928520186557,0.023989836965135666,0.056557149689757544,0.14673101057566595,0.452493906184568,0.305762895608902,-26.511950675029382,0.41118022763447193,0.3223732497940064,-16.013026384210292,0.16054427904236793,0.2290368288755417,5.4802827197768655,1.559744225730035,1.5625549455121637,0.0648456670686398
339.3199999997639,stand,stand,-0.0,-0.0,0.0,1.0049650507345296,-0.022344295842930174,-0.01507708201092782,-174.03361884010266,0.04625812049373465,-0.011452680811921783,-0.004457207662371559,0.004907205537845769,0.003214282804773916,0.024523671679298142,0.056834534196487346,0.1455186931478542,0.45379168935985986,0.30827299621200566,-26.291756328116183,0.4115284425845534,0.32303819921112065,-15.954482390474077,0.16053623501581304,0.22930122017860413,5.501595337872396,1.5599022270813978,1.5626522500947595,0.06342205981335582
339.3399999997639,stand,stand,-0.0,-0.0,0.0,1.004869708798639,-0.016502757023087445,-0.011774565513888996,-174.00476902940576,0.04635171849259579,-0.011995015333890911,-0.0044589875486668465,0.005089633321215445,0.002782010804363931,0.02530627279967039,0.057211377007476215,0.14427454974941473,0.45506074600605234,0.3107861962566376,-26.06558280350021,0.4118518806190295,0.3236515906105042,-15.900432585723394,0.160532716726171,0.22961889803409577,5.527052592970316,1.5600572243687467,1.562740688486445,0.06186094308026451
339.3599999997639,stand,stand,-0.0,-0.0,0.0,1.0047749726750599,-0.010681573367910613,-0.009045052814195315,-173.9751698882229,0.046348827261370934,-0.012420645056400548,-0.004487086360363804,0.00503734460584649,0.002272039960943574,0.02593045602632046,0.05767818474408378,0.1430291439373097,0.4563110164730153,0.3132818725357056,-25.839941413575477,0.41214712984382135,0.3242789294967652,-15.838287779928123,0.16053301266134,0.22991465628147126,5.550480659416009,1.5602084806654497,1.5628097451240301,0.05993539446290877
339.37999999976387,stand,stand,-0.0,-0.0,0.0,1.004679624906274,-0.005002144818461357,-0.006802054154057544,-173.9452878208066,0.04625300032932896,-0.012698055059328146,-0.004570729450335405,0.004902823195061613,0.0018659107784394576,0.026116644338204167,0.05823468604425833,0.14331468253448348,0.45755964186831594,0.31572512652969364,-25.624756014159072,0.41242917300758064,0.3249344613800049,-15.769862788419811,0.16053660109179235,0.23016703724861146,5.5702046534532474,1.5603552123841258,1.562851731008339,0.05747258332900301
339.39999999976385,stand,stand,-0.0,-0.0,0.0,1.0045821941282929,0.0006004056874101695,-0.004867479814756598,-173.91569732770043,0.046084543494308725,-0.012821224149602031,-0.004709876958301304,0.004844969372691816,0.0016164445700613563,0.025787397653191973,0.05887641398246247,0.1498445245742348,0.4588209214489261,0.3181302633533478,-25.419814979511017,0.4127224459799302,0.3256340410957337,-15.697460612872703,0.16054283873014222,0.23039430975914002,5.587743885191288,1.560496293887286,1.5628577054426551,0.05429024361917913
339.41999999976383,stand,stand,-0.0,-0.0,0.0,1.0044817330721438,0.006366169631638182,-0.0031052926624657775,-173.88660517464868,0.045867664918203245,-0.012841396897347162,-0.004879502307903425,0.005021737220245719,0.0014817050468453683,0.025342849764897046,0.0596070727637585,0.1565181848349363,0.46009766507287747,0.3205049124011994,-25.223381994202857,0.41304837788029947,0.32638398673629765,-15.623475614658561,0.16055127346821033,0.2306297779083252,5.605787177547941,1.5606305022686366,1.562828372506845,0.050438231831017984
339.4399999997638,stand,stand,-0.0,-0.0,0.0,1.0043781976825075,0.01267942407331393,-0.0014054758294572188,-173.8579244286693,0.04562413612453362,-0.012809148475814424,-0.005033603163533374,0.005544776401933883,0.001441410328190957,0.025000718855859146,0.06043560755501935,0.1634207699301924,0.46137790276339224,0.32284665968513493,-25.032581301421086,0.4134202822475133,0.3271703508148194,-15.55254622587553,0.16056188179138953,0.23088935613632203,5.625586125110509,1.5607566808745508,1.5627671650559187,0.04602897401280312
339.4599999997638,stand,stand,-0.0,-0.0,0.0,1.0042731373663216,0.019580762364092282,0.0001572132482873671,-173.8294804835749,0.04534216573032462,-0.012769752548267487,-0.005109926536957163,0.006050139590538863,0.0013110521051201878,0.024812563249900894,0.06136293895941963,0.17055359479504956,0.4626422516340331,0.32516429689025883,-24.841780889413617,0.41381988161696365,0.3279923584709168,-15.478655980326407,0.16057506119488224,0.2311655342578888,5.646483647691863,1.5608742300860332,1.562690600095737,0.041469291562405586
339.4799999997638,stand,stand,-0.0,-0.0,0.0,1.004168713438014,0.026926832329782727,0.0015605617879427512,-173.80113621512047,0.0450107284780215,-0.012750798435271783,-0.00507636427555994,0.0064215097143023436,0.001179357620841076,0.024737983253321306,0.062386536913194235,0.17788137971611168,0.46387023029995833,0.32743270065879826,-24.651735272672795,0.41421608651072384,0.3288160946617127,-15.401444226473195,0.16059277257072296,0.23142460584640503,5.665534579118932,1.56098342724511,1.5626176924393058,0.03719724443105796
339.49999999976376,stand,stand,-0.0,-0.0,0.0,1.004067071140651,0.03451223208813752,0.0028959486400697105,-173.77279753817223,0.0446186796479779,-0.01277909388698763,-0.004926342952342661,0.006603372748794415,0.0011351299723792237,0.024740915110137988,0.06349922017514749,0.1853742952978092,0.4650436300820961,0.32966167595481877,-24.457581639686573,0.4145771896994922,0.3296305325279236,-15.317151320031579,0.16062381096943476,0.23163895905017853,5.679373813611821,1.5610849632847386,1.5625538577273965,0.03331885304469012
339.51999999976374,stand,stand,-0.0,-0.0,0.0,1.0039701625938608,0.04214553996212628,0.004222068096946346,-173.74439180273583,0.04415829517406489,-0.012855680561458875,-0.004674844025266856,0.006625847434652235,0.0011308266757875443,0.024806359307193375,0.06469187494310019,0.1930174247038397,0.4661463642988683,0.331871488357544,-24.25290285358923,0.41487463333891855,0.3304366853485108,-15.220690155824,0.16067688156807902,0.231802499294281,5.686987627547803,1.5611794414225828,1.5624954367936135,0.029732851630310458
339.5399999997637,stand,stand,-0.0,-0.0,0.0,1.0038796732362112,0.04970801687439172,0.005518429734262944,-173.71586072553922,0.0436211839971966,-0.012968560586484658,-0.0043435093783308135,0.006553682348012252,0.0011005494774094153,0.024921443745044597,0.0659640360212455,0.20080934358339014,0.4671634079609073,0.3340541806468964,-24.036528447887818,0.4150853926862207,0.3312092211494446,-15.112898259095271,0.16075574696746245,0.2319451630115509,5.690674147451993,1.5612672479362815,1.5624380421773076,0.026327021818085623
339.5599999997637,stand,stand,-0.0,-0.0,0.0,1.0037968913863329,0.0571146583820793,0.006735988117118936,-173.68686743350847,0.04299680917438886,-0.013138270023027674,-0.003955485557279497,0.006407568856333139,0.0010268097996163925,0.025385825178678323,0.06731180295491336,0.20871558943218665,0.4680833450055201,0.3362076368579865,-23.807062095903945,0.41519148131716554,0.33191690709686283,-14.99654603597812,0.16086072962458614,0.2320861279964447,5.692123556060344,1.5613485421043962,1.562376600964415,0.022978241115435682
339.5799999997637,stand,stand,-0.0,-0.0,0.0,1.0037204249918106,0.06465817686992101,0.007922271239033777,-173.65700115493644,0.042249995203640846,-0.013326829657335327,-0.0036579156673812465,0.0065914160541894135,0.0010149737693680833,0.026185820180137924,0.06872133803695842,0.2166516388300767,0.4689135327178152,0.33832994964218144,-23.567737614196197,0.4152268721876468,0.332548179889679,-14.8842833490111,0.16098996509872465,0.23222262263298035,5.691380231088002,1.5614234781209182,1.5623127727717638,0.01972340181272857
339.59999999976367,stand,stand,-0.0,-0.0,0.0,1.0036481347230852,0.07265377958454355,0.009007246932274417,-173.626077354592,0.04138066295292168,-0.01352710694776887,-0.003470451646041203,0.007013968274840461,0.0009145444076374084,0.027115862232133504,0.07017662474207303,0.22451788449687365,0.4696694361110775,0.3404170956859589,-23.32251262852066,0.41523048838293447,0.3331076886901856,-14.781958949377335,0.16114020342196278,0.2323470175266266,5.688168546841439,1.5614922512839258,1.5622470810026408,0.01656928632076518
339.61999999976365,stand,stand,-0.0,-0.0,0.0,1.003579142871047,0.0810013148984769,0.009701566632315356,-173.5941369877385,0.04039197524406495,-0.013752375658951274,-0.0033500276212169015,0.007290440771784649,0.0005369307795761931,0.027988517925429855,0.07166407261531059,0.232239224330397,0.47036495749756885,0.3424488988170624,-23.077421659287307,0.4152106027106618,0.3335997846374512,-14.687978166640018,0.16130750572817332,0.2324506849050522,5.682147932081158,1.5615550467594594,1.5621798804909468,0.013520873716266627
339.63999999976363,stand,stand,-0.0,-0.0,0.0,1.0035138963279877,0.08919544478405042,0.00995881432868953,-173.56131373330322,0.039299461565030155,-0.014015069100334263,-0.0031983433489779023,0.007084758066220914,0.0001539541741404007,0.028741340935730064,0.07316516132742389,0.23974480365943002,0.47101116017961575,0.34440703060722355,-22.83739902393131,0.4151476372102021,0.3339974668273926,-14.601132764543701,0.1614869045488383,0.23254037499427796,5.674314188439191,1.561612379696816,1.5621207135677815,0.010790807641283116
339.6599999997636,stand,stand,-0.0,-0.0,0.0,1.003453999286087,0.09660608167764065,0.01000855355844262,-173.52772433629707,0.03813605764920665,-0.014324302823766722,-0.0029216779570956503,0.0062997360301578495,2.903078302764462e-05,0.02941156388061791,0.07467133860087147,0.24705550244233132,0.47160951323004685,0.34630686905479435,-22.599450139851584,0.4150026280587842,0.3343153383979798,-14.511169825115944,0.16167231596761783,0.2326400637626648,5.667138566716981,1.5616646540774748,1.5620626865834475,0.008203004082123277
339.6799999997636,stand,stand,-0.0,-0.0,0.0,1.0034016227897853,0.10272120442462043,0.009776415168081136,-173.49342659015497,0.03691811499874798,-0.014665258065557369,-0.0025527278736878697,0.005123467518000356,-0.00014733492473089943,0.030026399445228707,0.07617662305154192,0.2542150791760462,0.47215145259282115,0.34818346169090275,-22.354935264677035,0.4147346595816437,0.33457968499755864,-14.405919151225804,0.1618568252101764,0.23275466859340668,5.661613434599279,1.5617121744429376,1.5620051848650456,0.0057373642427412195
339.6999999997636,stand,stand,-0.0,-0.0,0.0,1.003357778623356,0.1074247297933014,0.009155152206738865,-173.45845968741733,0.03565313072262345,-0.015006993956456414,-0.002160629256379678,0.00388984452739793,-0.000500592027171711,0.030608468774873235,0.07766694304851467,0.26117800264538527,0.4726298099647673,0.35001552965736393,-22.106385806476304,0.4143305090142681,0.33476761844253544,-14.288760272758825,0.16203321649920777,0.23288187980651856,5.658147137902267,1.5617553952804024,1.5619543346524716,0.0035291414895823096
339.71999999976356,stand,stand,-0.0,-0.0,0.0,1.003322272651609,0.11092101548847168,0.008187253202084986,-173.42285403117634,0.0343472083919964,-0.015321715884174704,-0.0017847732186666878,0.002864826383797904,-0.0008557935358960345,0.031163274329196317,0.07912547165351677,0.26785450626582735,0.47304132791625736,0.35176403191185,-21.860579212727604,0.4138022494322701,0.33485434320068364,-14.168375332919817,0.1621962667773119,0.23304316997528077,5.658757796943067,1.5617948817294498,1.5619124158233881,0.0016179351338720645
339.73999999976354,stand,stand,-0.0,-0.0,0.0,1.0032941446490071,0.1135532678884377,0.006945825835505054,-173.38665443418702,0.03300780294953872,-0.015596076475561705,-0.0014520290270784205,0.002149759420671498,-0.0011244222229714205,0.03167667790663307,0.08052452287300003,0.2741285881793419,0.4733871280224438,0.35341603424644474,-21.620423447598345,0.41317543580449834,0.3348449852714539,-14.049603325396196,0.16234430218045423,0.23323074579238892,5.662757175602914,1.5618312049959107,1.561879593221891,-5.978698969014195e-06
339.7599999997635,stand,stand,-0.0,-0.0,0.0,1.0032721663722002,0.11563541880318225,0.005388375484891327,-173.34993172160213,0.03163987501158293,-0.01582994732367453,-0.0011852005296545199,0.0017023015037054133,-0.0014147820436656443,0.03212580583247743,0.08185233652305449,0.2799733812839789,0.4736722340641656,0.3549652483711243,-21.388253908835217,0.4124771420573641,0.33475933339691166,-13.933878035541237,0.16247850426601815,0.23341917097568513,5.667860148130488,1.56186479926378,1.561852526193905,-0.0014317820549920829
339.7799999997635,stand,stand,-0.0,-0.0,0.0,1.0032550448299014,0.1173935632009959,0.003392248778504186,-173.31279385325612,0.030240681989745544,-0.01602389537609375,-0.0009958464052076755,0.001443703416718596,-0.0018065678207743363,0.03247624269610533,0.08310720830356252,0.28540242040055513,0.47390510918104584,0.3563988294849396,-21.168148089648056,0.41173241514653186,0.3346003678092957,-13.824931516976786,0.16260210318716886,0.23361366093158722,5.674113059487358,1.5618958692710063,1.5618256174907565,-0.002796564281353695
339.7999999997635,stand,stand,-0.0,-0.0,0.0,1.0032414229866498,0.11898205353120045,0.0009372930477925699,-173.27536246002114,0.028804730807222914,-0.016175241992488678,-0.0008755606474582044,0.001313957892716836,-0.0022003507030922713,0.032720205003211905,0.08428041390583574,0.2904122613973216,0.47409703059233627,0.35770685341453556,-20.964140777975906,0.41096593164546996,0.33437160518264775,-13.726533098240607,0.16271940560646653,0.2338086724281311,5.680670939806698,1.5619246346214188,1.5618016266212345,-0.004038462504479642
339.81999999976347,stand,stand,-0.0,-0.0,0.0,1.0032300555489972,0.12050002636457746,-0.0019129063142531697,-173.23775435026295,0.02733207098545232,-0.01627912936141719,-0.0008096170399934395,0.0012655324408480345,-0.002532333983356856,0.03286234112231802,0.08536865708415335,0.29502775747404386,0.4742595786617119,0.35890359547233586,-20.775770782277583,0.4101996088909859,0.33408699300384526,-13.639892001813083,0.16283486558539853,0.23400480151176453,5.68721805274976,1.5619513782215748,1.561782405054617,-0.0051203668446522495
339.83999999976345,stand,stand,-0.0,-0.0,0.0,1.0032199275388631,0.12200314967909927,-0.0050568630198069365,-173.2001311643547,0.025828317881747734,-0.01632614402079865,-0.0007826166667399256,0.001261362889497054,-0.002772608774098728,0.03285468033817805,0.08637504030260407,0.2993003498308423,0.4744030653997155,0.3600062515983582,-20.60170219713392,0.4094513670949796,0.3337647702941895,-13.564643180581545,0.16295227494502953,0.23419467210769654,5.6928994817997065,1.5619762093519205,1.561762678711164,-0.006169980599579108
339.85999999976343,stand,stand,-0.0,-0.0,0.0,1.0032102917612775,0.1235143489937762,-0.008386675145811798,-173.16272499021244,0.024302485644205986,-0.01630912195312356,-0.0007806254980914768,0.0012738699228851168,-0.002919621722571121,0.03263622799161694,0.08730403821579101,0.30327493428382607,0.4745356852953537,0.3610230174312592,-20.441770102975152,0.40873496226148476,0.33342865970230107,-13.498676915618411,0.1630736956627597,0.23436372578144074,5.696484006468856,1.5619990485122937,1.5617386356875778,-0.007274396709538894
339.8799999997634,stand,stand,-0.0,-0.0,0.0,1.0032006769481083,0.12503701915156287,-0.011825919013945961,-173.12579797756035,0.022766338759234468,-0.016228624866817046,-0.0007934593324705538,0.0012875911543870737,-0.003005418712324352,0.03218749664490856,0.08815609403318597,0.3069658565844644,0.47466303159548834,0.36196065809822087,-20.295561968192374,0.40805965987976156,0.33309588697052006,-13.440217989736464,0.16319910381772296,0.23451430201530457,5.698276353737856,1.5620197072917468,1.5617080724746466,-0.008480611058457356
339.8999999997634,stand,stand,-0.0,-0.0,0.0,1.0031908584716822,0.12656799109860917,-0.015341423290814357,-173.08959130410446,0.02123290203890793,-0.016091212252571013,-0.0008132546060030998,0.001298135469658007,-0.0030672811201474196,0.03153205008548255,0.08893060041489022,0.31037329844312855,0.4747881041882162,0.3628228392848969,-20.16275781435008,0.40743050757676463,0.33277068402862553,-13.389092297950947,0.16332690726118626,0.23465335965156556,5.699046335307318,1.5620380110059409,1.5616716586933017,-0.00976843782343172
339.9199999997634,stand,stand,-0.0,-0.0,0.0,1.0031807985269796,0.12810310685874796,-0.018927300427634845,-173.0542960876761,0.019714191155020863,-0.015906191772839324,-0.0008335222524039428,0.0013049769571831567,-0.0031264661270574354,0.030715952531135127,0.0896292512885915,0.3135004417133179,0.4749118398900978,0.3636140909442902,-20.04255174970329,0.40684928025895833,0.3324524548301697,-13.34547845319106,0.16345488958362303,0.23479068875312806,5.699786974369475,1.5620538214099124,1.5616298702493787,-0.0111237547101268
339.93999999976336,stand,stand,-0.0,-0.0,0.0,1.0031705943593852,0.1296380213904327,-0.02258252931554628,-173.02004499868963,0.01821969892143604,-0.015683052820515356,-0.0008481104975961735,0.0013085082020159282,-0.003184867885153149,0.029790983097286727,0.09025440249593696,0.3163487956113233,0.47503362623533646,0.36433596279716496,-19.93443801221059,0.4063153768002375,0.33213875558471684,-13.309537229928903,0.163581053052246,0.23493265211582184,5.701156836521731,1.562067036526705,1.5615832938760996,-0.012530524238163625
339.95999999976334,stand,stand,-0.0,-0.0,0.0,1.0031604502824685,0.1311677530716363,-0.026298498054547186,-172.98692029727326,0.016756063839755208,-0.01543096903209558,-0.0008509570439891454,0.0013082153648939674,-0.0032351053390018898,0.028799855944097508,0.09080673574544662,0.31891307014186676,0.47515158871435953,0.3649867263088227,-19.838292340471792,0.40582635499637576,0.3318276193389893,-13.281039518655533,0.16370418205426826,0.23508288562297822,5.703499509413299,1.5620776056513086,1.5615331030399084,-0.013959938668764573
339.9799999997633,stand,stand,-0.0,-0.0,0.0,1.0031506547201934,0.13269215900954434,-0.030062092465009734,-172.95496718451776,0.015327620435299215,-0.015155809427553056,-0.0008370986746108458,0.0013078084373308728,-0.003273468991844426,0.027772293079991184,0.0912858525949722,0.32118721094300834,0.4752626786693431,0.3655633714447022,-19.75400953090746,0.4053784688208608,0.3315177943954468,-13.259409627059954,0.16382374543344824,0.23523899018764496,5.706620897202259,1.562085524702152,1.5614804022893787,-0.01538595346539485
339.9999999997633,stand,stand,-0.0,-0.0,0.0,1.0031415368528465,0.1342239480037427,-0.03386007780700079,-172.92420997406253,0.013936976448315744,-0.014855684190475404,-0.000804924295321503,0.0013195204802378161,-0.00330019573999164,0.026724801425219494,0.09169166743680368,0.3231692741399319,0.47536295776705073,0.366063245798111,-19.681293618571324,0.4049675799049752,0.3312089827308655,-13.243932620600614,0.1639394538609387,0.23539624214172364,5.710156385413012,1.5620908487426126,1.5614267189935327,-0.016773786239633243
340.0199999997633,stand,stand,-0.0,-0.0,0.0,1.0031334230994802,0.13578512078711238,-0.03767876368980098,-172.8946741250768,0.01258597461898181,-0.014527644789527063,-0.0007550711595744032,0.0013511274561255001,-0.0033151861970439848,0.025654418089625416,0.0920244584905374,0.3248587917897859,0.47544823939616093,0.3664851274738312,-19.619595341707303,0.40458973688484495,0.3309010055313111,-13.233950246704339,0.16405109566077003,0.23555043935775757,5.713785236170832,1.5620936759744333,1.5613730142772675,-0.018103167567074488
340.03999999976327,stand,stand,-0.0,-0.0,0.0,1.0031265942419472,0.13739677374889714,-0.04150414144288258,-172.86640289765765,0.011275925773298315,-0.01417051816381123,-0.0006900399081925116,0.001400480431054256,-0.003318227894469335,0.024544081966913045,0.09228556588907351,0.3262609101647269,0.4755148853321088,0.3668295231113434,-19.568210063034233,0.4042415112297966,0.330594518447876,-13.2287671089646,0.16415850898615178,0.235698139667511,5.717241988254696,1.5620941039921654,1.5613191223651648,-0.019380501696504255
340.05999999976325,stand,stand,-0.0,-0.0,0.0,1.003121139765,0.1390492339867253,-0.04531975813399346,-172.83946254505813,0.010007173262584337,-0.013787584624790197,-0.0006214001701825324,0.0014326760003056413,-0.0033061552799269873,0.02337376132233799,0.09247695574596082,0.32738455905779185,0.4755625377490819,0.3670982506523133,-19.52701476716964,0.4039209795297356,0.33029095199203495,-13.22790085952335,0.16426203742931786,0.23583889603614808,5.720430516862509,1.5620922158852875,1.561264761997807,-0.020614393668899177
340.07999999976323,stand,stand,-0.0,-0.0,0.0,1.0031164953159502,0.14061311810522878,-0.04910770306076721,-172.81395243230057,0.008780914815357744,-0.013388637718748675,-0.0005828481388659634,0.0013388985094607109,-0.003279841838516102,0.022111476850793715,0.09260288353547956,0.3282439686300795,0.47560202069484864,0.3672929492244721,-19.498510246580295,0.4036308154155652,0.329992392326355,-13.231809478453343,0.1643639766204667,0.23597407937049866,5.7231634576202906,1.5620880745978343,1.561209417222488,-0.021818564985480505
340.0999999997632,stand,stand,-0.0,-0.0,0.0,1.0031122520752616,0.1420190849783531,-0.05287954117543859,-172.79002860388331,0.007603946085239717,-0.012960071164933305,-0.0005632609776482275,0.0011997695328172275,-0.0032673323625146936,0.020708167616764847,0.09266956132950706,0.32886286810309756,0.47563918033677527,0.3674156751880646,-19.482957156011782,0.40337366072898884,0.32970432307815556,-13.239978859075412,0.16446551438437007,0.23610683381557465,5.725678882093062,1.562081683823168,1.5611516165495396,-0.023027701909318684
340.1199999997632,stand,stand,-0.0,-0.0,0.0,1.0031081836298232,0.143319466496909,-0.05663007566704606,-172.7677698312188,0.006478997818284895,-0.01249830191213134,-0.0005544777287690348,0.001123606313985576,-0.003246818394356716,0.0192331167678566,0.09268027110943235,0.32925126542730765,0.47567499036717215,0.36746747162437443,-19.479992776437207,0.40315329935601646,0.32942650582885746,-13.253295934686582,0.16456627174819843,0.23623814284801484,5.72817113270494,1.5620730009048163,1.5610902815074206,-0.02426651063962031
340.1399999997632,stand,stand,-0.0,-0.0,0.0,1.003104110493676,0.1445974166966573,-0.06033236061730296,-172.7467497964753,0.005407610846988013,-0.012062075438527362,-0.0005508919378930963,0.0011174959185916587,-0.0031993667664560656,0.01823942817716081,0.09263821318016341,0.3294270134390728,0.47570935254076435,0.3674580838928223,-19.487766785687693,0.4029714715123958,0.3291609075317383,-13.271380507987649,0.1646654608551354,0.2363697350025177,5.730854566804412,1.5620619657994685,1.5610249808937788,-0.02554357728243444
340.15999999976316,stand,stand,-0.0,-0.0,0.0,1.0030999292349168,0.14591262767678473,-0.06395918218526635,-172.72652820338467,0.004391778462171121,-0.011641421854918442,-0.0005487565837412371,0.0011573897910052144,-0.003129117734602201,0.017573148678455962,0.09254764639453077,0.32941439805637135,0.4757418303129069,0.3673951711902619,-19.504801770621217,0.4028280693328119,0.3289027598152161,-13.295025581036906,0.16476279093393117,0.23649991154670716,5.733586561895337,1.562048625532321,1.5609587079793692,-0.026789242289065016
340.17999999976314,stand,stand,-0.0,-0.0,0.0,1.003095648096701,0.14728141515427468,-0.06749725639479849,-172.70703219490179,0.0034324679382064663,-0.011212503981827288,-0.000544490542520946,0.0012071200404970737,-0.003049095108091668,0.016938872108767662,0.09241020076889071,0.3292191095481325,0.4757719932848325,0.3672871079692841,-19.529515205453283,0.4027216317540079,0.3286543276557923,-13.323460576843502,0.16485824232736754,0.23661907613277436,5.735588827014556,1.5620330900117825,1.5608930851281166,-0.02796767601890084
340.1999999997631,stand,stand,-0.0,-0.0,0.0,1.0030913484495343,0.14869179439432662,-0.07093932372239481,-172.68830916630722,0.002530070810782639,-0.010771092436670718,-0.0005366707113824747,0.0012527540281673949,-0.0029597479029550254,0.01625399073722773,0.09223108632542454,0.3288537472890057,0.47579944933908164,0.3671365168342591,-19.561392087628835,0.4026490636481712,0.32841966416931156,-13.355530099675304,0.16495147561602166,0.2367253363132477,5.73675926302538,1.5620155323404057,1.5608299097925902,-0.029040424502755575
340.2199999997631,stand,stand,-0.0,-0.0,0.0,1.003087315178602,0.15007192656245683,-0.07429691614047063,-172.6703984542771,0.0016904793108667208,-0.01032879886628104,-0.0005127875236835963,0.0012190655880912017,-0.0028874883607285743,0.015542512882584179,0.09201421613419614,0.32832807328534697,0.47582330808866474,0.36694375541305546,-19.600131302125394,0.4026017759904591,0.32819781568145756,-13.389114688068569,0.16504207742366678,0.23682329654693604,5.737498808009511,1.5619961435958134,1.5607692192256928,-0.030011777086592837
340.2399999997631,stand,stand,-0.0,-0.0,0.0,1.0030840396744065,0.151280174893179,-0.07759903068635653,-172.65330956189786,0.0009192554553388422,-0.009894401633998877,-0.00046544341755345417,0.001048417813691496,-0.0028366181551288828,0.014829030173212715,0.09176116203762594,0.3276452297619844,0.47584234205037307,0.3667102244148255,-19.64525573844707,0.4025659484964954,0.32798949744796757,-13.420970628818475,0.16512961789798117,0.23691160082817078,5.73772543475032,1.5619751648655655,1.5607124476641894,-0.030853743483565205
340.25999999976307,stand,stand,-0.0,-0.0,0.0,1.0030817806484276,0.15230178909158273,-0.08095901840376536,-172.63717414881083,0.0002176585530855461,-0.009442072380947901,-0.00042167934352601146,0.0008935566541925114,-0.002914076101923141,0.01397956800951664,0.09147688784265803,0.3268228864785817,0.4758537193448167,0.36643854644393925,-19.69561285898268,0.40253618211271236,0.3277919676551819,-13.451620651214755,0.1652127520900293,0.23699498772621155,5.737996189329966,1.561952792578197,1.5606581571460247,-0.031605305378143225
340.27999999976305,stand,stand,-0.0,-0.0,0.0,1.0030805947387273,0.15318213778795223,-0.08450105311614325,-172.6226820425428,-0.00041715560064034155,-0.008917031889379671,-0.0003870419413520244,0.0007705042894735428,-0.003077308218414554,0.01244551044771097,0.09116058922442055,0.32584622353773396,0.47585571240937635,0.36611855890846257,-19.752849624757204,0.4025134354886074,0.3275939014205933,-13.483726419544427,0.16529069311463626,0.2370794326066971,5.7388043578840735,1.5619291476717028,1.56060527013098,-0.032293735478493533
340.29999999976303,stand,stand,-0.0,-0.0,0.0,1.0030803545993414,0.15392774767023448,-0.08811640188822982,-172.61039977923937,-0.0009640354280898528,-0.008351574674885783,-0.0003467213680595264,0.0006519604835474351,-0.003128120793188526,0.010471518353757182,0.0908062818492965,0.3246829503592939,0.47584955046346,0.3657428410301209,-19.818722628375188,0.4024998447785292,0.32739565637207035,-13.51765270366657,0.16536388007403313,0.23716557621955872,5.740103936445872,1.5619043787600344,1.5605553437904,-0.03288524741283029
340.319999999763,stand,stand,-0.0,-0.0,0.0,1.0030808189465918,0.15457899431624883,-0.0916571019050908,-172.60045141776274,-0.0013850706323508815,-0.007786129040166467,-0.00030358922001402685,0.0005735764764827269,-0.0030536928187066743,0.008436075149640688,0.09042202137098179,0.32337529116818103,0.47583649301557285,0.365327903295517,-19.890566750764943,0.40249712422609085,0.3272111799964905,-13.55123616018275,0.16543291832653817,0.23725310564041138,5.741810161482335,1.5618785584874084,1.5605052693695307,-0.03345628304980085
340.339999999763,stand,stand,-0.0,-0.0,0.0,1.0030821003656858,0.15517537810827398,-0.09502601925209402,-172.59277361052955,-0.0017529921963585935,-0.007226829047753783,-0.0002448175669062382,0.0005283698744961334,-0.002901183274687831,0.0064892120305239465,0.09001596644469334,0.321963069076661,0.47581476626377356,0.3648880210170746,-19.965153691881017,0.40250454625034154,0.32704208161926274,-13.58378288400863,0.16549779063992223,0.23734093308448792,5.743884172234648,1.5618517005624672,1.560454641743052,-0.03401475734551071
340.359999999763,stand,stand,-0.0,-0.0,0.0,1.0030842568986735,0.1556835222763893,-0.09817331692887052,-172.58776126061588,-0.0021099355204025763,-0.006623458584978274,-0.00017833222972363688,0.00044146286106103985,-0.002706109119786596,0.004070573692605345,0.08959841633667641,0.3204901784694136,0.475784763115414,0.3644330289611817,-20.04104266222948,0.4025222436243574,0.3268877055892945,-13.61554152696306,0.16555955039208287,0.23742208480834961,5.745597913542928,1.5618238582282005,1.5604035559058667,-0.03456359589102787
340.37999999976296,stand,stand,-0.0,-0.0,0.0,1.0030872854457131,0.15611214897469947,-0.10105411487589809,-172.5854503676565,-0.0024239075466501656,-0.0060327249229815555,-0.00010810331241784755,0.000372122839427124,-0.002474585458619936,0.001732895648026018,0.08917706588679394,0.31898676118054553,0.4757464171026122,0.3639701094875336,-20.116796301427044,0.4025491632746864,0.32675091292953495,-13.645815652157978,0.16561810166378452,0.23748611509799958,5.746218793116057,1.5617950715490163,1.5603512342036248,-0.03511993008313658
340.39999999976294,stand,stand,-0.0,-0.0,0.0,1.0030910925758523,0.1563775330263106,-0.10394726685872972,-172.58496399882986,-0.0026755287926314123,-0.005540331608809907,-7.745417960720389e-05,0.00021045200715442543,-0.002534151945045447,0.0002573263030880095,0.0887591053924576,0.31748278779339717,0.4757037043483278,0.3635072496185303,-20.192138759782146,0.40257482978263304,0.32663170363998417,-13.671671279673554,0.16567329545366452,0.23754260540008545,5.746496882529297,1.5617654435970831,1.5602994796768308,-0.03564506502083275
340.4199999997629,stand,stand,-0.0,-0.0,0.0,1.0030954198212334,0.15660384962478757,-0.10692223816219872,-172.58491505708935,-0.002881352271843998,-0.005163180881930619,-6.085572811989257e-05,0.00020190853156076843,-0.0026010747928664137,3.662913897749729e-05,0.08833859563067274,0.3159467909275341,0.475654656002893,0.3630175974617005,-20.270953731352094,0.40259964085037164,0.3264903810272217,-13.701519405728803,0.1657236376598842,0.2376057118177414,5.747796267087302,1.5617352488682328,1.5602539417282224,-0.036010644039873904
340.4399999997629,stand,stand,-0.0,-0.0,0.0,1.0031002638043571,0.1569420446738424,-0.10987427500474597,-172.58490485891716,-0.003021672570912702,-0.004803225127170816,-3.1093615216847554e-05,0.0003129382211698427,-0.0025669125870801776,1.4497502786132615e-05,0.08791665291239208,0.31439726899280396,0.47559490763707046,0.36252576973533635,-20.34791389248055,0.4026249235152512,0.32633672025299076,-13.733770469645656,0.165768702066945,0.23766440749168397,5.7491800396564114,1.561704756510678,1.560216565890658,-0.03617369868866099
340.4599999997629,stand,stand,-0.0,-0.0,0.0,1.0031056602058774,0.15750938314374685,-0.11258868257827903,-172.58491844749966,-0.003094629459609285,-0.004456033698093869,2.3562009188159232e-05,0.0005281300976854606,-0.0023288390673491593,-8.111822622260455e-06,0.08749710272633132,0.31285009636773087,0.47552063499320923,0.3620509591350556,-20.418948192269564,0.4026539329669349,0.32618609931564335,-13.766396287696931,0.1658087398260869,0.23770094513893128,5.749172253560678,1.561674235609426,1.5601858480781794,-0.03617861158979998
340.47999999976287,stand,stand,-0.0,-0.0,0.0,1.0031117062227077,0.15843691184592468,-0.1148253969457399,-172.58496221203868,-0.0031021624263716167,-0.004124819705653306,0.00010675995031518906,0.0008550796292590515,-0.001889124049876156,-3.604944436712067e-05,0.08708383015850478,0.3113219989198942,0.47542699442655667,0.36159695055580143,-20.48236178520068,0.40268970452152614,0.3260588433990479,-13.796262634756859,0.16584279973046206,0.23771384954452515,5.747810345576735,1.5616439309705186,1.5601607312396646,-0.03605707110704227
340.49999999976285,stand,stand,-0.0,-0.0,0.0,1.0031184134039783,0.15977085458937876,-0.11648763362291363,-172.5850296325488,-0.0030429288855539256,-0.003816419040589486,0.00019703941695614147,0.0012109748335304682,-0.0013829780863945438,-5.716281029482289e-05,0.08668738524629291,0.30985953053216586,0.4753131199143305,0.361174592042923,-20.536360397012604,0.4027317900718291,0.32595870759582524,-13.822335365456693,0.16586984177875613,0.23771310448646546,5.745974890056715,1.5616139197829761,1.5601366761088848,-0.035918197208332475
340.51999999976283,stand,stand,-0.0,-0.0,0.0,1.0031254085083867,0.16153433622782118,-0.11757609967293062,-172.58510838454401,-0.002914326733285595,-0.0035268880154678234,0.00026456536292173083,0.001592070204894972,-0.0008842543738145156,-6.700609652162536e-05,0.08631969140831607,0.3085076037027158,0.47518283895825714,0.360789546037674,-20.580960930574868,0.40278410861869907,0.3258820560226441,-13.846341828079957,0.16588924474952918,0.23769909739494324,5.743763608899095,1.5615843408867314,1.5601158759505034,-0.03571372733534581
340.5399999997628,stand,stand,-0.0,-0.0,0.0,1.003132294747682,0.16348825061841682,-0.1182325888881918,-172.58521955937127,-0.002725154462436602,-0.0033005035108160585,0.00029717292173889073,0.0017077727273228998,-0.0005330262690127984,-8.419769859659565e-05,0.08599093611641904,0.3073030751796094,0.47504760884817343,0.3604455974349976,-20.618129628512058,0.40284115155157596,0.32581476237869267,-13.869122924113123,0.16590538210995542,0.23768216967582703,5.741258885706184,1.5615553864834641,1.5600988979399681,-0.035436246291146015
340.5599999997628,stand,stand,-0.0,-0.0,0.0,1.0031389232192358,0.16534521869846874,-0.11866174404794616,-172.58528328840055,-0.002513311131697876,-0.003130903051411624,0.00030353820837476244,0.0016077491758708477,-0.00035082622479306404,-5.138453133597086e-05,0.08570689178996344,0.3062662469210635,0.47491802153388174,0.3601280834922791,-20.652396866033584,0.40289203397822204,0.3257456209907532,-13.890219705964897,0.1659209575342292,0.2376664936542511,5.738786189038003,1.5615271186008681,1.5600843842089653,-0.035115651376118065
340.5799999997628,stand,stand,-0.0,-0.0,0.0,1.0031449916116095,0.16705964325214342,-0.1188334553402983,-172.5853335696855,-0.0022843703384966617,-0.002973354648199153,0.00030003312221324365,0.0014798693855383547,-0.00011087764464649497,-4.2127941659090396e-05,0.08546153568695078,0.30537361253909756,0.474799567314167,0.3598299112567902,-20.685570785477694,0.4029385821344374,0.3256709959754944,-13.91166482697852,0.16593615754408758,0.23764920830726624,5.7362077712371065,1.5614996702753603,1.5600748362899304,-0.03469641007438905
340.59999999976276,stand,stand,-0.0,-0.0,0.0,1.003150186557863,0.16863337399885728,-0.11887924006781035,-172.58537917249944,-0.002053505508322564,-0.002821476693046425,0.0002628371563532638,0.0013593640522453804,-3.367948524098842e-05,-3.911372013043997e-05,0.08525290038094374,0.3046278115497034,0.4746958332149832,0.35956550505256657,-20.71560699385361,0.4029837495948561,0.32560656335449223,-13.931286564285852,0.16595089369255156,0.23762274384498597,5.732938075729353,1.561473154547683,1.560067866271782,-0.03423964220881836
340.61999999976274,stand,stand,-0.0,-0.0,0.0,1.003154382775872,0.17007828502423236,-0.11888395912739749,-172.58542364702691,-0.0018270010587706255,-0.0026754652370442823,0.00021545705526879427,0.0012475634193528213,-6.027988884545597e-07,-3.849673898449843e-05,0.08507069969768129,0.30398054041915296,0.47460753973536607,0.3593164470443726,-20.74571983012473,0.40302910352795646,0.3255370643386841,-13.951982864460177,0.1659650266820274,0.23758766651153565,5.729035225087313,1.5614476570956057,1.5600637712464214,-0.0337392713989499
340.6399999997627,stand,stand,-0.0,-0.0,0.0,1.0031575608921355,0.1714034125402943,-0.11885350268813064,-172.58546914286086,-0.0016105328116166827,-0.0025375875731348664,0.00016686843348462667,0.0011441101271549646,3.00272747125648e-05,-3.9744449265558306e-05,0.08490688924738539,0.30340271431974436,0.4745344406360519,0.35908825066185,-20.774803468017776,0.40307562941487163,0.32547114160156254,-13.97234468496056,0.16597846752955964,0.23754592835903168,5.724659305504726,1.5614231994838166,1.5600608226791501,-0.033236699357118975
340.6599999997627,stand,stand,-0.0,-0.0,0.0,1.0031597368736314,0.172622271342897,-0.1187892111579846,-172.58551742654623,-0.0014076878934229167,-0.0024110428837472117,0.0001193325703448567,0.0010528907442409166,5.931308050955721e-05,-4.250350264612328e-05,0.0847610199411004,0.30289176431204906,0.47447586891603744,0.3588840749511719,-20.802116870588282,0.40312425818699876,0.3254157688865662,-13.99123422183095,0.16599123241408023,0.23750804960727692,5.72064494943371,1.561399710517784,1.5600567285851121,-0.03278422977595678
340.6799999997627,stand,stand,-0.0,-0.0,0.0,1.003161009291537,0.17374935393522317,-0.11856939507321444,-172.58556859321212,-0.0012164663021537593,-0.0023012793867099035,9.279252515034674e-05,0.0009744947655770819,0.00021707512107220294,-4.533402988564108e-05,0.084632498606166,0.30244689238703704,0.4744300487983138,0.35870430734252934,-20.82724242345807,0.40317571382143635,0.3253710057983399,-14.008825739829565,0.16600339052615776,0.2374749541282654,5.717058430149401,1.5613770789319241,1.5600511378556967,-0.03238677198072344
340.69999999976267,stand,stand,-0.0,-0.0,0.0,1.003161857394664,0.17483961518193958,-0.11805871852469803,-172.58562423056145,-0.001034841339428693,-0.0022169113814168593,0.00010540685172190123,0.0009502497915256301,0.00048802628982664106,-5.0497782787367296e-05,0.08452707860899804,0.30210010500793394,0.4743898126338482,0.3585663523921967,-20.84522102864446,0.40322705437998513,0.32534841563797,-14.022130503796172,0.1660149238370569,0.23744017481803895,5.7133881915964935,1.5613551751770822,1.5600435214996815,-0.03205369527773898
340.71999999976265,stand,stand,-0.0,-0.0,0.0,1.0031625474847707,0.17593597669812722,-0.11719808048230562,-172.58568361570954,-0.0008617886042804223,-0.0021527431305421963,0.0001333572529392183,0.0009610174255199981,0.0007941952846726221,-5.446532943668561e-05,0.08444912264878593,0.30187505567066125,0.47435166697917763,0.35847614076232914,-20.85474415546794,0.4032768440906337,0.32534901168441777,-14.030856369727402,0.16602585037268908,0.23740280270576478,5.709558032269197,1.5613339614231894,1.560036295367825,-0.03172727238314329
340.73999999976263,stand,stand,-0.0,-0.0,0.0,1.0031631740853422,0.1770466439598314,-0.11605219097238142,-172.58574500327111,-0.0006973883576857586,-0.002101170694805861,0.00015812613769980644,0.000969389151742288,0.0010304499960632392,-5.6723700890033504e-05,0.08440156827612022,0.3017789751838782,0.4743144303548723,0.35842744376754765,-20.856865500695577,0.4033240080036574,0.3253693368682862,-14.035405964435936,0.1660361839272028,0.23736453652381898,5.705702289883735,1.5613134292520963,1.5600295125455141,-0.031406541452743325
340.7599999997626,stand,stand,-0.0,-0.0,0.0,1.0031637559797986,0.17816305056713502,-0.11474548912603143,-172.58580697377457,-0.0005448173941124081,-0.002059881473406088,0.00016949892558393127,0.0009752620203856155,0.0011564658224879117,-5.7643045198388194e-05,0.08438598084708986,0.3018107491744654,0.47427797086560824,0.35841239359474186,-20.853071496362652,0.403367792343958,0.32539848353958134,-14.037782883436707,0.16604608464619774,0.23734370470046998,5.7032665299171565,1.5612940462424323,1.5600369994476915,-0.03077559229391286
340.7799999997626,stand,stand,-0.0,-0.0,0.0,1.0031642366967972,0.17929645394409255,-0.11339100549826438,-172.58586745912737,-0.00040681529718595715,-0.0020267562021235646,0.00016733239169098647,0.0009909569026232646,0.0011863087535612825,-5.620348532405793e-05,0.08440208050310902,0.30196649209760307,0.47424248517136575,0.35842380788421635,-20.844703896308413,0.4034091704514973,0.3254297759780884,-14.039417341958716,0.1660559728880021,0.23736875355243683,5.704477687849781,1.5612773066689407,1.5600853239134431,-0.02924418723537124
340.7999999997626,stand,stand,-0.0,-0.0,0.0,1.0031646017378344,0.18044785891698462,-0.11206968202423175,-172.58592310068133,-0.0002834567289932171,-0.0020012154000941546,0.0001569752250067616,0.0010065454795246827,0.0011497978275966027,-5.149521345101402e-05,0.0844449889697096,0.30222082149254403,0.47420811800695345,0.35845840838050846,-20.832374895731927,0.4034481463960165,0.3254605915794373,-14.040697435555066,0.16606654602666132,0.23745923340320588,5.710828845246407,1.5612657333427589,1.5601987804234505,-0.026302367238847848
340.81999999976256,stand,stand,-0.0,-0.0,0.0,1.0031648847545778,0.18160257389386034,-0.11083135611029059,-172.58597150265396,-0.00023672334770348635,-0.001973124757442727,0.00014421442680360517,0.0010067210892056057,0.0010723959129448268,-4.4857988741428475e-05,0.08451280718115464,0.3025595616933508,0.47417495989461267,0.3585138108978272,-20.8165262718603,0.403485319559556,0.32548926141357426,-14.042098973607864,0.16607868583865637,0.23762892782688141,5.723342820848562,1.5612626712113766,1.5603973514348746,-0.0215611900456214
340.83999999976254,stand,stand,-0.0,-0.0,0.0,1.0031651405399256,0.1827391347042542,-0.10969778454887215,-172.58600317996317,-0.00022716849016429276,-0.0019484951597071407,0.00013237108076438723,0.0009888922426378678,0.0009797643045188391,-2.8730821771637976e-05,0.08460062744824424,0.3029514216448999,0.4741429352799785,0.35858292248344426,-20.79840664576794,0.4035207706773682,0.3255167391548157,-14.043402074990533,0.16609340387301907,0.23788989186286927,5.742895803362733,1.5612722208804526,1.560701127438295,-0.01464629150587599
340.8599999997625,stand,stand,-0.0,-0.0,0.0,1.003165365409419,0.18383926646609847,-0.10868482245266964,-172.58600152304723,-0.00023516054705700825,-0.00194257356343713,0.00011819775351167228,0.0009540605354997247,0.0008718376008302898,2.474885686170284e-06,0.08470231492749132,0.30336662510612283,0.4741124208160951,0.35866508748626713,-20.77823776769568,0.40355459581481695,0.3255460646400452,-14.044089898195246,0.16612156039295184,0.2382453888654709,5.7683197445098155,1.5612993680242526,1.561133303953755,-0.0051330353309504174
340.8799999997625,stand,stand,-0.0,-0.0,0.0,1.0031655339918613,0.18489578597496792,-0.10778959294103865,-172.58595774246703,-0.0002426362882802584,-0.0019679036110398485,0.00010363906611618057,0.000915945990428969,0.0007699280234435895,4.014201085477507e-05,0.0848160915267483,0.3038012216781877,0.47408384111547475,0.35876170661544804,-20.755849527299414,0.40358710451104196,0.32557455566024784,-14.044716277097065,0.16618783730395176,0.23868239521980286,5.79581840466918,1.5613497774470844,1.561712745851326,0.007286805291287673
340.8999999997625,stand,stand,-0.0,-0.0,0.0,1.0031655932850623,0.18598919333562025,-0.10694221605950154,-172.5855925549799,-0.0002568418825528275,-0.0020471805437109686,9.453262495811423e-05,0.0009606449915039022,0.000740178672259861,0.00038304589414018257,0.08494086294216908,0.3042648880680659,0.4740559151579564,0.35887653496360783,-20.73018209793919,0.40362044965495075,0.32560215261077885,-14.04583906971666,0.16631695829321566,0.2391827166080475,5.822006693593197,1.5614297731712912,1.562461362494576,0.022980621415799738
340.91999999976247,stand,stand,-0.0,-0.0,0.0,1.0031655884341337,0.1871537392817153,-0.10611409987575667,-172.58430416730897,-0.0003026806044471778,-0.0022171150112189346,9.055743549710667e-05,0.001026545022452366,0.0007267621571564115,0.001290145589803222,0.08507639395080357,0.30476182636387017,0.4740273179871094,0.3590167846927643,-20.699725079199865,0.40365429091662935,0.32563439872360234,-14.046184216307768,0.16653332056788517,0.23973569869995118,5.844027609578675,1.5615464031501267,1.5634020094708085,0.04231883442271178
340.93999999976245,stand,stand,-0.0,-0.0,0.0,1.0031655273165505,0.1884151632586697,-0.105294118284979,-172.58138233498713,-0.0003942516479233118,-0.00249165734172735,8.739665348421242e-05,0.0011107120804032143,0.0007162560655216471,0.0027619413622210144,0.08521937017944772,0.30526169324874564,0.4739971043598141,0.35917589929199223,-20.66550883954599,0.40368850527896966,0.3256647970924378,-14.046881401309593,0.16685894042391053,0.2403351128101349,5.859863983154732,1.5617076060556556,1.5645612257481099,0.06574321247626148
340.95999999976243,stand,stand,-0.0,-0.0,0.0,1.003165343105183,0.18978105345460056,-0.10443840092545469,-172.57636434866745,-0.0005463138754906884,-0.00283588614607792,8.531672135615436e-05,0.001196845983806331,0.0007546989273637457,0.004640112782535233,0.08537932175239107,0.30576613518846374,0.4739655158070731,0.35935194161033635,-20.62805462383195,0.40372480393615784,0.32571766641235356,-14.044011329411154,0.16727770969457598,0.24097386598587037,5.872638719767854,1.5622002489065603,1.5659880547732592,0.07649816775009442
340.9799999997624,stand,stand,-0.0,-0.0,0.0,1.0031649027265221,0.19128309070042174,-0.10356517775847501,-172.5689430256802,-0.0007706449186641221,-0.0032149500775158803,7.440627858399045e-05,0.0013216130726756473,0.000772897827004059,0.00682108404750904,0.08556140169949428,0.3062944744593796,0.47393279976354563,0.3595381167182923,-20.588582629533253,0.40376676724235494,0.32582811381912236,-14.03211437766514,0.16780048034263134,0.24174291491508484,5.886669842858673,1.5632486872755416,1.567708170315671,0.07343197576171806
340.9999999997624,stand,stand,-0.0,-0.0,0.0,1.003163959891729,0.19301319551451285,-0.10283691245463195,-172.5590531235745,-0.001068084062242534,-0.0035947615126227313,3.1739925921301995e-05,0.001527971553462785,0.000631517022470582,0.009075120668569837,0.08573390643934599,0.30674211242116667,0.47389866915302553,0.35973168280220036,-20.547509613200937,0.4038223491532049,0.3259667542228699,-14.01823408490819,0.1684418181249361,0.24255598187446595,5.893970343984091,1.564817211181444,1.5696996676683903,0.06662494441177937
341.0199999997624,stand,stand,-0.0,-0.0,0.0,1.0031623401364829,0.19506610409739997,-0.10250038667529623,-172.5468408802491,-0.0014327070883506255,-0.00393237871149553,-5.026637307395437e-05,0.0018502726977375735,0.00023650729058329213,0.011100029613930988,0.08590032930345157,0.3071219444208711,0.4738623128949389,0.3599313881645203,-20.504787622124837,0.40389791688752696,0.3261145141372681,-14.007033815725709,0.16919906943281626,0.2433701664209366,5.892263710413586,1.5667924034064848,1.5719804990053654,0.0607386613124003
341.03999999976236,stand,stand,-0.0,-0.0,0.0,1.0031601613744645,0.1974546592435187,-0.10248868965553887,-172.53287275933874,-0.0018508547988580722,-0.0041828266549845455,-0.00010089860763117111,0.002149278627148688,2.2698669799251624e-05,0.012499378849181567,0.08608693336077326,0.30751787639123696,0.4738227205170161,0.36015505459403996,-20.457148729361315,0.4039960750666371,0.3262300875434876,-14.005710843248412,0.17005477907837827,0.24413906633853913,5.880029009902877,1.5691159140384208,1.5745887479693175,0.05608012037772203
341.05999999976234,stand,stand,-0.0,-0.0,0.0,1.0031577987514746,0.20021386027535001,-0.1026142744983858,-172.51758427313936,-0.002329311475580835,-0.004362679508998957,-0.0001187111572609812,0.002477684332471135,-5.6855175093099365e-05,0.013609976969258204,0.0862987156918507,0.30795741959745343,0.47377464016597065,0.3604211893329621,-20.399934111397744,0.40411850912985275,0.3263889935264588,-14.001101692037025,0.1709822009662895,0.2449081301689148,5.863562756915372,1.5717943740508589,1.5775881840795756,0.051881090447562506
341.0799999997623,stand,stand,-0.0,-0.0,0.0,1.0031559510663666,0.20352209566863647,-0.10305848437796963,-172.50095358415533,-0.002885530279110527,-0.004493563974241185,-0.0001216736538901354,0.002996525339069347,-0.0003843344054933221,0.014774208590862148,0.0865612833533655,0.30855604727504793,0.47370415954508077,0.3607609656105042,-20.324291255800397,0.40426370081870056,0.3266134646186829,-13.988608286559831,0.17194678044480236,0.2456999182701111,5.847899543163539,1.574874522843782,1.581040993607092,0.04724974313997811
341.0999999997623,stand,stand,-0.0,-0.0,0.0,1.0031553038846686,0.20720084106681763,-0.10447953893125003,-172.4827047331479,-0.0035423714367825146,-0.004678863741272826,-0.0001621657270791656,0.0032935120324006123,-0.0013157649901486283,0.016220007637695932,0.08685953529966081,0.3092386738872533,0.4736087752322434,0.3611554291496277,-20.234238870738558,0.4044138790346314,0.32684097554779057,-13.9746918276945,0.1729183461160564,0.24657436311244965,5.839966292042601,1.5784173086015276,1.5850055257738114,0.041729212291453543
341.1199999997623,stand,stand,-0.0,-0.0,0.0,1.0031553925080767,0.2112403733071669,-0.1074049749581422,-172.46164460535022,-0.004345318357430667,-0.005001089570272782,-0.0002868543493534698,0.0035375030227746775,-0.0026641012923221004,0.018925897719908165,0.0871576943304311,0.3098339647085061,0.4734937101282905,0.3615032520542145,-20.14958544004936,0.404570222908001,0.327040412689209,-13.967034015199568,0.17386843300376909,0.24753463864326478,5.842240890582427,1.5824833286322115,1.589528113877821,0.03501568403143743
341.13999999976227,stand,stand,-0.0,-0.0,0.0,1.0031557739154495,0.2160461178151927,-0.11180962126198152,-172.436161816593,-0.005341918775351136,-0.005397855566609095,-0.0004196727779354852,0.004296508152013413,-0.00389072111449506,0.02304397974183298,0.08742517673377613,0.31018813284070357,0.4733508685698538,0.36178828146553044,-20.07014670751935,0.40475260197435925,0.3271884110221863,-13.975645519956737,0.1747610547876919,0.24846540987491608,5.849017850525668,1.587146789799734,1.5947082492471218,0.02719828476041128
341.15999999976225,stand,stand,-0.0,-0.0,0.0,1.0031562850674518,0.2220782102243032,-0.11766214714228075,-172.40474000429336,-0.006548479091077882,-0.005873891684460531,-0.0005572261799016205,0.005464971697144233,-0.005147764760130651,0.028546170832267643,0.08767051183979607,0.3103643949677146,0.4731681470801599,0.3621143486747742,-19.975350374868018,0.4049767006011144,0.3273266937980652,-13.994340080366547,0.17554932535578796,0.24932113885879517,5.860803451205795,1.5924612502879234,1.6005421544373513,0.017803772802048756
341.17999999976223,stand,stand,-0.0,-0.0,0.0,1.0031568274782008,0.22959652525019572,-0.1250419276384606,-172.36619237138322,-0.007919304096133787,-0.006378836624604116,-0.0007064354565265131,0.006784965596931603,-0.006460573185359312,0.034898052190720015,0.08791906000776581,0.3104544839144804,0.47293901827714113,0.3624958482036591,-19.861887601421223,0.40525022032453084,0.32744578387832646,-14.02585191794253,0.17616294924512735,0.2500923782587051,5.883913621821811,1.5982222776803492,1.6063866953313828,0.00569501651238194
341.1999999997622,stand,stand,-0.0,-0.0,0.0,1.003157131029878,0.23836487320907812,-0.13393961851319058,-172.31995508838693,-0.009416066197760432,-0.00693496426425558,-0.0008616050607456017,0.007833726466015812,-0.007752658339089627,0.04140748397186371,0.08819264069512231,0.3105134164267173,0.4726735239039161,0.36295054223632817,-19.72971873244885,0.4055691196520606,0.3274854209671021,-14.079607976483723,0.17660682575110062,0.25083318948745725,5.918183276667291,1.6041095492194024,1.6120024959505082,-0.004428934305929305
341.2199999997622,stand,stand,-0.0,-0.0,0.0,1.0031574967236965,0.24815333012983234,-0.14415988734456525,-172.26586355243782,-0.010960789872881906,-0.0075311861441533555,-0.000976732324187294,0.00872401756974438,-0.008891460000067866,0.04815659359558659,0.08846884514684855,0.31051711562256445,0.4723745567649555,0.3634309258708954,-19.587000936427465,0.40592349545357015,0.32744882371521,-14.15247261661611,0.17687848457008312,0.25130963921546934,5.944915345358116,1.6099273737245268,1.617472354596901,-0.01017174609794913
341.2399999997622,stand,stand,-0.0,-0.0,0.0,1.0031583534920534,0.25878792544381707,-0.15529002233458275,-172.20447594602086,-0.012416212506768748,-0.00810526597611002,-0.0010273317332202582,0.009527356630696038,-0.009578119140548366,0.05444766225581984,0.08870934276427493,0.31041412063569634,0.47204122675880594,0.363893577123642,-19.441215809020555,0.40630624571355994,0.32736901309585575,-14.238033835217312,0.1770052484605932,0.25128855407238004,5.940238905636598,1.615511492492283,1.6225664134085656,-0.013836409596437671
341.25999999976216,stand,stand,-0.0,-0.0,0.0,1.0031610886567828,0.27028537324619495,-0.1668803499109736,-172.1365818611845,-0.013736271337370152,-0.008528430577806476,-0.0009506912720380018,0.010348271241505853,-0.009922009765680098,0.060065891045333046,0.08890816217977031,0.3102585583408826,0.4716568416780969,0.36434204247093205,-19.28692515302194,0.4067019199826829,0.3272815134773255,-14.326046852750219,0.1769030755633908,0.25065515041351316,5.911073811626136,1.6207092861884234,1.6271137337148667,-0.016045252086837464
341.27999999976214,stand,stand,-0.0,-0.0,0.0,1.0031668387105557,0.2822484261011508,-0.1785093136131522,-172.0634457249196,-0.014964224551969604,-0.008810926784879077,-0.0008007389031076035,0.010627980884470516,-0.009867964184781627,0.0647324043706296,0.08904358604042238,0.30993891808350377,0.47121939313549394,0.36472884681320195,-19.13495259083556,0.4070876223390239,0.3271848943481446,-14.412345222156253,0.17651140034405868,0.2494245231151581,5.856737658307649,1.6253953170164297,1.6310648883641243,-0.015501087132301694
341.2999999997621,stand,stand,-0.0,-0.0,0.0,1.003175271487286,0.29401923573489985,-0.18965639099684764,-171.9869479458405,-0.016112128665646732,-0.00870920274256155,-0.0006013586765665729,0.010461902519573987,-0.009361593264010738,0.06749604112739782,0.08909470459036647,0.30939034614045224,0.47075122531374997,0.36503953602409367,-18.99195340992424,0.40745615530635004,0.3271342304000855,-14.486028671876541,0.17573375477869232,0.2475379914045334,5.794333038000338,1.6295167413257194,1.6343624035776139,-0.01672876330694778
341.3199999997621,stand,stand,-0.0,-0.0,0.0,1.0031831560697562,0.3059022484457499,-0.19901907900814944,-171.90809773228605,-0.017311198264695366,-0.008340548783356883,-0.00044467539137163053,0.010671889909626822,-0.007592956778510242,0.06927838453914546,0.08907464051222728,0.30878593522051073,0.4702792053522566,0.36529050138092045,-18.861617467970973,0.4078800853245117,0.327213444972992,-14.552635089657024,0.1744543810141346,0.24500364661216736,5.72351831330481,1.6330786943414692,1.6371097530186653,-0.017994532778932898
341.3399999997621,stand,stand,-0.0,-0.0,0.0,1.0031870856734781,0.31846695254447,-0.2054291121135773,-171.82702491976931,-0.018606101262034748,-0.00778335020891345,-0.0003513998562509336,0.01132652957031326,-0.004879626523158223,0.07106387156135258,0.08905101641362374,0.3083127671278988,0.4698242303578192,0.3656515565166474,-18.716127175722583,0.4084330140392029,0.32745234038925175,-14.619196532544299,0.1725403553316932,0.24200519025325776,5.673034822415781,1.636179557425596,1.6395628790319443,-0.018740244892189797
341.35999999976207,stand,stand,-0.0,-0.0,0.0,1.0031843413756116,0.3316785852555336,-0.2084950911659431,-171.74417816908976,-0.019958306123471804,-0.007103159529506798,-0.0003621936819599318,0.011877562072439167,-0.0019171060114636328,0.07253680262116664,0.08903398799700368,0.30787595046806604,0.46941758903502345,0.3662606563816071,-18.53703531669931,0.40915332894019546,0.32786939408874516,-14.686798051674831,0.16991082594884135,0.2385527551174164,5.647827136243538,1.6389592099529442,1.6418373922765732,-0.02077531937852571
341.37999999976205,stand,stand,-0.0,-0.0,0.0,1.0031717577161379,0.3449528214713021,-0.20926041131491674,-171.6595012830128,-0.021346867542962243,-0.006481516960068804,-0.0006686770037249937,0.011858989006801456,-8.944984768083933e-05,0.07413248067775809,0.089033846997336,0.3074345506552451,0.46911141113517485,0.3670478549251557,-18.348022039147953,0.41005379054892555,0.32845167186355595,-14.75808193034919,0.16655014178403119,0.23475847244262696,5.654334257084767,1.6414628580601374,1.6438119898498535,-0.024524210771392496
341.39999999976203,stand,stand,-0.0,-0.0,0.0,1.003147058518492,0.35738090337918116,-0.20894629118939684,-171.57249991889606,-0.02273248317571077,-0.006109411910910683,-0.0011844931543199503,0.011008321860177365,0.0008479593108026771,0.0762131595745605,0.0890344092048015,0.3069016274891277,0.4689580081171198,0.3679013338336945,-18.178780181812517,0.41112041499515756,0.32902322080230717,-14.860121633194042,0.1625229855202198,0.23078734278678895,5.6960410639876145,1.6435748158579264,1.6451920683444023,-0.028790103111058035
341.419999999762,stand,stand,-0.0,-0.0,0.0,1.0031126420345244,0.368591841567144,-0.20758950213307154,-171.48273603422322,-0.02406435111318292,-0.006026873871571637,-0.0015163939710582776,0.009987830433382996,0.0018002786618911198,0.07864123861501042,0.08899038699121577,0.3062314187957002,0.4689342896896386,0.3687560048351288,-18.030810730718816,0.41230660572170774,0.32957885530090336,-14.982815734547334,0.15791241324930813,0.22658709287643433,5.761476383627139,1.6451752931449506,1.6459376479447365,-0.031976777380571836
341.439999999762,stand,stand,-0.0,-0.0,0.0,1.0030741375527843,0.3790833226051929,-0.20517526226976368,-171.38997552247218,-0.0253197203252641,-0.0059990329744858545,-0.0015822932659155535,0.009400191921742218,0.002771354411945968,0.08125599154273405,0.08889281098330014,0.30557197350160137,0.4689611627021646,0.3696575846920014,-17.877006047932245,0.4135524393464727,0.3301607754478455,-15.106854371617823,0.15278286714132264,0.22198099493980408,5.832360005459464,1.6462541563629625,1.6459966714442253,-0.03523981506307953
341.459999999762,stand,stand,-0.0,-0.0,0.0,1.003032159850598,0.3886340268829746,-0.20159401396120985,-171.29423819788647,-0.026498809003624856,-0.006014356929447623,-0.0016509073669284601,0.008496720656283973,0.003846503995305159,0.08383502231700149,0.08875198941610822,0.3050005644622547,0.4690446182075848,0.37060005333518986,-17.726685804525577,0.41484083664213317,0.3308171417961121,-15.223955510808123,0.14719762848005402,0.21700838804244996,5.907173562906441,1.6469540866712578,1.6453612486780167,-0.0571441117229273
341.47999999976196,stand,stand,-0.0,-0.0,0.0,1.0029833248928957,0.3966173723916276,-0.1967616288054422,-171.19555077351743,-0.027609046796960343,-0.006064966014933972,-0.0018915860218446756,0.007070659688190657,0.004977835459593304,0.08640123333172749,0.08853813321905094,0.30423566070599106,0.4692408639119848,0.37153784301376347,-17.601869045798463,0.41619346619288705,0.33159832027053837,-15.331917710289767,0.14122722601111493,0.2117357686161995,5.984931329365652,1.6473499583844249,1.6440456251562119,-0.09150906709137123
341.49999999976194,stand,stand,-0.0,-0.0,0.0,1.002924426480615,0.40274675308315805,-0.1908490833820958,-171.0937816986049,-0.028651431129818574,-0.006135855953530443,-0.0023100913032511414,0.005429593419609606,0.005925452149903786,0.08910014832136093,0.08821625929334051,0.3029839364075505,0.46959025393345727,0.37246234085655217,-17.510085324624942,0.4176371466989545,0.33248559501266484,-15.439197684102078,0.13495736420248675,0.20618887096643448,6.059850685288167,1.6474823863162407,1.6420852060378075,-0.13761427314768693
341.5199999997619,stand,stand,-0.0,-0.0,0.0,1.0028536538132073,0.4069380160360875,-0.18455191879428814,-170.9890129439813,-0.029627116994789652,-0.006210136781105498,-0.002886105366441531,0.0037228138326567853,0.006194810211635428,0.09168399279553245,0.08777217969640504,0.3011388549447629,0.4701131679376435,0.3734020080814362,-17.448334220623163,0.4191833065404127,0.33344081904983525,-15.55346150297477,0.1284802136010105,0.20034055262804032,6.121980316665176,1.6474527202537663,1.6395449678361893,-0.19587862803935477
341.5399999997619,stand,stand,-0.0,-0.0,0.0,1.002770461785235,0.409100482822361,-0.17891373001236588,-170.88177006259215,-0.030531303997745195,-0.006275973637957606,-0.00358972881610523,0.0019215346828254352,0.00552518446728306,0.09376590969870846,0.08721160241699623,0.2987193508682226,0.4708181878864131,0.3743597355136872,-17.41673026293682,0.4208264222638661,0.33442775275802616,-15.678889756906226,0.1218752095741915,0.1942201614379883,6.168193186075183,1.6470859385802312,1.6364066268265725,-0.2549690424149248
341.5599999997619,stand,stand,-0.0,-0.0,0.0,1.002674479398406,0.4092756735318285,-0.17469151685949152,-170.77272776009656,-0.03135611100939713,-0.006326207714790462,-0.0043802310013364805,0.00022632630428855751,0.0042532967009990385,0.09526108876312357,0.0865753774041182,0.29598324571112244,0.4717102582234834,0.37536008026695256,-17.41174422519325,0.4225650754972084,0.3353734400520325,-15.828498393084674,0.11521841987710087,0.18785376697778702,6.194265693198587,1.6459010657512247,1.6326687077939988,-0.28603263970801684
341.57999999976187,stand,stand,-0.0,-0.0,0.0,1.0025651889589071,0.4078021593704684,-0.17208029183276394,-170.66218997599225,-0.03212366766047124,-0.006352846755447899,-0.005210914124662436,-0.001238661525676452,0.0028673476501045146,0.09655906478010955,0.08589638596893057,0.2931228059551806,0.4727863423542516,0.3764036681900025,-17.431369198338388,0.4244119130887967,0.3362369325408936,-16.013956777158295,0.10858469548207578,0.18137433230876923,6.205290201903364,1.6436665318144785,1.6284037570417405,-0.2986300522587735
341.59999999976185,stand,stand,-0.0,-0.0,0.0,1.0024425409781057,0.4042575764815426,-0.17073018301565018,-170.55030607674837,-0.03281190314802678,-0.006381802952650637,-0.00599837978352465,-0.003125504819570364,0.0018341596907906653,0.09772038047291154,0.08518779989670192,0.2901620946814561,0.47405716765849526,0.37746531632041935,-17.48392433414612,0.4263540381103846,0.33708039786911015,-16.21900350151295,0.10205073042462513,0.17492433488368989,6.206387542697283,1.6403559183490486,1.6234588216007233,-0.3031988106257172
341.61999999976183,stand,stand,-0.0,-0.0,0.0,1.0023074720165226,0.3986187196586124,-0.16997413533987765,-170.4373213860544,-0.03337011475621303,-0.006312029201187722,-0.006663397954759993,-0.004951885652164004,0.001402681313577981,0.09865365697479278,0.08449246395165011,0.28725056002280297,0.4755103844971984,0.3786006357917786,-17.555756519186946,0.42837984504492277,0.3379597451934815,-16.431237719085612,0.09568025324432276,0.1685448944568634,6.196326081198974,1.6361094561858236,1.6177046935022354,-0.30941903821982375
341.6399999997618,stand,stand,-0.0,-0.0,0.0,1.0021617292045348,0.3915799902010471,-0.16906260823519126,-170.32356003162104,-0.03375884967333671,-0.006002698358472938,-0.007162989814320123,-0.006023101144783533,0.0016099612898473653,0.09930099787361127,0.08380911454072903,0.284345382430668,0.4771043201335058,0.3798435714492798,-17.629386294694935,0.43048883381056174,0.33888063695526127,-16.651883997440077,0.08950890235465382,0.16222381442785264,6.173136148550038,1.631020104813631,1.6111471245944977,-0.31747375212226275
341.6599999997618,stand,stand,-0.0,-0.0,0.0,1.0020081007327701,0.3833264347802331,-0.16782308825497189,-170.20954205372462,-0.033978979876031705,-0.005563911301819426,-0.007510484875699948,-0.007084256988335871,0.0018333253709113206,0.09945730352017375,0.08312354916451177,0.2813272660883185,0.4788011642013027,0.38123110797500614,-17.692840137975928,0.43264825613430796,0.3398667958030701,-16.866959477962926,0.0835545640184483,0.15592561513185502,6.133226122813049,1.625163817456822,1.6038876923680783,-0.32620920120220653
341.6799999997618,stand,stand,-0.0,-0.0,0.0,1.0018519646302386,0.3735969096110732,-0.16685884177551003,-170.0958239534338,-0.03399881917886325,-0.004975375379128031,-0.007637160074543803,-0.008412471697720069,0.0014499641998498005,0.09913840118074507,0.08250666097933929,0.27854458063681636,0.4805474319637879,0.38264746334648136,-17.75614780438532,0.43477415715131484,0.3408198740730286,-17.075233487025375,0.07783656728505103,0.14973097145557404,6.081686107213721,1.6186223040483858,1.596034560626793,-0.3354913519322761
341.69999999976176,stand,stand,-0.0,-0.0,0.0,1.0017010827732753,0.3624883361348935,-0.16676113957784436,-169.98299656470337,-0.03381052917065225,-0.004149619060054389,-0.00742106055271789,-0.009556532572338836,0.000593550997396934,0.09831018603351294,0.08201890666434526,0.27637459733408215,0.48225453921097616,0.38396848108863835,-17.82270514997702,0.4367674335028237,0.34167984988784794,-17.268919516916633,0.07239324998613987,0.1438545197248459,6.031698388474737,1.6114304589324115,1.5875779430330277,-0.344951942833521
341.71999999976174,stand,stand,-0.0,-0.0,0.0,1.0015636682414193,0.3503898395399717,-0.16759421007317674,-169.87190940398602,-0.033396336460428167,-0.0030654701055770695,-0.006781589137764149,-0.0104175358600656,-8.018366467408178e-05,0.09671275548675956,0.08158871178300163,0.27455244392871253,0.4838215999857756,0.3851147082099915,-17.887899433131466,0.4385398361106786,0.3424511339912415,-17.43235215274897,0.06725919787689845,0.13835568204522133,5.985831731340878,1.6036740994824306,1.578693388304162,-0.35504864538865666
341.7399999997617,stand,stand,-0.0,-0.0,0.0,1.0014477743845225,0.3374661530373112,-0.16958982986692767,-169.76371675584588,-0.032774613071318494,-0.0017539425146035769,-0.00578004030815338,-0.011244099668398864,-0.0010912507659287208,0.09408709401780152,0.08125044688483028,0.27331379642525405,0.485158736965996,0.3861053374061585,-17.933266808725847,0.4399992640746211,0.34313736226654057,-17.54692567249349,0.06246012601711908,0.13326486051082612,5.9447076527751985,1.5954364948024196,1.5693729857862473,-0.3675457662769371
341.7599999997617,stand,stand,-0.0,-0.0,0.0,1.0013586995334005,0.32421540057707215,-0.1727576246504216,-169.65960195188552,-0.03198288976331849,-0.00016801262136951662,-0.00453719476104106,-0.011480937375644852,-0.002123807966676501,0.09044437636133099,0.08100976241856576,0.2726963062884685,0.48619848306011854,0.3869030859718323,-17.953908746733923,0.44110119382504137,0.3437773969421387,-17.602455831324832,0.05801405827562206,0.12855939604341984,5.905111071038068,1.58672770431929,1.5595406017214537,-0.38090930168737636
341.7799999997617,stand,stand,-0.0,-0.0,0.0,1.0012964695092639,0.31093983311236445,-0.17736438013192884,-169.5603797917943,-0.031084065040908566,0.001494657701782234,-0.003355840723875301,-0.011574189165523349,-0.0033995382357459164,0.08613477741714028,0.08084641910584547,0.2725460233446889,0.4869370945109349,0.3875166561851502,-17.95409383091955,0.4418567386381478,0.34440676238632206,-17.598223948555777,0.053962539093741026,0.12417680434882641,5.856770885344494,1.577522926851251,1.5492531399190903,-0.39186211036944574
341.79999999976167,stand,stand,-0.0,-0.0,0.0,1.001258764201164,0.2993214807447322,-0.1832480441109139,-169.4664822187783,-0.030105140351134235,0.003384623359015688,-0.0022778430204553365,-0.009866101207420982,-0.004569483261686526,0.08148349242014492,0.08076118233258692,0.2728159204579233,0.4873557742951568,0.38792703416442875,-17.930954946063974,0.4423458533106804,0.34502975013351445,-17.553990780170533,0.05035481746692986,0.12024064399302006,5.804341578713982,1.5678503227702603,1.5386334697664261,-0.39922721523095955
341.81999999976165,stand,stand,-0.0,-0.0,0.0,1.0012436037104218,0.29038386045586373,-0.19015788813572418,-169.37878871721787,-0.029095855308148812,0.005402150080910743,-0.0012584153370365507,-0.0073420153340014015,-0.005545571956881986,0.07633809794786002,0.08072173880367987,0.2733738587449779,0.48745191243503044,0.3880986955413819,-17.890136990343468,0.4426279021635695,0.3456269290695191,-17.48064203780905,0.04725034319755571,0.1169038325548172,5.7548187651625,1.5578121615510685,1.5278303141654015,-0.40498618404169257
341.83999999976163,stand,stand,-0.0,-0.0,0.0,1.001241739775599,0.282991562673438,-0.19787730081568047,-169.29960203099353,-0.028100842980771413,0.0075540263218540965,-0.0007665023166747409,-0.006206188099671667,-0.00634829714513967,0.06820515399166324,0.0806998406229775,0.274022738824441,0.48736894671885195,0.3879952218780518,-17.88176800396862,0.4427892979635897,0.3461791064987183,-17.401777967481515,0.04472390318554005,0.11426312886178494,5.7117529867288575,1.5475239979510023,1.5169626775146008,-0.41067563784080957
341.8599999997616,stand,stand,-0.0,-0.0,0.0,1.001252789971396,0.2776454726387018,-0.20652046245477002,-169.23060043097473,-0.027094730524903927,0.009783645713471565,-0.0002005537350731845,-0.004260202331601178,-0.007283060983801192,0.05934109282525747,0.08069585992013135,0.274753797779576,0.48708464954682107,0.3876406934509278,-17.87881101474441,0.44285710136008155,0.34675029780960087,-17.30368923312889,0.042852369391331496,0.11233211159706116,5.6683505821737645,1.5370812453403235,1.5061470235646248,-0.41412522799155344
341.8799999997616,stand,stand,-0.0,-0.0,0.0,1.0012770649319163,0.27609237178947804,-0.21609643472826057,-169.16979403978118,-0.0261142968177187,0.011870514790638347,0.00035400475421302135,-0.000712074496265123,-0.008155868673746238,0.052428522998864545,0.08068392564626875,0.2754610818506132,0.486546175272558,0.387063720489502,-17.865904064049438,0.44287851326914895,0.34731415774917607,-17.203086092935685,0.04173280677458408,0.11115543581545353,5.615669235074308,1.5265589267475708,1.4954246769607544,-0.4157571645042879
341.8999999997616,stand,stand,-0.0,-0.0,0.0,1.0013132068113826,0.2786358597314931,-0.2267662764865501,-169.1156264676317,-0.025169761643089695,0.01390623854424065,0.0008182287641251024,0.0028122208505844,-0.009160736256228645,0.04679490844966774,0.0806656136534466,0.2761625834243853,0.48576094208219867,0.38633600738143925,-17.83726896209806,0.4428693729239781,0.34785435464477543,-17.101528466539502,0.04136054171773413,0.11083530392497778,5.581419733170173,1.5160769773188403,1.4849761689961434,-0.4177184787857199
341.91999999976156,stand,stand,-0.0,-0.0,0.0,1.0013602497124026,0.2857828254760307,-0.2384893797516671,-169.0669661391058,-0.024191112125732838,0.0158762267344117,0.0012441061034667352,0.0068931217823027255,-0.01009797030990555,0.0421402882744778,0.08065331639783664,0.2768984482767635,0.4847253996240208,0.3854942407855988,-17.783217868694212,0.442845368185865,0.3483874585876465,-17.000100522920825,0.041743260182363545,0.11142319943755866,5.55600793216415,1.5056941491296734,1.4746785501897812,-0.41895481018976055
341.93999999976154,stand,stand,-0.0,-0.0,0.0,1.0014135413955316,0.2964967413698093,-0.2496983683101394,-169.0219564279806,-0.023223255900731998,0.017512568895819584,0.0015839818510254202,0.009788938493625242,-0.009369674891441726,0.03923614193263163,0.08060166571728303,0.2773908731987534,0.4835222920785825,0.3845423844108582,-17.72567186034455,0.44282902106570954,0.34895102050399784,-16.89649520811817,0.04288798216026363,0.1129803540185094,5.544452796429478,1.4954524597449523,1.4645847494662285,-0.4196443798959302
341.9599999997615,stand,stand,-0.0,-0.0,0.0,1.001470584300294,0.3099833658052602,-0.2599156543916191,-168.9794458330899,-0.022213817686003952,0.018884894965023935,0.0018516066203714252,0.012221254592473568,-0.008598348307267625,0.03711956042487123,0.08054990931165294,0.2777787516203297,0.4821911143885037,0.3836318936595917,-17.639500989788928,0.4428284993768692,0.34969679381942753,-16.763287634386778,0.04493499960757389,0.11559368334710599,5.537871870044965,1.4854429495458574,1.454836193746376,-0.4213865285674401
341.9799999997615,stand,stand,-0.0,-0.0,0.0,1.0015299692340658,0.32597239502963005,-0.26948807079664705,-168.9390229202116,-0.021155562382795742,0.02008169981068367,0.002008464601859658,0.014389288749374044,-0.008092879328920428,0.035351191337507436,0.0805099203505657,0.27795742106064397,0.48075506150817104,0.38269258406257634,-17.541869820280745,0.44284993480166124,0.3505359080085755,-16.61763805078439,0.04795415478412189,0.11930093578994275,5.537317995685606,1.4757835267644182,1.4454584608734131,-0.42653674504009237
341.9999999997615,stand,stand,-0.0,-0.0,0.0,1.001588667362827,0.34428462076894334,-0.2784566994705596,-168.90071823486568,-0.02005916202966136,0.021172628902100966,0.0019981835661299044,0.016408793097133816,-0.007554716845142324,0.033504213119014456,0.08043101908262495,0.27769698614778615,0.47925495491181996,0.3816519167671204,-17.453912459183226,0.44292493438760683,0.3514252093086243,-16.474387831813626,0.051970760823211296,0.12409987337887288,5.543068856098945,1.466573565069658,1.4365768472612381,-0.4338927058635019
342.01999999976147,stand,stand,-0.0,-0.0,0.0,1.001639409065743,0.364976849517895,-0.2859116659681502,-168.8648615442856,-0.01888801569936847,0.022202552045258363,0.0016945326257537703,0.018498243355376306,-0.006157026047795866,0.03134505228186105,0.08027952938147258,0.276939246910718,0.4777697911848033,0.38047609593963627,-17.399524470421657,0.4431496777487754,0.3523359682807923,-16.362837157321746,0.057397809645631355,0.12994783967733384,5.493595317761008,1.4574157800191467,1.4284024427593232,-0.41004420168665257
342.03999999976145,stand,stand,-0.0,-0.0,0.0,1.0016774777114785,0.38736238396313877,-0.2921153829203545,-168.83068519130092,-0.017743063807592944,0.02311612328330239,0.0011337372918598734,0.01985748055963576,-0.005190719919771702,0.03001970984900791,0.08005536975970182,0.27606925711427105,0.47637347448443057,0.3792843308696747,-17.369778296689645,0.44355114073418916,0.35341093804931645,-16.25554440435019,0.06459268040982342,0.13675629943609238,5.359223152250474,1.4480366569965155,1.4199094216287613,-0.37945076765613833
342.05999999976143,stand,stand,-0.0,-0.0,0.0,1.0017034825700106,0.41124101192982926,-0.2999179134353025,-168.79652258735732,-0.016957637362736245,0.024031030482871366,0.0003191771900096839,0.021201826932359582,-0.006937303817798955,0.030216646337285637,0.07979807061626873,0.2756851311648226,0.47506495434348245,0.3778294112930298,-17.40270718982188,0.4441017172887881,0.3547722485313416,-16.120926813405777,0.07283332732529302,0.14475229233503342,5.28351286387532,1.439703723364297,1.4111412803590775,-0.43085595927246995
342.0799999997614,stand,stand,-0.0,-0.0,0.0,1.0017186277878862,0.43763231039575407,-0.31083871934123736,-168.7620162710338,-0.016397387909331877,0.02492492871520994,-0.0005573311866861622,0.023568699987098457,-0.00971419748053986,0.030507549804550334,0.07946162234759696,0.27495785622854896,0.4737982533380422,0.37590891983604435,-17.52335509915052,0.4448161204681761,0.3561568644294739,-16.012698042012886,0.08163804596187613,0.154356936365366,5.3166729153773975,1.4329640081807227,1.4054496328294754,-0.4607887362899401
342.0999999997614,stand,stand,-0.0,-0.0,0.0,1.0017225829572758,0.467946415762823,-0.32503099916067174,-168.7275352773176,-0.01581585594904785,0.02562304967804778,-0.0014722129946536746,0.027171052484373483,-0.012552658865078465,0.030501370366461028,0.0788940249961812,0.27304745106036243,0.47253817876455473,0.3736876037368775,-17.696806116018788,0.4457371473632131,0.35758260753250126,-15.937771622420833,0.09108921938609714,0.1651489794254303,5.386630011805887,1.4280092723618802,1.4023915122211457,-0.4752190888791292
342.1199999997614,stand,stand,-0.0,-0.0,0.0,1.0017124135759439,0.5032384020982841,-0.3413440022995947,-168.69449654276107,-0.01506633282365746,0.026137063741580042,-0.0024099584486216956,0.03162756844760917,-0.01415537003213619,0.029047722608526012,0.07825434198631892,0.2704544252161566,0.47129156656792454,0.37125665810203556,-17.91065988974209,0.4469412218953121,0.3591621902236939,-15.891930627077572,0.10128338776919156,0.17711931318044663,5.487913661454507,1.424710840139743,1.4002278487146378,-0.5034388024533143
342.13999999976136,stand,stand,-0.0,-0.0,0.0,1.0016818896124315,0.5426198693272914,-0.3589726378372316,-168.66586952592084,-0.014273719324651237,0.02659675992982325,-0.0036282540394823783,0.03497659997379231,-0.015353006859830601,0.02484438093100589,0.07781530712018066,0.2682456592091232,0.47016943785679294,0.3697255935916901,-17.99358978619072,0.4484846003890122,0.3608110931167603,-15.899138602722921,0.11223344265762433,0.19016045928001404,5.612160098163177,1.4226967059977098,1.3985835055768967,-0.535708961838654
342.15999999976134,stand,stand,-0.0,-0.0,0.0,1.0016271171447502,0.5826491710944365,-0.378136315585426,-168.6448838555777,-0.013460545990204922,0.026895029327994313,-0.005048544174126255,0.03508149240691734,-0.016707068769846047,0.017749146028366882,0.07738241527669537,0.2657946045536286,0.46933067489302044,0.368498810792923,-18.085100102748473,0.4503111976680551,0.3621783044586182,-16.004187211213715,0.12395057539275296,0.20408104956150055,5.74576065248403,1.4216671094031479,1.3980596701562882,-0.5626614771981887
342.1799999997613,stand,stand,-0.0,-0.0,0.0,1.0015508305718654,0.6200789864960453,-0.3973984068944528,-168.63169292468424,-0.012403879719304203,0.026739388345662606,-0.006091122551263731,0.03248059836723262,-0.016612266695835445,0.011086466070085418,0.07694902794761695,0.26331406101882243,0.46883597936913185,0.36656908061599736,-18.369574687763095,0.452296514968498,0.3634018686065674,-16.15424059228422,0.1363455314503158,0.21843236535787583,5.864474934406473,1.421195979428808,1.3981353084505082,-0.5645997755931188
342.1999999997613,stand,stand,-0.0,-0.0,0.0,1.0014651010807658,0.6530042327168939,-0.41447463740984253,-168.6246081744038,-0.011284272995565501,0.02624397248742009,-0.006217518428453492,0.028437119211719736,-0.014444180080535636,0.005974243219645069,0.07671471288400973,0.26168823549729225,0.4685924919587138,0.3639722552547455,-18.811287732987488,0.4542588006131709,0.3646892097244263,-16.274396709341787,0.14935600146192898,0.23367512822151185,6.00832800504809,1.4210966517027828,1.3992274592578888,-0.5438360990151084
342.2199999997613,stand,stand,-0.0,-0.0,0.0,1.0013806696675658,0.6809984831818002,-0.42659192775504473,-168.62455822392786,-0.010389469276437482,0.025909493611948598,-0.0055886823926842456,0.024065911807262735,-0.009910612694163583,-0.00028024164979222017,0.07652925260193666,0.26045320742226385,0.4684873977766188,0.3615343358764649,-19.24340000577516,0.45609082343367474,0.36606726911163334,-16.346737925229053,0.1629030872114877,0.24990240335464478,6.192986473366301,1.4212059224383726,1.4015680889547348,-0.4926607084721837
342.23999999976127,stand,stand,-0.0,-0.0,0.0,1.0013013858916804,0.7061097219030538,-0.43198266441138344,-168.6313189140111,-0.009599927620902343,0.025755042009598238,-0.004649797619110791,0.02175092257958544,-0.0038832326338988257,-0.006496073045797161,0.07623508658503317,0.2593443875560254,0.46841676729686643,0.35960138704872135,-19.581254178880656,0.45782472366414984,0.36798504855728154,-16.306099873562136,0.17685980050358233,0.2663956493139267,6.374092622198094,1.42206787059683,1.4049762825429917,-0.4588321112871036
342.25999999976125,stand,stand,-0.0,-0.0,0.0,1.0012237026082695,0.7294745187260621,-0.4308835446967819,-168.64542415550912,-0.009009761242494167,0.02564291352032826,-0.0039729859805628445,0.02025159355396546,0.0014350552206728116,-0.01301204301725835,0.07588257157525584,0.25801619146301535,0.46839506167535794,0.3587889459381104,-19.727587789887245,0.4595372183587056,0.3701072719345093,-16.230747378950657,0.19126451433085867,0.2831201314926147,6.534829820968449,1.4247460723180583,1.4097435216367722,-0.47197218271150615
342.27999999976123,stand,stand,-0.0,-0.0,0.0,1.0011443732407213,0.7519292940499525,-0.4252663047166464,-168.66486212620222,-0.008637714503142248,0.025376194782565878,-0.003647317832473298,0.019529778909000373,0.005225515533834176,-0.017365837919179287,0.07553703253311056,0.25649621107429205,0.468428689115637,0.35843110945320134,-19.802195471890126,0.4612736188735392,0.3722103026161194,-16.166038844262392,0.20626152710712356,0.3002986669540405,6.6759548961854716,1.4292602011373645,1.4156346659124375,-0.4995641517434554
342.2999999997612,stand,stand,-0.0,-0.0,0.0,1.0010548705298004,0.7736200500841863,-0.4155475718970605,-168.68859040283803,-0.008425418765853121,0.025080058586933716,-0.003827323911179996,0.018778390023745005,0.008712129682463102,-0.021114615269916884,0.075242608331285,0.2550005681701664,0.4686126329882043,0.35841748979187016,-19.849573657966396,0.4631296644756267,0.3740823056945801,-16.172756644637943,0.22188892761263448,0.31768674254417417,6.78183189669011,1.4353963412898554,1.4228675852478028,-0.5270857035563248
342.3199999997612,stand,stand,-0.0,-0.0,0.0,1.0009514130718744,0.7935366782672605,-0.4031195584486714,-168.7172048665434,-0.008413844339128396,0.024996008919047047,-0.004291059006330516,0.017077946875834322,0.01081498881044257,-0.025556584702299004,0.07504699848112091,0.25369804690551945,0.46901603682729576,0.35870400931930546,-19.887544948022263,0.46511467473521406,0.37580988671875004,-16.22925217147796,0.23806239568947538,0.3353657931089401,6.872401657371661,1.4430049656640418,1.4313626180351258,-0.5551132685306391
342.3399999997612,stand,stand,-0.0,-0.0,0.0,1.0008355529383812,0.8105781598875552,-0.3895620286696232,-168.7512129317698,-0.008679104672831573,0.025211978064752,-0.004811934037816671,0.014427784285643886,0.01158869262727756,-0.030348479835859872,0.07490418415268874,0.2523991181334031,0.4696497906103473,0.3590577628860474,-19.955697552264606,0.46717693993370607,0.3774468090782166,-16.31150974656498,0.2545908582216836,0.3531357407569885,6.952896607208645,1.4519388221261686,1.440905411070633,-0.5850339351407753
342.35999999976116,stand,stand,-0.0,-0.0,0.0,1.000705264920431,0.8231956676933451,-0.3748326480475042,-168.78984276844153,-0.009221950691468823,0.025566567647964326,-0.005448543225286845,0.010312409205156756,0.012563796103622384,-0.03429779908820117,0.07472599656089161,0.2510163569450224,0.47057857363357025,0.35953987505531315,-20.059331862119006,0.4692974691276371,0.3789627340087891,-16.4247635856787,0.2717011020509362,0.370728588104248,6.956597267664569,1.4609043447642402,1.4514910022676468,-0.5427160868790575
342.37999999976114,stand,stand,-0.0,-0.0,0.0,1.0005592320831145,0.8306061603916634,-0.36092413678313184,-168.83066228526428,-0.010209122517237346,0.026066207863169613,-0.006368885572162219,0.005710664681512953,0.01148101334146884,-0.035921036836241815,0.07449279447320632,0.2499154905816891,0.47183362013486635,0.36038295295333866,-20.15888042742158,0.47145693445476855,0.3807291176567078,-16.498161289177055,0.28919187393200224,0.3879212498664856,6.912513144822681,1.4704693813188923,1.4613236005366326,-0.5595013735424845
342.3999999997611,stand,stand,-0.0,-0.0,0.0,1.0003969088412041,0.8340742178894206,-0.3500344082291813,-168.87135445719395,-0.011580828717634679,0.02682337395900137,-0.007522452992679728,0.0024822462523276263,0.008655119534226605,-0.035588420940118416,0.07426200553888822,0.24907811183300776,0.47337146749615555,0.361082115436554,-20.331759752610786,0.47368837819553766,0.38273421790695195,-16.544059724068855,0.30668541829262164,0.40518600344657896,6.89573290442844,1.481191735703388,1.4723448495328904,-0.593785863359419
342.4199999997611,stand,stand,-0.0,-0.0,0.0,1.0002163093039909,0.8356452748317004,-0.34322432592519664,-168.90971885377542,-0.013060661290799323,0.02774469406472387,-0.008882265286367819,0.0010524112619327793,0.005044603777211877,-0.033277684456345734,0.07397760286281056,0.24806493088302023,0.47514706960886066,0.36199582483863835,-20.505364275210557,0.47605582768033683,0.3848296191940308,-16.603041657329243,0.32394616305040297,0.4219860196113586,6.872491471252357,1.493207052734133,1.4854200000823021,-0.6124346088641883
342.4399999997611,stand,stand,-0.0,-0.0,0.0,1.0000155136416338,0.8372924966322585,-0.34100642986631124,-168.9441850918392,-0.014615298114876963,0.02874425242720314,-0.010387555030235873,0.001341868993439023,0.0009534908942832343,-0.029726771758563062,0.07350094625396099,0.24583143879809,0.47711641015620265,0.3626115706214905,-20.764029943673634,0.47862416905444893,0.38713572290039067,-16.665049521889937,0.34091719396178083,0.43853760361671446,6.855184689437791,1.5063994644228667,1.5000505785406113,-0.616852692764249
342.45999999976107,stand,stand,-0.0,-0.0,0.0,0.9997908515185419,0.8403613564993133,-0.3423098081885452,-168.97400954880288,-0.016109754685640902,0.02971330651699705,-0.011949423464632552,0.002715283882932839,-0.0018310871161095108,-0.025573596036108405,0.07297190057992664,0.24275643338069852,0.47927685096557565,0.3634418931255341,-21.01824936872817,0.48146748706032383,0.3894961860427857,-16.773196955508737,0.357528074677843,0.4549750447273254,6.862021685952754,1.5205482398875902,1.5149804207444668,-0.6296597284240103
342.47999999976105,stand,stand,-0.0,-0.0,0.0,0.9995395043593918,0.8437903449285928,-0.34742349949259654,-168.99930896809107,-0.017444809762133785,0.03048027858670628,-0.013699347178575527,0.002818111274304277,-0.005187806785328505,-0.02161217733133519,0.07248511526264727,0.23923176442011912,0.4816945873273566,0.36479640867805485,-21.229349151722833,0.48457137775524345,0.3917951967964173,-16.938069007033256,0.37363996906119046,0.47158060073852537,6.93038661437669,1.535541442845867,1.5303276481986523,-0.6499515090732844
342.49999999976103,stand,stand,-0.0,-0.0,0.0,0.9992615425063736,0.8448170522598024,-0.3570765884211266,-169.02031997899684,-0.018492907778996634,0.030903972895799717,-0.015488410076454637,0.00041713579281198675,-0.009157114441158557,-0.01785089600956074,0.07192644181784286,0.23455439162726227,0.48445067841837003,0.366158255601883,-21.50602830430574,0.48784241882799523,0.3939032342681885,-17.16043986598775,0.3891708323188428,0.48804730772972105,7.0386449105481645,1.5510933449057698,1.5457207824051857,-0.6724311580882535
342.519999999761,stand,stand,-0.0,-0.0,0.0,0.9989628451273872,0.8429510594473028,-0.3701827147660996,-169.03801365146862,-0.01909816501120065,0.031298181821802086,-0.01679155129320151,-0.0019914545203661965,-0.011923228145402967,-0.015199908441031666,0.07136507910871367,0.22908003535275473,0.4874841100631488,0.3665663388023377,-22.00001855508909,0.49120534204034244,0.3959139969596863,-17.411340163195057,0.40413991309438435,0.5042519629001617,7.170568924491251,1.5667890322252696,1.561064754886973,-0.6853992226754353
342.539999999761,stand,stand,-0.0,-0.0,0.0,0.9986544318484677,0.8382232986528183,-0.38439257310607594,-169.05225954369413,-0.019392078425662245,0.03154849814765184,-0.01727331263793586,-0.004493542304684483,-0.012578793010703223,-0.01191228328400813,0.07087678005014462,0.2233481923149912,0.4906656767605915,0.3664922204265595,-22.59718259304627,0.49454740018659343,0.39760688808059697,-17.7068813301171,0.41864000675525104,0.5201672375202179,7.309256919638341,1.5823831405260929,1.5763914029062271,-0.6880773842285279
342.559999999761,stand,stand,-0.0,-0.0,0.0,0.9983465479396466,0.8309640679905742,-0.3965940105098769,-169.06399577482526,-0.019465333738234843,0.03206387225471098,-0.016938031913763515,-0.006605126709222607,-0.010400610433542326,-0.010110111526324989,0.07028567110077989,0.21682356657698487,0.4938690653919633,0.3658414271125794,-23.29281617572964,0.497786272050478,0.3995288994560242,-17.936541845619338,0.43260594270450803,0.5350405633449554,7.4129209518241135,1.597867407424574,1.591451671248722,-0.6954430801404874
342.57999999976096,stand,stand,-0.0,-0.0,0.0,0.9980500623378931,0.8213433278502178,-0.4055163752261543,-169.07448067402262,-0.0193794568939893,0.03294190444143022,-0.01595703918630795,-0.00877567590421925,-0.007511559373710387,-0.009126269148853214,0.06954434312672124,0.2093089049478088,0.496973564234791,0.365146794582367,-23.969419387376742,0.500815996138686,0.4015545037040711,-18.101665646091313,0.44588465149599105,0.5486008882522583,7.47420658960759,1.6131791597907128,1.6064474399149895,-0.6976465484463387
342.59999999976094,stand,stand,-0.0,-0.0,0.0,0.9977741479429518,0.8091717564081047,-0.41163496892969487,-169.0831384880611,-0.0191411674948076,0.03407259225514521,-0.014617178963191813,-0.010943601506982406,-0.005024491674612518,-0.007468439011742624,0.06874416176778052,0.2012184877210153,0.499890698685373,0.36444328096008305,-24.60706858828805,0.5035240952821541,0.4034228112945557,-18.22773672759869,0.45837569822177415,0.5608838558197021,7.5020706484334205,1.6282468141329522,1.6213273967564583,-0.6943409241278378
342.6199999997609,stand,stand,-0.0,-0.0,0.0,0.9975232265135932,0.7952133402704237,-0.41557255176369845,-169.08835176386583,-0.018657982260241564,0.03535069914803835,-0.013144254843351395,-0.012377833050464549,-0.003111839439699051,-0.0041748158304847375,0.0679423268159825,0.1926257623355867,0.5025541223755782,0.3635636654148102,-25.225551561345164,0.5058688943909093,0.4050245669136048,-18.33396196248445,0.46997756021514725,0.5719269871711731,7.5084999162451735,1.6430988104546673,1.6362603570282936,-0.6859601176428369
342.6399999997609,stand,stand,-0.0,-0.0,0.0,0.9973021136104522,0.7797471981584005,-0.41896579145591134,-169.08969136460948,-0.01819964286193408,0.036858191779308096,-0.01159146169843779,-0.013688499692226564,-0.0028095129413931567,-0.0008643930647407037,0.0672594969624372,0.1840461953960031,0.5049080307059679,0.36237070825195317,-25.839994787395565,0.5077974890677367,0.4062132027397156,-18.434765603812124,0.4807327881608648,0.5818571805953979,7.490024812863095,1.6577091235003867,1.6510809848964692,-0.6732441087041109
342.6599999997609,stand,stand,-0.0,-0.0,0.0,0.9971149475194011,0.7627233027078384,-0.4223718759019963,-169.08849376781205,-0.01752739134206086,0.03870908564179517,-0.009882936436865341,-0.015025327142090369,-0.0028678443087998395,0.0009647906650942096,0.06673378710378353,0.17557915472792895,0.5069159670291805,0.36070437100028996,-26.474650009540884,0.5092657562901746,0.40700636174774174,-18.521049026214463,0.4905904117205311,0.5908319115638733,7.4700506862214056,1.672029176003365,1.6654015968502045,-0.6629897986652689
342.67999999976087,stand,stand,-0.0,-0.0,0.0,0.9969654175682839,0.7437633041123151,-0.42556464563245955,-169.08503065613002,-0.01658017249143373,0.040664929627678974,-0.007974379736391894,-0.016762494570893037,-0.0027106647812981796,0.0031244752096798428,0.06634133582335373,0.16706828866511764,0.5085556074621032,0.3587348547229767,-27.095859598719176,0.510221848130353,0.40730808045959477,-18.59893993043372,0.49943537125906184,0.5988360106945038,7.459241105727352,1.6859734691475488,1.679104034131813,-0.6552225445583303
342.69999999976085,stand,stand,-0.0,-0.0,0.0,0.9968540501639369,0.7226359219583176,-0.42836655790551015,-169.0766060643085,-0.015272459790761602,0.04248606412609463,-0.006025331954285671,-0.01858420026143594,-0.0022599410826865778,0.00777124070624431,0.06611419870000232,0.1589650977656918,0.5098289252873166,0.3565703120479584,-27.68584366764715,0.5106390625016403,0.40722606446838383,-18.647633399540016,0.5071680277565473,0.6059594511985779,7.474540941273029,1.6994407052442835,1.6920687596261978,-0.6517950957392611
342.71999999976083,stand,stand,-0.0,-0.0,0.0,0.9967746580266991,0.6995327204208304,-0.43015263724090463,-169.06216969343595,-0.013799986101418827,0.04427923876463178,-0.0043916648904156076,-0.02013374326262738,-0.001171592809272175,0.012980432572774432,0.06607517012031752,0.1566714451497937,0.5107956719831372,0.35412422683334355,-28.276162692573582,0.510596400305109,0.4068468597183228,-18.673336843608972,0.5137851067127707,0.6120229125022888,7.492941023815527,1.7123019000872415,1.7043855081260681,-0.6441953350281431
342.7399999997608,stand,stand,-0.0,-0.0,0.0,0.996721347338545,0.6733853460903216,-0.4306477621758325,-169.042674508011,-0.012426970619204149,0.04603654593649434,-0.002987403261955148,-0.02306348321616971,-4.835946433820587e-05,0.017168418655156073,0.06622451607494066,0.15996689101129946,0.5115488307333607,0.3515819397220612,-28.853236150336247,0.5101271248733977,0.40618578460311894,-18.67501753689673,0.5193433913881228,0.6167698860168457,7.4872823290943185,1.7244915925510127,1.7159397642076493,-0.6379663147929796
342.7599999997608,stand,stand,-0.0,-0.0,0.0,0.9966940633481517,0.6417495057970289,-0.4299766313971914,-169.01858785171225,-0.011264449240285457,0.047621418454110845,-0.0015490989432215157,-0.02817284208157551,0.000904266901750471,0.02130771551579377,0.06649525195418046,0.16311394843693305,0.5121562534544044,0.34904230501747135,-29.40857232478487,0.5091647910634789,0.40538088348007206,-18.60906882928534,0.5238431451835958,0.6202710628509521,7.466610456200597,1.7360741583958563,1.7266233305395127,-0.6403143305390264
342.7799999997608,stand,stand,-0.0,-0.0,0.0,0.9966974001897597,0.6032964495716051,-0.4292597827131797,-168.98851987869412,-0.010255955220258631,0.04897780283406708,1.297003743553802e-05,-0.034147143125101004,0.0008779882428286268,0.0267879575296882,0.06682041897174108,0.16622314665134053,0.5126041936865579,0.3463810470352173,-29.95597741833955,0.5076168616799964,0.40443734195327763,-18.455422120045057,0.5272536842025345,0.6227220058441162,7.450834330376538,1.7470130448301144,1.7365149597585678,-0.6442731775411709
342.79999999976076,stand,stand,-0.0,-0.0,0.0,0.996735226180164,0.5585189631333968,-0.4294771631038598,-168.95202912977408,-0.009379737709755044,0.05027448760257018,0.0016977271103961328,-0.039499041623434816,3.3539986439486374e-05,0.0324895188243483,0.06716506044801988,0.16913564495664957,0.5128380294533385,0.3437023844966889,-30.46324444434655,0.505450461973762,0.40337745215988163,-18.208549481020917,0.5296218322968614,0.6242339968681335,7.440367747686711,1.7571637323315479,1.7457380632818222,-0.6400193034757407
342.81999999976074,stand,stand,-0.0,-0.0,0.0,0.9968068336304299,0.508259876640601,-0.43103245053694544,-168.90990891416294,-0.008627901528238476,0.0515527911218902,0.003211249272263826,-0.044308015432906175,-0.0012815535681837936,0.03714339358380993,0.06751825667919503,0.17186527689976672,0.5128476630367754,0.3409823861370087,-30.93774509979707,0.502693554541318,0.40222547319030766,-17.87454142876758,0.5310378053701965,0.6248346328735351,7.427610427365448,1.7664784315221886,1.7542865167320252,-0.6304532559365817
342.8399999997607,stand,stand,-0.0,-0.0,0.0,0.9969064033897018,0.45344868052629794,-0.43462833978952187,-168.86303828522134,-0.007952897002111575,0.05280119850492227,0.004443624891382203,-0.04794303462533927,-0.0031476474796662975,0.04123621815517376,0.06786480738920539,0.174459523610194,0.5126653763819531,0.3382058527717591,-31.389405566345555,0.49942808903613634,0.40094057586288456,-17.479068369766267,0.5315934724460686,0.6245141386985779,7.408618901748776,1.774957349523443,1.762018133229065,-0.6211599311898914
342.8599999997607,stand,stand,-0.0,-0.0,0.0,0.9970310421244586,0.3969377305777497,-0.4392321818419978,-168.81099309555336,-0.0073368169760130685,0.053934603646322285,0.005617773318361964,-0.0491748826023967,-0.0037413375836479563,0.045888433129188985,0.06813638600424506,0.17676194936285938,0.5122337370787713,0.3354717877159119,-31.785087886417088,0.49575950980860567,0.39953873422241215,-17.03999944553335,0.5314449120022389,0.623208737373352,7.351102210216101,1.7825477446128954,1.7687547693908692,-0.6107645196432199
342.8799999997607,stand,stand,-0.0,-0.0,0.0,0.9971756307841216,0.3411893217328237,-0.44290176029823713,-168.75276708088964,-0.006768326968727394,0.05507198580338331,0.0067620639949533415,-0.04812619437644706,-0.0028600450983944396,0.051361279957675435,0.06834101945575814,0.1787111350984838,0.5115312909822729,0.3328201558837891,-32.11566423790453,0.49180430597996116,0.3978899505386353,-16.603117566610777,0.530621575586455,0.6211169719696045,7.28796791562657,1.7892306449525948,1.7743958870828629,-0.6060538921393199
342.89999999976067,stand,stand,-0.0,-0.0,0.0,0.9973434910699005,0.2890343365020491,-0.4468307870271957,-168.68820114604063,-0.006124208126541481,0.056473557943548865,0.00795352552181498,-0.044676191654604014,-0.0033071685240936965,0.056912327173298756,0.06850963376706884,0.18029914408742753,0.51043816383993,0.3301390197525025,-32.37159754613561,0.4875828493543072,0.3961601045379639,-16.13417266519953,0.5289932125104219,0.6184181332588196,7.247669007040726,1.7949360000905585,1.778971065110016,-0.6004555913244212
342.91999999976065,stand,stand,-0.0,-0.0,0.0,0.9975385059785766,0.24204398192215554,-0.45254738983455894,-168.6176723496111,-0.005438868886622941,0.05798664449260004,0.009171171339948183,-0.03996776006401628,-0.005049006852111101,0.062092873016625874,0.06867067394409543,0.18169670167651608,0.5088712248164697,0.32717452313995365,-32.58697434180167,0.4830807019808573,0.39417974021530156,-15.658802254657775,0.5265268571583894,0.6150691866874695,7.223799142736028,1.7996031527951275,1.782645244425583,-0.5895702166861717
342.93999999976063,stand,stand,-0.0,-0.0,0.0,0.9977611858490445,0.20063396396649996,-0.4604972600641811,-168.54223343969696,-0.004823794071706786,0.059475275543293765,0.010351787847689229,-0.03501153673117605,-0.007045140455587789,0.06628047512565,0.06884779688005063,0.1829228437648842,0.5068126741405556,0.32388983037567143,-32.77014734708929,0.47830181223254836,0.39198152091598515,-15.173160427575901,0.5232557157055813,0.6109686851501465,7.2021145105131446,1.8032532658192018,1.7854159812391281,-0.5767987350938484
342.9599999997606,stand,stand,-0.0,-0.0,0.0,0.9980079668282642,0.16441612635051325,-0.4700311027474045,-168.46327882819514,-0.004377533995575756,0.06080509348787115,0.01141423677651615,-0.030500731637790542,-0.008367415428816449,0.06921154912309324,0.0690261414123979,0.18392594185033262,0.5043067573811096,0.320380815530777,-32.91650772254123,0.47328237871816464,0.389649489189148,-14.670830685466768,0.5192415349445054,0.6060562491416931,7.171489254686314,1.8059584403031537,1.7873025725543976,-0.5651852773602559
342.9799999997606,stand,stand,-0.0,-0.0,0.0,0.9982718548104897,0.1328142681080229,-0.47975421541137075,-168.38158636850466,-0.004173676587401588,0.061874381618662155,0.0122576671906931,-0.026501654181923278,-0.008389186416205575,0.0715624642305708,0.06920139718402289,0.18467011048387394,0.5014364407508265,0.31676633026695256,-33.0226163997955,0.46809614346215506,0.3872119572410584,-14.162954396404029,0.5145670831264594,0.6003712177276611,7.127099162413357,1.8078294655612623,1.7883600930631638,-0.5566092220958937
342.9999999997606,stand,stand,-0.0,-0.0,0.0,0.9985437684455215,0.10554640184149627,-0.4879753067572852,-168.29640071618647,-0.004264913219184765,0.06257127874945041,0.012810709175489756,-0.022707825299741014,-0.006903599661474592,0.07476417142823379,0.06935528688592175,0.18511191208259242,0.49829463229171417,0.31318272020912175,-33.08141008694784,0.4628506416759776,0.38481984403228764,-13.644361369588541,0.5093188707464367,0.5937650263309479,7.049799738529977,1.809064050411481,1.788730550831604,-0.5541960910281662
343.01999999976056,stand,stand,-0.0,-0.0,0.0,0.9988139211050491,0.0825025637777037,-0.4932287090160842,-168.20602165209394,-0.004688050158660815,0.0628741900449929,0.013010904293370831,-0.018991658012380556,-0.004179630172410599,0.07950844568641166,0.0695072622330103,0.18526205955758718,0.49497564042916925,0.3097135808715821,-33.09492245149247,0.4576677336303842,0.38258836534118656,-13.117478501284044,0.5035614436144683,0.5861970543861389,6.93267370575902,1.8096911746099327,1.7885382513463974,-0.5515614810085
343.03999999976054,stand,stand,-0.0,-0.0,0.0,0.9990735866435178,0.06350000764557069,-0.4949694114281421,-168.10904193009554,-0.005435664091711973,0.06285748468644468,0.01282858740690734,-0.015426991569746737,-0.0009995918268487641,0.08542055996812953,0.0696971295758893,0.18524297203868462,0.4915678500408514,0.3063248780021668,-33.08478738320977,0.4526552244212681,0.3806196239242554,-12.582646274977908,0.49729107530306466,0.5777183830738067,6.7838618715773125,1.8098977034192036,1.787676651305008,-0.5619195748230017
343.0599999997605,stand,stand,-0.0,-0.0,0.0,0.9993162667325386,0.048153079482304906,-0.49467400230960545,-168.00505495711937,-0.0064839948766767215,0.06254872794690833,0.012135181694459651,-0.012247162448811388,0.00041634566531329907,0.09155101729963115,0.0699500850953675,0.18505781554506467,0.48815265824220827,0.3030948426971436,-33.05085535879553,0.4478851567180039,0.37891493108367924,-12.048740185567823,0.49044444006881116,0.5683527052402496,6.6144576458298445,1.809902421990936,1.7860670427740097,-0.5970740608073817
343.0799999997605,stand,stand,-0.0,-0.0,0.0,0.9995365157576499,0.03590693280096497,-0.492788181137435,-167.8946272212456,-0.007777760322689528,0.06198026387211442,0.011165999820354417,-0.009576988083625662,0.001792467681967105,0.09709372054881325,0.0703166904397502,0.1849611714339064,0.48480884249065387,0.2998476710567475,-33.03892345143527,0.44342372412836306,0.37731615569686894,-11.556764537205185,0.4829544990922297,0.5581190943717956,6.430885321661925,1.80961073588242,1.7837287227571488,-0.6409266814332953
343.0999999997605,stand,stand,-0.0,-0.0,0.0,0.9997302897617706,0.025885420606398975,-0.48922944606191626,-167.77901061344605,-0.00931787038533791,0.06117415813172197,0.010008563946403834,-0.0077149372246718756,0.0032421246824613373,0.1014799627241648,0.07077183456210476,0.18487505224425688,0.48161213570411104,0.29673708345985417,-33.034697929111495,0.4393193665733511,0.37589947249984745,-11.1001420314281,0.4747298503617924,0.5469200670719147,6.234068919889313,1.8088534662914377,1.7805952171743393,-0.6872106913998705
343.11999999976047,stand,stand,-0.0,-0.0,0.0,0.9998954233130712,0.017123207204065908,-0.48413689872827603,-167.65981238607796,-0.011084022266681058,0.0601094732712434,0.008738765482674622,-0.006702380675552896,0.004550747934981532,0.10443471031502566,0.07131197325299518,0.18479861651260743,0.47862377465660466,0.29382515814399723,-33.03690375049273,0.4355974500608678,0.3747197773704529,-10.671799058071866,0.4657039144662174,0.5349820613861084,6.045260284954921,1.8070020125532196,1.7767230461299897,-0.696746081381023
343.13999999976045,stand,stand,-0.0,-0.0,0.0,1.0000314928595253,0.008714857774384412,-0.47796375600182467,-167.53898818136392,-0.013054241383547369,0.058817777364542634,0.0074057337640393815,-0.006490984631209067,0.0054256279761632775,0.10563828907439875,0.07194502916568085,0.18472207516236144,0.47588740583557926,0.2911653306732178,-33.04240601175401,0.43226486915620493,0.3738324430236817,-10.26149771560982,0.4558050585340526,0.5225056171417236,5.887344341327301,1.8037486324549912,1.7720589081705094,-0.6833953458067894
343.15999999976043,stand,stand,-0.0,-0.0,0.0,1.0001382728149255,-4.072455715999142e-06,-0.47104693455435886,-167.4184080540082,-0.01523337627278051,0.05729586653165791,0.0060308190170893245,-0.0068403796872536496,0.0060492950459475805,0.10524592527376407,0.07266342992428762,0.18464218085404316,0.4734381970951168,0.28879601624107365,-33.050017626468524,0.42933446020238575,0.3732166674385071,-9.875782442886209,0.44501733472150146,0.5097728729248047,5.780735983627476,1.7992302540423937,1.7664892564476014,-0.6667305803669036
343.1799999997604,stand,stand,-0.0,-0.0,0.0,1.0002160676002818,-0.009288353478273484,-0.4634153586833578,-167.2999321073418,-0.017609193796060033,0.05558870513479703,0.004676402319586758,-0.007383962644409275,0.006700329510541907,0.10321596620869183,0.07347187441988913,0.18467157205419155,0.47129082666806793,0.2866192546138764,-33.07876985545948,0.42682542638904825,0.3728693511734009,-9.519288752143053,0.4333902947629772,0.49689227938652036,5.72656290276162,1.793533556276022,1.7596813331306458,-0.653906220625526
343.1999999997604,stand,stand,-0.0,-0.0,0.0,1.0002703091246838,-0.018069809729094433,-0.45622980638635263,-167.1862445807289,-0.020062862634605782,0.053950760444227516,0.0035012748404195902,-0.006789446113868362,0.006089641269199939,0.0986970438894221,0.07432618460002523,0.18466400718278048,0.469361280223552,0.2846972730407715,-33.09377701074812,0.424724974055972,0.3727754142532349,-9.189309722723522,0.4210112642545598,0.4838803768157959,5.717279408716462,1.7865727279114696,1.7513041834295273,-0.6451348522431375
343.2199999997604,stand,stand,-0.0,-0.0,0.0,1.0003032168061636,-0.025979681882922864,-0.44923581163653803,-167.07966185779887,-0.02263765585330427,0.05221859261237034,0.002448409194646475,-0.006123765960113594,0.006068041051737273,0.0922929189117919,0.07521204313239283,0.1847677083689923,0.4676325856177564,0.2828648772487641,-33.12799480606327,0.42303961946071256,0.3727124717483521,-8.929076122232917,0.4080358592397825,0.47049779295921323,5.717042747907736,1.7782434723839564,1.741460044211197,-0.6354462390294713
343.23999999976036,stand,stand,-0.0,-0.0,0.0,1.0003162018266054,-0.03345876528554341,-0.44167924057032576,-166.9817299584495,-0.02532723935835612,0.050309884075269005,0.001548958288956819,-0.005874016806271484,0.006612904994486795,0.08459255113223994,0.076119765889687,0.18501428629702604,0.4661084287588028,0.2810941424617768,-33.188138911069935,0.4217624129946195,0.37289515998458866,-8.697501233148552,0.3946330424821527,0.4567233085632324,5.710266350842853,1.7684715035514111,1.730102736777115,-0.6250379161199793
343.25999999976034,stand,stand,-0.0,-0.0,0.0,1.000315452266777,-0.04110257222586835,-0.43433292767985765,-166.89325788481761,-0.02803088386600463,0.048159738219089,0.0008912331145012491,-0.006230914585551701,0.006065644204004307,0.07635483935220784,0.07705612122079285,0.18540605154243545,0.46474516504112323,0.2793391134986878,-33.27095010955642,0.4208014136280945,0.3733974483261109,-8.457944182321727,0.3809217366262404,0.44260150790214536,5.691939820615303,1.7572763305434136,1.7174158732355118,-0.6130352353196109
343.2799999997603,stand,stand,-0.0,-0.0,0.0,1.0003073574334846,-0.04911105156222459,-0.42837995067528384,-166.81463739472113,-0.030495621625269954,0.0458402003961925,0.0004097866822268447,-0.006496128762761213,0.004994682181453152,0.06756586461564797,0.0780275984564437,0.18597161354131092,0.46348906008405083,0.2775174465427399,-33.38104002800572,0.42007099112324814,0.3740426090011597,-8.227662589899184,0.3669869137535017,0.4283533453941345,5.68019272695006,1.744777099984088,1.703647006577301,-0.6004146443913742
343.2999999997603,stand,stand,-0.0,-0.0,0.0,1.000288538575566,-0.055691118176127874,-0.42218654460173455,-166.74924396744115,-0.0329273869984473,0.043639496293771854,-9.166479563042405e-05,-0.005080456461276075,0.005441862626546251,0.055914029135917157,0.07902198774468372,0.1866873912642028,0.46233378840279843,0.2756463971385956,-33.51749640615044,0.4197105542654488,0.37488994863128666,-8.039188249567939,0.35296817994846863,0.4140367865562439,5.659235963486114,1.7311770516348484,1.689186979359436,-0.5844023892624646
343.3199999997603,stand,stand,-0.0,-0.0,0.0,1.0002627121354064,-0.06066740661355544,-0.41519918797614336,-166.7005426478421,-0.03525757832874471,0.04149247729865245,-0.0002881596194543919,-0.003922138633232713,0.006151442845500003,0.04087294579138133,0.08001539777769154,0.1873552420990442,0.4612473851349329,0.2738921430358887,-33.643500639809986,0.41968528291574825,0.3760754254112244,-7.848054059032883,0.3389620744227088,0.3995079755783081,5.617606898616906,1.7166641505304665,1.6739641766012192,-0.5713312989141445
343.33999999976027,stand,stand,-0.0,-0.0,0.0,1.0002362727682945,-0.06494369936218558,-0.40760335359199296,-166.66833956919027,-0.037509715156838125,0.038946067984475995,-0.0002465025809774947,-0.0034692520239005186,0.006683590700917767,0.02648174625254652,0.0809899755138202,0.18793258656372097,0.4601961518904117,0.2722635653266907,-33.7501832974572,0.419894935680827,0.37745396163558964,-7.655408881514343,0.3250250024909504,0.3850455045700073,5.572692564621546,1.7015281836670468,1.658481788164425,-0.559477108742093
343.35999999976025,stand,stand,-0.0,-0.0,0.0,1.0002066178810873,-0.06795735372132866,-0.3993911284959733,-166.6515554768933,-0.03978913363265145,0.036014839324559726,-0.00035812530067908926,-0.002353878894298257,0.007238698701305175,0.013000225191991151,0.08202440933300369,0.18859980570537355,0.45919628872234136,0.2705964830169678,-33.87418328923833,0.4204027016463706,0.37895558145141606,-7.499364905758111,0.31128579826917446,0.3710440158843994,5.540033460648108,1.6860624614640525,1.6430596972764016,-0.5475530379556496
343.37999999976023,stand,stand,-0.0,-0.0,0.0,1.000171809026091,-0.06888635708305121,-0.3904283973680006,-166.6475543250748,-0.04200051510386296,0.03249807313802559,-0.0005422985328417712,-0.0004761415958431362,0.007942631730347538,0.0020817245691187912,0.08317447243100534,0.1894415627364981,0.45824534665487887,0.2688037839183808,-34.0289002414751,0.4212464561038831,0.3805807020912171,-7.385355666036252,0.29790503601116797,0.3575159668922424,5.507968487666507,1.6704146217355786,1.6275701562822342,-0.5373332438522002
343.3999999997602,stand,stand,-0.0,-0.0,0.0,1.0001319891949223,-0.06789438819555361,-0.3805952707650814,-166.6510205438347,-0.044074335142370004,0.028075914376385687,-0.0007005191716679307,0.0011030734168487623,0.008724104611646275,-0.0037499258195890293,0.08440759705101161,0.19444691733994446,0.45734312327175897,0.26696772244071965,-34.20116068147102,0.42239490920725487,0.3822967198143006,-7.305819446635031,0.2849623019682591,0.344383230805397,5.468465883278334,1.6546263412702475,1.611875269836235,-0.5299298147817872
343.4199999997602,stand,stand,-0.0,-0.0,0.0,1.0000913180960835,-0.06383294977062544,-0.3704362624723853,-166.6646775709822,-0.04588424481087833,0.02382004609413591,-0.0006888475622534706,0.0038970137208416034,0.00894174374416353,-0.01312850554934058,0.08567639871352814,0.2034399719434746,0.45642165572050325,0.2651106205234528,-34.36807360726276,0.4238322579562351,0.38403288390731816,-7.274389972709736,0.2725013971551095,0.33178474605083463,5.430841650075795,1.6386581911605242,1.5959062094748497,-0.5232908730468869
343.4399999997602,stand,stand,-0.0,-0.0,0.0,1.0000575250212809,-0.05605242494382146,-0.3612946448250661,-166.6915038526954,-0.04740667974707264,0.019597276484434094,-0.00041715790619289723,0.007113875460504716,0.007900261987748243,-0.024876319586020997,0.08692372342207973,0.21144966531093534,0.4553930033383147,0.2631707575569153,-34.523796987886115,0.4254749593870789,0.3857013371238709,-7.285659900724864,0.2605559804344584,0.3196230292320251,5.3851222276929755,1.6224198705246027,1.5795761610329628,-0.5157129939542612
343.45999999976016,stand,stand,-0.0,-0.0,0.0,1.0000393834907015,-0.045114926519641246,-0.3545266693504961,-166.73231713237772,-0.048687171074405206,0.015246012035056798,0.00016319209057837007,0.009712831387265296,0.005711454894681046,-0.03709597150843615,0.08812278979997339,0.21820719998816324,0.4541871472476869,0.26097560789680485,-34.68812424301251,0.42718460496338156,0.38719264533615116,-7.330206953903889,0.249135049803828,0.3077304273843765,5.318556357375721,1.605817784006316,1.5627989594772935,-0.5070721723189446
343.47999999976014,stand,stand,-0.0,-0.0,0.0,1.0000446681211301,-0.03237291835018338,-0.35100070147962104,-166.78621386107125,-0.049795985329458385,0.01066425401273694,0.0010416523545280377,0.011051667694436792,0.002805439083071983,-0.04837001390456108,0.08931602788535696,0.2237787914269052,0.4527621715395991,0.25838840868568425,-34.88026336078951,0.42880878929844474,0.38844094541168217,-7.391261377000677,0.2382151189692442,0.29619393348693845,5.241815021385249,1.5887914645324253,1.5455499648064852,-0.4977089329349378
343.4999999997601,stand,stand,-0.0,-0.0,0.0,1.000078754897823,-0.01941567502192677,-0.35080114822636876,-166.85149943821153,-0.050803981795566756,0.0058227025115616315,0.0021928986488714817,0.011022492956345248,-3.1711891743585714e-05,-0.05811113073131677,0.09048703267150407,0.2280624900362631,0.45110509751639405,0.2554920103797913,-35.08533172558138,0.43022470437463955,0.38939110305404667,-7.458925364974151,0.2277834726649556,0.2851229667663574,5.16383287150634,1.5713387695035115,1.527949881082821,-0.48664465003671187
343.5199999997601,stand,stand,-0.0,-0.0,0.0,1.0001456852734865,-0.007040225474886785,-0.3529591881381292,-166.92605224749698,-0.05171597700556355,0.0008428118903101544,0.0036372312385032114,0.010362305587591875,-0.002067308626000178,-0.06595825846865998,0.09162566099116644,0.2358446579701559,0.44918429945780874,0.25238833692169194,-35.278943960387885,0.43135153268083487,0.3899670031318665,-7.534678683822816,0.21782548966712142,0.2745219379663467,5.087261840450605,1.5534846060030487,1.5100568759203434,-0.47450697382552554
343.5399999997601,stand,stand,-0.0,-0.0,0.0,1.0002469545879753,0.005504257052826987,-0.35780402210425816,-167.0073821811754,-0.0526024511819321,-0.0039659360926570615,0.005088801380904217,0.010645777455400662,-0.004516444418603251,-0.0715780892302472,0.09277116852588631,0.2480518250506261,0.4469467221981065,0.24907717969512944,-35.4458062822299,0.43217408838773563,0.39018485810852055,-7.620554098308555,0.2082944815659846,0.2643930077552795,5.016208570272453,1.535254177349409,1.4917194734275818,-0.4632372674138939
343.55999999976007,stand,stand,-0.0,-0.0,0.0,1.0003781143438795,0.01641537676541517,-0.36431730295520215,-167.09258247605334,-0.05350350372989308,-0.00905871542390603,0.006420137527129038,0.008881530932014508,-0.005789163477995901,-0.07462575154950021,0.09393480423624159,0.2615376410845411,0.44448914547663004,0.24551604058837895,-35.62818852812013,0.43268668708883967,0.389957049156189,-7.730053741678627,0.1991757858454849,0.254820442199707,4.956394795078285,1.5166871106390387,1.472860198742199,-0.45839558674185654
343.57999999976005,stand,stand,-0.0,-0.0,0.0,1.0005406955265836,0.02535505007616423,-0.37236056881683816,-167.1798008402963,-0.054120371178980435,-0.014180189346646435,0.007884905883513937,0.007179830119474019,-0.007237743384185693,-0.07623326858674676,0.095137596718847,0.2760838392489759,0.4417857524166671,0.2417920615921021,-35.79247314497398,0.4328492583360648,0.389376678730011,-7.835430526244312,0.1905819322192274,0.2459759771823883,4.905786063566471,1.4977944631175744,1.45389325571661,-0.44884590611361863
343.59999999976003,stand,stand,-0.0,-0.0,0.0,1.0007291084761407,0.0346138852320813,-0.38215144537498025,-167.26925421779407,-0.05457484580708358,-0.019007393098517997,0.008949600978337479,0.007806857434757183,-0.008790180235860064,-0.07828778118663794,0.09642403674756372,0.2914852391099217,0.43882294575387565,0.23780188825225834,-35.95733138293637,0.43280824149075686,0.3883897450218201,-7.9908072919360755,0.18246135072744515,0.2378106325864792,4.8772341702533435,1.4788720966738742,1.435279179638672,-0.4423191311452571
343.61999999976,stand,stand,-0.0,-0.0,0.0,1.0009415230580427,0.04453605743562037,-0.39387008329052825,-167.3614783263558,-0.05477824517405798,-0.023790026743104282,0.009989438304656683,0.008247549168094094,-0.01052102613300229,-0.08074151083738589,0.09777271584325284,0.30723237889643223,0.43561367838117027,0.23362950351333622,-36.11138848578875,0.43256678129002685,0.3871937182197571,-8.146817010992073,0.17480916922996786,0.23047045469284058,4.876704060192015,1.460046554178146,1.4171013276041031,-0.429277037068151
343.63999999976,stand,stand,-0.0,-0.0,0.0,1.001178451103198,0.0539521378167916,-0.4068413072607599,-167.457130358089,-0.05460046088606437,-0.02856792150697493,0.011123846478562441,0.007634234369376209,-0.011527947904160767,-0.08381640484694292,0.09918831649630094,0.32335878215660807,0.43219183287834456,0.2293505456695557,-36.24906045105107,0.4320758837082308,0.38570145633316044,-8.307829226881399,0.16774721333397707,0.2239091455936432,4.883586653175897,1.441341483883642,1.3989096621931076,-0.42053515437858424
343.65999999976,stand,stand,-0.0,-0.0,0.0,1.0014395034822448,0.062090978011217345,-0.4204912543925541,-167.55683632718464,-0.05413225991487073,-0.03324641627759136,0.012288271582808498,0.006414151883563373,-0.012075659303964738,-0.08741504081703332,0.10065755709890178,0.33981562478040195,0.4285879619704807,0.22492537763214115,-36.3827569050751,0.4313144777119853,0.38392845656967167,-8.46916193826113,0.1613032243751356,0.21798475682735444,4.890574644197734,1.4227110901378646,1.3806062678754807,-0.4147309563621213
343.67999999975996,stand,stand,-0.0,-0.0,0.0,1.001725284121413,0.06886582848232076,-0.43515385749715424,-167.66040114069116,-0.05352834855355281,-0.03780947007311408,0.013442781372279838,0.005198206576066122,-0.01307690930948443,-0.09071776836027023,0.10214309934169703,0.3560818209214521,0.4247909187684544,0.22039649751281742,-36.49937793732215,0.4302611136079809,0.3818158891448975,-8.6372676792416,0.15542397146427353,0.21278919875621796,4.914848866915478,1.4039992153929677,1.362084511941719,-0.4062841779403389
343.69999999975994,stand,stand,-0.0,-0.0,0.0,1.0020364497798828,0.0746940653084861,-0.45073424524298206,-167.7671539644078,-0.052731225337105704,-0.04222432351083618,0.014652453194936665,0.004397889094952074,-0.013845394081288705,-0.09342334514126394,0.10367743536920399,0.37230047972914904,0.4207659454837895,0.21572039392089848,-36.599509049873376,0.4289077798340963,0.37939230468368534,-8.806713331980532,0.15015848088975503,0.20837946832180024,4.949372603012231,1.3851237925105664,1.3432731668413163,-0.39881983270121557
343.7199999997599,stand,stand,-0.0,-0.0,0.0,1.002371807025978,0.0804421675563473,-0.4660565501292628,-167.87668687411684,-0.05171393780200955,-0.046415939473555844,0.015913459862189318,0.00439945126047046,-0.013480355098628789,-0.0958215253282323,0.10527096234032823,0.38840766302826574,0.4164847631179412,0.21079234149551396,-36.69527235111095,0.4272895075181601,0.3768355038414002,-8.955260677324283,0.1456046642139655,0.20469520092010499,4.979435110153315,1.3660917895458504,1.3242938409507752,-0.39209412831534196
343.7399999997599,stand,stand,-0.0,-0.0,0.0,1.002728109216026,0.08749346645455573,-0.47963448695594674,-167.98906863821682,-0.05051092267486546,-0.05027249545457609,0.0171466525662448,0.005671206087667952,-0.011820594282779066,-0.09834593823016258,0.10684054389621193,0.4039513196212845,0.4119417498299071,0.205758788848877,-36.76328074731963,0.425484001705896,0.3743051674613953,-9.071358016214068,0.141819946840329,0.20173755139112473,5.003052089002291,1.346923024156631,1.3052575181186676,-0.3840926986866221
343.7599999997599,stand,stand,-0.0,-0.0,0.0,1.003100028516422,0.09741967024131591,-0.4903830213328207,-168.10477393567018,-0.04912785653365064,-0.05372429850326057,0.018200385534034313,0.008327170941466018,-0.009277212596961883,-0.10132352083187544,0.1083255035531552,0.4186724753931846,0.4071309558496665,0.2008391406784058,-36.76220221616788,0.4235974261651401,0.3718428995857239,-9.168777847065698,0.13881435322477526,0.19941846132278443,5.014945559404675,1.3276806391693323,1.2863162646949768,-0.37427329265174336
343.77999999975987,stand,stand,-0.0,-0.0,0.0,1.003481615316517,0.11157095558733857,-0.4979436262548264,-168.2242656186353,-0.04755629122804275,-0.05679490163077457,0.018981224966023776,0.012121237342626254,-0.006516279056905209,-0.10469462821408737,0.1096658103991245,0.432223168840182,0.4020603473241244,0.19608537223434452,-36.684993598227706,0.4217343687285949,0.36946294572448735,-9.263649210394881,0.13656184569399857,0.19773188829421998,5.0186712026981475,1.308434498566324,1.2674614678085327,-0.36453055946672075
343.79999999975985,stand,stand,-0.0,-0.0,0.0,1.003867846771065,0.13070527341674446,-0.5026853935638107,-168.34760066650603,-0.045790945109192835,-0.0595906219797116,0.019475046375275185,0.016505520711466007,-0.0041601472905980754,-0.10805914708677283,0.11076512602811908,0.44414135312264424,0.3967601768512859,0.1916276600608826,-36.51561320817985,0.41996754528368163,0.36706415679550175,-9.384765660291698,0.13502383033122659,0.1966496393084526,5.01571921066128,1.2892222329620735,1.24873237711792,-0.35368927712895915
343.81999999975983,stand,stand,-0.0,-0.0,0.0,1.0042561059138484,0.15483859852224952,-0.505386768138813,-168.4741811624197,-0.04383869213044891,-0.06226102843223178,0.019777799208444122,0.02082436456286414,-0.002522485723966791,-0.11082323481331564,0.11167734339939722,0.45463957275720834,0.3912492357832685,0.18732188012695317,-36.28215058435369,0.41831461778558815,0.36450968053436283,-9.555699652991699,0.13415330033291878,0.19631486982107163,5.021759928645186,1.2700631214537144,1.2300344596565247,-0.3439824388054027
343.8399999997598,stand,stand,-0.0,-0.0,0.0,1.0046451680897046,0.18300994991452021,-0.5069147783931118,-168.60303377592177,-0.041695332621133084,-0.06496726566215082,0.019903344602805698,0.024054323308882523,-0.0016386555027902328,-0.1128229480758205,0.11251054700232986,0.46430414999844377,0.38544062384995337,0.18295178678131108,-35.99019942338558,0.4167480590664423,0.36179135110473637,-9.770409725220352,0.13386619137538808,0.19683196246623993,5.050162125707834,1.2509851381923762,1.211396385258484,-0.33549626083480677
343.8599999997598,stand,stand,-0.0,-0.0,0.0,1.0050372603986029,0.21445329343356104,-0.5077427067020849,-168.73217289993102,-0.0394956159052262,-0.0676277984977162,0.020226558935804093,0.027027654984915647,-0.001025530772078628,-0.11272620494334919,0.1132439878422947,0.472972092687288,0.37946010976252736,0.178417959476471,-35.72641885194106,0.41520494741312647,0.35898379352188114,-9.998926120079581,0.1339873679081341,0.19826278686523438,5.1375758918494725,1.2320107890681467,1.1930771361053467,-0.3235392597980751
343.8799999997598,stand,stand,-0.0,-0.0,0.0,1.0054333154537511,0.2485469088527288,-0.5078634147212032,-168.86034459953532,-0.0372069670313268,-0.07036801670306773,0.0205215693147891,0.029262665791986567,-0.00048263399260109534,-0.11180558850393071,0.11378736355910281,0.48039345857526355,0.37332649107297533,0.17413816716766362,-35.379855678046226,0.41364825952562995,0.35599867370224003,-10.254807995883075,0.13456959370235536,0.20053443163633347,5.245892052002263,1.2131815665861718,1.1751708279312134,-0.30513134777545103
343.89999999975976,stand,stand,-0.0,-0.0,0.0,1.005831939168692,0.28477729181955364,-0.5067223009255507,-168.98698310964335,-0.034891833294981106,-0.07319443272638733,0.020801202834105567,0.03108180751300256,0.0005342058838470096,-0.11045118276811913,0.11416742229336144,0.48666187254805326,0.3671017140507722,0.17010060813522343,-34.97882549696915,0.41207888151851957,0.3528464820632935,-10.538437434805031,0.13581923081126462,0.2036321595311165,5.3562646731880825,1.1946226156542838,1.1573825965583802,-0.295587844812348
343.91999999975974,stand,stand,-0.0,-0.0,0.0,1.0062293048659487,0.32220555476803775,-0.5041056924129386,-169.11168700420316,-0.032556766378050266,-0.0760945979666216,0.020901948509897503,0.032020832955872595,0.001805495070992474,-0.10872400299749971,0.11435383908418055,0.49167567372424953,0.3608396652009413,0.1664972093353272,-34.49713762509386,0.4105133207362512,0.34954659011459355,-10.850774306769758,0.13782336329514497,0.20739437490701676,5.454607011170122,1.176407938389434,1.139781166142273,-0.2919783486244871
343.9399999997597,stand,stand,-0.0,-0.0,0.0,1.0066200420424503,0.35959598385300034,-0.49909631231941953,-169.23383326552377,-0.03017173412875454,-0.07907731195868443,0.020831601589985482,0.03187122139417412,0.003938246080426431,-0.10643501015213826,0.11440098490778672,0.49567001049254855,0.35462411593404763,0.16319529082870488,-33.9758856351423,0.40898054943530343,0.34615860250091557,-11.18721989473866,0.14063279523953331,0.2119845360517502,5.552148636959117,1.1585318260991555,1.122519064968872,-0.2880817584349098
343.9599999997597,stand,stand,-0.0,-0.0,0.0,1.0069990989540603,0.3959639338457996,-0.49083692162177184,-169.35262256739063,-0.027705245173567396,-0.08211019094567071,0.020598604218945066,0.030925806050220123,0.006817842522056039,-0.10343867629614871,0.11435590028301365,0.49885922196206955,0.34854030553446935,0.16012738015747074,-33.442867728992624,0.40751330485135584,0.342832067276001,-11.5270027571657,0.14429288000612603,0.21751589179039002,5.654447580507396,1.1409656951359002,1.1055448542297364,-0.2837605501030035
343.9799999997597,stand,stand,-0.0,-0.0,0.0,1.0073620268967773,0.4306996471216069,-0.478586310838235,-169.4673216465899,-0.025111121500737653,-0.08515638143742181,0.020218581323660927,0.029493019493855466,0.010347714643969287,-0.09982933716736846,0.11421182608851346,0.5011923680864505,0.34266596463627375,0.15733460452651982,-32.90410260493639,0.4061482832139567,0.3396559145698548,-11.861025515148473,0.14885938072342214,0.22420182675123215,5.7734246126641375,1.1237175641895878,1.0889530668914795,-0.2784422223153591
343.99999999975967,stand,stand,-0.0,-0.0,0.0,1.0077053961597193,0.4632737608902851,-0.4620982508114655,-169.57728967005298,-0.022351403447644573,-0.08820336787585929,0.019688830396197367,0.02760160897180222,0.014028177347375746,-0.09566850437160772,0.11397402982486404,0.5027501596928784,0.3370742481035356,0.15486786630249028,-32.363222083048,0.40490866497532546,0.33669475581741337,-12.18073561711012,0.15439399693226594,0.23205823302268982,5.905190354568269,1.1068189931505075,1.0727534185112,-0.27309920369845975
344.01999999975965,stand,stand,-0.0,-0.0,0.0,1.0080269649124616,0.49317011632641256,-0.4416890887645792,-169.68190434531158,-0.019383431185744104,-0.09126115992379978,0.019014306097682787,0.025270014879551668,0.01739390972114275,-0.09096750489918803,0.11369515501643283,0.5038499095701954,0.33183495592689655,0.15264932181930546,-31.846549979130188,0.403800436557645,0.333990731502533,-12.478238609617465,0.16095891068890672,0.2412004828453064,6.053956452008531,1.090279606162648,1.0568365941703797,-0.26984899802124307
344.03999999975963,stand,stand,-0.0,-0.0,0.0,1.0083247982374843,0.5199944946529653,-0.4180028149667515,-169.78082182662644,-0.01627070173284604,-0.09430404500808254,0.018171245913700392,0.022616171406539265,0.020184142805030128,-0.08600466544234081,0.11332836598833512,0.5042524488846267,0.3270090828181223,0.15072582032775883,-31.35586432475784,0.40283158164261057,0.33158359792327885,-12.748105683331902,0.16862768054386543,0.25171214938163755,6.219875910065313,1.0740778532223114,1.041190017288971,-0.26747098353716137
344.0599999997596,stand,stand,-0.0,-0.0,0.0,1.0085970550665304,0.543444057417957,-0.3917522141379003,-169.87419975394445,-0.012904377858603967,-0.09735785069538422,0.017162501265268557,0.019697275581009935,0.02236134597306728,-0.08123499520515352,0.11288920076992051,0.504004060968261,0.32266060171264455,0.14907232787704472,-30.907379118652187,0.40201171296421834,0.32947204377746586,-12.99228782408512,0.17749537943324023,0.26383470594882963,6.413417891924966,1.05819226007472,1.0258044491470337,-0.26578858081023204
344.0799999997596,stand,stand,-0.0,-0.0,0.0,1.0088423586346895,0.5631784435899294,-0.36374443857139743,-169.96301121745665,-0.009234006041291624,-0.10033031952681577,0.016002709001681055,0.01646392996829484,0.02381665660118209,-0.07741339431888186,0.11242924460963981,0.503486097867471,0.31886600803050064,0.14765486981964115,-30.522195761268584,0.40134291807775513,0.3277649071464539,-13.191083012638694,0.18761040131112836,0.2768892258405685,6.579304914974708,1.0426452627414817,1.0109421501815796,-0.2604906875967803
344.0999999997596,stand,stand,-0.0,-0.0,0.0,1.0090596812885224,0.5789262005997121,-0.33487007954245,-170.04872239980477,-0.005242403508232498,-0.10310189578266957,0.014696325270998664,0.012995477050999979,0.02448925876084376,-0.07489808104732101,0.11194988392190997,0.5027579408478572,0.3157025357060243,0.14650587108230595,-30.208506285959785,0.40082440567057315,0.3264543202171326,-13.345527071295574,0.19892034939689984,0.2904814541339874,6.695876777981046,1.0275145230884462,0.9967295418441773,-0.25217984541829963
344.11999999975956,stand,stand,-0.0,-0.0,0.0,1.0092480354487843,0.590700935061512,-0.3061079808435506,-170.1325548607461,-0.0009972646171405454,-0.1056113397503686,0.013235128866776464,0.009570168999886287,0.024297514088984923,-0.07338968706415747,0.11145385238768726,0.5017711671255516,0.3132158960197613,0.14564261701202397,-29.96870823972908,0.40046331133883023,0.3255013015518189,-13.464499028394226,0.21129145827974,0.30464630424976347,6.78105102806811,1.0128995570307402,0.9831818233192444,-0.24360727608789012
344.13999999975954,stand,stand,-0.0,-0.0,0.0,1.0094072288421894,0.5989956557365764,-0.27848536568949306,-170.21507795478678,0.003362087405114637,-0.10784959553878772,0.011663656366330403,0.0066421100843743,0.02326158310276537,-0.0722880137949024,0.11093607315702869,0.5004241432672415,0.3114187834173804,0.14507148530578617,-29.801398446254495,0.4002710084693051,0.32478539016342167,-13.572385170871184,0.22457014980997564,0.3195281088352203,6.860218826050582,0.9988804648947339,0.9703256974876404,-0.2356822801188161
344.1599999997595,stand,stand,-0.0,-0.0,0.0,1.0095393952523666,0.6043187247196349,-0.25298573894892906,-170.2963759669034,0.0076231096322759455,-0.10983238210862037,0.0101281339953475,0.0041049978189103015,0.021371745907542063,-0.07119715238063207,0.11038149345079853,0.4986388402509021,0.31027180893979667,0.1447989132652283,-29.69482137460663,0.40022424501929915,0.3241579916725159,-13.689048869690486,0.23864738755622983,0.33506920039653776,6.934073301497503,0.9857193867188785,0.959017861908722,-0.21997296271076228
344.1799999997595,stand,stand,-0.0,-0.0,0.0,1.009650930728325,0.6068447268710152,-0.2302242117336329,-170.37597511039505,0.011538176061380254,-0.11155979370377171,0.008855719776038924,0.0016373966476218096,0.018845120409528942,-0.06965725792173616,0.10980597994086294,0.49647637506274894,0.30963162573018893,0.14478216436004643,-29.62350581016392,0.40023509530934104,0.32347754504776005,-13.817171864479077,0.25342220414084343,0.351004159450531,6.987100710937312,0.9738695541711764,0.9495989571273804,-0.2055276956429134
344.1999999997595,stand,stand,-0.0,-0.0,0.0,1.009747250524,0.6082180409361934,-0.209404921751824,-170.4526324334126,0.015034601300661503,-0.11287465637939678,0.007957481554319119,0.0009021862359118304,0.01734553973217691,-0.06727990465207734,0.10924832360979526,0.4940480821050837,0.3092612628277551,0.14485988881683354,-29.563088100455218,0.40029000178896146,0.32260511186218266,-13.987237438015613,0.2687287814015837,0.3672918438911438,7.03783333254657,0.9636180753655087,0.9416280875862122,-0.2043209249343091
344.21999999975947,stand,stand,-0.0,-0.0,0.0,1.0098314988175567,0.6110706964495192,-0.18927932420257737,-170.52363921883483,0.017909753712725497,-0.1139899692061135,0.007326958123006613,0.002552409141318329,0.016897776116013834,-0.06165923740773237,0.10865852299415402,0.4910996483749376,0.3089855712326972,0.14511976506805424,-29.473868917945634,0.400437421416661,0.3215301420936585,-14.213412952820924,0.28441882936318036,0.38402695059776304,7.099259006688253,0.9549432679835828,0.9348927031219483,-0.20920059696434656
344.23999999975945,stand,stand,-0.0,-0.0,0.0,1.0099042247184813,0.6180304784269542,-0.1687977232066387,-170.5874958109119,0.020240540292091734,-0.11473191818318965,0.0068133434453125806,0.006457008510662153,0.017386374493404844,-0.05521658753909158,0.1079587337076078,0.48731104821150595,0.3086723441155755,0.1456570413360596,-29.317972746352638,0.4007578040852696,0.32019225623703007,-14.52464029892375,0.30036066275090356,0.40118405818939207,7.182687162697413,0.9477121982281334,0.929392982548523,-0.2149142203260755
344.25999999975943,stand,stand,-0.0,-0.0,0.0,1.0099640569340076,0.63077386547609,-0.14733927270189445,-170.64355137644029,0.02213973989113968,-0.11521177494829726,0.00628965571220212,0.01166327792267874,0.01835337916572137,-0.04859177837352515,0.10707696170075354,0.48241579094047504,0.30825495665034164,0.14659623172378544,-29.066229270498116,0.40132720254796533,0.31870422628021244,-14.913917105316452,0.31645790886812847,0.4185469806194305,7.275761803027032,0.9417954819349432,0.9250572810829163,-0.22014809862592513
344.2799999997594,stand,stand,-0.0,-0.0,0.0,1.0100099266182254,0.6495496545089107,-0.1247566794421141,-170.69309389410375,0.02369963199471756,-0.11552263605685735,0.00573967610390689,0.016942700765895886,0.019401195734427928,-0.043003215808822,0.10601542311333023,0.47646503702101095,0.3077265471060627,0.14792201783752446,-28.72451331163995,0.4021735669560156,0.3171157028923035,-15.373267561354533,0.33263075314244617,0.43590003848075864,7.3662548304953095,0.937094761792447,0.9218208084762574,-0.22492479237906166
344.2999999997594,stand,stand,-0.0,-0.0,0.0,1.0100409129652697,0.6738262437531864,-0.10095312629171152,-170.7370989105815,0.02509223399552177,-0.11568040548248655,0.005163885874976171,0.02178838708540017,0.020666251143526822,-0.03827022376588599,0.1048021901046916,0.469579810149495,0.3071145741235558,0.14952562120056156,-28.319845123638945,0.40329319901972477,0.3154614951858521,-15.894132609031189,0.34882303946853854,0.4531740009784698,7.452964392326246,0.9335267252743409,0.9196110854804993,-0.2299245009865696
344.3199999997594,stand,stand,-0.0,-0.0,0.0,1.0100576505011036,0.7022069356505714,-0.07590015992353258,-170.7766823193431,0.026339432389047124,-0.11591613829975962,0.004652158425253854,0.02513497842167808,0.021708792985020174,-0.034569722205009853,0.10343091334551577,0.46177952181061666,0.30646473544753106,0.1514127638587952,-27.86052515819536,0.4046333001475624,0.31381676461791996,-16.447382108560863,0.3650029282543033,0.4701803088188171,7.51918692697494,0.9310164002945638,0.918414343422699,-0.2328792844254055
344.33999999975936,stand,stand,-0.0,-0.0,0.0,1.0100623073432773,0.7325148938323867,-0.049952480818245465,-170.812177727409,0.027559960465530206,-0.1164178011596118,0.0042208374692913955,0.026540460172958674,0.022409174137309872,-0.03113306381189736,0.10189696083546346,0.45311086137203227,0.30583366652702043,0.15358231332397465,-27.358239386239788,0.4060911269788649,0.31217316653823857,-17.014393900969626,0.38113280023279095,0.48660717010498045,7.545487908749742,0.9294903919376651,0.918159593170929,-0.23441344119091295
344.35999999975934,stand,stand,-0.0,-0.0,0.0,1.010058220840316,0.7625030730420463,-0.02362773563284296,-170.84249608887492,0.028747822764606242,-0.11735455387725262,0.0039397389253338615,0.026064079760936165,0.022728095129355943,-0.026373171303428766,0.10021453812763259,0.44369415272485174,0.30531018107113894,0.15609905984497074,-26.820258192935576,0.4075454849925845,0.3106246974716187,-17.554178411942694,0.39714018801223394,0.5025927484035492,7.550920359493809,0.9288040931313274,0.9188908825576783,-0.2291108898459138
344.3799999997593,stand,stand,-0.0,-0.0,0.0,1.0100450936104695,0.7898891992640735,0.0025709557075800863,-170.86596933517058,0.02991346087892099,-0.11870700076983094,0.003520572881760834,0.023455284787554136,0.022605640982714247,-0.020312954825165715,0.09838742019584776,0.43358273852723916,0.3050022562264421,0.1591092732200623,-26.238872096639646,0.4089197895978001,0.3091346409568787,-18.06358250950619,0.4129347710370648,0.5181550741195678,7.544456303394957,0.9285662322076412,0.9206579218566895,-0.1916198781945986
344.3999999997593,stand,stand,-0.0,-0.0,0.0,1.010021676308341,0.8129152031934872,0.028099998799260433,-170.88228909721423,0.03113165137984826,-0.12026028587108356,0.003038410328692787,0.019564936710580114,0.022043343357142173,-0.014038013724219985,0.09646821308181568,0.4230179738727938,0.3049568509134603,0.16260609891510014,-25.62129984933634,0.41016828063247185,0.3076702740440369,-18.542272324239946,0.42841685070225277,0.5334883093833923,7.550106177791391,0.928556674371421,0.9234534989059449,-0.1276516406072514
344.4199999997593,stand,stand,-0.0,-0.0,0.0,1.0099887286385782,0.8304654257871038,0.05255634724455762,-170.8916438253822,0.03240621659091632,-0.12192128273297641,0.002506953925163276,0.014557420669731614,0.021145966070236447,-0.0079837292031695,0.09447860801252075,0.4120123757907401,0.305220150215232,0.16652510430908207,-24.98747608674016,0.4112382956376385,0.306105354095459,-19.002940741491305,0.44351210714944667,0.5485464692115783,7.568410803815899,0.9288169973131568,0.9270796666801453,-0.05080860036797824
344.43999999975927,stand,stand,-0.0,-0.0,0.0,1.009942925303539,0.8413019771818372,0.07508802952536908,-170.89563912515678,0.03374031843712405,-0.12347766824399581,0.0016981876948767274,0.008666246348506573,0.01942185029829715,-0.003598812854586817,0.0924528702448325,0.4006520174168043,0.30592310473100864,0.1708275463829041,-24.372492642889004,0.41213298406983423,0.30445150401687626,-19.44777089742847,0.4581739247886825,0.5633005559444427,7.599747018222445,0.9302090603228432,0.9313928375900269,-0.02219386855425877
344.45999999975925,stand,stand,-0.0,-0.0,0.0,1.0098769567286356,0.8447061486181444,0.09631111615153293,-170.89647636933861,0.0350688752468629,-0.12490232502881628,0.0005620350467535078,0.0019131306250701142,0.01840151332081367,-0.000651052531615119,0.09042832412940992,0.38899874794267014,0.30722912365701516,0.1754056599388123,-23.831412376597623,0.412923200945799,0.3027639773139954,-19.886558641105765,0.47237302073519927,0.5777478575706482,7.645085715274246,0.9330971023305913,0.9362564573944092,-0.025628438394415087
344.47999999975923,stand,stand,-0.0,-0.0,0.0,1.0097891628221467,0.840130084765504,0.11559363202560456,-170.8960783121493,0.03648386163556079,-0.12598951458734806,-0.0007109267341329601,-0.005091065920476271,0.016680534463109405,3.811509289538325e-07,0.08840560846736836,0.3770573225467832,0.3091936986028065,0.1804328348884583,-23.33111865223142,0.41360239350832073,0.30106673505401615,-20.306127381527116,0.486060046921658,0.5916982650756836,7.6946724002027125,0.9373130557765348,0.941621769493866,-0.0410205205294267
344.4999999997592,stand,stand,-0.0,-0.0,0.0,1.009680997196285,0.8270823970019314,0.1321698590805494,-170.89499716005878,0.03797718662746281,-0.1269355660154479,-0.001990484405659204,-0.012618354095183732,0.014276158305224058,0.0006776169916456275,0.08642570704369387,0.3648532497184392,0.3118041414730637,0.18590579297637944,-22.86552757504122,0.41413031631354025,0.2990939405212403,-20.744998273809383,0.4991798948003542,0.6051624774932861,7.753551039017333,0.9424666519049192,0.9474867473304749,-0.054036693546149595
344.5199999997592,stand,stand,-0.0,-0.0,0.0,1.0095560085073223,0.8049489779081188,0.1458327341379915,-170.89179285022405,0.039503421659740946,-0.12778244798991892,-0.003127323578641929,-0.02056468538106107,0.011660325465426374,0.0027626021757512073,0.08451363844199605,0.35227703482244416,0.31500518870822003,0.19180557992553715,-22.424727424171113,0.4144324494516898,0.2966217186698914,-21.227456244261507,0.5116945447545518,0.6182972550392151,7.8351444765385665,0.9482662071184838,0.9538202176750183,-0.06283920691561928
344.5399999997592,stand,stand,-0.0,-0.0,0.0,1.0094159708611004,0.7740961377357606,0.1574193369534673,-170.88571135373766,0.04103385427501428,-0.1282671113682702,-0.004127304545937807,-0.028066365569849743,0.009942707557981966,0.0053391653806943865,0.08265501859410603,0.3391959141782975,0.3187215852036002,0.19813672568893437,-21.993725677760214,0.41450174566560183,0.2937651660690308,-21.736496984523015,0.5235773444178888,0.631194269657135,7.950689904550376,0.9545871660653606,0.9605930338562012,-0.06959699662154645
344.55999999975916,stand,stand,-0.0,-0.0,0.0,1.0092573609993822,0.7363235500568984,0.16848414288780308,-170.87703198846478,0.04255102835984752,-0.12816292706215732,-0.005190032368405576,-0.03393769883823362,0.009765924757238786,0.007580959423176624,0.08083378503935727,0.32551562324467204,0.3229067090083006,0.20500014093017582,-21.54844590049329,0.41445373504521815,0.29064331319427494,-22.281350581453978,0.5348168583530819,0.6437904596328735,8.09589004776597,0.9614089017869073,0.9678277860343933,-0.07593464720021409
344.57999999975914,stand,stand,-0.0,-0.0,0.0,1.0090835346857916,0.6922421763172566,0.179727288005632,-170.86611625839402,0.04414296204163791,-0.12764492378291603,-0.005968956173570059,-0.03951747170718675,0.00997861603592588,0.0095293720669987,0.07901175851089667,0.3111097886864694,0.32746562037873367,0.2124385025749207,-21.058713733926016,0.41425201524453026,0.2874874856719971,-22.80087441658508,0.5454142879391032,0.6559094548225403,8.253523824117655,0.9687467895483907,0.9756049404800415,-0.08274857573378941
344.5999999997591,stand,stand,-0.0,-0.0,0.0,1.0089025767773725,0.6421188429088553,0.19100440296301816,-170.85337397321763,0.04581664771300697,-0.1267513878713063,-0.006371335313919992,-0.04474770678396734,0.009970554592534632,0.01112390535922685,0.0771595596820961,0.29575081017759397,0.332301120845231,0.22029183175659184,-20.537232297767456,0.41380263313965565,0.2842957165489197,-23.275608954076223,0.5553426019384108,0.6672993659973144,8.407836518079193,0.9766884208207124,0.9839450607955933,-0.09361377838094759
344.6199999997591,stand,stand,-0.0,-0.0,0.0,1.008721151010447,0.5864371122187827,0.20177083835525458,-170.83957850447905,0.047581474567990424,-0.12551557166902133,-0.006546313794574909,-0.049595933606746356,0.00943801811084174,0.011953364755960623,0.07529509035567591,0.2794266055706284,0.33729534543187056,0.22855959203338627,-19.95914827244859,0.4130387370416468,0.2811118152389527,-23.687186532522464,0.5646528042668154,0.6779477953910827,8.549011721319951,0.9852252742865385,0.992972243851471,-0.10172554009151547
344.6399999997591,stand,stand,-0.0,-0.0,0.0,1.0085422402885016,0.5256601340764833,0.21137448033587355,-170.82599290238093,0.049478242275170004,-0.1239217162551102,-0.006658919642413036,-0.053990857167103515,0.008327893598251652,0.011671821380086933,0.07350016949729035,0.2623560857975372,0.34233827567819236,0.237083890701294,-19.335802022248853,0.4119369893976535,0.27794776227569584,-24.03270077953508,0.5735040445855947,0.6880371928215027,8.672500790975901,0.9942434207698263,1.002546001499939,-0.10414149010671236
344.65999999975907,stand,stand,-0.0,-0.0,0.0,1.008368971070558,0.4607120270117789,0.21930869063940744,-170.81417760702465,0.05152885616312405,-0.12188161752547784,-0.006666674046019443,-0.057511925565757384,0.006788986783497826,0.009988735480318044,0.07183455689021893,0.24459767352655104,0.3473560947670781,0.24569568898773197,-18.686533516421065,0.4104866023599153,0.2746646192321778,-24.33614007125099,0.5819771611077215,0.6975656509399414,8.77746956204762,1.003788627596217,1.0125684629142762,-0.11055813350419097
344.67999999975905,stand,stand,-0.0,-0.0,0.0,1.008207553058668,0.39184275022809306,0.2242306663659061,-170.80592521567397,0.053637317970879075,-0.11933757285163234,-0.00649920748400044,-0.06092357308937444,0.003946301926555466,0.006910833269281814,0.07033632498600217,0.22595233979112106,0.3522695650836246,0.2544553365955353,-17.98556095851543,0.40861341307675336,0.271221378112793,-24.586182209131135,0.5900765949933324,0.7065311431884765,8.867352513076986,1.0139803922768744,1.023258138722229,-0.12070705992052044
344.69999999975903,stand,stand,-0.0,-0.0,0.0,1.008060053419127,0.3204102730437108,0.22580012934318314,-170.80418928535082,0.05563753079610024,-0.11601232460112006,-0.006309757632039139,-0.06289395593625356,0.0008817501305077968,0.000802272473999431,0.06908681329183829,0.20669619120835409,0.3570193048409352,0.2631383624324799,-17.264892379439893,0.4063439930158967,0.26763663556671147,-24.79319331754914,0.5977882537922659,0.7147880554199219,8.932557301110892,1.0249415658317,1.0349339733779908,-0.12978129632472446
344.719999999759,stand,stand,-0.0,-0.0,0.0,1.0079249500675056,0.24898445033017397,0.22557569588048543,-170.8062883238197,0.057859039289872814,-0.11255178194811022,-0.005996662772870885,-0.06254050712573916,-0.00035030952873612035,-0.0020849666046545466,0.06812159291972786,0.18702433516236172,0.3615304070447475,0.27163110044097905,-16.529519428226426,0.4037843836159627,0.2641900565872193,-24.931389318305886,0.6050664344736562,0.7221209168434143,8.96104719973479,1.0368108267219938,1.0477211962402344,-0.13839898582421922
344.739999999759,stand,stand,-0.0,-0.0,0.0,1.0078044556994892,0.17983920619455648,0.2235190715609787,-170.8108102572572,0.060270375028950156,-0.10873368165409253,-0.005577037556623477,-0.06032066940791324,-0.0021283977412532144,-0.0040543315827990915,0.06751533657684736,0.16646426006059653,0.36570236546525475,0.28015176322555546,-15.720170618706613,0.40098021473660045,0.26093206670379643,-24.99470441042268,0.6118525527413258,0.7284986138343811,8.955722488400001,1.049723260999751,1.0617322812736512,-0.14726584351385275
344.759999999759,stand,stand,-0.0,-0.0,0.0,1.0077021919082616,0.11413033842158857,0.2180806441861189,-170.81633114919867,0.06273750162936222,-0.1046896848184931,-0.005131299414564889,-0.05727154176930299,-0.005161617219541104,-0.004703911230474582,0.06748248322988118,0.16368792801809634,0.369472924499988,0.2884561505565644,-14.871959763942291,0.397916295872069,0.2576424863586426,-25.015355465101088,0.6181118600289407,0.7343126893043518,8.94911009384627,1.06386733413814,1.077199984616089,-0.15703617385947688
344.77999999975896,stand,stand,-0.0,-0.0,0.0,1.0076173671835178,0.05162952382059367,0.2091301857284179,-170.82106371999603,0.06509153045496087,-0.10047786128045769,-0.004722421952971523,-0.05444948287557373,-0.008288827172890118,-0.003848811758888008,0.0681454865607528,0.18160063323681244,0.3728768933703688,0.29635078575706486,-14.035913115849691,0.39459603259075376,0.254321017528534,-24.996717480059246,0.623853144150909,0.7396906971931457,8.947814153221175,1.0794956532293436,1.0943661223114014,-0.1698134430786492
344.79999999975894,stand,stand,-0.0,-0.0,0.0,1.007555337409342,-0.00708705214710165,0.1956308477081153,-170.82491610701933,0.06747902248540377,-0.09590111830382479,-0.0041230763341793255,-0.05105019244954522,-0.01238500720928705,-0.0031065651024791345,0.06956158847049018,0.20140708201369345,0.3758323260379621,0.30385495092964177,-13.182272557081454,0.3909675846893101,0.2511923697242737,-24.88308640007168,0.6290977349399497,0.7446024179458618,8.94789478425992,1.0967969810493912,1.1134493241966248,-0.18358512359217039
344.8199999997589,stand,stand,-0.0,-0.0,0.0,1.0075194260180815,-0.06137598198656839,0.175865792045561,-170.82789612339582,0.06955493776877351,-0.09094380143717094,-0.003546117120392534,-0.047131485563825654,-0.01804234117088441,-0.002287177586431571,0.07182053970660175,0.22326831282555365,0.3782957730440793,0.31078494455909733,-12.339981325402922,0.38700926261437607,0.24827037122344975,-24.67162276237037,0.6337960358596377,0.7489884853363037,8.953221976333136,1.1160715393887244,1.134385634487915,-0.21150415108598297
344.8399999997589,stand,stand,-0.0,-0.0,0.0,1.0075075664173916,-0.11157586689321165,0.1499833149950045,-170.8288167370685,0.07127402746167714,-0.08584104056539694,-0.0030614769707147677,-0.043618038941446696,-0.023266597278208918,-0.0003871846873915488,0.07498509526962559,0.24735343663878628,0.38031933894672837,0.31712917354202275,-11.528047763587043,0.3827427531555737,0.24547026422119145,-24.384672111846474,0.637856029984491,0.7529407501220703,8.980543330338955,1.1371381248405887,1.156640637940216,-0.24285142131389104
344.8599999997589,stand,stand,-0.0,-0.0,0.0,1.0075134591835788,-0.15907375791365053,0.11985171926257318,-170.8286557458662,0.07264247872785676,-0.08055872736582084,-0.0027061151640277886,-0.04142754412631402,-0.026731560623118957,0.0001172133468023662,0.07913105526221917,0.27403718571151536,0.3820426242102513,0.32310310866928105,-10.73969228041085,0.37821923265156526,0.24283478524780278,-24.026036319460964,0.6412962666588603,0.7562159657478332,9.001555183182052,1.1596041990550172,1.1800231228530884,-0.26637407224368526
344.87999999975887,stand,stand,-0.0,-0.0,0.0,1.0075310666869997,-0.20579662980249508,0.08743991505193642,-170.826035252887,0.07368359818371288,-0.07556680534197142,-0.0024445348999604637,-0.04095753144577162,-0.02852119014173511,0.0027332070927475354,0.08434314873958526,0.3038539765088931,0.38361074617704294,0.32877958681678776,-9.987865428128622,0.3734615091451733,0.2406260755310059,-23.549882284455222,0.6442139962190835,0.7589558124542236,9.015870078103733,1.1832223527368335,1.2044281850517273,-0.28556015950687663
344.89999999975885,stand,stand,-0.0,-0.0,0.0,1.0075537474303329,-0.2538895416869226,0.053976844173446226,-170.81860235510933,0.0743491129367088,-0.07082723427526233,-0.0024209655155565664,-0.04238796812414149,-0.02937241878879087,0.007343192780190894,0.09040786772414441,0.3355273054764938,0.385179887526175,0.33424637582397465,-9.286252560277532,0.36849069594190775,0.23903731372451786,-22.925720116124204,0.6467090873321586,0.7611769199371338,9.01678386334836,1.2078361479322592,1.229626227444458,-0.3047249211101285
344.91999999975883,stand,stand,-0.0,-0.0,0.0,1.0075744584647768,-0.3048735833171827,0.019854617333637723,-170.80332961770998,0.07454209119860884,-0.06629798465893727,-0.002710934844569071,-0.04502385326664535,-0.029961075831523024,0.014492634381579276,0.097138964631397,0.36809097084140646,0.38689003496886265,0.33963275816535954,-8.635249071097025,0.36335999592195595,0.23820171620941166,-22.141234273730696,0.6487915231319147,0.7623969078063965,8.970379089449178,1.2331937560535775,1.2551374326408387,-0.3255598462094731
344.9399999997588,stand,stand,-0.0,-0.0,0.0,1.0075905937317133,-0.35898984984036514,-0.014835024592749636,-170.78018801315633,0.07414419807422225,-0.061577079596785614,-0.003081854585444058,-0.04769355691363961,-0.03049875968990283,0.02105136507125108,0.10422086511710073,0.40003804378930025,0.388769414242987,0.3441664066562653,-8.170376960780215,0.3581322144137584,0.23827675845718388,-21.17989404026386,0.6503986792113912,0.7630669832229614,8.921505714747857,1.2590668455455987,1.2810720692337036,-0.34107636223343607
344.9599999997588,stand,stand,-0.0,-0.0,0.0,1.0076060072360773,-0.415252154624283,-0.05031241478507385,-170.75173380871163,0.07305064326739882,-0.056503027617232145,-0.0032379899217824257,-0.04939862421537432,-0.031295471437951014,0.025374753735288993,0.11131520034608322,0.43006724586286293,0.39071973481281613,0.34736988809204106,-7.95008275991057,0.3528635138997951,0.23956433799362187,-19.996617555003805,0.651422471781285,0.7631321310997009,8.877123207864074,1.2852995442600827,1.3072474787891388,-0.35432380729198165
344.9799999997588,stand,stand,-0.0,-0.0,0.0,1.0076246165874345,-0.4721599338788354,-0.08680034479429813,-170.71760424384996,0.0712201178238769,-0.05156743288071666,-0.003225905258245481,-0.04973881333482383,-0.03228181232952918,0.030591825333156016,0.11832856260704686,0.45801258685816837,0.3926244884346846,0.3493829455623627,-7.926067768606476,0.3476051358556502,0.24209848907089238,-18.5937400729948,0.6518282576745711,0.7629726886749267,8.867628767851429,1.311787693465993,1.3336256484449387,-0.36545295511840004
344.99999999975876,stand,stand,-0.0,-0.0,0.0,1.0076469577640603,-0.5283463231904305,-0.12381020752202086,-170.67677692783278,0.06859318497545482,-0.04695855505200831,-0.003140533644012046,-0.04898639553126208,-0.032736990544695733,0.03656251514719831,0.12497773188199289,0.48254699328075873,0.39441896371864854,0.3504503455410004,-8.049367956839966,0.3426154522984034,0.24574206140136723,-17.059745163026506,0.6516687227531766,0.7626028418540954,8.879641685274471,1.33844104841907,1.3598024289072037,-0.38250206920597773
345.01999999975874,stand,stand,-0.0,-0.0,0.0,1.007670327400165,-0.5824673822198849,-0.16021401182786338,-170.62713182700054,0.06511345188146965,-0.04286441967828726,-0.003089286364388589,-0.046898443453767376,-0.03216675470268245,0.044437912126628266,0.13089650629515215,0.5013934552144473,0.3960816468682097,0.35080555942153935,-8.275920599420727,0.33853764290191624,0.2510313775787354,-15.441690133929102,0.6509404073877537,0.761794900894165,8.905067031667842,1.3650903102422427,1.3857340405643463,-0.400138048921473
345.0399999997587,stand,stand,-0.0,-0.0,0.0,1.0076982174597222,-0.6354625092903128,-0.19534089006221328,-170.5665523703149,0.06075339887486039,-0.039710926857558865,-0.002720882530597548,-0.04608676787371735,-0.031153143723498505,0.05414268587789992,0.13528077444961709,0.509571590819925,0.39758000276446287,0.35088042285537724,-8.519656866973927,0.33631188669433937,0.2583049919853211,-13.879109564991017,0.6496214472114108,0.7602491736412048,8.919636524651285,1.3915397638952889,1.41150315505867,-0.4098136629218243
345.0599999997587,stand,stand,-0.0,-0.0,0.0,1.0077213922511377,-0.6867146930070877,-0.2287686541314095,-170.49141865090493,0.05565038725058955,-0.0377861022347439,-0.002925373286173408,-0.04424156737919392,-0.02979867879448383,0.06731018574193286,0.13739861309718185,0.5029307269996771,0.39898875660388805,0.35105309751129155,-8.736315085218795,0.33631727109465004,0.2676014092216492,-12.378093028203208,0.6477484170668288,0.7578211188316345,8.905511778963456,1.4176770204598468,1.4371700773895264,-0.410715955399245
345.0799999997587,stand,stand,-0.0,-0.0,0.0,1.0077159216946983,-0.7307404771153906,-0.2590840692495242,-170.4037694338396,0.04971051755368474,-0.03604844840017203,-0.004208369564559588,-0.037114457670262495,-0.027115344864470908,0.0775395307086452,0.13713135176554847,0.4799098820973069,0.40043256142120215,0.3518321898231507,-8.859604807134774,0.3393807214689128,0.2782575872192383,-11.251410067106004,0.6453115762843677,0.7542635560035705,8.84593991871647,1.443477972893379,1.462619360810566,-0.40782481248848823
345.09999999975867,stand,stand,-0.0,-0.0,0.0,1.0076421519059777,-0.7571268890281226,-0.2857157426931237,-170.3101440239212,0.04347727189558994,-0.03349789113312977,-0.007544880315575365,-0.020239256489225452,-0.023888551452380405,0.08196358152250552,0.1344592433669289,0.4488402982821741,0.4021222434579187,0.3537903514156342,-8.831570805490164,0.3454184501865894,0.28937105205154423,-10.569752876789572,0.6422035100513921,0.7496026515960693,8.759477974852322,1.4689831146837147,1.4879012445867539,-0.40395515503981194
345.11999999975865,stand,stand,-0.0,-0.0,0.0,1.0074426525089561,-0.7501702031826756,-0.30715184479678276,-170.2219539672288,0.037113975958401525,-0.029503791772325958,-0.013618816245855928,0.010842102264426544,-0.018983480078972784,0.07549991813397079,0.13058399188204925,0.451832319589083,0.4043419884224102,0.35710940625762944,-8.674531911721626,0.35267154646799403,0.2982721116790772,-10.359314041292613,0.6382918247834602,0.7438873410224914,8.659762411844804,1.4941492535855148,1.5127546044946194,-0.39989044515178995
345.13999999975863,stand,stand,-0.0,-0.0,0.0,1.0070768087320707,-0.6990443483109104,-0.32185522137531947,-170.14803659422373,0.031092758563885846,-0.024665765872952546,-0.02131391495323753,0.050020163102976856,-0.01285954055562602,0.06260843266935988,0.12821391409528632,0.4582029375901309,0.4073375562417063,0.36163304116821293,-8.460708159137925,0.358387885305682,0.30195102956390385,-10.590605156819947,0.6335415944461966,0.7375064849853515,8.574744000633153,1.5188167009715148,1.5368726517022133,-0.39579786163688646
345.1599999997586,stand,stand,-0.0,-0.0,0.0,1.0065430114102067,-0.6022697460203558,-0.3276782456532915,-170.09293494098358,0.025926899998148387,-0.01973035589893692,-0.028598754097611045,0.08944182015497573,-0.004463588566594844,0.046013341745543994,0.13062006262618783,0.480935886882177,0.41109173367886903,0.36666456725692753,-8.288410482114953,0.35966182576594946,0.29969421889877323,-10.86199107129397,0.6278772546836242,0.7313244700431824,8.584428544691075,1.542924867763528,1.560148248723197,-0.3969835347532953
345.1799999997586,stand,stand,-0.0,-0.0,0.0,1.0059020091974293,-0.4735877965420687,-0.32650834161991377,-170.06009010385165,0.021975032398046705,-0.015711593872650302,-0.033115067732121084,0.11644155512404727,0.0013740904890273261,0.026812561322826854,0.1392981825745788,0.5217990175882395,0.41522515943078775,0.3717340018997193,-8.162467545361704,0.3555931074018853,0.29343829419708256,-10.719808598720313,0.6212983943096582,0.7247497200965881,8.6372166546727,1.5665790402212554,1.5831515829027176,-0.39820109606614185
345.1999999997586,stand,stand,-0.0,-0.0,0.0,1.0055275790621478,-0.39062575773967423,-0.3384517384329097,-170.04672568433168,0.020095052233057464,-0.017383246223728575,-0.017476039810706216,0.062173120008478,-0.013660102495767126,0.010466111108365135,0.14958279659908297,0.5667659984566452,0.41747641394416496,0.37674019601440434,-7.500042809149135,0.3568970810831881,0.285540499950409,-13.032655218367665,0.6138060175847544,0.7155297756195068,8.551781204850473,1.5904007771454498,1.6076149943233013,-0.3912436951831011
345.21999999975856,stand,stand,-0.0,-0.0,0.0,1.0054296741362965,-0.37779062836055655,-0.358705784187041,-170.01861006027835,0.01975699880082179,-0.0234717350989524,-0.0058975172747174785,0.004212866251544893,-0.017777809250939205,0.02720301858826706,0.15378426308463483,0.5857055189493814,0.41835570187181736,0.377745249534607,-7.3763586548130995,0.358143219857955,0.28616181876754765,-13.056345525968007,0.605791804075137,0.7043587327003479,8.327246869208293,1.6156241893689816,1.6364795084059716,-0.3541143412438974
345.23999999975854,stand,stand,-0.0,-0.0,0.0,1.005442514177409,-0.40143568283355935,-0.36545298734383197,-169.97018791752913,0.017824169278287186,-0.02587573166836767,0.0004207183316435037,-0.023282631927787314,-0.004180857837674593,0.044367407384991384,0.1561910223296892,0.5904717968210442,0.41876551192085537,0.3761842336902619,-7.697447247127489,0.3570001031033716,0.2888302591094971,-12.187297216817855,0.5974288199438171,0.6932117700576782,8.12455166682757,1.6424638431733476,1.6656626279414177,-0.3500549587818529
345.2599999997585,stand,stand,-0.0,-0.0,0.0,1.0055011592050085,-0.4355872775703639,-0.3629154071512531,-169.90419966789207,0.01488397584958628,-0.024822971281636876,0.0031356656011784496,-0.029880311596947817,0.0021635443423777094,0.05957144881402255,0.15711575194509175,0.590636093574459,0.4187934896640958,0.37592876818275456,-7.717883576557032,0.3547691137217502,0.29377690818405156,-10.810585471114992,0.5885424298110876,0.6794488787651062,7.7642002052986445,1.6706806095725188,1.6954182724416733,-0.35831195167368657
345.2799999997585,stand,stand,-0.0,-0.0,0.0,1.0055556147366893,-0.46857809406926604,-0.3561483628438477,-169.82562533831148,0.01090812903455473,-0.021683251565941346,0.003103089741407847,-0.02788794933416115,0.00573480246472079,0.0699123327455306,0.15691875357155724,0.586285227423538,0.4187934535267054,0.3761130061397553,-7.683110159398107,0.35276873935555186,0.29640743997192387,-9.996345508664845,0.5788478109774194,0.6674175024032593,7.622720210824414,1.6991350193790213,1.7220896373451233,-0.40498447598430065
345.2999999997585,stand,stand,-0.0,-0.0,0.0,1.0055967528463399,-0.4993213478407022,-0.3493242518403585,-169.7447306882153,0.006290279312097636,-0.017535230431556414,0.0024742067898981283,-0.026155524306302833,0.004965973552005624,0.07050949718213158,0.15594929565699872,0.5810262150897473,0.4188798938559332,0.3763611998806,-7.661137855899669,0.3510164636817329,0.29583952691650395,-9.79983461349248,0.5681536203078696,0.6571145415306091,7.71099122158169,1.7276853271504422,1.7495623419940949,-0.43646169587106987
345.31999999975847,stand,stand,-0.0,-0.0,0.0,1.0056263488680368,-0.5317911720421243,-0.3468735564942636,-169.6611775650324,0.0014011696412327072,-0.014205710770673665,0.0014346401439554676,-0.02824368889718876,0.0007456154093622952,0.07365566833270272,0.15641684515520607,0.5836438544515448,0.41921213218164316,0.37778527405357365,-7.484108542833805,0.3493489869245901,0.2954777863273621,-9.570940434342473,0.5564277752123357,0.644823944568634,7.72362978409466,1.757156010323453,1.7796529273450852,-0.4563085307716048
345.33999999975845,stand,stand,-0.0,-0.0,0.0,1.005627673890922,-0.5629288201927225,-0.3416802731702236,-169.57801067588372,-0.003924714852995302,-0.010162984128797658,0.00036449012323078634,-0.026274976482786032,0.004643875407529072,0.07230223851558273,0.1561179193119591,0.5888950497181903,0.41987041876723613,0.3778921451816559,-7.609282287508979,0.3484477607461093,0.29630289342498783,-9.321813190865797,0.5439184845397306,0.6337973833084106,7.884722266405819,1.7869340440098294,1.8081259171426773,-0.4955872817078899
345.35999999975843,stand,stand,-0.0,-0.0,0.0,1.0055916743773667,-0.5817834810036949,-0.33136660141945035,-169.50266334819187,-0.009858071477384673,-0.004624550867442284,-0.0009497066025694897,-0.014271265378440659,0.00873699806931391,0.06472075902840521,0.15365819590005733,0.5888226987164935,0.42062035426384936,0.3786501076469422,-7.616241596560231,0.34868694068401834,0.2994911458740235,-8.874756361304332,0.5309848127059131,0.6218533277511596,7.9843614983333975,1.815990175132283,1.8362340222061158,-0.4917307463250662
345.3799999997584,stand,stand,-0.0,-0.0,0.0,1.0055060537207618,-0.5842651180709624,-0.3137894450593828,-169.43329626023643,-0.01565977072262979,-4.3779462141224325e-05,-0.0027015707379174823,-0.00022234780607336563,0.015613712456472709,0.060371613006183815,0.15084701998662203,0.5850661080498513,0.4214909692586504,0.37962458398437504,-7.607820454761658,0.3502469175604666,0.30192295577621464,-8.816009368653036,0.5181010393143439,0.6108023881912231,8.12740912877148,1.844578721138956,1.8650118003547669,-0.4728349567037995
345.3999999997584,stand,stand,-0.0,-0.0,0.0,1.0053585237953606,-0.565141578409037,-0.2895926351436833,-169.36841189495047,-0.021307470676696742,0.0038963392853599383,-0.005154951321929117,0.01968657983348628,0.021092241351727735,0.05630165089538451,0.1480711280984947,0.5832329766450693,0.42243727420829336,0.3813140478382111,-7.481057315916819,0.3532977353119619,0.3046657827148438,-8.986151733684359,0.5056461886272575,0.5982638359069824,8.096395892553298,1.8741837113510447,1.8983538637817383,-0.4208211293165345
345.4199999997584,stand,stand,-0.0,-0.0,0.0,1.0051634363836834,-0.5231982498100008,-0.26324732512318005,-169.31398565645756,-0.026527057179202593,0.00810239859367879,-0.007149927776261719,0.03927501848508886,0.02249615845256887,0.04612448147160018,0.145673309107482,0.5836308982048586,0.4232752371718125,0.3838457849273682,-7.169353614088255,0.3578909825710398,0.30702958371734623,-9.505172879078438,0.49367982168990776,0.5859429895877838,8.041802073321731,1.90460651668293,1.928462613648224,-0.451726486959078
345.43999999975836,stand,stand,-0.0,-0.0,0.0,1.0049479406635693,-0.4653753068542292,-0.2399319753194405,-169.2734268966872,-0.030894643925661592,0.011686721984471874,-0.008407415872277408,0.052131487798440845,0.019608033094172223,0.033845098317058994,0.14342655580338234,0.5845850560464232,0.4239090150295336,0.3866853502044678,-6.757595200998232,0.3638860358360422,0.30905876424407963,-10.326751843625644,0.4822277114352727,0.5750837683677673,8.056564306131879,1.934968899234207,1.9580843339622498,-0.46691367547281315
345.45999999975834,stand,stand,-0.0,-0.0,0.0,1.004716764799773,-0.3992981296038847,-0.22190102916572732,-169.2498237007207,-0.03459626778845119,0.014698917753378284,-0.009712466089258244,0.058314164088874056,0.015147179637523602,0.018645435370598613,0.14119238838197448,0.5836136707824084,0.4245170209532411,0.3895315315971375,-6.35325271781151,0.3704880685392664,0.3109230783233643,-11.223743542730471,0.4714737992116519,0.5648207128047943,8.055080598165095,1.9651337416297558,1.9885410557449341,-0.4542394578885187
345.4799999997583,stand,stand,-0.0,-0.0,0.0,1.0044773849264554,-0.33249041919951716,-0.20907339484534965,-169.24403267689138,-0.037793860181849645,0.01711914080528751,-0.010590758606418855,0.05816859614728648,0.010626891431973881,0.00289792296510023,0.13875428282598162,0.5804636922976335,0.42522468789436,0.3920479800949097,-6.034362058478909,0.37775738698960515,0.31290898587799076,-12.229002517673107,0.46151190785657575,0.5544756114482879,7.983421526219944,1.995377989873959,2.0198928008735657,-0.4288836805920191
345.4999999997583,stand,stand,-0.0,-0.0,0.0,1.0042175536731899,-0.2647488910374426,-0.19984185438955177,-169.24750477247167,-0.040527940859752254,0.01884490825544279,-0.01209588270844232,0.05939327898127476,0.007713130834047304,-0.003775057897001847,0.13556838407441604,0.5727099476011548,0.42614050215782484,0.3937861111412049,-5.902449894501085,0.3854252056789516,0.3160817411193848,-13.064270293612994,0.4523082997034266,0.5437425434589386,7.820341374344623,2.025883185582776,2.0517089257896424,-0.4047977544713619
345.5199999997583,stand,stand,-0.0,-0.0,0.0,1.0039238462737703,-0.19118785754080297,-0.19242490755478917,-169.25679638611174,-0.042992053620985016,0.02113834390396346,-0.014040291242470538,0.06508621098704102,0.0062967513572428115,-0.008838408438343603,0.13170688795765428,0.5606780525543414,0.42726788077685496,0.39523331191635136,-5.8613660446589995,0.39367573412308693,0.3194822457084656,-13.9807470406917,0.443764086752168,0.533410495519638,7.641279485530078,2.056777360317404,2.0841849337280274,-0.3788166629940044
345.53999999975827,stand,stand,-0.0,-0.0,0.0,1.0035948759527713,-0.10642589001562924,-0.18679766271026815,-169.27125165246133,-0.04498409755772729,0.024147252242510114,-0.016000160810780092,0.07543617959525045,0.004637780445576203,-0.013267521288452521,0.12737228567446826,0.5453400029831705,0.4284694516039719,0.3963059273014069,-5.890387842776051,0.40268271331115824,0.3228809025535584,-15.046834380291592,0.43576333754989965,0.5233033657073974,7.443176842604411,2.088037669520493,2.116693724221039,-0.3594916980099334
345.55999999975825,stand,stand,-0.0,-0.0,0.0,1.0032450040025238,-0.006809753898775827,-0.18335537116362435,-169.29059654369584,-0.04614612818430775,0.02749530629355759,-0.017188647671427228,0.08868997094186695,0.0025824213012077385,-0.017426360829941374,0.12289055865638925,0.5279558555876395,0.4294689305212216,0.3965016391525269,-6.019221295139127,0.41232103150568233,0.32566414144134526,-16.327590539584136,0.42810527824878797,0.5136759042739868,7.267050438877758,2.1191865839320583,2.1480797420204163,-0.34694479592647864
345.57999999975823,stand,stand,-0.0,-0.0,0.0,1.002898150015982,0.10849047397518806,-0.18314271567926016,-169.31703349351238,-0.04625104751289879,0.03094864863369177,-0.017218675278672574,0.10253026720673127,-0.0003689356208824212,-0.02409566600364454,0.11826456410064562,0.5085787148938385,0.4299625127664976,0.3957355108509064,-6.202106744642351,0.42225032809047597,0.3282848980674744,-17.663333483039978,0.4205592521476343,0.5044665992259979,7.13040375795761,2.149803872347732,2.1787281523406983,-0.3264755471203731
345.5999999997582,stand,stand,-0.0,-0.0,0.0,1.002569076382067,0.2364346392578957,-0.18639480625402435,-169.3504702270324,-0.045343555523002704,0.0335853377170616,-0.016731979903970726,0.11283146713866687,-0.003253404078144161,-0.029928925838430678,0.11341877637710514,0.48645900650542484,0.4298841937085732,0.39411220815277104,-6.439739876335087,0.43213981911062554,0.33047459390258793,-19.046392788894654,0.4130513484755518,0.4954942226409912,7.011727462778234,2.1797052990420314,2.208676863735962,-0.30006463072500167
345.6199999997582,stand,stand,-0.0,-0.0,0.0,1.0022713370397647,0.3731486013868451,-0.1929004101957132,-169.38759219642722,-0.04359769438081949,0.03522749463331936,-0.015447772834486003,0.12018371641359463,-0.0062803302664930115,-0.032722615007634084,0.10852853790440853,0.46215588673203156,0.4291722418637255,0.39155355956649784,-6.722455005183902,0.4416724429039637,0.33203581836318974,-20.45336434669566,0.4055511493170903,0.48635820150375364,6.882005852072313,2.20890257782683,2.2381610165298462,-0.2688159386342144
345.6399999997582,stand,stand,-0.0,-0.0,0.0,1.0020232924271717,0.5149320814869441,-0.20131578448867132,-169.4273561479146,-0.04129481205797272,0.03605334776854804,-0.013133468125328252,0.12416429098338343,-0.007837244310477947,-0.034628338017803295,0.10363103790910456,0.43592002110951694,0.42770318100984367,0.38799897697067265,-7.03901724684024,0.45052093110249514,0.33283630874252323,-21.85006119196447,0.39796705037134633,0.4772349655628204,6.7642024802451335,2.2374515641904162,2.266968597000885,-0.24004443406574327
345.65999999975816,stand,stand,-0.0,-0.0,0.0,1.0018411318839922,0.657547214682412,-0.21041038662309172,-169.47101978793856,-0.03860205225297089,0.036255228542670825,-0.009859360294328812,0.12445677341432272,-0.008516226503550495,-0.03862803284857876,0.09874834385392481,0.4081641408864616,0.4253927242313924,0.38340536620712284,-7.384594335205331,0.4583994680664805,0.3331553724060059,-23.137074981869386,0.3902586620493541,0.468388295173645,6.683180287923783,2.2654320454386827,2.2951645742118836,-0.21551254696268862
345.67999999975814,stand,stand,-0.0,-0.0,0.0,1.001738423849448,0.7976700355832265,-0.21940136407431268,-169.52065981578684,-0.035678554107643715,0.03579880977677328,-0.00587441400920044,0.12195787221011913,-0.008466907669174491,-0.0440679857053935,0.094029102001033,0.3800791076663662,0.4221596567946666,0.3777073707828522,-7.756783431049106,0.4650991595061161,0.3333379414329529,-24.22138647425289,0.38243228899408643,0.4597343564033508,6.624969613958948,2.2930054371006277,2.3231264243782044,-0.19244026205226894
345.6999999997581,stand,stand,0.006486975628396737,-0.0,0.0,1.0017085754017667,0.9325273395554639,-0.2260490415271992,-169.57764995977243,-0.03277904531871388,0.03467233262889869,-0.002122251307046648,0.1171115377290814,-0.006270519631147785,-0.05056371136847431,0.08944141437859905,0.3520317146056499,0.41815940855607736,0.3716273989925385,-8.071482992640558,0.47067672997163884,0.3339944269905091,-25.0227614874907,0.3745233971936154,0.45111686587333677,6.575181723290409,2.3202832073914355,2.3508663068473816,-0.17103918762617032
345.7199999997581,stand,stand,0.02347067128057065,-0.0,0.0,1.0017113354525322,1.0595372439094044,-0.22771458081472828,-169.64245720052799,-0.030461992201574428,0.03293054075127104,-0.00034559380020041726,0.10994046943153472,-0.0018275087239443936,-0.057501837610998495,0.08505722714286731,0.3249836105203093,0.41397109216041633,0.366381027961731,-8.247132629899626,0.4755759978039191,0.33599022891616825,-25.495023000929706,0.3667223636572378,0.44264388680458067,6.514231574009443,2.3473083623724746,2.3786402235687256,-0.14354564843752549
345.7399999997581,stand,stand,0.04045436693274456,-0.0,0.0,1.0016880883783856,1.1763960236506936,-0.22279675545626346,-169.71509418916048,-0.028517691647746445,0.0305644954643123,-0.0014022665017853087,0.10081785508842422,0.0037897605280555365,-0.06442098571051144,0.08108595912931925,0.30014064984584604,0.41040872467365,0.3621974673519135,-8.406794889680334,0.48040834270737154,0.33900783326721196,-25.81826146548726,0.35911592085541993,0.4346248865127563,6.471536685563536,2.374141824300279,2.406326461857605,-0.11573070425245846
345.75999999975807,stand,stand,0.06592991041100543,-0.0,0.0,1.0015685898509683,1.2812649373737464,-0.20884185727348115,-169.79558775691294,-0.026802085713975504,0.027632446643683105,-0.0057765976426366475,0.0901749561421334,0.011667504347379004,-0.07151282671553813,0.07763329395189418,0.27832816655388776,0.4084539673778328,0.3603872146854401,-8.505069917705184,0.4859083071804086,0.3437626745948792,-26.005926277981807,0.35174909493938444,0.4269053995609283,6.430882754856995,2.4008303324115787,2.43390368325119,-0.08839584224707697
345.77999999975805,stand,stand,0.17632393215013584,-0.0,0.0,1.0010934604738193,1.3746179638914051,-0.17452906419183922,-169.88969497656902,-0.026903190779324463,0.02536455795063278,-0.023705336904284353,0.08015767048394054,0.03105082812631798,-0.08480216685137874,0.07374019789071443,0.25714411246173763,0.41161541396807155,0.3733058359870911,-7.144623544849705,0.4951156569923912,0.36173883941268925,-24.717378840677974,0.3448209790647966,0.41829503178596494,6.272309940197017,2.4274536307794,2.46238725287323,-0.039590648949590745
345.79999999975803,stand,stand,0.19330762780230976,-0.0,0.0,0.9999423756265609,1.4533556819291515,-0.11295999923805126,-170.003094075308,-0.028648997564766143,0.023320308549235516,-0.05676736433227466,0.06686940430645476,0.054765706633315994,-0.10288275204983223,0.07177355068438245,0.24534370304339287,0.423934239580331,0.3935781803379059,-6.420732744081887,0.5111847610576544,0.38465897109603886,-24.013494412030383,0.3386071881286385,0.4099625706672668,6.063131236396282,2.4542315156879297,2.491036344593811,0.0015434266549314568
345.819999999758,stand,stand,0.21029132345448368,-0.0,0.0,0.9978908801222931,1.515207722996492,-0.02859452272904544,-170.13569797765535,-0.030773797109275136,0.02076114949996652,-0.10093060334424478,0.05195289878186493,0.07353840437658853,-0.11996566678044318,0.07212732564745129,0.24781323911023168,0.44746233663983725,0.42209682729339604,-6.385856423504091,0.5356846535311816,0.4128977444419861,-23.989140188872824,0.33363482195492905,0.4023404777050018,5.780006011975187,2.4751240100106657,2.5,-0.06553896693648564
345.839999999758,stand,stand,0.2272750191066576,-0.0,0.0,0.9948368235265911,1.5565643362342403,0.06725673734480395,-170.28241420182277,-0.03278778402848405,0.0173255694285913,-0.1505604535218261,0.033657907458067626,0.08204649813564165,-0.1319285389601216,0.07526153263426189,0.2668575697310669,0.4818605610264966,0.45714215304946904,-7.100468563770211,0.5683605538533384,0.44420413043594364,-24.859855420352535,0.3303048552604426,0.39472264647483823,5.34349647375587,2.4867872580592265,2.5,-0.03429675122974851
345.859999999758,stand,stand,0.26973425823709235,-0.00747282608695652,0.0,0.9906690699309332,1.570128028456298,0.16934828289352905,-170.4400772060063,-0.03580922645969881,0.013929144655157075,-0.206653335735785,0.008655014509350174,0.08726918088550453,-0.1411606054086964,0.08045436644003573,0.2985634238363153,0.5264442790757482,0.50440634157753,-7.392880633300258,0.6087896005693386,0.48329345252609257,-25.689822188179072,0.3283809822977264,0.3861283421516418,4.729588021532271,2.4916062963319363,2.5,0.0666971491721321
345.87999999975796,stand,stand,0.26973425823709235,-0.00747282608695652,0.0,0.9854156675135168,1.550066913372004,0.27241048866836415,-170.60010355853785,-0.039174676476060474,0.010151826597252934,-0.26021456139674115,-0.021115567928104245,0.08735977517743301,-0.14177578535611907,0.08739870933998081,0.3370983520941562,0.5786431865276811,0.5497677412281037,-9.191262014037346,0.6550862534608436,0.516853132511139,-28.419686378323895,0.3273207005988329,0.38022745251655576,4.291703355540694,2.493335819254196,2.5,0.11796179475788557
345.89999999975794,stand,stand,0.2782261060631793,-0.00747282608695652,0.0,0.9792526141271838,1.4891536240064727,0.37241656040091276,-170.74647042341644,-0.042371958397853564,0.005502219812482398,-0.30436666795229644,-0.05668858033554094,0.08547645170548673,-0.12673645566558978,0.09494273898390067,0.3757595787099678,0.6344925269236186,0.5945391741046906,-11.565221743727172,0.7044972169243263,0.5461082246551514,-32.27000623962202,0.3266731948662884,0.3772824466228485,4.088135940192443,2.4942907467079096,2.5,0.1171184350205712
345.9199999997579,stand,stand,0.2782261060631793,-0.00747282608695652,0.0,0.9724560370631391,1.385883233356821,0.4670204188814479,-170.86499696603542,-0.045390714109709344,0.001069705562492933,-0.3347024955986271,-0.09360053812304323,0.08090865151578083,-0.10123284680857941,0.10253207370078353,0.40920497965951524,0.6914125075682516,0.6350827228674889,-14.496364433118854,0.7543434838530527,0.5690158095607758,-37.14677577048692,0.32619787840407694,0.37805104851722715,4.174076730743557,2.4949939818456035,2.5,0.10694280631026387
345.9399999997579,stand,stand,0.3206853451936141,-0.015964673913043476,0.0,0.965219322315938,1.254164845604639,0.5600967127918667,-170.948143248777,-0.048474203184781094,-0.00025108456427836226,-0.3565899550813185,-0.1182116669123857,0.08064293551908841,-0.07297817208776215,0.10735321015899052,0.42467070339147195,0.7477407598400374,0.6794171568403244,-16.451717857659567,0.8036273738165588,0.5978350874433518,-40.78474668056907,0.3257587617033918,0.3800267934799194,4.356111868517034,2.495367726175283,2.5,0.10934120649458783
345.9599999997579,stand,stand,0.3206853451936141,-0.015964673913043476,0.0,0.9577710983270095,1.1120886363678422,0.6484170635952173,-170.99437414598734,-0.05112518979890782,0.00025514709187608557,-0.3655513594439157,-0.1242827437638727,0.07662178301660919,-0.03811940114751051,0.11186767618568294,0.4325921615640572,0.8020477223241227,0.7128331114003659,-20.1747235325272,0.8512783414577119,0.6186041769037247,-45.49020732571335,0.3249515980289912,0.3849434912204742,4.8384306070613725,2.49549907943971,2.5,0.10924968291833552
345.97999999975787,stand,stand,0.32917719301970105,-0.015964673913043476,0.0,0.9504000848575753,0.976795486609594,0.716777274921818,-171.0066017605375,-0.051784786663594665,0.0027156799631786327,-0.36213599090422244,-0.11709898860874556,0.057618155588287194,-0.007921878000217077,0.115641377820352,0.4335903400853471,0.8523728950218413,0.7398451168487072,-24.066502941501387,0.8960423006814499,0.6375750314841271,-49.91067452567253,0.3235100191973496,0.3921430170536041,5.562778333960662,2.4955143580861985,2.5,0.11183206710144426
345.99999999975785,stand,stand,0.32917719301970105,-0.015964673913043476,0.0,0.943393457408096,0.8580417608855503,0.7527502804436054,-170.9947822567004,-0.050903571938862455,0.005973282037014833,-0.3454851432203569,-0.10205111678724531,0.028450222244129256,0.012196925854759101,0.11944834471669409,0.43209166885128275,0.8973304386561128,0.7598067123839856,-28.156280442767034,0.9367910448417027,0.6514495995292664,-54.44212798735169,0.3214183170445714,0.40021768808364866,6.4118636677874115,2.495408493639322,2.5,0.11815840320867393
346.01999999975783,stand,stand,0.32917719301970105,-0.015964673913043476,0.0,0.9370045214152678,0.7647342542007172,0.7545798335322708,-170.96737787758852,-0.048569261302640374,0.009236458231933527,-0.31644539590799264,-0.07891249120029516,-0.0010734409286522943,0.02534476053558625,0.1229175671086121,0.4282177239249844,0.9362008727655599,0.7740154613206387,-32.13431304359811,0.9727379021079569,0.6626831155667305,-58.5273875887335,0.31892694423031154,0.40799973011016843,7.254433353486403,2.495149295543116,2.5,0.1290292041093111
346.0399999997578,stand,stand,0.32917719301970105,-0.015964673913043476,0.0,0.931425014604142,0.7028437932746607,0.7268725030707314,-170.9265483265239,-0.045152886672522034,0.011442716114344734,-0.2777114598884371,-0.05110697236185459,-0.026314671595945135,0.03727895149198971,0.12580274278758155,0.42401644881736883,0.9686455744314044,0.7860370550701619,-35.325060927828375,1.0034296629490378,0.673153483534813,-61.77095470119921,0.31613434059021656,0.4130037486553192,7.896209554367685,2.494308072612843,2.5,0.17412512672741423
346.0599999997578,stand,stand,0.32917719301970105,-0.015964673913043476,0.0,0.9267683983384176,0.6765487212335004,0.6770482419594677,-170.8720474376734,-0.04102595830154875,0.012307937896233367,-0.23300252410836447,-0.019655996001372706,-0.04461049922298974,0.04953101737597761,0.12722234591978326,0.41541952356636896,0.9946372705609795,0.7957738202462197,-37.763500654035816,1.0287742423843629,0.6849273454794884,-63.81127691987876,0.3133344590419102,0.41609699130058286,8.36930172520491,2.4929319186780545,2.5,0.2273254232383224
346.0799999997578,stand,stand,0.337669040845788,-0.015964673913043476,0.0,0.9230484412946142,0.6819489049398869,0.6140446405328851,-170.80440567016367,-0.03681877339412406,0.011643482890132643,-0.1873863373718777,0.007340551074495642,-0.0549536885644045,0.061012089698667324,0.1266762537384068,0.40131354397045454,1.0146292577654648,0.806807906592846,-38.92299270335483,1.0490138665377458,0.6987767901668549,-64.57737878658676,0.310780561315011,0.41533992290496824,8.502440432516643,2.4911021511543594,2.5,0.2871771312353608
346.09999999975776,stand,stand,0.337669040845788,-0.015964673913043476,0.0,0.9202068692650816,0.7138170413654464,0.5454863344717372,-170.72945121713525,-0.03287195485134223,0.010831266304650776,-0.14429266842662403,0.030008961344245976,-0.059077663279394434,0.06656635455526407,0.12463115604332924,0.38187652025941793,1.0293038015891833,0.8167596917996407,-39.3712232551089,1.0646538778668324,0.7136527870247364,-64.36718817197507,0.3087660918242244,0.4127026259899139,8.423209557709178,2.4896207629225895,2.5,0.30969196131431675
346.11999999975774,stand,stand,0.337669040845788,-0.015964673913043476,0.0,0.9181488232353259,0.7689615444742832,0.47794941429878485,-170.65575539683107,-0.029056927284883263,0.010375558654638949,-0.1054820154281704,0.050109415917455886,-0.0575504778964727,0.0645471280505368,0.12143354071714925,0.35707769383998017,1.0393840601938584,0.8246283319244385,-39.42190519706045,1.0763277543264067,0.7270499945083857,-63.75753796066155,0.30732548254324465,0.40784633755683897,8.120756927260633,2.4891228539782535,2.5,0.2879133574140714
346.1399999997577,stand,stand,0.337669040845788,-0.015964673913043476,0.0,0.9167438396130039,0.8424648390269447,0.41672815623378684,-170.58822836798555,-0.02567679149630011,0.010033858909655033,-0.07297043955139054,0.0656577235612443,-0.05151100855549658,0.058674874075272596,0.11741282523284122,0.3437591717129811,1.045725528250695,0.8321626272449494,-38.92389424924662,1.0847691353824451,0.741009963669464,-62.519701058033235,0.30660975469508833,0.40168840289115904,7.644733144880513,2.4889665366775713,2.5,0.2808290070433578
346.1599999997577,stand,stand,0.337669040845788,-0.015964673913043476,0.0,0.915845703207925,0.9267285790530482,0.36647716589210116,-170.53535789720206,-0.022855302131932577,0.010303259356818511,-0.04735415023522063,0.07429923669539876,-0.04161240894496802,0.044781190447723815,0.11336444102702568,0.3376910114135807,1.0492487275012259,0.8387033578405381,-38.16718879566334,1.090705280924446,0.7530142695108653,-61.237563093452536,0.3063598606576127,0.39446098208427427,7.0587130750249,2.488920825419101,2.5,0.27878787365129865
346.1799999997577,stand,stand,0.3546527364979619,-0.020210597826086956,0.0,0.9152707465817451,1.013506198450088,0.332758611831429,-170.50453874483924,-0.02084026847300631,0.011043519267706078,-0.03071846787482589,0.07574904495040502,-0.026785067261147173,0.024630913046550424,0.10886994323009742,0.3276732469786039,1.0510519964842515,0.8483214538941384,-36.62905684782477,1.0950299325673214,0.7673566855887175,-59.311270678799595,0.30628312285107695,0.386557525396347,6.426056866813589,2.4889577605568474,2.5,0.275075339304693
346.19999999975767,stand,stand,0.3631445843240489,-0.020210597826086956,0.0,0.9148293449345721,1.0946706441054659,0.31906813395872685,-170.4982702945121,-0.019494527335601995,0.011577374361985405,-0.02314871046968892,0.07008755845899962,-0.009459607374809777,0.002823362263533508,0.10495603317387753,0.31865619986008964,1.0522287389693499,0.8578346308717728,-35.08006623014821,1.0986220636491713,0.7799658637890816,-57.63179761739148,0.3062370889441819,0.37874788641929624,5.803258431856575,2.4891945476899515,2.5,0.2643783636253952
346.21999999975765,stand,stand,0.3716364321501358,-0.020210597826086956,0.0,0.9143662026649593,1.163367165863998,0.32271464218207646,-170.50659680955528,-0.018503829103786902,0.010668500216386972,-0.023439856680236088,0.058568881261209564,0.004899192702477133,-0.008675132605661823,0.10186260963425714,0.31159366782332776,1.0536654931688176,0.8671672877321244,-33.67715626084041,1.1021648556721342,0.7905711878488064,-56.355545718977254,0.3061308938154905,0.3717189788818359,5.251863090084881,2.4896376432956875,2.5,0.24873720755624984
346.23999999975763,stand,stand,0.3716364321501358,-0.020210597826086956,0.0,0.9137889766355777,1.2142308481909274,0.33726668407679455,-170.52758897933205,-0.01753033492374462,0.009421795169073755,-0.028524952381857243,0.04250504325831797,0.013345236396778,-0.02022892939476195,0.10008072521931036,0.3087864471019339,1.0559150748847654,0.8738111194620133,-32.94670589497948,1.1060333328138423,0.7972468857119084,-55.873817653439716,0.30579653564866466,0.3664591073989868,4.87137549084853,2.4903040894350417,2.5,0.2256869483553828
346.2599999997576,stand,stand,0.39711197562839673,-0.020210597826086956,0.0,0.9129950021899147,1.2443366940286602,0.3585421940242226,-170.56474797828253,-0.016662215180304776,0.008343567314617944,-0.03948678301402815,0.024200221381060646,0.018607931107336672,-0.03492676536096886,0.09825692631006587,0.30225400125553326,1.0595815306886296,0.8853388663778305,-31.637738162117223,1.110722910484335,0.8084689092288018,-54.75892976584177,0.30502932703649754,0.3612072229385376,4.536139108132934,2.4910997169194506,2.5,0.20260472668842608
346.2799999997576,stand,stand,0.40560382345448365,-0.020210597826086956,0.0,0.9118837424009091,1.2538072538118925,0.38331899395500524,-170.61808981773078,-0.015726270255406943,0.007339231298243415,-0.05557860743596437,0.006384185694964469,0.02102112637129236,-0.04889286110714881,0.09735790993509627,0.29796316870858597,1.0651813617051764,0.8967183020362854,-30.743117669875136,1.1167245111396544,0.8187613424310685,-54.08442670099017,0.3037285447540845,0.35687253475189207,4.322099354234485,2.491938481849239,2.5,0.18104058317181088
346.2999999997576,stand,stand,0.4140956712805706,-0.020210597826086956,0.0,0.9103934399731173,1.2475975042890228,0.40872412567068617,-170.68287747423727,-0.01447141103456479,0.006487705360339791,-0.07479460020982635,-0.006485118179665985,0.021122581141298665,-0.05821758717133346,0.09733208442501785,0.2963079917278171,1.0729428330054154,0.9077316906700135,-30.320183347902844,1.1243795126175762,0.8280715208897591,-53.91152614072416,0.3019051074388228,0.3540740370750427,4.271773162027396,2.4927029111987244,2.5,0.16488678866725504
346.31999999975756,stand,stand,0.4225875191066576,-0.020210597826086956,0.0,0.9085043017275075,1.2276522976717354,0.43053400476193965,-170.7537469792446,-0.01307327175456704,0.005431551091359878,-0.095176011126615,-0.01845949626340516,0.017369606770377327,-0.06287152081728126,0.09802851794519078,0.29749781691931587,1.0829039357811938,0.9186020281562806,-30.32222708633092,1.1337688507676016,0.8362710338482857,-54.25621670632214,0.2996722917939787,0.3529152929782867,4.3784813662131885,2.4933284306647976,2.5,0.15377770516581574
346.33999999975754,stand,stand,0.46504675823709235,-0.024456521739130432,0.0,0.9061357491677615,1.1936459592802362,0.450003600183137,-170.83233490472517,-0.012011373393492798,0.004866414921193098,-0.12010813542005455,-0.030735639668417202,0.015738409249048346,-0.0702130641595111,0.09789495381824959,0.29276985443022796,1.095452187207303,0.9384068038711548,-29.210756063057836,1.145282036392718,0.8525121819624901,-53.56502379406408,0.29712757971985765,0.35090759992599485,4.4375994323255545,2.4938539201714924,2.5,0.14327385090975753
346.3599999997575,stand,stand,0.4735386060631793,-0.024456521739130432,0.0,0.9032173513380024,1.1464003498630309,0.46712541118582024,-170.9188254161711,-0.0110644776168489,0.004552067484204177,-0.14813271129545974,-0.04202624957066467,0.013390527094586815,-0.07667369189415545,0.09861432411976938,0.29283939501497724,1.1108371104408143,0.9559677329311371,-29.032620787931272,1.1592038975889443,0.866364502573967,-53.75894333268659,0.2945082288945825,0.3499670684337616,4.574049978562748,2.4943230392445757,2.5,0.13318852439332352
346.3799999997575,stand,stand,0.48203045388926624,-0.024456521739130432,0.0,0.8997466011594635,1.0884328172119357,0.47945883887083646,-171.00836282843022,-0.009975309942639534,0.004279660495593529,-0.1761475841789514,-0.05104701522317127,0.009033382270817816,-0.07858997013429367,0.1000110445843145,0.29704955104753417,1.128923334088558,0.971508854294777,-29.694496921285296,1.1754835918571656,0.8784340408096314,-54.69459759984668,0.29202598050091017,0.35065571069717405,4.818241911658687,2.494729254060428,2.5,0.12464656121344442
346.3999999997575,stand,stand,0.48203045388926624,-0.024456521739130432,0.0,0.8957929991903488,1.0227473929918245,0.485107745890811,-171.09443768145823,-0.008580767706112219,0.003816730469360288,-0.20036975322836345,-0.05751685088615516,0.0030952095294531526,-0.07465398919195551,0.10229567208956451,0.30686938335846703,1.1492080100836861,0.982990541721344,-31.445214214202718,1.193725322056282,0.886855938697815,-56.610244803548845,0.28981816470966193,0.35339746475219724,5.198378086997584,2.49501468366937,2.5,0.11802949836665988
346.41999999975747,stand,stand,0.4990141495414402,-0.024456521739130432,0.0,0.8914393100488033,0.952221771351718,0.48591263687749237,-171.17316374651102,-0.007077586592742815,0.0034322601330909557,-0.2203280245548836,-0.061504766524028594,-0.0003961499272210835,-0.06792132476873962,0.1044770283234609,0.31644531944321064,1.171161631357079,0.9964233722934723,-33.1051980664612,1.2135104013027993,0.8970650818595887,-58.45049267072323,0.28784975904059223,0.3565025687217712,5.592773172890619,2.4949688325125536,2.5,0.1299012807047523
346.43999999975745,stand,stand,0.5075059973675271,-0.024456521739130432,0.0,0.8867678674876088,0.8797172671847905,0.4846733498984996,-171.2451631119013,-0.0053505149673291645,0.003387986086670987,-0.23582928215124838,-0.06298620489370013,-0.0017315109169669272,-0.06225856307399756,0.10680093717835101,0.32714858395438884,1.1942814634539909,1.0097446527729035,-34.957227326035216,1.2344355345674107,0.9072869506130219,-60.46320657263351,0.286256191770327,0.35974875688552854,5.958056557369676,2.4946218909125073,2.5,0.14797439218447037
346.45999999975743,stand,stand,0.5075059973675271,-0.024456521739130432,0.0,0.8818836360425767,0.8083151954491181,0.48247883216695003,-171.31272427822083,-0.0031816107303272844,0.0036554765233933403,-0.2458147168585525,-0.06170037590337123,-0.0023812757651090807,-0.05863049985897502,0.10935858050106506,0.33979945341913664,1.2179895375436078,1.0211715784320832,-37.21253236800143,1.2560081166691062,0.9162086632499695,-62.78936913035124,0.28524948461663896,0.3633066177368164,6.288443083726918,2.494171439974549,2.5,0.16195076915959788
346.4799999997574,stand,stand,0.5159978451936141,-0.024456521739130432,0.0,0.8768889902609764,0.7409754376714298,0.47960433291143256,-171.3783614027428,-0.0006551169387443313,0.0042220143548092,-0.2507827440041916,-0.057843603781079535,-0.00287444151609008,-0.05723270165595882,0.11157742823295086,0.35130942447740887,1.2417710048887647,1.0330913152942658,-39.35343970642811,1.2777832145517574,0.9264737900743485,-64.87661700231983,0.2848080678825296,0.3661750018596649,6.5219308355821255,2.4937569284493697,2.5,0.17151733878840342
346.4999999997574,stand,stand,0.5159978451936141,-0.024456521739130432,0.0,0.8718863465197116,0.6803431964657322,0.47544351779166655,-171.443473732005,0.002224792734257407,0.004856076173015249,-0.2506258127701546,-0.0517362095340347,-0.004046190932819222,-0.056844869293015965,0.11383413468494359,0.3637366990393798,1.2651439968801859,1.043282428050995,-41.695665022471246,1.2993298656539123,0.9355931666145325,-67.09638487701054,0.2847302560383464,0.36849615573883054,6.69516259624913,2.4934721190784397,2.5,0.17435045028393176
346.5199999997574,stand,stand,0.524489693019701,-0.024456521739130432,0.0,0.866960194536118,0.628883881310647,0.46997910644760793,-171.50955582044594,0.005387399138564753,0.0056263337098501785,-0.24643792871421424,-0.04341721529864413,-0.005206012270838692,-0.057884750352406415,0.11559662640772095,0.37397045719847566,1.2877427564030124,1.0545087244758606,-43.68447034213983,1.3203259576829423,0.9463555004844666,-68.89706298300192,0.2848813723075221,0.3698770761489868,6.784986461894502,2.4933647591781614,2.5,0.16905283538582108
346.53999999975736,stand,stand,0.524489693019701,-0.024456521739130432,0.0,0.8621775973280132,0.5886875817502221,0.4632840456810914,-171.5781526131838,0.008914091145107127,0.006255382963120897,-0.23894756725726624,-0.03337228186946041,-0.006288089967868071,-0.060238545918170926,0.11713033208995068,0.38344453428507097,1.3092964377595953,1.0649866249809266,-45.59952386060984,1.3405307930789019,0.9570862587938309,-70.54293274326366,0.28516468029599706,0.3707569599151611,6.825485521316039,2.4934455305459364,2.5,0.16099883183872385
346.55999999975734,stand,stand,0.524489693019701,-0.024456521739130432,0.0,0.8576027982562876,0.5609838205255206,0.4553188299263107,-171.65013707821268,0.012788854349216424,0.006558333812826384,-0.22823841876585416,-0.02234571800171446,-0.007421424584080358,-0.06326453649589393,0.1186338423659763,0.39289311827970796,1.3295639975601994,1.0741513457546235,-47.50131666550912,1.3597123238270408,0.9668192055473328,-72.16678441144025,0.2854506661694575,0.3710826992988586,6.82930500445896,2.4936777708834814,2.5,0.15058820724248442
346.5799999997573,stand,stand,0.541473388671875,-0.024456521739130432,0.0,0.8532584010826049,0.5463838670314385,0.4478979352556032,-171.72772562213865,0.01678603900525578,0.006676646383970758,-0.21660097759332736,-0.010843390832301871,-0.006654163505131993,-0.0685459927387235,0.1191746624254853,0.3975132800338119,1.3485030039128572,1.0870327141532898,-48.49166214484442,1.3778323713786453,0.9803190913448334,-72.91859891830529,0.285587788142619,0.3697465419769287,6.719303398725135,2.494030317004603,2.5,0.13926019121494865
346.5999999997573,stand,stand,0.541473388671875,-0.024456521739130432,0.0,0.8491538725080685,0.5439007849127269,0.44132992951020383,-171.81269516075,0.02097533916578132,0.006381210897266082,-0.20439422234736684,-0.0005077110987106585,-0.0060681404331868055,-0.07513944495736459,0.11984269902003326,0.4026189794815416,1.3661279582566421,1.0983834650764466,-49.52201910261275,1.3948701160477037,0.9922511365661622,-73.75626843365868,0.2854330988468621,0.36780366897583006,6.591969891175929,2.494536350453104,2.5,0.12292654889367666
346.6199999997573,stand,stand,0.549965236497962,-0.024456521739130432,0.0,0.8452904890311628,0.5508268111735725,0.4348217039437576,-171.90545724677605,0.025270420851972966,0.005492105962128693,-0.19233254829776933,0.007535910572443253,-0.0061828639619882384,-0.08196673369541492,0.12017957480720379,0.40566133904605395,1.3825046469890125,1.1109355476150513,-50.11641777045603,1.4108215303683806,1.0051601913223267,-74.22213862638134,0.2849333638513697,0.36493239402770994,6.422151657746498,2.495193370546368,2.5,0.10146575757174202
346.63999999975726,stand,stand,0.549965236497962,-0.024456521739130432,0.0,0.8416690030672312,0.5650222776241828,0.42757158546117047,-172.00385639349295,0.02954648036439248,0.004254767946469742,-0.1802372767992148,0.013684373247951577,-0.006945054295587954,-0.0868517166661852,0.12075633655684669,0.4093656463334894,1.39768334477113,1.1222243097076416,-50.72655940446331,1.4256847808320856,1.0163191344985962,-74.80696080835173,0.28388433956563713,0.36179510354995725,6.287862837223666,2.4960477841084754,2.5,0.07534606922699494
346.65999999975725,stand,stand,0.5754407799762229,-0.024456521739130432,0.0,0.8382456757871498,0.5843143597347318,0.42151680084721027,-172.10590422606987,0.033365509060035006,0.002595743419896322,-0.17057932883189958,0.017709912932740227,-0.005644105058482635,-0.08963215878955116,0.1202239092402939,0.40697737044114657,1.4118955797327206,1.1388354983577729,-50.22173550890673,1.4396567282330472,1.0326793577919007,-74.30951126346616,0.28221694725336066,0.35715357065200803,6.083904852370232,2.497025208266617,2.5,0.047393748171987014
346.67999999975723,stand,stand,0.5754407799762229,-0.024456521739130432,0.0,0.8349705486973831,0.6065178209854072,0.41726988201494625,-172.21129298944447,0.03671920843984328,0.0007654994598790613,-0.16318278993659155,0.020231560498385794,-0.004219313005248707,-0.09245277421729549,0.12021542012009447,0.406429577434823,1.4253742065750792,1.1533515837440491,-49.97909383902294,1.4529303582804651,1.0465007808456421,-74.1583463307442,0.27989571538878716,0.35257879495620725,5.940525913197748,2.4981188515278383,2.5,0.01644847770299893
346.6999999997572,stand,stand,0.5839326278023098,-0.024456521739130432,0.0,0.8318072713046173,0.629559599864113,0.4146087021061718,-172.3203982147721,0.039613870339973024,-0.0011655486903944686,-0.15760883895718011,0.020753470950564533,-0.002879669565761635,-0.0959704048077498,0.12040959532441176,0.4056069369628048,1.4382955629801908,1.1679225650081635,-49.63978922917545,1.4656439326369382,1.0600369956741333,-73.96805958358435,0.2768667866826869,0.34789749085903166,5.848865750256127,2.4992585955395894,2.5,-0.014226421282650392
346.7199999997572,stand,stand,0.5839326278023098,-0.024456521739130432,0.0,0.8287388206375066,0.651080253553259,0.41249043394482093,-172.43396252705753,0.04214747197761739,-0.003204258898992338,-0.15282406818589503,0.01908985836442298,-0.00268007271609848,-0.09987818718479459,0.12122726739524368,0.40663287438789864,1.450757176849483,1.1804725017795563,-49.58910308852499,1.4778485423757222,1.0712156679878235,-74.11430955317935,0.273049692940339,0.3432826608419418,5.829718979296205,2.500375477317281,2.5,-0.04145515313247312
346.7399999997572,stand,stand,0.5924244756283967,-0.024456521739130432,0.0,0.8257544163202828,0.6689026385738307,0.41100736840480434,-172.55191933926108,0.044309775665698124,-0.0053015313541115335,-0.14858052850659298,0.015655668670100122,-0.002128584870191325,-0.10373711573673738,0.12217256563590126,0.40692821232097054,1.4628297545034492,1.1933165874729157,-49.4208074418053,1.4895786141764393,1.0826504018554688,-74.13146925771719,0.2684993535974142,0.33817285895347593,5.828056314544344,2.4998329864261337,2.5,0.012860773367325072
346.75999999975716,stand,stand,0.5924244756283967,-0.024456521739130432,0.0,0.8228534958849301,0.682016499341264,0.4104567129618274,-172.67321487342045,0.046197968874776556,-0.007490604106388804,-0.14424358193448875,0.011487507890314021,-0.0013614792240604623,-0.10651292254278318,0.12366585139637651,0.40847239065795615,1.474526307680889,1.2046921637306214,-49.450332391169106,1.5008344157052584,1.0923620250473023,-74.37358892282447,0.2629005514915241,0.33253792524337766,5.882793950462687,2.5007005283153534,2.5,-0.039935908965218106
346.77999999975714,stand,stand,0.5924244756283967,-0.024456521739130432,0.0,0.8200479498248366,0.6904403782304436,0.411248423945197,-172.79554768517033,0.04802746824671843,-0.010000508956817547,-0.13918002280372904,0.007358511271507005,-0.0002347332875453122,-0.10715077315085608,0.12561164081967902,0.4106158915715137,1.4858005130025562,1.2152704682598114,-49.54386245688928,1.5115760654416004,1.1009601738700867,-74.7207714666385,0.2563805596332289,0.3263580113649368,5.9649852916058,2.5000739498971454,2.5,0.0058209910786159065
346.7999999997571,stand,stand,0.5924244756283967,-0.024456521739130432,0.0,0.8173625177268508,0.6939165864334156,0.41132647518153914,-172.91500441553677,0.04973379846828683,-0.013080685563999491,-0.13305318149226153,0.0028360526973044554,-0.001151384812555025,-0.10414535828062531,0.12808493174593924,0.41295482555293206,1.4965619868050146,1.2252574351081849,-49.64511817318893,1.5217087239599145,1.1087538984069825,-75.09567290357472,0.24879794324338667,0.3194295972585678,6.077760651252878,2.499646677392162,2.5,0.00820948773340058
346.8199999997571,stand,stand,0.6094081712805707,-0.024456521739130432,0.0,0.8147895648127255,0.6934225395902914,0.4104235387420767,-173.02798409722936,0.05096238395552886,-0.016484940625601404,-0.1276371103125216,-0.00033558488545821943,-0.0016925444659416987,-0.09815190177882442,0.1302204998867622,0.4106091369458367,1.5068400145821466,1.239444592262268,-48.90492514998038,1.5312921897488763,1.1206830528030396,-74.63230465607428,0.24020947337796222,0.31126741170883176,6.1653325276734385,2.5007875097318104,2.5,-0.04651924796609215
346.8399999997571,stand,stand,0.6094081712805707,-0.024456521739130432,0.0,0.8123141991091404,0.6897402713527798,0.40786765820080734,-173.13239530036822,0.051488462248657794,-0.020147146660262707,-0.12295229914814723,-0.0032265168979989023,-0.0035452113579885172,-0.09044470378470726,0.13322556729169296,0.41005699940337204,1.5166815818367811,1.2523155000457764,-48.326958652376376,1.540394395334616,1.130337395931244,-74.49655530286518,0.23110676264910213,0.30279492437839506,6.247946352417433,2.500294073158575,2.5,-0.004057684438720776
346.85999999975706,stand,stand,0.6179000191066576,-0.024456521739130432,0.0,0.8099243968124239,0.682469370631433,0.40203716813134394,-173.22775829691284,0.051421747100147984,-0.023875506708981323,-0.11905783559578934,-0.0064796051653029435,-0.006271947426034476,-0.0824925590601203,0.13646995932832215,0.42811024612128373,1.5261402923983922,1.2664013889083863,-47.465194303021015,1.5490652787300434,1.140590765739441,-74.17925340100274,0.2215386553778384,0.29327105581760404,6.277578204949596,2.5000328860472005,2.5,-0.0014327623280538811
346.87999999975705,stand,stand,0.6179000191066576,-0.024456521739130432,0.0,0.8076197695081375,0.6704345447088242,0.3916615792226192,-173.31322906950285,0.050718263426619004,-0.02777675977118436,-0.11518507616683435,-0.010870556075274007,-0.010278375797970045,-0.07366470741000881,0.1405591143887953,0.4579551277239446,1.535227926184791,1.2787657764205933,-46.84754732405616,1.5572960828413653,1.1481900003204346,-74.2598673797099,0.2115704815883943,0.28330150842666624,6.299806840641779,2.5000794365986785,2.5,-0.005132932609261837
346.89999999975703,stand,stand,0.6263918669327446,-0.028702445652173912,0.0,0.8054006975143924,0.6516193227780608,0.37703498597679547,-173.38871807390734,0.04919520201263013,-0.03189889677983789,-0.11132607240397815,-0.017105226006301304,-0.013711632021908693,-0.06511987825518474,0.14474409402089844,0.4872929276720897,1.5439621771569614,1.2918479826698304,-46.03845224326855,1.5650774527560998,1.156153121257782,-74.19323186482715,0.20123863718218332,0.27248663306236265,6.282022908025374,2.500271030379812,2.5,-0.011527781264906372
346.919999999757,stand,stand,0.6263918669327446,-0.028702445652173912,0.0,0.8032750450539611,0.6254128319861175,0.35876398098084633,-173.4552514435008,0.04694942723463413,-0.03595079549362611,-0.10691194728978455,-0.023642173210703797,-0.016811297078146464,-0.057096582258633,0.14934955799344332,0.5157982981863203,1.5523170110988214,1.3031784084091187,-45.474590977309155,1.5723823655959908,1.1619283344993592,-74.4327721557244,0.19058113851012848,0.2610951572656631,6.2423648552810995,2.500446474159697,2.5,-0.015052446126460577
346.939999999757,stand,stand,0.6263918669327446,-0.028702445652173912,0.0,0.8012626092498278,0.5930430839484488,0.3372334974006099,-173.50930884526338,0.0440913596298458,-0.04010413532262503,-0.10144200107105852,-0.028906278559994884,-0.0194196082517907,-0.04572510644658667,0.15392967449182843,0.5423621255411426,1.5602046463973183,1.3130773689994812,-45.0777398224216,1.579154550128443,1.1665109184036255,-74.78683152750418,0.17962656228671975,0.24932087063789368,6.194161338635256,2.500552591569465,2.5,-0.015773014152974874
346.959999999757,stand,stand,0.6263918669327446,-0.028702445652173912,0.0,0.7993889068871306,0.5575904422040795,0.3130734643220074,-173.54873042223232,0.04079413747705179,-0.04400691176376711,-0.09460723541572169,-0.03130189136470409,-0.021521875209631815,-0.03277655255936824,0.15827585621274648,0.5660337738960775,1.5675022651899988,1.321403422618866,-44.848549317130434,1.5853368622561248,1.1699301984558106,-75.23974513600406,0.16842084672186025,0.23678118586540223,6.103008754398713,2.4994892051237376,2.484265733784485,-0.3441007513689009
346.97999999975696,stand,stand,0.6263918669327446,-0.028702445652173912,0.0,0.7976828959285285,0.523134636565501,0.2872502075406869,-173.5753325572454,0.03723154133580928,-0.04721966452863552,-0.08621581027081056,-0.029979924435173375,-0.02267488526500925,-0.02194744991877229,0.16233806544843143,0.5872209696787842,1.5740729247048875,1.3284335520515442,-44.7114419950715,1.5908766787591373,1.1726202156791687,-75.70459588914562,0.15709401115647117,0.2230488047003746,5.914154034286308,2.4933944565790043,2.463704515522766,-0.5051626821654729
346.99999999975694,stand,stand,0.6263918669327446,-0.028702445652173912,0.0,0.796169919631252,0.4929957186901281,0.2611126139068364,-173.59325761903716,0.033252190153480535,-0.04957727854453793,-0.07647193529496113,-0.02594492843401121,-0.022760084448651175,-0.01483030481811953,0.16585904670380824,0.6056315092044815,1.5798030293166605,1.3347673800239563,-44.539718941403585,1.5957309695120852,1.1751344588050843,-76.07423668478049,0.14552263892579867,0.2087421104311943,5.7096686442083096,2.480444164779899,2.4428468833625794,-0.47094306213550363
347.0199999997569,stand,stand,0.6263918669327446,-0.028702445652173912,0.0,0.7948692097747875,0.4692432592946902,0.2363386037414715,-173.60568197188888,0.028789571291904945,-0.05138557245224767,-0.06563230908822533,-0.020231755976841292,-0.0214748879779525,-0.010203097150680593,0.168771050691558,0.6206771470530215,1.5846110354365133,1.3402900483856202,-44.341833253019296,1.5998655707027627,1.17720947530365,-76.39036934465958,0.13345493129591326,0.1948474556207657,5.592361085312064,2.462735600122657,2.4218687902153015,-0.39864756801402534
347.0399999997569,stand,stand,0.6263918669327446,-0.028702445652173912,0.0,0.793795681373253,0.4529042907694249,0.21511521282856308,-173.61432203219456,0.02400583998213106,-0.053063250212895735,-0.05382074041798908,-0.01367571434301308,-0.017947864684274145,-0.007158198120534805,0.17111078418813458,0.6323424208833157,1.588435717374018,1.3448707249412537,-44.13192789800211,1.6032494890032736,1.1786688950309754,-76.68052747962767,0.12087246537297226,0.1815810412168503,5.566487726395392,2.4423211839198102,2.3999072800338745,-0.35107424112562213
347.0599999997569,stand,stand,0.6263918669327446,-0.028702445652173912,0.0,0.7929547919196047,0.44387426137369257,0.1989929850500595,-173.62111676927375,0.01922551097572823,-0.054864045735654086,-0.04167034032325727,-0.007359463117125366,-0.013358743486005306,-0.005832731510815684,0.17273371860803682,0.6404425191676835,1.5912627033549922,1.3497362520942688,-43.689955406738996,1.6058704435673925,1.180328645969391,-76.79605512821915,0.10794270678733044,0.16842677295207978,5.567537254054477,2.4201065794944703,2.375899363583374,-0.3364208683668002
347.07999999975686,stand,stand,0.6263918669327446,-0.028702445652173912,0.0,0.7923386544691765,0.44102267761785363,0.1883834881267859,-173.62906759553653,0.014651209199360596,-0.056725995968290116,-0.029963243838145734,-0.0019672878414523274,-0.008718727208661741,-0.007356584409026642,0.17374731885208802,0.645564310462194,1.5931379582465799,1.3549968984375,-43.00836153533072,1.6077506369715107,1.1819472697029114,-76.7873163363015,0.09488014584740115,0.1553095117211342,5.570167907416996,2.396417358489279,2.3504998574913025,-0.3301176614510496
347.09999999975685,stand,stand,0.6263918669327446,-0.028702445652173912,0.0,0.791928631906728,0.44135273566435385,0.18310191692019193,-173.63994812020852,0.010364161415171774,-0.058940652186738565,-0.019256401709014808,0.0002990248033567362,-0.00409943241147666,-0.009910374823514721,0.174364848476615,0.648989092754209,1.5941608653815174,1.3600489285240174,-42.219320760356496,1.6089287155209036,1.1834243920097351,-76.68024709785003,0.0818907216497689,0.14230423644185067,5.564389519622331,2.371592380154495,2.3245116363227845,-0.3219838699775399
347.1199999997568,stand,stand,0.6263918669327446,-0.028702445652173912,0.0,0.7917047739863344,0.444084510486719,0.18166970889584833,-173.65703185874958,0.006576771497747889,-0.06091520621293641,-0.009676000452232068,0.0024485457502290333,-0.0009414461695142596,-0.015773099252992497,0.17496874790363454,0.652424635322072,1.5944159117946057,1.3641586091766358,-41.4669459308201,1.6094694831261873,1.1845159914741517,-76.53247993898317,0.06912337145904418,0.12971051260828972,5.565395711964813,2.345930872805652,2.297957767075348,-0.3165769706878947
347.1399999997568,stand,stand,0.6263918669327446,-0.028702445652173912,0.0,0.7916386479141216,0.4502263482962407,0.18221863468951593,-173.683379093703,0.003183104166308875,-0.06234452475188456,-0.0018265747870448309,0.00567918367951935,0.0004875589288388801,-0.024150598547994503,0.17557009645511912,0.6557537789301362,1.5940071683612724,1.3673811342964173,-40.7635336831103,1.6094874878277585,1.1852920439491272,-76.35687364086345,0.05670112058154601,0.11754052937030793,5.5668004572563765,2.319596748616046,2.270693291252899,-0.31749128305138274
347.1599999997568,stand,stand,0.6263918669327446,-0.028702445652173912,0.0,0.7917069450521178,0.4608110068540011,0.18367504614755784,-173.7225987213771,0.00014127779417196773,-0.06326979979958439,0.004874127933220453,0.009624675154512709,0.001157752087439603,-0.035757815831284755,0.17613345541525888,0.6583246253039363,1.5930154807015464,1.3698574688682557,-40.09549140920326,1.6090765217001313,1.1851094153175354,-76.28353404887352,0.044684820637118226,0.1056324526667595,5.553868783964049,2.2925854700934356,2.242401648587036,-0.3264480290129794
347.1799999997568,stand,stand,0.6263918669327446,-0.028702445652173912,0.0,0.7918956870154182,0.4755223611773813,0.18580962660937322,-173.77596085790938,-0.0026604025136740444,-0.06407150166681018,0.010906447850743706,0.013197574895737148,0.0016279017261639748,-0.04815742917370846,0.17668492640234218,0.6605574002330135,1.5915010780687224,1.371955671573639,-39.405782154482885,1.6082799585998644,1.1842093255767823,-76.27305031362786,0.0330863979165286,0.09408655427396298,5.5354896020858515,2.264915793820314,2.21355228526001,-0.33367799885441896
347.19999999975676,stand,stand,0.6263918669327446,-0.028702445652173912,0.0,0.7921900888979294,0.49357253524358696,0.18884997617478244,-173.84307081291774,-0.005404837329678596,-0.06499755384259409,0.01620852451020476,0.016091281234276018,0.002410756899031399,-0.06010607249791826,0.17708169237379212,0.6620213774415691,1.589525259825393,1.373796024585724,-38.68404064819484,1.607142994192352,1.1831679132232666,-76.23021550644401,0.021963145984021368,0.08293973878026009,5.507486119977424,2.2366248581086015,2.18417178494339,-0.33978178392208647
347.21999999975674,stand,stand,0.6263918669327446,-0.028702445652173912,0.0,0.7925708017013626,0.5141459733333368,0.19348260338631734,-173.92225683776522,-0.008146642243392583,-0.06616706894860712,0.020590269704612005,0.01825382614021825,0.0037766494484689672,-0.0704276916946321,0.177249099423594,0.6624636634015282,1.587162623959287,1.375491180683136,-37.9243920965626,1.6057268562675024,1.1821200635681153,-76.142806037472,0.011382510202210497,0.07218185663223267,5.46328812492451,2.207795070714862,2.1543798933685303,-0.3456667752265108
347.2399999997567,stand,stand,0.6263918669327446,-0.028702445652173912,0.0,0.7930166136450317,0.5364548323971067,0.20013017694545054,-174.0109987952526,-0.010870766528194702,-0.0676397271203471,0.023948479385849875,0.019730128621204455,0.005457172693905507,-0.07849809195341609,0.17729680640403309,0.6622650542081456,1.5844958022054565,1.3769883301506043,-37.15189769361552,1.6040968694709057,1.180719771648407,-76.0852963033637,0.0014047614417503226,0.061877562105655676,5.403613216823821,2.1785060546618533,2.1241636763275147,-0.35327966168596037
347.2599999997567,stand,stand,0.6263918669327446,-0.028702445652173912,0.0,0.7935088114371825,0.5594415868699036,0.20866833839884733,-174.10655100692605,-0.013555350050214474,-0.06948676844335047,0.026382300537066316,0.02022382437184903,0.006987533424303201,-0.0841611665107742,0.17730233366159134,0.661702439055192,1.5815970699574005,1.3782076623687745,-36.393083563576155,1.602304537981794,1.1787163403282166,-76.11100423136362,-0.007948537293359011,0.05211707800626755,5.336336991366706,2.1488115481096455,2.093466628617096,-0.36451896206982637
347.2799999997567,stand,stand,0.6263918669327446,-0.028702445652173912,0.0,0.7940326225479104,0.5820266789400839,0.21869982931156612,-174.20585357681057,-0.016151029791563753,-0.0717334523954967,0.028061746091763724,0.01979662044376405,0.008176613046619386,-0.08710003006686637,0.1773307865478639,0.6611090650738736,1.5785231216579676,1.3790846851119996,-35.66859802298089,1.600386330547704,1.1761970308074952,-76.20961598234054,-0.01670013324281634,0.042995123565196997,5.273396017565996,2.118706059974759,2.06224213940506,-0.37822959862962446
347.29999999975666,stand,stand,0.5669489321501359,-0.028702445652173912,0.0,0.7946971649522416,0.6010555375117522,0.22223317144577043,-174.30322837899746,-0.01785376759402665,-0.07511176661984312,0.03549160250892854,0.016218092177974996,0.0012568171119002815,-0.08461730134525482,0.180885973316465,0.6706245229666099,1.5748537554088258,1.3676873829612732,-37.01520719779521,1.5978328436311073,1.155690052772522,-79.39367516189218,-0.025195318600019726,0.03541546911001206,5.3345293108934495,2.0884022774988322,2.030242134159851,-0.4145235576795858
347.31999999975665,stand,stand,0.558457084324049,-0.028702445652173912,0.0,0.7956522278609561,0.6133863057621757,0.21566262664631677,-174.39077564846409,-0.018669073695288894,-0.07978238331989453,0.04990623606042006,0.009993910292900681,-0.007675883661603122,-0.07497644678026494,0.1844830167185935,0.6831210567821566,1.5700848354045922,1.3577273872146607,-37.86786604119925,1.5940421136054446,1.1360671904335022,-82.15062159471259,-0.03353918001689383,0.02872913926839829,5.45858094367178,2.057843527129301,1.998264003819275,-0.44087617546220814
347.3399999997566,stand,stand,0.541473388671875,-0.028702445652173912,0.0,0.7970123077260114,0.6190747385994793,0.201232289732401,-174.46097832575387,-0.018737713161070344,-0.08536007290279762,0.07015223756263284,0.004273564430941342,-0.014023829606660336,-0.05899761456036036,0.18762398977241018,0.6942342250118774,1.5637926716064896,1.347950258518219,-38.38137004439635,1.5885882194290697,1.1160677459487915,-84.64446738587321,-0.041668648805946354,0.022304384410381323,5.583207141897157,2.0269594149744203,1.9660885224998474,-0.4618419294382923
347.3599999997566,stand,stand,0.541473388671875,-0.028702445652173912,0.0,0.798833716780511,0.6199506583379052,0.18401587643475975,-174.51115199579166,-0.01900084479958775,-0.09100572294356786,0.0932728431508507,0.00040740891163181686,-0.015593685784342321,-0.04145496217078523,0.18876712356063316,0.6987444481248346,1.5557364246599812,1.3418826248893738,-37.8908349755364,1.58130186423499,1.1019906189689637,-85.72935777963318,-0.04928089843481995,0.015668167173862463,5.630740337644017,1.995737091760212,1.934160638874817,-0.46876614019860297
347.3799999997566,stand,stand,0.5075059973675271,-0.024456521739130432,0.0,0.8011717796875703,0.6190284088448889,0.1651318643023377,-174.5409430427698,-0.019185746334204647,-0.0966412011296859,0.11944638643553286,-0.0008358617039539878,-0.017165337988124613,-0.023563773571289377,0.18990735434644973,0.7005672955323985,1.5456447343146313,1.3317633059272767,-37.74285202502249,1.5719764204596476,1.0828938868293763,-87.33506016356975,-0.056142459698093235,0.00962828695774079,5.65340979220398,1.9644410530682808,1.9025080094993592,-0.4768922667117741
347.3999999997566,stand,stand,0.4905223017153532,-0.024456521739130432,0.0,0.8040801945263341,0.6185830061338832,0.1445866137320216,-174.55004641569596,-0.019119285111222743,-0.10232630820795367,0.14816032141729338,-0.0003448436277717414,-0.018427400562422716,-0.0050720718665027914,0.19014167674273094,0.6991304677899652,1.5332639775864043,1.3214211251983643,-37.20400830363016,1.5604020595246562,1.0647257354507447,-88.35276556755194,-0.062061340199427245,0.003989210724830633,5.622038260826097,1.933358867589701,1.8715795765579224,-0.48165936333032366
347.41999999975656,stand,stand,0.48203045388926624,-0.024456521739130432,0.0,0.8075668384354453,0.6206335153375273,0.12566277551589344,-174.5430356428429,-0.019006048492005708,-0.10717248750368218,0.17728960162075819,0.0020587707854609317,-0.01645423203611197,0.007972546205022395,0.18891873996119435,0.6928691492513428,1.5185090028780253,1.3125040915260315,-35.974769874112056,1.5465507593179177,1.0504187729606629,-88.26348880564915,-0.06691864444361353,-0.0015308946371078436,5.508717507714373,1.9026710516236514,1.8413345704734803,-0.4844874889837132
347.43999999975654,stand,stand,0.4735386060631793,-0.024456521739130432,0.0,0.8115918749158787,0.6286575922634845,0.11310169309166668,-174.5213236840168,-0.019093542478623625,-0.11133445640312026,0.20464284895892523,0.007672578018897641,-0.010242972195661964,0.020731063047293094,0.18634425701700805,0.6814745942013483,1.5014478126110022,1.304046073223114,-34.25237549212798,1.5305811331066284,1.0394166496047974,-87.20982295826019,-0.07072195004794497,-0.006865346431732172,5.326821657470791,1.8724360928549433,1.811786387389946,-0.48304347843244466
347.4599999997565,stand,stand,0.4310793669327445,-0.024456521739130432,0.0,0.8161522712869002,0.6440785651482132,0.10428249786705952,-174.48439078624975,-0.018805305861739317,-0.11527223003263513,0.23196862033559623,0.014229679777042585,-0.007643314418636994,0.03417394753461474,0.18488142332792715,0.6714522281693835,1.4820089048167013,1.2889514353523255,-33.29122303449996,1.512430496574035,1.0195854690322876,-87.34808766962331,-0.07375708460753026,-0.011201494932174677,5.179353295993219,1.8429152332736118,1.7828766892612458,-0.4924350522970333
347.4799999997565,stand,stand,0.4225875191066576,-0.024456521739130432,0.0,0.8212315603991855,0.6652561741693169,0.09977893378104713,-174.4308221963198,-0.017641876185029173,-0.1191172154043852,0.2582718321871948,0.01881208541289424,-0.0029633539871482067,0.049008301056314915,0.18247769455635407,0.6593291784378259,1.4602099181643013,1.2752976801643372,-31.647587066527127,1.4920834041194844,1.0021803167114258,-86.65362009943972,-0.0744614795826884,-0.015060284733772272,4.777216823252329,1.8123940395768856,1.755201030796814,-0.3718258388776623
347.4999999997565,stand,stand,0.4140956712805706,-0.024456521739130432,0.0,0.8267725277830421,0.6876788450595037,0.09909004240231034,-174.35294884291744,-0.017348921477491952,-0.12266601259796074,0.28136677677432953,0.01938619745957414,-1.2638871734034713e-06,0.07133020113853404,0.17982743829540476,0.6473056482802462,1.4362481328786572,1.2628406670341492,-29.413563904533802,1.469657187259783,0.9851149406681061,-85.53171819688578,-0.0739836130789204,-0.018079170584678644,4.445109095633639,1.7820947751081477,1.7235698739946366,-0.4284697663056303
347.51999999975646,stand,stand,0.4140956712805706,-0.024456521739130432,0.0,0.8326694995790802,0.7083117435611656,0.10265591901879258,-174.2530938251238,-0.018127610555669048,-0.12513495834423166,0.29891588304113853,0.01744579769873522,0.0043684375221283225,0.0892822170493518,0.17585670491573951,0.631592911833242,1.4104931825813558,1.25156489875412,-26.671332184118466,1.4454892970580675,0.9726587769041062,-83.29171664646877,-0.07364352761249869,-0.01981885135173797,4.289236266911423,1.7530885941275536,1.6957557688415528,-0.44458170939829267
347.53999999975645,stand,stand,0.3631445843240489,-0.024456521739130432,0.0,0.8388838851527864,0.724078436329541,0.10612286508200405,-174.13657220393443,-0.01838477307549501,-0.1273832752234085,0.3148413439919238,0.01288113798470976,0.0033804666290072538,0.10361930743471207,0.17370958941937834,0.6179341112187415,1.383038984356443,1.231798508430481,-25.159251325469,1.419582075132362,0.9462532636175156,-83.25014706977848,-0.07342071152388877,-0.020748102664947504,4.201877011843061,1.7257872265597898,1.672013458138752,-0.41478311258555967
347.5599999997564,stand,stand,0.3546527364979619,-0.024456521739130432,0.0,0.8453873021594954,0.734401387527232,0.10992719924210345,-174.00695270342305,-0.018271187488025583,-0.1291950489714931,0.32912291865820203,0.008197424946567904,0.004424832427741809,0.11459246621609127,0.17040194287159466,0.6012239062677882,1.3539374933283732,1.2126290586242676,-23.246971442149935,1.3919823077843503,0.9243596431264878,-82.09546375202805,-0.07295563069392158,-0.020791643857955927,4.14631775194267,1.700393936387716,1.6500125865400315,-0.39554831435607873
347.5799999997564,stand,stand,0.34616088867187494,-0.024456521739130432,0.0,0.8521015544611886,0.7396886582553202,0.11924382629418066,-173.87247541236385,-0.017838655230798244,-0.12993746459445757,0.33974931118203083,0.0038284237906788927,0.00979940386179483,0.11768864720654941,0.16676008085134408,0.5841555252219965,1.3234392953328793,1.1952131178627015,-20.78589018080526,1.3629600899677006,0.9045904066810608,-80.3220896641657,-0.0720987400580105,-0.019974061846733088,4.120704728827011,1.6764539924600326,1.6276440883934975,-0.4034632315678952
347.5999999997564,stand,stand,0.34616088867187494,-0.024456521739130432,0.0,0.8588980336766362,0.7398212349768601,0.13965536891549055,-173.74503855760793,-0.01728655368523406,-0.12878513176496786,0.3441070130152747,-0.0005833765749586664,0.02005228794229885,0.11003868675851851,0.16257869478435677,0.5636930653036678,1.2920418816194321,1.181256779695511,-17.577343433605066,1.3330089131599445,0.8876241978654862,-77.91391390095627,-0.0709704960720703,-0.019128853082656855,4.083956636583643,1.6535469848965472,1.6058548095584393,-0.4096975595050023
347.6199999997564,stand,stand,0.31219349736752716,-0.024456521739130432,0.0,0.8656801652440062,0.7335166136587586,0.1693899042579271,-173.6286988342235,-0.015958046201344615,-0.1269519081717152,0.343816532461906,-0.006526941445404674,0.0274077683504802,0.10037974345593105,0.15921643761303872,0.5436960695632262,1.2601293960877622,1.1630114701042176,-15.07719145325325,1.3024471102385469,0.8641815942177773,-76.58580759612727,-0.06963118256712415,-0.01814215779304504,4.044199112310686,1.631225409414688,1.5844412374258519,-0.4054237081155049
347.63999999975636,stand,stand,0.3037016495414402,-0.024456521739130432,0.0,0.8724015722317188,0.7170298004087436,0.20251376044854116,-173.5199948058034,-0.013586801022389534,-0.1256609263880586,0.34079198679730727,-0.015873312691713607,0.029643527426443887,0.09426902870945869,0.15656805964886522,0.528191182011815,1.227915386614504,1.1414694574127198,-13.132417954217889,1.2713690570717098,0.8396277886281014,-75.37228862749743,-0.06789272041431269,-0.01581155657768249,4.068141735424125,1.6093026060509814,1.5636752315745235,-0.389724199576168
347.65999999975634,stand,stand,0.3037016495414402,-0.024456521739130432,0.0,0.8790066827427924,0.6843412573190882,0.23942316868430225,-173.421211745391,-0.01072332228053706,-0.12409439611018863,0.3349257461813625,-0.030732079894602676,0.033237813952668976,0.08488725846903585,0.15489875735069247,0.517475698702075,1.1957171070442683,1.1218215015182496,-10.873055380655307,1.2399277823867005,0.8152552109608651,-74.07218084134581,-0.06568139862718395,-0.01215893924236297,4.156814951278128,1.5880432129685766,1.5434763564676524,-0.3868879746088818
347.6799999997563,stand,stand,0.3037016495414402,-0.024456521739130432,0.0,0.8854028980237872,0.6303773368793782,0.28469567346698693,-173.33783771826575,-0.007834022220705665,-0.12181940591366446,0.32458436537988694,-0.04974320121768166,0.04086425981784565,0.07081284000956221,0.1534157980942132,0.5064474541000914,1.1640374408979082,1.1040828612098694,-8.40109524853404,1.2084882576409317,0.7944589306066037,-72.15587889766383,-0.06301063748081519,-0.008342617750167841,4.223276346669539,1.5676738244958177,1.5242022539437294,-0.39060419359406706
347.6999999997563,stand,stand,0.26973425823709235,-0.024456521739130432,0.0,0.8915656310185938,0.5499372183023075,0.3319569816287585,-173.27110178479296,-0.004111404615723519,-0.11972878261542305,0.3129278390420905,-0.07353783334764277,0.04100547206933558,0.05620478578923162,0.15376057531501972,0.49898986294225206,1.1330600709226044,1.0816453483352662,-6.914932371174565,1.1770433260816406,0.7656687789062262,-71.67738919195534,-0.059895370420223505,-0.0036864221096038763,4.322337769943937,1.5483313665262453,1.505741860991764,-0.4044846998251309
347.7199999997563,stand,stand,0.25275056258491846,-0.020210597826086956,0.0,0.8975307093899538,0.43859868496937365,0.3711073215117991,-173.21622802402774,0.0007284557060943996,-0.11831640621056182,0.30219607942079996,-0.10086933738799557,0.03278768187727882,0.04686676250178299,0.15523914723826068,0.49568336463401547,1.1027839327726472,1.0584458496818543,-5.693817121910507,1.1453257224883953,0.7351132102707625,-71.44762664792323,-0.05626593115610533,0.002160815894603735,4.471223374549652,1.5300799380478476,1.4884637038171769,-0.41772307162722044
347.73999999975626,stand,stand,0.25275056258491846,-0.020210597826086956,0.0,0.9033061517193971,0.2955001561685929,0.40064009760147495,-173.16580565411843,0.006226597375586243,-0.11693726869705907,0.29143133988294595,-0.12860285170144614,0.024512629043243143,0.04392563428353844,0.15705368742709483,0.4935029497115006,1.0733050550412324,1.0377632763633728,-4.156647180094821,1.1132797298627006,0.7075170662651062,-70.62177137002664,-0.05197491700046244,0.008743254840373998,4.617340564462799,1.5129912780287758,1.4726586903393746,-0.42581287882945773
347.75999999975625,stand,stand,0.25275056258491846,-0.020210597826086956,0.0,0.9088546068866424,0.12192395041096159,0.4252518992569629,-173.11419554566285,0.011855738809663455,-0.11479444200937695,0.27902854102828606,-0.15503434662763974,0.020826341013498936,0.04531415893390657,0.1591707113706782,0.4907474986691898,1.0453314180699496,1.0197179105529786,-2.46844907001292,1.081113844582636,0.6825161736855507,-69.32288817734022,-0.04694914999611441,0.015737330913543707,4.7341402772307815,1.4970602668472957,1.4576741124451638,-0.4416684395546838
347.7799999997562,stand,stand,0.2272750191066576,-0.020210597826086956,0.0,0.9141913996958393,-0.08192543336881504,0.4450456232179918,-173.0582633218136,0.01820790070117972,-0.11171188793176533,0.26787602611997874,-0.1816648308588286,0.016095809542808155,0.04964830364696523,0.16286676762979183,0.4896178339525196,1.0185018570945177,0.9985668447265625,-1.5062344914133177,1.0487113808266966,0.6504879828939438,-69.23812444273015,-0.04125828376159549,0.023595629632472997,4.871112737203125,1.48215004253637,1.4431955109298706,-0.46535122056351186
347.7999999997562,stand,stand,0.2272750191066576,-0.020210597826086956,0.0,0.9193432518629501,-0.31800026817893823,0.46132135916350225,-172.98441566299255,0.02475276711781937,-0.10958956518380256,0.2580299905943364,-0.21054481411634252,0.013291025918106394,0.06723959394059915,0.1671334011553427,0.49011389756410195,0.9943572379021386,0.9811125483760834,-0.5672598521101042,1.0158920114938526,0.6214611020336152,-68.5232008457335,-0.0349039572181032,0.032554557919502264,5.041432679897553,1.4681800954153765,1.4298332820594788,-0.48237452381705337
347.8199999997562,stand,stand,0.21878317128057062,-0.020210597826086956,0.0,0.924337135881038,-0.5860527311376221,0.47484327736709636,-172.87855920748376,0.03197289001245892,-0.10636236520295325,0.24959090576363357,-0.23846331451592379,0.010205074687797277,0.09645202186857486,0.17243238357394586,0.5336258619217433,0.9719074759331882,0.9637543049106598,0.2813895410984699,0.9824843750858885,0.5912498917827607,-67.90660855526798,-0.027901001721298373,0.04260786473751069,5.251396516183614,1.4552417552556445,1.4176508377254486,-0.4999502733625538
347.8399999997562,stand,stand,0.21878317128057062,-0.020210597826086956,0.0,0.9291875845945711,-0.8937756043482009,0.4862488526253692,-172.7320746148475,0.03895751367368302,-0.10529149005881427,0.24159506204751832,-0.2761244887406017,0.007606281201644553,0.13232907043719436,0.1781486072220261,0.5821802614237651,0.9510919789607364,0.94750297930336,1.0462006192648134,0.9482235455441221,0.5638482656726838,-66.61268374391815,-0.020217143493690075,0.05320380479097367,5.448377853869467,1.4432558492302416,1.40567860407238,-0.5327565625410822
347.85999999975616,stand,stand,0.1848157799762228,-0.020210597826086956,0.0,0.9340192146485439,-1.2474142444817866,0.4927646905689884,-172.55167449585062,0.04611436001936171,-0.10964795368195089,0.2408850881780488,-0.31432955647280597,0.0013343168574022728,0.1607000055007622,0.18486167018456867,0.632390350646263,0.9349929761601509,0.9242391076335907,-0.7509857049497823,0.9120435929136839,0.5289190050611496,-66.2359987215042,-0.011776293348202413,0.06387854591012002,5.581652045792807,1.432399520432959,1.3950851003587723,-0.5650630772711407
347.87999999975614,stand,stand,0.17632393215013584,-0.020210597826086956,0.0,0.9389453117156773,-1.6213363412913462,0.48045233294664763,-172.34920075141426,0.055202824173175,-0.10254997033006771,0.24323054916166797,-0.3304527654590685,-0.018562829574133584,0.17821261747823422,0.1875623600057782,0.6561067417716333,0.9109039634927478,0.9041716542491913,0.7763650521263608,0.873541726382556,0.5023841049919129,-63.913037362455356,-0.00314783084859436,0.07506396844983101,5.780660000948165,1.422952976565246,1.3859905044496537,-0.6053250373515415
347.8999999997561,stand,stand,0.17632393215013584,-0.020210597826086956,0.0,0.943849329838784,-2.0267772189914246,0.4524657074439184,-172.11598401347803,0.06268731379581119,-0.10278447899935061,0.23873589414664517,-0.3608914886386907,-0.03298786434608032,0.20625514082597773,0.18531789496829984,0.6568635667089202,0.8863206999084797,0.8865338202962876,2.032457312761897,0.8329586845397614,0.49026052024459843,-58.63302902656299,0.006028270692886221,0.08616467043757439,5.903058755391073,1.4151053313173696,1.3787370960176468,-0.6465124270227274
347.9199999997561,stand,stand,0.17632393215013584,-0.020210597826086956,0.0,0.9485196748170257,-2.4598716987568916,0.4162914547574053,-171.86475486210614,0.06737792527534495,-0.10780434633948596,0.22424225834498057,-0.3854543268266726,-0.040755669278712506,0.2196590171981253,0.18105132626968273,0.6571679858392662,0.8650120969578992,0.8621326920042038,0.9660620528227399,0.7916108972579713,0.48956636455154423,-51.23829138601123,0.016776454368634418,0.09703476391732693,5.814778777021979,1.4085755708859398,1.373096976703453,-0.6683495069915129
347.9399999997561,stand,stand,0.1678320843240489,-0.020210597826086956,0.0,0.9527921593722684,-2.869622633091392,0.37628966367263184,-171.61606683924848,0.07084108651811606,-0.10134686249665402,0.20240757110500918,-0.3534298190829715,-0.046296870380704735,0.2143895456524313,0.1765795913449149,0.655097668381145,0.8435076225298401,0.8330087673316002,-0.13445687535894013,0.7520725065130917,0.4935638245592118,-43.52271875697074,0.029073214294754225,0.10425179302692414,5.329296753515355,1.4032568458949926,1.3696547339618683,-0.6617809888794838
347.95999999975606,stand,stand,0.1678320843240489,-0.020210597826086956,0.0,0.9565119751060269,-3.180480220441361,0.33631983141727184,-171.37253066880024,0.0695696679163714,-0.08287296020914141,0.1743799440347278,-0.2588860983544907,-0.046651459835592005,0.20999953042815894,0.17044591187137406,0.6379051900382919,0.8218595188116113,0.8053543132195473,-1.3099545327116084,0.7211269116230192,0.5128873821744919,-35.11996973620934,0.041965377807984594,0.1084101650863886,4.598213616720459,1.3993216269504622,1.369399581378746,-0.6146213230570008
347.97999999975605,stand,stand,0.1678320843240489,-0.020210597826086956,0.0,0.959542420132533,-3.3174564963922553,0.28412587877435164,-171.14715068012623,0.06337677579758998,-0.05276580763260958,0.1390721797974046,-0.09807252995440646,-0.05911824817338022,0.1916179763397699,0.15556458864197256,0.5371322115229942,0.8031105411378804,0.768684187198639,-4.778549554809542,0.7078066282620515,0.5576860990772248,-26.03050716905324,0.05514140041807118,0.11018235925585032,3.666638464170263,1.3976652646853747,1.375639159506607,-0.5104694486661224
347.999999999756,stand,stand,0.1678320843240489,-0.020210597826086956,0.0,0.9615940080119443,-3.1687197845075556,0.2121137877269086,-170.94003690400433,0.05072020479972317,-0.011298661430447008,0.08804968797259446,0.16649059162045884,-0.0750974086263448,0.17536353794926773,0.13330951533872154,0.43883354721868684,0.7868476632517322,0.7221834224114418,-10.399927358467437,0.7189165808526239,0.6481467273483277,-13.6468741788517,0.06823795226471877,0.10737829320132733,2.392338067786537,1.397518327461669,1.3832838724315644,-0.35283143124240224
348.019999999756,stand,stand,0.19330762780230976,-0.020210597826086956,0.0,0.9622638441990458,-2.595397185216688,0.13923346796157382,-170.7756514842824,0.03192132886616204,0.045338892425725315,0.019503446395636295,0.5529174691250397,-0.0690995775841805,0.13384381967042439,0.1410450390469179,0.5274831535032436,0.7736154269192996,0.6906426821300984,-13.927715288638874,0.7599697571359568,0.7382636226179302,-7.180866539238888,0.08083228099633973,0.10573751144111157,1.2726314732883843,1.398259637384553,1.3951074968040467,-0.10076847289881738
348.039999999756,stand,stand,0.2017994756283967,-0.020210597826086956,0.0,0.961485101619669,-1.5255697120246465,0.06387043094292442,-170.69014973836966,0.017103000448522525,0.11319987122389381,-0.05050184998806855,0.9817095282206981,-0.06681671246212095,0.056054311101859204,0.15349247474818598,0.5514602463604026,0.7633480269144248,0.6723669108400345,-15.59261788715147,0.8053134135829813,0.766067751909256,-11.557164613111347,0.08993793451132061,0.10838217325508595,0.9396849198098646,1.3992884946938073,1.3947568575799942,-0.1399283440869411
348.059999999756,stand,stand,0.21878317128057062,-0.020210597826086956,0.0,0.9593718167998251,-0.11869110687756268,0.01912952142610114,-170.72616550305503,0.01113313976940267,0.1506436948952634,-0.11730380391735773,1.2733442984109897,-0.03569996326253537,-0.03539694991931141,0.1258443009436807,0.42133077392550755,0.7572591717682507,0.6683182355413437,-15.529974369570011,0.8227074243026772,0.6977186885128022,-21.618945954448417,0.09635727437421472,0.13321929648518563,2.6041826278519222,1.399063918131732,1.3799206505477906,-0.4673854959087742
348.07999999975596,stand,stand,0.2272750191066576,-0.020210597826086956,0.0,0.9561995285350913,1.2325485555607982,0.05496081639045882,-170.87305380921828,0.006080121703942712,0.09556252805231516,-0.16170906075456234,1.156880080861965,0.03796198352738978,-0.1368462435904157,0.10047197817106247,0.2809205824346052,0.758497321092202,0.6910631742725373,-12.235795170132471,0.8297028871288477,0.5888078149805069,-43.56365152599247,0.10364218635790758,0.16781363487243653,4.700034373324417,1.3939819640072588,1.3545325438440323,-0.7917307405504417
348.09999999975594,stand,stand,0.26973425823709235,-0.024456521739130432,0.0,0.9528782692838285,2.1612072340165245,0.1384286820860908,-171.08715605856955,0.007194687629657223,0.046150563483619095,-0.155835979286916,0.749389398043687,0.0692125480514766,-0.19788187302018936,0.14037321335928174,0.46439676190382545,0.7741668548914751,0.7706555847475529,-1.8809030127104198,0.8507652031079924,0.43350867297744755,-77.31134653614258,0.11291303602291676,0.21470921337604523,7.619159541779594,1.3836655260894977,1.3324698249757767,-0.9075295902409148
348.1199999997559,stand,stand,0.2782261060631793,-0.024456521739130432,0.0,0.9503153452898113,2.478556242918303,0.17798461972942706,-171.30232301680883,0.025501671374972897,-0.020406556630630852,-0.1186414264452429,0.2078279546854187,0.019147848482242033,-0.18597394618372268,0.1730849326993031,0.554232977277636,0.81021359272197,0.8225797128329277,-0.747662693719521,0.8771430541971044,0.3579249766120911,-95.52709369366673,0.12512501361884598,0.24679886400699616,9.042359333554117,1.3796872855529048,1.3490376810491562,-0.675700836432116
348.1399999997559,stand,stand,0.2952098017153532,-0.024456521739130432,0.0,0.9488944528042812,2.314181807082653,0.17824304671684305,-171.464912437205,0.0477915731424279,-0.06479520930307368,-0.06048781209744885,-0.18699552083892756,-0.006602054320120861,-0.1330720995971292,0.19429294104072348,0.5689212044292993,0.8354593901917272,0.8167538579950333,-5.365830690823172,0.8858256375677703,0.342990496421814,-98.3952762544566,0.14340626701818346,0.2704079657793045,9.120828761988735,1.3819420003831926,1.3679462264240265,-0.4451782065800569
348.1599999997559,stand,stand,0.3037016495414402,-0.024456521739130432,0.0,0.948271545009646,1.865377903249176,0.20314676072943352,-171.54753893436614,0.06166863568656993,-0.07701604220246089,-0.021608366528049303,-0.41476138129440077,0.025176267192688742,-0.06268357465529582,0.1998752897400057,0.6181627412277869,0.8350871049216754,0.8133765545139313,-3.8529718032842606,0.8830215437068247,0.4209404375801087,-82.99120410798722,0.16540668679137818,0.27442546784877775,7.4962467997296045,1.388890210213329,1.3776522020757676,-0.53406168507273
348.17999999975586,stand,stand,0.34616088867187494,-0.024456521739130432,0.0,0.9475833283214974,1.2448413476461075,0.26500900760543816,-171.60236195151393,0.06620173325672653,-0.08989384665509384,-0.02735305342686369,-0.5595307054041078,0.05706503907945079,-0.05002183969953376,0.1903587910669517,0.6418890661809584,0.8495165714149833,0.8278064366827012,-6.005920984054605,0.8768844660025417,0.5268920746097565,-62.53814217843672,0.1906731285884058,0.27856806516647337,5.597490732701241,1.3909154999832138,1.3647446523368836,-0.6937930443339317
348.19999999975585,stand,stand,0.3546527364979619,-0.024456521739130432,0.0,0.9464471338197988,0.5952450363207598,0.3198775348339495,-171.7646148430297,0.06944605840969133,-0.06357321053535435,-0.053602211248486596,-0.5567765093759531,0.04323986061101658,-0.15736026249421517,0.1831051390424951,0.6355629653449263,0.8644725633198662,0.8289306994924546,-6.756249776521769,0.8734477095116782,0.5992029097328186,-49.14756440309446,0.21549975420369072,0.2880933791399002,4.449792209160906,1.3940501345272738,1.37676491243248,-0.5517296823342547
348.2199999997558,stand,stand,0.3631445843240489,-0.024456521739130432,0.0,0.9448257633554953,-0.0333711201458175,0.3135720386781408,-171.99493484130892,0.0726415432233599,-0.05788803130206671,-0.08490446404220316,-0.5441429933373189,-0.01441739281794478,-0.20186704571268377,0.17516014941360833,0.628407765673166,0.8782205875160939,0.8364947971353531,-8.734796808681173,0.8733273799731348,0.606434607172966,-48.038500501337396,0.2405943689706989,0.31174599230289457,4.283977326948039,1.402258799371991,1.4020935635030747,-0.3064559412655785
348.2399999997558,stand,stand,0.3631445843240489,-0.024456521739130432,0.0,0.9428435039688693,-0.5764271267927086,0.29253146794341656,-172.19325387591792,0.07559470030150797,-0.0389687159145062,-0.10325546281431111,-0.460560602530276,-0.014315114353869713,-0.16711845134337155,0.17303493497264222,0.6181064625040554,0.8914444161357897,0.8388152059564591,-10.438758459377416,0.8775604687965515,0.6081751224050522,-48.82428534424906,0.2651515023675798,0.34597905576229093,5.1005971254869955,1.416942924283661,1.423762221163559,-0.35787811317825446
348.2599999997558,stand,stand,0.39711197562839673,-0.024456521739130432,0.0,0.9403409727526805,-0.9636976327471595,0.3100268521580471,-172.34859654081222,0.07376746114501528,-0.002269056257271833,-0.1268232462699237,-0.3179859692079535,0.02259477013639036,-0.13250822017534064,0.16503529287738253,0.589898137804818,0.9122408481748402,0.8709733423242569,-9.046235688289142,0.8925489404091281,0.6529705759534836,-44.29851094092317,0.28852805981329704,0.377403324842453,5.807794118727094,1.434419913778528,1.4377321640909195,-0.5190935134145798
348.2799999997558,stand,stand,0.39711197562839673,-0.024456521739130432,0.0,0.937040005178118,-1.1556646941218836,0.37115144787204407,-172.44635765397481,0.06921822556705462,0.03618636404550251,-0.16312577888349483,-0.14383591835747567,0.06054609917637652,-0.0755058090175165,0.14839645772719465,0.5061851060830502,0.9363880275421343,0.8728196110973359,-13.268054056276963,0.9257328072049184,0.732242967228055,-37.418012110084476,0.31014655156009174,0.39513850808143614,5.596738164609482,1.4506754325850926,1.4462991545856476,-0.6564434966977272
348.29999999975576,stand,stand,0.40560382345448365,-0.024456521739130432,0.0,0.9325916013104147,-1.0529040578954192,0.4686887939973263,-172.49587048629024,0.055967902065373006,0.08280424372194495,-0.21867598544726627,0.12855203158348041,0.09026716385679898,-0.03841232605978624,0.12793055929688493,0.46857131702511823,0.9622018869563873,0.8538933035383225,-21.43904016142593,0.982383928973699,0.8933709349880219,-20.46063267849847,0.331131502248626,0.38756669163703916,3.3268551872890315,1.463659554221618,1.4705312664568901,-0.26076626254900404
348.31999999975574,stand,stand,0.40560382345448365,-0.024456521739130432,0.0,0.9268489294014179,-0.4899221875030023,0.5623269682375711,-172.5455226684418,0.03672600463713579,0.15692082024011847,-0.2840225032142377,0.5517221336323488,0.07980169727877431,-0.0431014049112475,0.16706211816684566,0.586386735063733,0.9887112168075175,0.8389453601489067,-28.954264205558907,1.0589647717572745,1.046587863231659,-8.454363590696476,0.34665969870936253,0.38192609548568723,1.948484711590102,1.4769082039188641,1.4871623854101181,-0.19895754291512036
348.3399999997557,stand,stand,0.4225875191066576,-0.024456521739130432,0.0,0.9199567761556064,0.5886696426986073,0.6201435447074513,-172.61000898742665,0.02222645178130368,0.2373145266922358,-0.34695646461199364,0.9963798816395415,0.047378860973457344,-0.06061451216117497,0.1777035515171637,0.5389915773616643,1.014984424852251,0.8495321881422997,-31.753831993855933,1.1062155738704118,1.0562947180519104,-12.738355399341419,0.35321718424667303,0.3954690158367157,3.0116927887227205,1.490679122664495,1.4959089125454903,-0.33455215788788806
348.3599999997557,stand,stand,0.4225875191066576,-0.024456521739130432,0.0,0.9122821967694161,1.7841668109078679,0.654161524539079,-172.85225557971413,0.014089381645070169,0.21028903258136347,-0.3896828436472722,1.0541313040196099,0.01742899941184423,-0.2274604325077507,0.14746740197062702,0.37674477670991524,1.0429456438440272,0.8707625952014924,-33.077077538603994,1.1618139554617446,0.9919958200702668,-33.472089150447275,0.35638871156766855,0.4204682469367981,4.956079934134109,1.500840320827888,1.4842317144334793,-0.7400228299394811
348.3799999997557,stand,stand,0.4225875191066576,-0.024456521739130432,0.0,0.9044601096329302,2.7660351965479033,0.6166680270679734,-173.28409381724006,0.02069808228316495,0.1236049647052076,-0.40132785123963843,0.8238362628079496,-0.058912097072566685,-0.39575251772011893,0.12398692931089576,0.33261796815466504,1.0729374301221926,0.8593898650655747,-40.70482048563706,1.1979360684110996,0.8973895695457459,-56.964167145110245,0.3565537875331919,0.4410621583461761,6.731722490187296,1.506240331486783,1.4690593968093872,-1.0999254440707715
348.39999999975566,stand,stand,0.4310793669327445,-0.024456521739130432,0.0,0.8970283219544231,3.3410136779432302,0.5155559671424631,-173.83511314235875,0.03212564281080538,0.032637571910473825,-0.382647510865903,0.44835341095325837,-0.1203626321092667,-0.4893299755640553,0.13588662489346987,0.45112910025298647,1.1048284876670373,0.9281912979135514,-34.23596671111148,1.2072731891719108,0.7561440889189244,-80.29525667930791,0.35855387880106715,0.5014102518558502,11.25538500524596,1.508836481232565,1.461232688552189,-1.2771757545087077
348.41999999975565,stand,stand,0.4395712147588315,-0.024456521739130432,0.0,0.8904845450159424,3.5164173930262947,0.35955264341115895,-174.2771996491594,0.04969684583301944,-0.02160929286131129,-0.33628026845897446,0.10697819141332102,-0.16502015720592167,-0.3549075256584282,0.1588768318654105,0.5606471425158737,1.1361090468194484,0.9771136429557801,-30.98004120483042,1.2404804962389229,0.6798333537230492,-103.59152349038915,0.36450971579859653,0.5410253465175628,13.788171282041159,1.513610772520474,1.4759370352089882,-1.1228827113255389
348.4399999997556,stand,stand,0.4395712147588315,-0.024456521739130432,0.0,0.8852013591812039,3.3076282874036447,0.1725813142062796,-174.4631987321245,0.06950305116998398,-0.0922282268197506,-0.26921259106612716,-0.21965739819795718,-0.17124708435106945,-0.1208446792441753,0.17046023620051107,0.6227680218925737,1.1644324183169539,0.9932347920188904,-32.95609618053297,1.2654297286629939,0.6426617067704201,-114.00705114960108,0.37761472749171743,0.5316162765026092,11.588352895006707,1.5190686867443022,1.505319442874241,-0.5448736846399941
348.4599999997556,stand,stand,0.44806306258491846,-0.024456521739130432,0.0,0.881319450152007,2.861024263664232,0.043152694554961915,-174.43963768609802,0.07755434632991964,-0.12245438779910765,-0.19058672987097702,-0.40889136409191834,-0.09909952361150023,0.04508082676808615,0.1774156500517476,0.6375952222665722,1.1877266798715416,0.9932243314037323,-36.77525973117591,1.2789525931447918,0.6413573708782196,-115.80413527909931,0.39779406909653453,0.5268146157264709,9.186839475084419,1.5295783859926557,1.5318897481024742,-0.33061650200901355
348.4799999997556,stand,stand,0.44806306258491846,-0.024456521739130432,0.0,0.8787656149197616,2.3038362407693675,-8.060032012288619e-05,-174.26874193711808,0.0774768480894025,-0.12398264195055772,-0.11762309863848057,-0.4944526801036318,-0.02121013261022671,0.1658125237587927,0.1770109107119507,0.6098087458858727,1.205490621750932,1.0171724345932007,-35.24596293185209,1.2840293015737771,0.6742205556879044,-110.16599383147123,0.4237457047789025,0.5338543713092804,7.33885309333202,1.5391487061575666,1.5400484207034588,-0.2990219706241302
348.4999999997556,stand,stand,0.4565549104110054,-0.024456521739130432,0.0,0.8770672678068723,1.7351352642929199,0.014873942308006202,-174.047103607612,0.074818547715584,-0.09608537176160588,-0.07575450068298363,-0.49344102804936807,0.024890711235829657,0.19389373354495232,0.17047800295547288,0.5337286515784581,1.2194418098527329,1.0719530966529847,-27.608820592382745,1.2847438315949757,0.7510151800165177,-96.13836416294694,0.4516513292154897,0.5316143989562988,4.822865042662935,1.5544290982877875,1.570731982862997,-0.14959940347857115
348.51999999975556,stand,stand,0.4565549104110054,-0.024456521739130432,0.0,0.8759153091188364,1.2184115279866725,0.04637139175363055,-173.88752074450454,0.07026129567384125,-0.05251213706748567,-0.049937858256719925,-0.4437805558967009,0.031066115715107596,0.1282620854325513,0.17167972433202597,0.5366772350343081,1.2304602643425842,1.0900963332901001,-26.102343572337112,1.2835491398188388,0.8043270048151017,-86.17946732016419,0.47385865417078427,0.5438403248786926,4.373641270773862,1.5788759645187542,1.5855615365267277,-0.7007315668181864
348.53999999975554,stand,stand,0.46504675823709235,-0.024456521739130432,0.0,0.875269221440213,0.7707182853527658,0.07387144812109446,-173.8183397138491,0.06598724111072769,-0.013711154033297633,-0.02614524841446697,-0.3831125033581157,0.02436421132037834,0.05033532506043795,0.16995655012380553,0.5447691422124825,1.2386104608156905,1.0811238076934815,-28.966619663083765,1.2809077933364297,0.8314117577323914,-80.71725707526619,0.4896434921998633,0.584572023153305,6.722061974956185,1.6005417993511815,1.5913908409834385,-0.9526110807997088
348.5599999997555,stand,stand,0.46504675823709235,-0.024456521739130432,0.0,0.8750112310310001,0.37974281420073486,0.10598877360643245,-173.82853971195314,0.06077113960460434,0.018911952718317294,-0.007605978546584097,-0.33584452651655256,0.029108092671134015,-0.017436257614432897,0.16742937164688168,0.5432785887108613,1.244640848828094,1.0797925379524231,-30.130630690038426,1.277343074016214,0.8653671604046822,-73.89073795667748,0.499831051456882,0.600089168548584,7.466841842266994,1.619831738580077,1.6194879080117226,-0.6743142284947997
348.5799999997555,stand,stand,0.4735386060631793,-0.024456521739130432,0.0,0.8747053138790051,0.05753175277631058,0.16842543668287074,-173.9152126109651,0.050544550104256084,0.05189364319813852,-0.010186468820604894,-0.2723650893632345,0.05871110503333929,-0.08413046060997793,0.15614400035985343,0.5218771097259758,1.2504470313181262,1.10502810146904,-26.61345048346263,1.2751903224840273,0.9268254425773621,-62.54116509703657,0.5071557838519747,0.6099798440933227,7.816615012155644,1.6389010696070065,1.63826885474329,-0.6701671280476442
348.5999999997555,stand,stand,0.4735386060631793,-0.024456521739130432,0.0,0.8740861932568869,-0.19735923020608984,0.25184586376420687,-174.01975911441139,0.04186038421044707,0.0735764999413523,-0.02428396352680051,-0.215927947714532,0.07385467423589577,-0.08967208097595242,0.1533807674627428,0.5268239397893861,1.2570950090795605,1.114174076581955,-26.224973261184573,1.2753110641483079,0.9466759499559403,-59.15765476100805,0.513424270937727,0.6135794281959533,7.659614048049414,1.655542649776782,1.6505866761267662,-0.6842622073594479
348.61999999975546,stand,stand,0.4735386060631793,-0.024456521739130432,0.0,0.8732319567162635,-0.4025793211854296,0.3117367295155363,-174.08989254133667,0.037072883656438405,0.08542418299792114,-0.03765214023361303,-0.17412706046721768,0.047696899360894586,-0.05587171194356272,0.15593727419272524,0.5540645422555563,1.2643238301140203,1.1144409861812592,-27.52255391105709,1.2769276104339569,0.9454196926603318,-59.78858979834186,0.5191907169473001,0.6165309309959411,7.455768244752802,1.6707645178377835,1.6692309568584442,-0.5601188731589755
348.63999999975545,stand,stand,0.4735386060631793,-0.024456521739130432,0.0,0.8722910412915802,-0.5560822888142238,0.3279346429585368,-174.12770246932908,0.03500253708137533,0.09489382610006879,-0.04522083199199109,-0.12769263251354943,0.009178625121944454,-0.03050842731178041,0.15729439958579544,0.5717933867843794,1.2714392595942219,1.110936143661499,-29.426347288895403,1.2794599938735882,0.9415588763008118,-61.01191754224339,0.5232056584967991,0.6266255140304565,8.048873618036247,1.685856687095042,1.677423570579338,-0.7309818939232433
348.6599999997554,stand,stand,0.4310793669327445,-0.024456521739130432,0.0,0.8715152659257663,-0.6692438486378296,0.30378337147570095,-174.14735467607676,0.03500895240658506,0.09969542129520155,-0.03867039472127313,-0.09523911910318753,-0.025257559302759868,-0.016081384751418747,0.16196708478072405,0.5964663292257821,1.2774005331864757,1.094896414543152,-33.3015212398491,1.2816155271413758,0.9194433626184464,-65.35411743071033,0.5250410847344135,0.6441752076148987,9.428478911849112,1.700110245120478,1.6848591010034561,-0.8711691457668292
348.6799999997554,stand,stand,0.4225875191066576,-0.024456521739130432,0.0,0.871132475120451,-0.7663245996599776,0.2586695479237255,-174.15110304301524,0.03441141961909301,0.09932093258519557,-0.019537595020230232,-0.08398936743037012,-0.04064486971488623,-0.0020997926667584354,0.16606266504256967,0.6195490165035391,1.2814348889205622,1.0812067475566864,-36.347925416715995,1.282147851038658,0.9060829218873978,-67.73411338694558,0.5262962808179608,0.6602848529815674,10.643245713269774,1.7118871393883262,1.6917657892168045,-0.9031960007707036
348.6999999997554,stand,stand,0.40560382345448365,-0.024456521739130432,0.0,0.8712345810885433,-0.8580995135195912,0.220821606346022,-174.13795512041452,0.03172167499193656,0.0974335029247547,0.006220731982584096,-0.07968717155576949,-0.031308606523233716,0.012757830669612428,0.16697320354970122,0.6303526034275337,1.2832231552867475,1.0698517050991059,-38.54579679781676,1.2806232362666263,0.9055508610258103,-67.40051798892844,0.5285559833355553,0.6667139291763305,10.917650583512113,1.7217147544360445,1.703617710894394,-0.7922259936884153
348.7199999997554,stand,stand,0.39711197562839673,-0.024456521739130432,0.0,0.8718302021439969,-0.9351362428965581,0.2039270738341941,-174.10969008204123,0.027662605790737142,0.09757703184682448,0.033106951227341336,-0.06515659975790142,-0.012793034700981516,0.025719875036762933,0.16497370145939985,0.6254968881149456,1.282620413241869,1.060556390548706,-39.93052809205114,1.2771472711848837,0.9128186192760468,-65.31853763571571,0.5321057470086732,0.6665315985679626,10.546587111581019,1.731038490693641,1.7136042903125763,-0.7624724847590214
348.73999999975536,stand,stand,0.31219349736752716,-0.024456521739130432,0.0,0.8730962743650065,-0.9852276502482779,0.19282514262475364,-174.06593579158073,0.024145197488784628,0.09912932854730355,0.06884561387491618,-0.04060587338523202,-0.011047432081513838,0.03965152318668198,0.16820422713993463,0.630533975026629,1.2786882342250285,1.0338987198123932,-43.77209936360519,1.2709604269163224,0.8971666332731247,-66.81754100573941,0.5358204132795295,0.6692066550254822,10.458126141980213,1.7404846305856385,1.7198565344274521,-0.8470236280642556
348.75999999975534,stand,stand,0.2952098017153532,-0.024456521739130432,0.0,0.8752353225377235,-0.9955598154862838,0.17492245904314588,-174.0034034420933,0.021281451011473333,0.10111196222496761,0.11277983702633514,-0.004635204598831355,-0.01817958704483855,0.05613314755073708,0.1690299294431743,0.6252869509460448,1.270402342077698,1.008340575958252,-46.554630624449615,1.2612658464084041,0.8862763282308579,-66.76847532644211,0.5388583909021515,0.6719605684280395,10.473999494269801,1.7492202692599241,1.7266946623981476,-0.8674831696450054
348.7799999997553,stand,stand,0.2782261060631793,-0.024456521739130432,0.0,0.8783166754344134,-0.9542841352016365,0.14819447475258812,-173.92209347446288,0.01940026503971148,0.10321803690544244,0.15917201616626855,0.04163483956168908,-0.02627614757454375,0.07224205878916592,0.16703199123206774,0.6110073455702034,1.2572753438694126,0.9870171931037903,-47.66608280888079,1.247834593707427,0.8791417416582108,-65.35312522538958,0.541034463186937,0.6731671452522278,10.444892096262855,1.7566706589260321,1.7335732768238068,-0.8364106343269565
348.7999999997553,stand,stand,0.26124241041100543,-0.024456521739130432,0.0,0.882319899347567,-0.8563340135352813,0.11220889456173971,-173.8258772501341,0.019164569016737264,0.1049157962026001,0.20395166501618708,0.09125140237768986,-0.03468306878909458,0.08458586059692252,0.1630361228971393,0.5912562247194988,1.2392070834835927,0.9673242357025147,-47.58618916001409,1.2306939812989157,0.8716165360460282,-63.34302808741757,0.5423172415889758,0.6713415741920471,10.247686354568081,1.7632303242076452,1.7412771920621872,-0.7793937930193571
348.8199999997553,stand,stand,0.1678320843240489,-0.020210597826086956,0.0,0.8873614068205885,-0.7105037567799867,0.057505891405952365,-173.71123456266537,0.022205160454575407,0.10332824828387137,0.2548884544486085,0.13156033751683083,-0.052692015251822016,0.10148170145056049,0.1621279556664612,0.5757865736460179,1.2155025151631589,0.9287650671253205,-49.83643581155739,1.2089319062973691,0.8419562217245102,-64.41841962278218,0.5423619897781466,0.6684787631034851,10.088176763668622,1.7701385384290191,1.7505255083501816,-0.7369985326220765
348.83999999975526,stand,stand,0.15934023649796195,-0.020210597826086956,0.0,0.8935126871275704,-0.5320125616996222,-0.01511518680099073,-173.5695637859915,0.02720146797527037,0.09830508593754773,0.3083019672390965,0.1585868880135982,-0.06741073546035237,0.1260968089673177,0.15756899944426542,0.5519046587270786,1.18570872681226,0.8973299052963257,-49.67360069057998,1.1818088730979075,0.8202290844569207,-63.04531804263982,0.5413276822349988,0.6622913837432861,9.738092664282206,1.7773629405019136,1.759809885448265,-0.695811723353388
348.85999999975525,stand,stand,0.14235654084578803,-0.020210597826086956,0.0,0.9006874919321813,-0.33515785818660115,-0.09567659594710415,-173.39782087050548,0.03242059101850731,0.09196011787138518,0.3576070113575199,0.17346142230625228,-0.07287252727204228,0.15258975936484057,0.14940732640981919,0.5152199175922956,1.1499831054871883,0.8688273068914414,-47.925565980550125,1.1492609289586102,0.8020081419894696,-60.05828954518499,0.5394394806386308,0.6526080727577209,9.163895413570643,1.7846090156737155,1.7689305285871506,-0.6491157490020094
348.8799999997552,stand,stand,0.13386469301970108,-0.020210597826086956,0.0,0.9086835304009225,-0.13312296460019876,-0.17308534933823524,-173.2003685009521,0.037026710887230224,0.08605779726773474,0.39724426108402755,0.1769402411916269,-0.06856386385532373,0.1746546996530796,0.13873073435295633,0.47092568327644385,1.1089764096240933,0.8439210217843056,-44.62724858657825,1.1117339306551128,0.7862036761293412,-55.772051916752346,0.5368094655869257,0.6409545302391052,8.485274693111212,1.7916189820245392,1.7769914756477356,-0.6141597583307556
348.8999999997552,stand,stand,0.09989730171535326,-0.015964673913043476,0.0,0.9172947267448142,0.06045794726311906,-0.24609442811330448,-172.98460134118392,0.04073347043102223,0.08127472465666785,0.4269220448470738,0.16840368856750165,-0.06461490313429585,0.19010267243698228,0.12843542933548052,0.42694817859172035,1.0633612869583065,0.8142047610530854,-41.415371397982824,1.069628462373012,0.7644165933529139,-51.76763783190056,0.5333579797096882,0.6284244418144226,7.806491205299048,1.7984135782419604,1.7845077256620407,-0.5894240977820556
348.9199999997552,stand,stand,0.09989730171535326,-0.015964673913043476,0.0,0.9262420978251084,0.2367355016777185,-0.30769953011017737,-172.76102733388808,0.0428859341314215,0.07853506545360135,0.442699118840019,0.15289495211961265,-0.052688029808695774,0.19582877333862816,0.11643319875573505,0.3811372582114447,1.0142253123447649,0.7888231661567688,-36.86991148012989,1.0238769237956122,0.7465025067726374,-46.47829051918633,0.5290467504912144,0.6139055252075195,7.038153641475173,1.804744525498223,1.791879002279091,-0.546648541135867
348.9399999997552,stand,stand,0.09989730171535326,-0.015964673913043476,0.0,0.9351778160458809,0.39009663996085053,-0.3482002317314287,-172.54189597934382,0.042944621979591056,0.0779724243082651,0.44189418485411475,0.1324706071287816,-0.03289440823801985,0.1906693667746732,0.1046282505439694,0.33924377217955465,0.9631209344908114,0.7643364455947876,-31.92460163484376,0.9759352325205951,0.7280621949980259,-40.99759248014761,0.5239537524999284,0.5982959926128387,6.23975141492901,1.810618420094433,1.7994531433046341,-0.48894219968150965
348.95999999975515,stand,stand,0.0914054538892663,-0.015964673913043476,0.0,0.9437735524775233,0.5146488887162599,-0.3640970582346365,-172.33778081546902,0.04107593995598937,0.07863822055001177,0.4252787550103831,0.10662725043348605,-0.010858310724755692,0.1764374752219441,0.09446663684434461,0.30643908243861656,0.9117563918663691,0.7381575063267947,-27.36503077471146,0.9273448896300024,0.7071683530161381,-35.95747350105801,0.5180998015299138,0.5829791188240051,5.524336162770994,1.8161021741203691,1.8059650401533127,-0.4496937438757913
348.97999999975514,stand,stand,0.07442175823709239,-0.015964673913043476,0.0,0.9517973510104758,0.6060168055659777,-0.36150673190647914,-172.15429455621748,0.03814179909904372,0.07985305263956793,0.3971296925453066,0.07717638013982116,0.00420316212986785,0.15794767149165911,0.08695385549040642,0.284187363873791,0.8615680339107115,0.7068056513020993,-24.057040246406,0.8793238753841169,0.681173154378891,-32.030180594841,0.5112687966707407,0.5682778716087341,4.949451102811503,1.8210272719655713,1.8109354714811325,-0.42845630516426203
348.9999999997551,stand,stand,0.06592991041100543,-0.015964673913043476,0.0,0.9591189640613444,0.6627737003075895,-0.34966425601400536,-171.99248220811685,0.0347722170507746,0.08109135503877613,0.36215749718176526,0.04677726759302472,0.011340511496909393,0.1389740371466308,0.08192117850393531,0.27285242891222516,0.813626468813913,0.6725434299955368,-21.758985873251632,0.832742661994306,0.6522916194448471,-28.94815102915574,0.503095607448478,0.5539739787578583,4.534435348611009,1.8251462396584075,1.8146045844018936,-0.4111509988235903
349.0199999997551,stand,stand,0.05743806258491847,-0.015964673913043476,0.0,0.9657204894142939,0.6865590833783066,-0.33710826240471403,-171.84842376422608,0.0316018262209691,0.08172819991140769,0.32626968812328516,0.01817618695804225,0.010907926907010411,0.12413790632543689,0.07977681367618321,0.27290998469928673,0.7683997498445417,0.6340180498013497,-20.75388347585581,0.7879346079507148,0.6197921123752594,-26.863183416451506,0.49316424598430386,0.5406963288784027,4.365658464003441,1.8284099812676797,1.816906187957573,-0.40605067893747304
349.0399999997551,stand,stand,0.05743806258491847,-0.015964673913043476,0.0,0.9716029326509501,0.68343602669571,-0.32388892351146564,-171.71524107968236,0.028344377910818477,0.08155605533333794,0.2903614366419615,-0.004488742308276825,0.011989570155701427,0.1154357603661477,0.07879329369259011,0.27944240013723376,0.726279871981977,0.599259206319809,-19.66044784335991,0.7453315554811295,0.5907892819890976,-24.578870126437106,0.48137368151550225,0.5282583892345428,4.416826651407334,1.8306153083694716,1.817715410417366,-0.40381247011494387
349.05999999975506,stand,stand,0.04045436693274456,-0.011718749999999998,0.0,0.9768044081000872,0.661515471542137,-0.3077018659508251,-171.58420789379934,0.02521802074221324,0.08017829879469537,0.2570994533028949,-0.020116469858393892,0.01472265844105523,0.11458966840427791,0.07959342209039147,0.29151054525106174,0.687334596163988,0.5644093539962769,-19.161264355731465,0.7051503416403266,0.5606978770742417,-22.94414209346164,0.46780837123041513,0.5169541895389557,4.695681457286604,1.8318302031293807,1.8164863328397751,-0.42851475432968217
349.07999999975505,stand,stand,0.04045436693274456,-0.011718749999999998,0.0,0.9813756382731601,0.6282649282802515,-0.2863985370990433,-171.449402498628,0.022017393227423666,0.07782846960007417,0.2264571638364895,-0.029196670742303584,0.01961503518539523,0.11827555474074931,0.0810261598090314,0.30503030620824567,0.651555977027793,0.5345864531049729,-18.32735063855924,0.667564583729247,0.5337058391819001,-21.232376521621735,0.45280495780262536,0.5064764976501465,5.135849998860522,1.8321871047107303,1.8139647583425522,-0.465995367608557
349.099999999755,stand,stand,0.03196251910665761,-0.011718749999999998,0.0,0.9853935209780338,0.5902634714094405,-0.2624989697236036,-171.3096780932317,0.01890976783078472,0.0749761665445069,0.19967364882031477,-0.03270330999595769,0.021363124238143228,0.12252950702273853,0.0835011238041593,0.3202727440025339,0.6186572563471384,0.5066590395221711,-17.649813588685706,0.6324754567254111,0.5066119518527985,-19.981307347272654,0.4368197794667945,0.49687177538871763,5.6997854561323615,1.832217342208591,1.810444925254631,-0.5459689110868315
349.119999999755,stand,stand,0.03196251910665761,-0.011718749999999998,0.0,0.9889208378043912,0.5521184908119346,-0.23900708039296598,-171.16793874340658,0.015586217752000845,0.07198334310354927,0.17541710248489714,-0.03250061964013175,0.02083168614300168,0.12384072223703338,0.08588566294714302,0.3339498745201249,0.5884582870600111,0.48335287835693364,-16.612715288614822,0.5998690902933979,0.48302535083389286,-18.54458796426643,0.42043326696977174,0.4873358368873596,6.26911052825523,1.8318229967991237,1.8049429397047043,-0.6627316371470798
349.139999999755,stand,stand,0.006486975628396737,-0.011718749999999998,0.0,0.9920261638780014,0.516069791825282,-0.21803771394918717,-171.02845499659935,0.012143246851288555,0.06889058484393638,0.15463228004969237,-0.0305866471229815,0.018367658681415655,0.12143134742897235,0.08834843696718683,0.3462206597941027,0.560647350387474,0.46006137993431095,-15.979604347941489,0.5695542366075286,0.4594254877815247,-17.508235420941958,0.404283525819713,0.4776568472385406,6.77211745941511,1.8297295336179857,1.7978148947418213,-0.7270228885599066
349.159999999755,stand,stand,0.006486975628396737,-0.011718749999999998,0.0,0.994739703079703,0.4830191892726468,-0.19714144482872015,-170.89643033483173,0.008109473361434714,0.06602735255731898,0.13514413072560877,-0.028014080799209966,0.018779330160439887,0.11427876286808045,0.08976646208714362,0.3545803211533362,0.535275279727337,0.4413730886230469,-14.960885037727614,0.5416907270304427,0.43988106515502934,-16.19496408552807,0.38887017801944024,0.46594697833061216,7.025828344302803,1.825068649764466,1.7894753853738785,-0.7287876627226706
349.17999999975495,stand,stand,-0.0,-0.00747282608695652,0.0,0.9970555311657036,0.45411852730620345,-0.17275867524653718,-170.77523715080181,0.0034139340050532464,0.06358249918736261,0.1156173870099777,-0.02434723182242886,0.022068387238350105,0.10453773952728708,0.09056427139089444,0.36062996144631543,0.5126982429788531,0.42550698783493046,-13.964923918437067,0.5167779862983343,0.42288182046508793,-14.992859962378583,0.37444539450059156,0.4522734940052032,7.030040415255126,1.8182500469814755,1.780709494179535,-0.7055537737116736
349.19999999975494,stand,stand,-0.0,-0.00747282608695652,0.0,0.9989647194565074,0.430805612574717,-0.14411756459545647,-170.6649245992433,-0.0016577600760369806,0.061500800972203756,0.09565493822254767,-0.019425893875539595,0.025701800116533526,0.09508065331105407,0.09112006939056752,0.36628680053821183,0.49332679562145637,0.4128796544322968,-12.995255029911247,0.4953775378760682,0.4089185979614258,-13.920295603074635,0.3610580833359767,0.4372284471988678,6.838827174733512,1.8099064645538017,1.7712268124282837,-0.6834636762177027
349.2199999997549,stand,stand,-0.0,-0.0,0.0,1.0004696723172388,0.4145908484211239,-0.11360203257656765,-170.5628522610713,-0.006780225778355057,0.05967986492725199,0.07562484046426594,-0.013151127656312024,0.026968546784788536,0.08821570668940405,0.09181622046997023,0.37287468334043533,0.47746608462446366,0.40299979713058476,-12.18739309854787,0.47793714694041395,0.397655704284668,-13.109922839673434,0.3486268520810817,0.4214481174945831,6.51670307405159,1.800354104121854,1.760883603519249,-0.6623157995058444
349.2399999997549,stand,stand,-0.0,-0.0,0.0,1.0015881493644883,0.40644274458056695,-0.08468788043553019,-170.4651115290275,-0.011724884568323766,0.05795259383161263,0.05620088012610815,-0.006151043946705201,0.02514390976000587,0.08483464978305356,0.09276188413688041,0.38059608213326346,0.4652460574028047,0.3957515743026734,-11.571755943209787,0.4646873687480379,0.38897846009826664,-12.606771265880283,0.33697356593811095,0.4053372502326965,6.113659820005465,1.7895636494274023,1.7493145654857636,-0.6383179847848934
349.2599999997549,stand,stand,-0.0,-0.0,0.0,1.0023587731059147,0.40565994170566044,-0.0608254758545808,-170.36756479530615,-0.01603829670444619,0.05601433121322736,0.03851421325266362,7.271244945761924e-05,0.020588450542937772,0.08513824145899479,0.09384558623946407,0.3884819206215143,0.4565274991393763,0.39031738903617863,-11.249801421714416,0.4554744842310674,0.38228104379272465,-12.464887199694289,0.3258003943713441,0.38962498903274534,5.725554306509301,1.777402349419877,1.7363964806259156,-0.6098561674621391
349.27999999975486,stand,stand,-0.0,-0.0,0.0,1.0028317620176672,0.4099355347161887,-0.04488005219594259,-170.26675340237006,-0.019816182833119107,0.053742938741720515,0.023082478891795613,0.004286084213241915,0.013497169677990492,0.08835407306954546,0.09492758310054074,0.39621882246053025,0.4509943228066728,0.3868025627384186,-11.131869392697814,0.44984808765240136,0.3778013375053406,-12.533441190070288,0.31484130890803497,0.3743416428565979,5.366411393464865,1.763832092940009,1.7222496311128617,-0.5753916859390343
349.29999999975485,stand,stand,-0.0,-0.0,0.0,1.0030604628812019,0.418868416934295,-0.03857267219830649,-170.16150673022904,-0.02297756122597,0.05153775075372426,0.010202963954809562,0.008268563563772636,0.004848039616624264,0.09226090968909076,0.09570385484536774,0.4022169694886043,0.44814051105893693,0.38460672762489323,-11.219576672873856,0.4472665318754879,0.3750167873153687,-12.805337010111222,0.3038900518352367,0.35996086001396177,5.091524247992104,1.7490850617532354,1.7076414565504074,-0.5323122850570042
349.3199999997548,stand,stand,-0.0,-0.0,0.0,1.0031027406467845,0.42965613679493864,-0.043792986843687196,-170.05309710723057,-0.025627154388540574,0.04928235013657952,-1.9437480413073008e-07,0.009154776909990983,-0.005252829497819935,0.09512345200186742,0.09590240038130735,0.4049114954666458,0.44742070738621276,0.38379670050239567,-11.405076490328028,0.4469737856840032,0.373752751613617,-13.159577260076137,0.2928659116225787,0.34639946222305296,4.891828786416392,1.7337413529125874,1.6931354443490982,-0.4927062176708753
349.3399999997548,stand,stand,-0.0,-0.0,0.0,1.00302207623006,0.43947049016463846,-0.059059849578514186,-169.94421742814905,-0.027813994647170468,0.047292904656020124,-0.006722299615346175,0.008483489156179873,-0.01347064790490057,0.09502145280004468,0.09550036503856982,0.4040472601701279,0.44816179208396506,0.38323504593467717,-11.745730981921877,0.4481357506370273,0.37316302325820927,-13.583530610867507,0.2816734604439533,0.33372815549373624,4.7829993472632,1.718309951364043,1.6785714964330674,-0.4688229630915821
349.3599999997548,stand,stand,-0.0,-0.0,0.0,1.0028405244782992,0.44837239181004984,-0.07938791864344992,-169.83980291519487,-0.029770207627085776,0.04581355074509682,-0.01212179163972475,0.007739944871481955,-0.01732557130890143,0.09067235169764055,0.09433154791411608,0.3989723754168026,0.45010086545885813,0.3833083596477509,-12.173713519961654,0.450523472513668,0.3734313633689881,-14.059811124689404,0.27033609300863914,0.32160321474075315,4.72774588923504,1.7028906522615792,1.663525227731514,-0.45941700123192486
349.3799999997548,stand,stand,-0.0,-0.0,0.0,1.0025767607150327,0.45600436575973424,-0.10166501844747727,-169.7444248614386,-0.0315200405994697,0.04481783776016215,-0.01627952365672838,0.006563500809540647,-0.01884003846916927,0.08231662428593925,0.09266751182359134,0.3909792685398039,0.4530065798298883,0.3839390661964417,-12.656586985010232,0.45389556983580903,0.3744035151252747,-14.567531488549047,0.2588806506500488,0.3099739015102386,4.719529443081947,1.6874101503714218,1.6480331162870407,-0.456754654387747
349.39999999975475,stand,stand,-0.0,-0.0,0.0,1.002248383894845,0.4613625158613295,-0.12440810782894242,-169.66528736974462,-0.03294089589229162,0.044559856161891814,-0.01943176512751957,0.004520490267651193,-0.019181281482443097,0.06732870100951842,0.09074108472056466,0.3810902382069983,0.4566922782710791,0.3847737100372315,-13.229496329090999,0.458008271372399,0.3758033898124695,-15.112910452384872,0.24729398462449825,0.29888603687286375,4.767888946959139,1.671777564525863,1.6319958533108712,-0.4609898277490301
349.41999999975474,stand,stand,-0.0,-0.0,0.0,1.0018709447792127,0.4646921305812823,-0.14621728387317892,-169.60409143108862,-0.03399022471050071,0.04442543984386197,-0.021670881198698755,0.002807274365537852,-0.018303501943056515,0.05164790589570744,0.08868496470088331,0.3701684958427325,0.460957606604397,0.38576493527984623,-13.862930644532948,0.46266791710486566,0.37740788724517826,-15.705250872685689,0.23575545710403334,0.2880148649215698,4.81840229874092,1.6558313144719747,1.6154569576442719,-0.46419945867434054
349.4399999997547,stand,stand,-0.0,-0.0,0.0,1.00146096182227,0.46623104251467307,-0.16649449316843612,-169.5592056861095,-0.034736326294989524,0.04422886815539573,-0.02302282525812082,0.001259084367093188,-0.01703767659647521,0.03774545235462301,0.08663849986667405,0.3590118184896691,0.4655922738147901,0.38688198592758183,-14.524054898187412,0.4676669218966316,0.37925038602447514,-16.299922573614367,0.22440269313019798,0.2771678328514099,4.848601366604285,1.639475854412694,1.5983483235300064,-0.4684766565207539
349.4599999997547,stand,stand,-0.0,-0.0,0.0,1.0010383323304584,0.46648944032998035,-0.18536164596479568,-169.52702362709613,-0.03533636528358013,0.043937217441966554,-0.023366198031592008,0.00019708475421465933,-0.015908624951262097,0.026884586097153076,0.08459777432437357,0.3476158327399849,0.47034179069761134,0.3877978112945557,-15.222942127646991,0.47276819529260905,0.3809013750801087,-16.92816097100573,0.2133327321805765,0.266542649269104,4.8680751576439745,1.622706604635106,1.5809288064897538,-0.47030742896577094
349.4799999997547,stand,stand,-0.0,-0.0,0.0,1.0006238135851282,0.4664158865354212,-0.20274420543983868,-169.50929362108837,-0.035867519096664635,0.04411378966199436,-0.02266719923955335,6.834362868834518e-06,-0.014762277548956494,0.013968037081382978,0.08263743229382207,0.33654850295418776,0.47494845470760017,0.38863424327468876,-15.889944573137036,0.477768807308552,0.38238952424621586,-17.552732966617526,0.20259737946470055,0.2561016738414764,4.8728331128961795,1.6055388966205315,1.563116011484015,-0.4724415691433007
349.49999999975466,stand,stand,-0.0,-0.0,0.0,1.0002357293378148,0.46600071835168655,-0.21844285884080114,-169.50699808832053,-0.03620292000670775,0.044492258919171475,-0.021051003154419472,-0.00029855686556386424,-0.013329058508973656,0.0006608441544812271,0.08068453412926153,0.3254950715377364,0.47921940413130404,0.38931683566665654,-16.509601715537368,0.48246643413826,0.3835619476089478,-18.164742120209272,0.19216665486942364,0.2458546817302704,4.8719700728495665,1.587985440250546,1.5448848980427266,-0.4761050629678327
349.51999999975465,stand,stand,-0.0,-0.0,0.0,0.9998901828588763,0.4644154000419045,-0.2326176957051921,-169.51587197219192,-0.03634961327332952,0.044314712932264265,-0.01865234322586845,-0.0015197387384173963,-0.012122702653436228,-0.008700228505053535,0.07873766660059138,0.314291044799417,0.4830045114484811,0.38973579671478276,-17.078186704803077,0.48665057247667876,0.3844045188674927,-18.726282577085264,0.1819496808418713,0.23596925139427186,4.88833308733701,1.5700747322122817,1.5262455011666298,-0.4824652436524697
349.5399999997546,stand,stand,-0.0,-0.0,0.0,0.9996030003851208,0.46229169264102676,-0.24507586058547579,-169.53325116074154,-0.036021989236421116,0.04408481160260034,-0.01543854528707702,-0.001873727295208672,-0.010688350177991628,-0.015970279927335903,0.07685846805586836,0.3031209931528447,0.48612323239794253,0.38980070617294316,-17.57661704774044,0.4901629728067685,0.3847368147621155,-19.246769550162025,0.17208921277606906,0.22653613090515137,4.901508222791722,1.5516974963717884,1.5071637446940422,-0.48214463417844255
349.5599999997546,stand,stand,-0.0,-0.0,0.0,0.999386329641998,0.4607926767536679,-0.2561697477790985,-169.5613961542882,-0.035356774349349904,0.04425154414516268,-0.011697663711974155,-0.001257004377531575,-0.009677181870314626,-0.025702271321086507,0.07509151377821,0.29233938116621555,0.48843389488176686,0.38951612379646305,-17.981421206928164,0.49291854222495723,0.384710946346283,-19.688760754229488,0.16272353224692693,0.21742530763149262,4.893937523167263,1.532805701953589,1.4880017380178452,-0.4711572504333801
349.5799999997546,stand,stand,-0.0,-0.0,0.0,0.999241776248573,0.4605498979657191,-0.26603298211643084,-169.60273948195882,-0.03435363643745517,0.044623600177605006,-0.007977126906733278,-0.00018442033185780193,-0.008695247995442136,-0.037473476393974074,0.07343743021371628,0.28198080163672495,0.4899259416349209,0.38883460428810124,-18.30948993282028,0.49492956829963114,0.384270169998169,-20.071766605887017,0.15384208743181732,0.2085272803902626,4.866261278312839,1.5136202451565097,1.4687855507195473,-0.4633694030801653
349.5999999997546,stand,stand,-0.0,-0.0,0.0,0.9991624851900921,0.4614327896497983,-0.27552879269018177,-169.65797324338126,-0.033073489231795455,0.044916412244871994,-0.004725246980426182,0.0005732992155247059,-0.008677380956723905,-0.04958628341693735,0.07189893422834145,0.27208129555381894,0.4906938099044485,0.3878107157001496,-18.57734389150119,0.4962684011961987,0.383615234161377,-20.379865698543508,0.14538147075297,0.20004112124443055,4.841775504470206,1.4943759764877522,1.4496509472787857,-0.45932402876190903
349.61999999975455,stand,stand,-0.0,-0.0,0.0,0.999145420696736,0.46216658640420294,-0.2854411391666975,-169.72646770928458,-0.03166874811943049,0.04502544760724028,-0.001703536138963955,0.00031371382861905377,-0.0091705745689332,-0.061070513955169686,0.07042211162671465,0.26221702775650946,0.490817265835748,0.38628325727081303,-18.823375097397765,0.4969309334140806,0.3825827028999329,-20.63270788375091,0.13745955558758044,0.1921727642416954,4.815971068711236,1.4750835892999663,1.4307281861961365,-0.4482519489366288
349.63999999975454,stand,stand,-0.0,-0.0,0.0,0.9991768856894582,0.46200735322705133,-0.29455893169898384,-169.80719732637513,-0.030004208014115397,0.04498126282791093,0.0007600894678896848,-0.0004519275111553637,-0.008396452191773056,-0.07161584597580149,0.0690154536824618,0.25233261522794964,0.4904645969266244,0.38427467014884953,-19.084595380257817,0.4970483715987834,0.3810154583702088,-20.893024871391752,0.13018219403008802,0.18503544330596924,4.7918202561555105,1.455804995096597,1.4119183610141754,-0.437063200768819
349.6599999997545,stand,stand,-0.0,-0.0,0.0,0.9992454381328306,0.4617475918961059,-0.3014082563389523,-169.89792656004536,-0.02831221564772537,0.044747218373386126,0.002803001731211313,-0.0005449773510834749,-0.006356503580104262,-0.08005057945834193,0.06778801591977894,0.24326276442004047,0.4897262864380055,0.3822188761482239,-19.293212957222398,0.4967639445746006,0.3791630652198792,-21.146367363481183,0.12356461173132376,0.17857047021389008,4.768085453066595,1.436519277011326,1.3931395302474976,-0.42401812547041706
349.6799999997545,stand,stand,-0.0,-0.0,0.0,0.9993565062902604,0.46132187594432744,-0.30805126267922817,-169.9963735983083,-0.026486021350761432,0.04427099883066126,0.004971526154952332,-0.0007294700380710013,-0.006524432217301452,-0.08657948796794603,0.06683864626044915,0.23596631172021376,0.4885440310376478,0.3802267399082184,-19.4047120581495,0.4959885197869285,0.37727932002639775,-21.30813969508493,0.1175706482061025,0.17287538051605225,4.758214183446993,1.4171340229055946,1.3740953843057633,-0.4117146085412251
349.6999999997545,stand,stand,-0.0,-0.0,0.0,0.9995144016205133,0.4605872809186938,-0.31574196077715233,-170.1009494019353,-0.024467313724032103,0.04358983158639949,0.007220654952179902,-0.0010699126968600312,-0.007597482388881558,-0.09176414857866638,0.06609864990845589,0.2299576594735504,0.4868785353117504,0.3779532101402283,-19.476765494718173,0.494664250887752,0.3752444770584107,-21.393758143470816,0.1122817700390866,0.16797759234905243,4.749608729179835,1.397644839959185,1.3549321780860901,-0.3998546626371168
349.71999999975446,stand,stand,-0.0,-0.0,0.0,0.9997144271844118,0.4596928220665646,-0.32345934816202904,-170.21100323414095,-0.022366366356907835,0.04295070951206465,0.009295734915970886,-0.001165026164063943,-0.007404980361124918,-0.09656978026374861,0.0654557961521797,0.22447743261690262,0.4847734663904796,0.375351199174881,-19.532540333355605,0.49285059060244485,0.37309352424240116,-21.418134190428344,0.10779242109831456,0.16386694312095643,4.735057269339212,1.3780750369230044,1.3357092033088684,-0.3883446713554042
349.73999999975445,stand,stand,-0.0,-0.0,0.0,0.9999468592385393,0.45874878787759704,-0.3295024638895632,-170.32659611027694,-0.020247010000619133,0.042369158612961595,0.011039948270312072,-0.0012526952740139498,-0.005855570781674362,-0.10139243502951281,0.06483300152925321,0.21916748685297438,0.48232501949173306,0.37255952622985844,-19.56751573571182,0.4906598302372188,0.3709286239395142,-21.38373174584898,0.10413040529896413,0.16043566390872002,4.7079666192928835,1.358475542051826,1.3165401111305237,-0.3767118152589203
349.7599999997544,stand,stand,-0.0,-0.0,0.0,1.0002028703536499,0.4570810041436316,-0.33376353684164783,-170.44720199434136,-0.018089842997999064,0.041731758247963616,0.012341844713813112,-0.0020454207607807605,-0.0044452182444632,-0.1056391468649985,0.06422138301461543,0.21407208059534044,0.47964602701819303,0.369711288476944,-19.579987650884902,0.48815735123262854,0.3688757207641602,-21.278927336678457,0.1012651326644043,0.15757538601756096,4.664558368371804,1.3388976383500355,1.2974816451728821,-0.36461835468519355
349.7799999997544,stand,stand,-0.0,-0.0,0.0,1.0004739080413474,0.4536556150362306,-0.33729575169348197,-170.57153459782464,-0.015868834786812707,0.040951265330968836,0.013093722752592993,-0.003697999341699322,-0.0039288723219384905,-0.10874189595103281,0.0636863827138756,0.20954413017573897,0.4768607741733271,0.366844096446991,-19.586275388344177,0.48539730110923973,0.36700914170837406,-21.098597488993438,0.09915447970718864,0.1554514452815056,4.622034645343112,1.3194110687804788,1.2786686311424256,-0.3511805045739159
349.7999999997544,stand,stand,-0.0,-0.0,0.0,1.0007508271369212,0.44806327161833087,-0.3408261838996492,-170.69834914075602,-0.01361069977021843,0.040069681972574246,0.013324145952703589,-0.005609910664331389,-0.00397385390412755,-0.11076593671442302,0.06329369788838389,0.20582477854590892,0.47408283006497315,0.36389441158866886,-19.617442087370456,0.4824606210104984,0.3651659276733399,-20.88848619744314,0.09776888017176254,0.15430250614881516,4.601087688383612,1.3001141160994723,1.2601060758293152,-0.33966258531516225
349.8199999997544,stand,stand,-0.0,-0.0,0.0,1.00102640894219,0.4406330762020075,-0.34480924727752965,-170.82644308493252,-0.01136206858369559,0.03913397415748429,0.013166871783110275,-0.007174367389765844,-0.004444586854496266,-0.11174086253867076,0.06304196640572166,0.20276648298274597,0.47138291264316967,0.36077118780708317,-19.699237170676433,0.4794292442070503,0.363362171913147,-20.66023607144719,0.09709492437764128,0.15429930984973908,4.614728307513617,1.281071605803406,1.2417059431732178,-0.3323780161735942
349.83999999975435,stand,stand,-0.0,-0.0,0.0,1.0012962223450765,0.4320448663866496,-0.34978334495895236,-170.95466155893698,-0.009171251683411919,0.03822328705122432,0.012749202932427761,-0.008144336857418506,-0.00547654112347029,-0.11171098494042891,0.06289442521153334,0.20025486475671478,0.46879135932574567,0.35747895505523686,-19.833251232775375,0.47636726652913797,0.3617006328353882,-20.405670935578158,0.09702877839561282,0.15537597090005875,4.671707559856057,1.2623129013997052,1.2234961281478882,-0.32906529161468
349.85999999975434,stand,stand,-0.0,-0.0,0.0,1.0015574825869853,0.42253364662951787,-0.35633184180595373,-171.08178791702233,-0.007043321485067789,0.03734292368766618,0.012139730737994583,-0.008968589542791885,-0.006855540874387383,-0.11061221030276411,0.06283467926850737,0.1984114210872414,0.4663351018808867,0.35418091085052494,-19.994865364774547,0.47331032620907215,0.36022511985397343,-20.121591237105015,0.0973798835933925,0.15741821229457856,4.784055684771836,1.2437529126882312,1.2056278477371216,-0.31720691085602604
349.8799999997543,stand,stand,-0.0,-0.0,0.0,1.001807227781191,0.41224755693874515,-0.36429555605381186,-171.20699056380016,-0.004968856597068541,0.03631361856064787,0.01141049624001746,-0.009607595814564716,-0.007947999939657226,-0.10884242805671161,0.0628762336187806,0.19725164115212507,0.4640432069330956,0.35088650252914433,-20.18788271253998,0.47029870150052716,0.35887984302139286,-19.82491397198765,0.09834271120704625,0.16032639741897584,4.906059812339824,1.2253561130667212,1.1878528485954285,-0.3075900892852207
349.8999999997543,stand,stand,-0.0,-0.0,0.0,1.002041819228704,0.4025641006340535,-0.37265611465462445,-171.32939167900122,-0.0029522480978719534,0.03514984267542173,0.010602032364445317,-0.008838371252222997,-0.008107501718751213,-0.10628831686125978,0.06302119307662186,0.1966755942264225,0.46191251763377783,0.34752006199455265,-20.42251890247218,0.46741937344930096,0.357785680557251,-19.513817847763526,0.1000002630934166,0.16412674486637116,5.03850080002396,1.2071884265256025,1.1700969825447083,-0.3051903209213269
349.9199999997543,stand,stand,-0.0,-0.0,0.0,1.002258631921423,0.3950050103515144,-0.3805530016537739,-171.44779383287263,-0.0009814435242357289,0.03376287536867414,0.009755126239735215,-0.0068628381981408115,-0.007663723074120433,-0.10265010639793488,0.06321690304543724,0.19644100441241324,0.4599236490081877,0.3442291405448914,-20.667595009197523,0.4647518934291357,0.3569546725997925,-19.199395332554033,0.10241762596029988,0.16879383325576783,5.175448724933152,1.189240283326004,1.1524901877105713,-0.30395539586452247
349.93999999975426,stand,stand,-0.0,-0.0,0.0,1.0024578075136636,0.39028625847168263,-0.3879369863922233,-171.56110123752862,0.0009392735259814885,0.03211192626276366,0.008926877535233003,-0.004305950553488815,-0.00719937492447183,-0.09810354000715141,0.06341038172507231,0.1962278408063982,0.4580508630280641,0.3409562495002747,-20.928420223527628,0.4623206889114027,0.3563438442001343,-18.889891967836455,0.10566481179822902,0.17433296740055085,5.3123236271537095,1.1714821956749701,1.1351073275268555,-0.30093013502630994
349.95999999975425,stand,stand,-0.0,-0.0,0.0,1.0026415824653578,0.38862115673299735,-0.39487527446495485,-171.6685794568184,0.0027764484151952297,0.030203647573080895,0.008217535565744569,-0.0015798892190316933,-0.0067253141020266905,-0.0929484396408842,0.06357827221513901,0.195723146684316,0.45625987253451267,0.337646075750351,-21.208089255278303,0.46011191682209873,0.3557798650512696,-18.611006814277893,0.10979839059667572,0.1808197557926178,5.45156488039499,1.1539257665214016,1.1180387626350403,-0.2957710973383533
349.9799999997542,stand,stand,-0.0,-0.0,0.0,1.0028123654652932,0.3890418294186326,-0.4011644872116712,-171.7697075699298,0.0045959549778180125,0.027964548278673822,0.007650904553360383,9.23468993160126e-05,-0.0060752942644002415,-0.087361949994173,0.06370365160239781,0.19485040915620772,0.4545505467873795,0.3344145801315308,-21.488878954574794,0.45807552815965946,0.35526279475784306,-18.35055620243424,0.11485266119032128,0.1883120968937874,5.595724665153665,1.136675906288002,1.1014872084320069,-0.289226351629121
349.9999999997542,stand,stand,-0.0,-0.0,0.0,1.0029721847706792,0.3908969180702779,-0.40658540165099405,-171.8638313932891,0.006445386562215943,0.025424199658447073,0.007202568363714626,0.0011969672879191674,-0.005251529952776885,-0.0811844172025623,0.06378116347072961,0.19345931168175667,0.45291833258129466,0.3312325861701966,-21.77441669863556,0.45617268363797503,0.3548085477600098,-18.099899138186533,0.12088872694392849,0.19687208384275437,5.743173526102943,1.1198441784833622,1.0854929576576233,-0.2829631562075353
350.0199999997542,stand,stand,-0.0,-0.0,0.0,1.0031220575018724,0.39369251229211605,-0.41100083030987267,-171.95050745295583,0.008289630806407511,0.02263383140247724,0.006811354269751845,0.0020346159691497774,-0.00431481849026367,-0.0746748360816069,0.06381101184247626,0.1915702209176976,0.4513653820320203,0.3281171109924317,-22.061927285398674,0.4543811564797802,0.35438994433975224,-17.861636810384148,0.12798564257635314,0.20657107830047608,5.892140465747606,1.1034949458791794,1.0699608812988282,-0.27918387027764247
350.0399999997542,stand,stand,-0.0,-0.0,0.0,1.0032617181718941,0.3969754442827074,-0.41416004167130216,-172.03002262072312,0.010121646914593212,0.01964474356719326,0.00643076168925805,0.002514359800224246,-0.003138684517615374,-0.06849870817614295,0.06378064333967381,0.18931050999603372,0.4499098156415841,0.32520685460662846,-22.33102763551444,0.45269635156075566,0.35397157933807377,-17.642297233445262,0.13620642080458925,0.21744917929172516,6.042184093836481,1.0876440983505844,1.0548862109840393,-0.27695183767590403
350.05999999975415,stand,stand,-0.0,-0.0,0.0,1.0033908606032587,0.40030443128551735,-0.4157023939266606,-172.10318243122097,0.011949260728515083,0.016453572003463018,0.006076685478439425,0.002582049061235491,-0.0016437781815194148,-0.0630668558674729,0.06369537379494426,0.1865290293842793,0.44856942838542563,0.32244799401855473,-22.595172198911932,0.45111531051141135,0.35351244475936894,-17.44831738928579,0.14560921466589477,0.229770427942276,6.20993568260876,1.0722703090840098,1.0401543865859986,-0.277164425976133
350.07999999975414,stand,stand,-0.0,-0.0,0.0,1.0035098888427783,0.4034079322031273,-0.41565113168635776,-172.17103313893904,0.013834342710390614,0.013009871614041801,0.005735918089666749,0.002382276004899256,-0.0002571498113665488,-0.05856255554196625,0.06355725646503034,0.1830329950663107,0.44734965301501856,0.3198663678417206,-22.84972312133898,0.4496301067738799,0.35302869346237187,-17.27522823279526,0.15627505810331452,0.24387193322181702,6.414462527081543,1.0573068435934252,1.0256541262329102,-0.2793856801998862
350.0999999997541,stand,stand,-0.0,-0.0,0.0,1.0036188289776575,0.4061491104460849,-0.4148492943294854,-172.2346828048558,0.015853430452911023,0.009404296547713343,0.005310076822846087,0.002020485199237103,0.00030022234409064134,-0.055012181062524444,0.06337057921606239,0.17888513634722247,0.44626056700912214,0.31750727560615544,-23.088175733311353,0.4482353763400966,0.35245082643127446,-17.134227249061784,0.1682847728761922,0.2594866961240768,6.628245374936727,1.0426726243860862,1.0114239941299439,-0.28034425701581256
350.1199999997541,stand,stand,-0.0,-0.0,0.0,1.0037165837266693,0.4084281066174714,-0.41342677402756794,-172.29530467668707,0.018099497447700105,0.0058964385842434925,0.004814229176734329,0.0016647256666265137,0.0009162071695343988,-0.05252052079229427,0.06313762603725152,0.1742998408534021,0.4453253862487685,0.31529788043594364,-23.32948174014718,0.44694031244927485,0.35170868899917607,-17.042067341829934,0.18162943546486557,0.2755447536706924,6.771484431726213,1.028344304369615,0.9977994452178955,-0.27331576058780416
350.1399999997541,stand,stand,-0.0,-0.0,0.0,1.0038010897162333,0.41078692576888715,-0.41089445533008173,-172.3536706138444,0.0206076241283184,0.002820382666799734,0.004260075568764386,0.0018765750996378274,0.0019678820954921743,-0.05063564399635192,0.06288415728693715,0.16960196180038684,0.44455804889209005,0.31325707700347905,-23.571327989312895,0.4457833246219791,0.35090199973678593,-16.990110549226358,0.19616355845936656,0.29186435639858244,6.84902723409078,1.0143994965684087,0.9848503957450867,-0.26195020428683746
350.15999999975406,stand,stand,-0.0,-0.0,0.0,1.0038721901965717,0.4130038420578596,-0.4070830011622604,-172.40979794160833,0.023303031660072474,9.226979628236659e-05,0.0037217746094342324,0.0015475481861907533,0.0030965254761056607,-0.048697951677493946,0.06264761727217613,0.16518268010476483,0.4439698782497398,0.31144107248878483,-23.806863200493407,0.4447549324168523,0.35010848310089115,-16.957548589307482,0.2116659553033195,0.3085652947425842,6.891999215244646,1.0009531446031303,0.9725704084098816,-0.25031933713024745
350.17999999975405,stand,stand,-0.0,-0.0,0.0,1.003931383036524,0.41392159956679064,-0.4020815498248122,-172.463109210652,0.02604855156909051,-0.0024713629369863873,0.0032565751911735933,0.0004137460410685573,0.004154408533295106,-0.046189884458712555,0.062457946939334624,0.16116903239274094,0.44357739835078863,0.30977050330734257,-24.051648884769495,0.4437998518532822,0.34932885434722905,-16.93211090249178,0.22795363505893443,0.3259269505739212,6.934983839877221,0.9882878183806008,0.9616697917640686,-0.23423240001731394
350.199999999754,stand,stand,-0.0,-0.0,0.0,1.003978796250321,0.41351492098583426,-0.3955480676474972,-172.51249767619493,0.028735359200383653,-0.004853334039385759,0.002812125744673296,-0.0007265531911885069,0.005588530595472584,-0.04267904571766612,0.06230251392450496,0.1574540157217379,0.44337502567000187,0.30826941993331913,-24.301641001228514,0.4429130999026136,0.348567524219513,-16.915722606830247,0.24489710112427793,0.343933767080307,6.984016995774468,0.9768625899385919,0.9526211510360718,-0.21913612364743845
350.219999999754,stand,stand,-0.0,-0.0,0.0,1.0040150602761875,0.4128574556374645,-0.3873471654150295,-172.55645640016786,0.031251198782860055,-0.006922896337430008,0.0024256910659451077,-0.0007971882160804224,0.0071171075750379965,-0.03781521962929606,0.062164759625520295,0.15407483074637723,0.44331519203808567,0.307044633890152,-24.523739847731566,0.44211541463402854,0.34792087342834477,-16.895757754739083,0.2623725227420576,0.3623980641365051,7.033959078396231,0.9670222997219019,0.9452020416915894,-0.21415794812014716
350.239999999754,stand,stand,-0.0,-0.0,0.0,1.0040429578816956,0.41283638901413927,-0.3777947921363489,-172.59355938118773,0.03346616907808957,-0.008699082211798121,0.002181313607473469,-0.00010428337819177953,0.00830144936380634,-0.031726778096075145,0.06204104212883637,0.15117069148057322,0.44333217780397877,0.30613217618560795,-24.695756685515537,0.44139527335055284,0.3473193433532715,-16.878975581954965,0.2802408784877781,0.38118684887886045,7.08628158034292,0.9588342148348593,0.939216185635376,-0.21565846693122892
350.259999999754,stand,stand,-0.0,-0.0,0.0,1.0040619528449302,0.41403356550100606,-0.36704348528275044,-172.62301656310575,0.03528827588563693,-0.010155370273231788,0.0018457024368698262,0.001048241554139742,0.009393716665638355,-0.02503299320429603,0.06194338132382882,0.1489424183262284,0.4434160476216343,0.30550564196205143,-24.8279433407938,0.44077441972818004,0.3467351582298279,-16.87986878231259,0.2983779514535266,0.4002623319625854,7.146889859751814,0.9522234439345467,0.9345514069259644,-0.22061957633254015
350.27999999975395,stand,stand,-0.0,-0.0,0.0,1.0040673270259977,0.4165037576854618,-0.3550032799981616,-172.64499065292858,0.03671571615683184,-0.01125269471626908,0.001265796376764505,0.002208241962780047,0.010605708723160032,-0.018830892799645935,0.061880508937573714,0.14767299823763597,0.4436216752028731,0.3052109565982819,-24.92806497720409,0.4403137421732032,0.34624121453857426,-16.898024219065125,0.3166813052680267,0.4194821774959564,7.212311982922591,0.9470554423826208,0.931066680973816,-0.22777759877560766
350.29999999975394,stand,stand,-0.0,-0.0,0.0,1.0040556062766832,0.42076915061919845,-0.341764699452636,-172.66114878439893,0.03780956809033533,-0.011881570484521707,0.0005141339714542417,0.0038539485637370404,0.01166771159995384,-0.014116749129527827,0.061837736536740184,0.14744415506205716,0.44397176040055886,0.3051778164157868,-25.008372356463152,0.44007676744687224,0.34594432380294804,-16.92573457643269,0.33504468932311515,0.438596373796463,7.269356107099947,0.9431749341096809,0.9287049065292359,-0.2334157682632645
350.3199999997539,stand,stand,-0.0,-0.0,0.0,1.0040278291513052,0.4268090800575816,-0.32764468483447046,-172.67123971554417,0.038662991679096155,-0.012384418719851175,-0.00016785713760736356,0.005378393956917475,0.012416110148982692,-0.008253224356549436,0.06178422442647214,0.148101842345928,0.44445101028576467,0.30530310537910466,-25.082323647405577,0.4400421760902532,0.3458822157630921,-16.94673813105037,0.3533547540930584,0.45748052597045896,7.318018446878417,0.9404779216354849,0.9275498877227784,-0.23485532774543036
350.3399999997539,stand,stand,-0.0,-0.0,0.0,1.0039897687296004,0.4338358285490076,-0.31299312521457817,-172.67336493277432,0.039318290123575315,-0.012861856690641625,-0.000602864137035603,0.006226115871575913,0.012916148707028726,-0.0011567214954369596,0.06169215371442352,0.14955202428573927,0.4450104616780554,0.3056342687854767,-25.129619394473252,0.4401125944914605,0.3460274722824097,-16.94027793536323,0.3715316304716169,0.476128077507019,7.362802068225198,0.9389030915975557,0.9274837265670777,-0.23526792726886991
350.3599999997539,stand,stand,-0.0,-0.0,0.0,1.0039383846927208,0.44276265774276524,-0.29703202601742296,-172.6705471672499,0.039769830464637834,-0.012843364860887175,-0.0011465972880245947,0.008045233044757497,0.014225425085622708,0.002710833918279104,0.061559245224187015,0.1515839605809548,0.44565968480380785,0.3062850919017792,-25.13660202819885,0.44038189015227913,0.34639547135925297,-16.937971376228234,0.3894912385589115,0.49466625452041624,7.421723411969035,0.9382128957854754,0.9284688125312806,-0.225995969316704
350.37999999975386,stand,stand,-0.0,-0.0,0.0,1.0038698461301492,0.4540784351378334,-0.27911190698578814,-172.6634403357525,0.040082228338409555,-0.012725941092403307,-0.0018157738760636137,0.01021122013311782,0.016013200828931783,0.006434481746314237,0.06141907759973416,0.15431776205314307,0.44642961026158634,0.3073418822536469,-25.09407684717761,0.44091227534514066,0.34700999524688725,-16.943331246564917,0.40714834765690444,0.5130501747131347,7.497045155781252,0.9379972636757902,0.9304413686454773,-0.18360826139087555
350.39999999975385,stand,stand,-0.0,-0.0,0.0,1.0037838298761483,0.46669835018641576,-0.25986547852520064,-172.65215735467507,0.04025708765001731,-0.012689926056002302,-0.002551177004194917,0.011123618229196552,0.017080236896325745,0.010067054764752722,0.06128578875523927,0.15771593055181266,0.4473565448664571,0.30868617560958866,-25.03125724890399,0.4416678817739926,0.34779492881393437,-16.9552884203298,0.42445628680676056,0.530732786655426,7.546295452200678,0.9380076668680745,0.933154870098877,-0.12204290404882541
350.4199999997538,stand,stand,-0.0,-0.0,0.0,1.0036839128063162,0.4791770919506007,-0.24058331842555358,-172.636504056102,0.04027254014132869,-0.012686520456326105,-0.0032150948773791957,0.010898011621583792,0.01700544691082383,0.013819800388259433,0.061211415931360945,0.16172006840097614,0.44844149223597873,0.31009943153953556,-24.984406757622047,0.44255443081539914,0.34864608314132695,-16.971731274953594,0.44133553984684926,0.5475847482681274,7.567760394399506,0.9383212362404018,0.9365759382904053,-0.05239742114680658
350.4399999997538,stand,stand,-0.0,-0.0,0.0,1.0035771067931125,0.4909761428773427,-0.2228795700960577,-172.61597715898702,0.04010896348965637,-0.012658596549129117,-0.0036779947073613587,0.010341601922871035,0.015513237623513292,0.01819901781225024,0.06124156768529558,0.16644313152062035,0.4496155906788657,0.3115281548748017,-24.944685571874484,0.4434652136986375,0.3495381858596802,-16.976619828014137,0.4576680437185021,0.5637181758880615,7.582329509578838,0.9396361215599048,0.9406861553848267,-0.022480178967264258
350.4599999997538,stand,stand,-0.0,-0.0,0.0,1.0034667255207075,0.5014311871568244,-0.20695321250649326,-172.5893934220633,0.03970448333353085,-0.012745238408733553,-0.00399259295660584,0.009062874917048937,0.013865371492802142,0.023533520042395024,0.06134674305111829,0.17135531159103562,0.45085912336973216,0.3129411127815247,-24.919276341174385,0.44434140665237576,0.35044995811080937,-16.96618708860432,0.47335758276875783,0.5791668653488159,7.598730568005507,0.9423133984557726,0.945401180809784,-0.0200712463928968
350.4799999997538,stand,stand,-0.0,-0.0,0.0,1.0033539910119276,0.5101477443394675,-0.1921921306058419,-172.55648255456583,0.03915797727095465,-0.012929446353930243,-0.004201155836199162,0.007369745791412528,0.013067756335952843,0.029136384441162008,0.06150532079246336,0.1761824503510913,0.452166028174091,0.3143863168010712,-24.901009006365594,0.44516200599805134,0.3513728764305115,-16.944204394870322,0.48831443618034764,0.5940270483493805,7.631563529787071,0.9463110963042167,0.9506904373825074,-0.03202881985869113
350.49999999975375,stand,stand,-0.0,-0.0,0.0,1.0032394815322017,0.51618060572556,-0.17848283803140716,-172.5177728544686,0.038497299035324076,-0.01325812746867276,-0.004383102572057253,0.004943804425550322,0.0123850498088227,0.034177233921896116,0.06173464077638115,0.18134820081538133,0.4535591001868888,0.31619639065361027,-24.83272291468128,0.44589701900433915,0.35230425860977177,-16.902891882760215,0.502512301407678,0.6084145069122314,7.689064403148109,0.9512908277583847,0.9564254174888611,-0.04575747529344901
350.51999999975374,stand,stand,-0.0,-0.0,0.0,1.0031218478182233,0.5179025327217452,-0.16564460354279306,-172.47430855890326,0.037632991126603364,-0.013766222634249014,-0.004622443733345194,0.0009906883579930295,0.011598370206491428,0.038199018198459986,0.06205279695233389,0.18666019188990146,0.45510350233267693,0.3183448698768616,-24.73530043988617,0.44652091123466775,0.35309562947845463,-16.863991224080383,0.5159801909481793,0.6223647356033325,7.766655466335715,0.9569558685425243,0.9626572023094178,-0.05459454892794502
350.5399999997537,stand,stand,-0.0,-0.0,0.0,1.0030000473067195,0.5145427689711716,-0.15343140719111084,-172.42786787821794,0.036652946260965755,-0.014265403800984596,-0.004887430998427431,-0.003471487303440331,0.010963876434766495,0.04059217875356572,0.06245996245617746,0.19183646015498468,0.4568327338751734,0.3207116511116028,-24.634567147164958,0.4470331501820935,0.3537428763160706,-16.8308234885644,0.5287303111889239,0.6360273122787475,7.878220947201384,0.9631977385878682,0.9693633804977417,-0.06290257599680621
350.5599999997537,stand,stand,-0.0,-0.0,0.0,1.002873186275956,0.5052062803528156,-0.14157374764497963,-172.38068169142426,0.03561735597064794,-0.014740308924383376,-0.0051658454738352936,-0.00887284129426656,0.010681968453597068,0.041007861858156906,0.06293468094965306,0.1969149071230779,0.4587819720296474,0.3233108308563233,-24.5345852682341,0.4474321549309203,0.35435090329742436,-16.784632216983656,0.5407824579248093,0.6494064092636108,8.02335995474383,0.9699797461460465,0.9765080700576783,-0.07214455150715499
350.5799999997537,stand,stand,-0.0,-0.0,0.0,1.0027409784239607,0.4890107139053159,-0.1300196821671979,-172.33499159951026,0.034530109168387946,-0.0151174723292046,-0.005451921551532362,-0.014970521957775061,0.01043501467968197,0.03948420396671079,0.06344667237688859,0.20189249790096658,0.4609787560980676,0.32608602311706547,-24.44951291332275,0.44770697357246886,0.35495159890747074,-16.716608309640566,0.552171503816838,0.6623432397842407,8.184414191331316,0.9772879273939802,0.9841974864662171,-0.08050190232330035
350.59999999975366,stand,stand,-0.0,-0.0,0.0,1.0026040981659554,0.4660619659784584,-0.11908977100770173,-172.29256750172493,0.03338624703381307,-0.01531947214410453,-0.005744866408007573,-0.020830822415195453,0.009794790377982789,0.03648549476899605,0.063994156596452,0.206962431948449,0.4634098684287067,0.328979083562851,-24.384234345512755,0.4478607269756715,0.3556357410202027,-16.612018538659832,0.5628918753226418,0.6746656060218811,8.349992888402534,0.9852358717840831,0.9925253878295899,-0.09327530742044088
350.61999999975365,stand,stand,-0.0,-0.0,0.0,1.002462778488674,0.4372448118564497,-0.1091345259058414,-172.2546313519659,0.032187959356549396,-0.015327906993423016,-0.006067163282005137,-0.025862721412239626,0.008870800463258213,0.032484322637346456,0.06461010151177969,0.21232411389302003,0.4660452704282661,0.33203966286277775,-24.323251844258174,0.44792290888035347,0.3563298371086121,-16.491111813944983,0.5730193743764367,0.6863075852394104,8.503804461125002,0.9938222435046458,1.0015838633239746,-0.10338396011089857
350.6399999997536,stand,stand,-0.0,-0.0,0.0,1.0023157469504247,0.40401710896722337,-0.10030346268842158,-172.22212298026182,0.030967780170341335,-0.015092242717243439,-0.006477987363645456,-0.029539724998828044,0.007853269275045016,0.02763983085665694,0.06529455325728237,0.21784773242022754,0.4688550223806409,0.335266628528595,-24.26162357286357,0.4479567216777005,0.35701517131423954,-16.372181249993197,0.5827255400217352,0.6972933769226074,8.628453503299243,1.0029502907688246,1.0113204012573243,-0.10660172201651463
350.6599999997536,stand,stand,-0.0,-0.0,0.0,1.0021641715322684,0.3677790728804389,-0.09301592351944177,-172.19425150855776,0.029695588541608812,-0.014776107715263886,-0.0068611061016487515,-0.032047376381407866,0.006376463362061818,0.02385352240560368,0.06603819940963042,0.2234097313596889,0.47178155426996765,0.3385376420269013,-24.20859198056203,0.4479831687403448,0.35768387582397465,-16.256021868670956,0.5920878015088461,0.707651948928833,8.726614751758122,1.0126577395243095,1.0215115438163758,-0.11443784862355133
350.6799999997536,stand,stand,-0.0,-0.0,0.0,1.0020114365602242,0.32966771584502697,-0.08780874847174878,-172.1730727950472,0.028304176689801345,-0.014012022010746217,-0.007118916127978488,-0.03357445155893042,0.004463296316788698,0.01752024792304939,0.06684403653439497,0.22904772437429055,0.47475277874606275,0.34176052477455143,-24.166802394054475,0.4480033366272577,0.3582819488296509,-16.151488271374465,0.6010626253623881,0.7174640655517578,8.81511727013548,1.0230337703554648,1.0322433601081848,-0.12881514056529503
350.6999999997536,stand,stand,-0.0,-0.0,0.0,1.001860931941975,0.29102405641347906,-0.08456103028563801,-172.15967446219284,0.026980637352071193,-0.013062688782887405,-0.007191483849295229,-0.033913944943581305,0.0027113371505075173,0.010771250749832241,0.06767634617253077,0.23464247894291107,0.47769316969517883,0.3449201073894501,-24.12494027826882,0.44802118478105374,0.35891959931945805,-16.039832408046085,0.6096176180945546,0.7266955137252807,8.892319690894038,1.0341518495608786,1.0439601431549073,-0.13958016816234775
350.71999999975355,stand,stand,-0.0,-0.0,0.0,1.0017156257155806,0.2529280815972434,-0.08319650080252645,-172.1527107157359,0.025662327570063648,-0.012142329585629963,-0.007126389107848854,-0.033291034946214236,0.0009542701625303652,0.005454442136071511,0.06852463332407874,0.2401577447495037,0.4805375977988757,0.34795356657600407,-24.083685096049887,0.44803347191614146,0.35965321328735356,-15.909509639617658,0.6177669157010037,0.735263979434967,8.948059309983893,1.0461436467377543,1.056789268082428,-0.14921562120950072
350.73999999975354,stand,stand,-0.0,-0.0,0.0,1.0015775088418553,0.21685610111065914,-0.082922009994397,-172.1494606843716,0.024414210011662895,-0.011466308145046582,-0.006849754771534983,-0.03135481757036216,0.00016769643584205857,0.002449577724187192,0.06940107171759625,0.24579694686585157,0.4832202668519308,0.3509457197437287,-24.015731470500434,0.44805289414680183,0.3604633000144959,-15.767863502996553,0.6255195629962907,0.7431885957717895,8.983484576020906,1.0592004488098783,1.0709149728477478,-0.15980264088699048
350.7599999997535,stand,stand,-0.0,-0.0,0.0,1.0014485962325808,0.1840887246327765,-0.08322666423995133,-172.14810703357472,0.02324789857080006,-0.011025825648181645,-0.006431418844414157,-0.028355758347771702,-0.0002959498866579252,0.0008047772961046217,0.07031511906669917,0.2517333501952398,0.4856841636689303,0.3540892687091828,-23.8766360905857,0.44808779534516824,0.36133388545608525,-15.618732042509082,0.6328787408520113,0.7504192352294922,8.99440590651011,1.0735387379119874,1.0866175184906006,-0.17039448337393892
350.7799999997535,stand,stand,-0.0,-0.0,0.0,1.0013302679975025,0.15553737317683466,-0.08455777085102689,-172.1480740569646,0.02222827434079268,-0.010672455754193873,-0.0060093867920560425,-0.02458569866695071,-0.0012576436209079953,-9.639256559387173e-06,0.07124438301822086,0.2576705451614251,0.48789190801655674,0.3571637060890198,-23.70139129942612,0.4481455123891157,0.36225400235748295,-15.465377250780898,0.6398438569766899,0.7570696234703064,8.990212177166429,1.0894103906052195,1.1041267405212403,-0.18211604932405034
350.7999999997535,stand,stand,-0.0,-0.0,0.0,1.001223553368514,0.13221259060494997,-0.08906526786344017,-172.14856224280445,0.02101187891655905,-0.010237603910297224,-0.005790917168180598,-0.019857278846131917,-0.004349721252567028,-0.0003709475572917621,0.07217760772607905,0.2633909456264709,0.48980813507030824,0.35994339850044255,-23.52388388639729,0.44823466613169033,0.3632234719047547,-15.310109294492873,0.6463703853451577,0.7631128191947937,8.97505858044709,1.1071235762585143,1.1235064159095765,-0.20528575455899933
350.81999999975346,stand,stand,-0.0,-0.0,0.0,1.0011267278459146,0.11457553161016677,-0.09762268748274604,-172.1494738718231,0.019591934879414435,-0.009714507736947264,-0.005719367816491116,-0.01480586230125007,-0.00795243250244768,-0.0005410079689619485,0.07306272327805557,0.2685580124948342,0.4914449577457474,0.36243609454727177,-23.346792432696756,0.44839060522306684,0.36409042146301274,-15.186364251060398,0.6523126706414216,0.7684134602546692,8.957185421976774,1.1265094372340103,1.1439686308563233,-0.235533609982441
350.83999999975345,stand,stand,-0.0,-0.0,0.0,1.001033568516534,0.10229533179761605,-0.10884144401157514,-172.15103520722073,0.017906564535851464,-0.009101731868706808,-0.005834346176100335,-0.010224608447056015,-0.009960340634203691,-0.0013589575189828455,0.073925583601003,0.27344762066251455,0.4928803221230786,0.3645931270370484,-23.20309060133905,0.44869085388801083,0.36496112611389164,-15.095739287671353,0.6575828076780201,0.7727940440177917,8.92355250896402,1.1470745999323255,1.1651820431411744,-0.2579412359246235
350.8599999997534,stand,stand,-0.0,-0.0,0.0,1.0009417468144812,0.09538921794903085,-0.12235776932049983,-172.15436016029238,0.015983350674584923,-0.008341169544960095,-0.0060060312410228954,-0.005485100656672304,-0.012019262664775836,-0.0031018871322099515,0.07483662503691259,0.2785388161405822,0.4941358748542936,0.3666200425872803,-23.050560582609236,0.449174745799128,0.36600551869964604,-15.008880949374367,0.6621376156546747,0.7764233708381653,8.889078383263458,1.16839690970124,1.1868494044006348,-0.273696113924774
350.8799999997534,stand,stand,-0.0,-0.0,0.0,1.0008503244464306,0.09366847733595374,-0.13817494513344808,-172.16074122742307,0.013848960673593431,-0.007519317400595326,-0.00622585342750689,-0.0009641900758522098,-0.014005510881705832,-0.005876184954620289,0.07577823844524147,0.2836514881099704,0.4952296054869632,0.3685477462062836,-22.88769097076056,0.449858671603482,0.36720172431564335,-14.932425455615757,0.6659587177879862,0.7795018315315246,8.870214064648161,1.1902612550959872,1.208958912915039,-0.28576632664122104
350.8999999997534,stand,stand,-0.0,-0.0,0.0,1.0007566836191006,0.09581537411530523,-0.155725237953618,-172.17082820751,0.011510364803176772,-0.006825513978326866,-0.0065217127233786025,0.0022186722133231136,-0.015439866602594181,-0.009171532918730666,0.07666611107133203,0.2882836221315816,0.49622788980832727,0.3703657772789002,-22.733448077537002,0.45074576447354864,0.368486740852356,-14.875764888641575,0.6690409255521371,0.7819348335266113,8.858790858580635,1.2126080164693835,1.231445897644806,-0.2987648935562621
350.9199999997534,stand,stand,-0.0,-0.0,0.0,1.0006591191811292,0.10153860919325852,-0.17421883036360192,-172.1849171597009,0.009025590063920825,-0.006169551316472208,-0.00680674066368094,0.005320166821946153,-0.016183750678459983,-0.012697646591404762,0.0774569173681529,0.29229453940798655,0.4971562610790714,0.37199876573181156,-22.6013894128427,0.4518538607920481,0.36977443959808354,-14.860190754293413,0.6713678136384703,0.7837354898452759,8.858293818859028,1.2353663674721227,1.2542487869918824,-0.31162061563140353
350.93999999975335,stand,stand,-0.0,-0.0,0.0,1.0005604025137722,0.10934984326777353,-0.19470519954442542,-172.20149509948152,0.006530056267285086,-0.0058833677220794,-0.007054166020051536,0.006894525549420461,-0.018187795321763674,-0.014578597328620843,0.07812728163054757,0.2957654726826011,0.49802633583903155,0.37366176512336735,-22.45347364647138,0.45308775216233127,0.37111763026809697,-14.84933275194996,0.6729418898659918,0.7847098469734192,8.851814307896442,1.258450042989896,1.2773693690956116,-0.32177805405847015
350.95999999975334,stand,stand,-0.0,-0.0,0.0,1.0004599232529752,0.11749329799776541,-0.2170810958676712,-172.21901562616978,0.0039401622512014525,-0.00591868399197375,-0.007318933215450855,0.0070508333299089355,-0.01975103849021519,-0.01527030368467238,0.07867744528288022,0.29860822691546085,0.49889142833268557,0.3751682129154206,-22.33745593370724,0.4544066820101817,0.3722576287040711,-14.88800578853839,0.673792651128835,0.7848271489143371,8.836094288799703,1.2817615760011962,1.3006280849636078,-0.33121305133041656
350.9799999997533,stand,stand,-0.0,-0.0,0.0,1.0003547856325203,0.1255439152644889,-0.23985340612118983,-172.23641661685252,0.001252431502852135,-0.00609228169179764,-0.007593527993867894,0.006918076486143841,-0.019824939410602795,-0.015121038726148403,0.07901885889340551,0.3005092395347345,0.4997921847116575,0.37661520507431034,-22.242442604145374,0.45584089879184597,0.3732322838554383,-14.979786225365727,0.6739222948865904,0.783805763721466,8.78076998647642,1.3052559460102413,1.3238985131443024,-0.3420865020475088
350.9999999997533,stand,stand,-0.0,-0.0,0.0,1.0002425509401311,0.1335511426001505,-0.2615609187325373,-172.25316715040748,-0.0014519486149668036,-0.006330015137162861,-0.00782785531063271,0.00683905629358026,-0.01877636281749467,-0.01447963323150327,0.07918144231888605,0.3016309456724537,0.5007517784337906,0.37820480134582524,-22.134153837021593,0.45742459706834615,0.3741521623382569,-15.11037695996209,0.6732881937922633,0.781666612625122,8.701535788201744,1.328970703730663,1.3476142327249527,-0.3501400555199714
351.0199999997533,stand,stand,-0.0,-0.0,0.0,1.000127327651078,0.14272916720014114,-0.28287947201828834,-172.26994019451575,-0.0039406190939362765,-0.006360482281835536,-0.007897216701681411,0.008134309521846293,-0.018697712133367295,-0.014633522520153297,0.07918801815126925,0.3021018727589257,0.5016897827006833,0.3798903610954285,-21.997727214709023,0.45913406580097527,0.3750290658721924,-15.268592298913482,0.6718078307245807,0.7784921884536743,8.61311203894434,1.3529377267301657,1.371640507406044,-0.3577222296989644
351.03999999975326,stand,stand,-0.0,-0.0,0.0,1.0000101187735437,0.15464239637827,-0.30344329448685087,-172.28620747330106,-0.006117734431891329,-0.006420408620216119,-0.00791043909798634,0.010568738801461313,-0.01787555125837258,-0.014128918648046697,0.07903694933011171,0.30169620283921367,0.5025621147677247,0.38142944243049626,-21.87296551477935,0.46099231465791346,0.375761606956482,-15.482966905379701,0.6693314651022686,0.7744787693023681,8.545596668117637,1.377020552641726,1.3955699245393753,-0.3648480577084723
351.05999999975324,stand,stand,-0.0,-0.0,0.0,0.9998902798541047,0.16884209205638484,-0.32246037492983387,-172.2994082353277,-0.008063471819177565,-0.00682766278545726,-0.007857939519455745,0.012571473894093545,-0.01639783644641594,-0.01105015576377293,0.07883250784627346,0.3008391430071248,0.5033867861043392,0.38290230300521855,-21.7528143329992,0.4629829977784285,0.37643591430282597,-15.73009095921124,0.6658234227894786,0.7697285175323486,8.503899866206382,1.4010422124229593,1.4192950020492554,-0.3699259062588155
351.0799999997532,stand,stand,-0.0,-0.0,0.0,0.9997674402736595,0.18513537831922516,-0.3390979221056609,-172.3053690239381,-0.009800188777489328,-0.007634986864237613,-0.007735892374715573,0.01443332595829285,-0.01416245361416567,-0.003919118717772094,0.07860040022922159,0.29962361663640774,0.5041690393759991,0.3842841472873688,-21.6413037215033,0.4650904481528527,0.37717244889831547,-15.985410401938244,0.6612755549660317,0.7642947196960449,8.491102432536007,1.4248957660337436,1.442772362655449,-0.37348902046998933
351.0999999997532,stand,stand,-0.0,-0.0,0.0,0.9996407985681663,0.20273686271145777,-0.352729240223438,-172.30347508886928,-0.011347650951473973,-0.008441571731094612,-0.007606970773850872,0.015495337293759676,-0.011473209761822612,0.002309007564770973,0.07837046841105978,0.2983171212336441,0.5049369473707953,0.38567096855735783,-21.52882790121446,0.46729902867211925,0.37797228362655644,-16.247073344814975,0.6557329773158358,0.7580360531806946,8.488775535103086,1.4485527737747217,1.4660984168708802,-0.3750402805775177
351.1199999997532,stand,stand,-0.0,-0.0,0.0,0.9995099251804889,0.22074711818190806,-0.3632256618463378,-172.29382222189412,-0.01268493742333404,-0.009414269157859813,-0.007490823317547419,0.015811977734307342,-0.008719460730255472,0.009338440007927634,0.07820987576171179,0.29737896804746816,0.5057194012049785,0.3870629754314423,-21.420292692423523,0.4695841739886535,0.3789545085678101,-16.487332816335567,0.649238399335044,0.7508051753044128,8.482710089934402,1.4720162450231296,1.4892016912758828,-0.37744726948317897
351.1399999997532,stand,stand,-0.0,-0.0,0.0,0.9993758585139284,0.23878325113880558,-0.37072964501719485,-172.27650653569714,-0.013829370713359391,-0.010339141642859673,-0.007328110353829554,0.015863102568742668,-0.006103386963351212,0.015918533452485766,0.0781182833360214,0.2967868787155927,0.506515936100182,0.38836369779205326,-21.33062091411733,0.471917157378573,0.3800253060112,-16.718369014623644,0.6418159516588747,0.7424864530563354,8.462560656857713,1.495330358115794,1.5122680331528664,-0.37875630077870137
351.15999999975315,stand,stand,-0.0,-0.0,0.0,0.9992411246415193,0.25699233891567397,-0.37565451974697595,-172.24850260207236,-0.014796216322492582,-0.011478956712206265,-0.007080242638353523,0.016103342894989277,-0.0038700402767286226,0.025671535853570356,0.07807779865894753,0.29638676337011394,0.507294674530928,0.38956237700080876,-21.25397949891799,0.4742538173320508,0.38107291724777226,-16.95073497904652,0.633473047874565,0.7329594254493713,8.41900920516025,1.518589165201865,1.5354551638424874,-0.37905870434384725
351.17999999975314,stand,stand,-0.0,-0.0,0.0,0.999109580611221,0.2758404982001461,-0.3786275804864117,-172.20697735452373,-0.015628872625871378,-0.012671954332991037,-0.006673919934433303,0.016814501325232125,-0.002074844485451949,0.03771474846015752,0.07804992158873288,0.2960833115343788,0.5080014828065424,0.3906734969863892,-21.175783841282453,0.4765454874521351,0.38201705482101445,-17.189969762408673,0.6242108751798555,0.7222657561302185,8.355551715445776,1.5418927706744763,1.5588386415452242,-0.37894136276960666
351.1999999997531,stand,stand,-0.0,-0.0,0.0,0.9989865903106515,0.2957590530117862,-0.3804545482570655,-172.1508452044201,-0.0163944268267447,-0.013753365034763465,-0.006084051075966969,0.017867313939557972,-0.0010748738923729124,0.05051518702000799,0.07803371804590964,0.29592128885684144,0.5085682963509843,0.3916273203144074,-21.095307259406194,0.47873339767971285,0.38282183673477177,-17.430840806184847,0.6140291763143859,0.7104804277420044,8.278180028610256,1.5653259879795027,1.5824505838513852,-0.3791278688812604
351.2199999997531,stand,stand,-0.0,-0.0,0.0,0.9988774555637089,0.31667520568815194,-0.38149226961306926,-172.0805798757174,-0.017113521900071697,-0.014624613696087514,-0.005275085974465037,0.0187638486062695,-0.0005112266867418362,0.06275278085761134,0.07801639381505844,0.2957904761404167,0.5089416369239752,0.3922441687831879,-21.036512779047086,0.4807558121929354,0.3834670570144654,-17.66574710657356,0.6029267343006784,0.6976033806800842,8.187420461251149,1.5889242611311214,1.6062069314480305,-0.38092702199347395
351.2399999997531,stand,stand,-0.0,-0.0,0.0,0.9987860101509779,0.33798579676457574,-0.3814118909166381,-171.99755835638234,-0.01782487747223117,-0.015297023670695933,-0.004204005078554831,0.019174408549552213,0.0005715613367876456,0.07372052739500708,0.0779834330765515,0.29562583467122494,0.5090984952692412,0.3924404170761109,-21.01046082580778,0.4825624456935437,0.3839748289833069,-17.882067321162936,0.5909070271133634,0.683677589893341,8.086169454864882,1.6127048066089102,1.6301370675623894,-0.38345997970265
351.25999999975306,stand,stand,-0.0,-0.0,0.0,0.9987113020941328,0.3582254711139237,-0.37974248901676566,-171.9035380494841,-0.018561946676157622,-0.015903466114167316,-0.0032526160764114465,0.0179601862412853,0.0020576190135595867,0.08312395851131804,0.07791819850551089,0.29528281430303616,0.5090912710929293,0.39226053025817875,-21.03076920945056,0.48413380592024735,0.38438186910247807,-18.074136424405395,0.577995693627025,0.6688182711601257,7.979441894594792,1.6366731348806673,1.65420964015131,-0.3872944433203751
351.27999999975304,stand,stand,-0.0,-0.0,0.0,0.9986525227231329,0.3762561711376986,-0.37646636330385036,-171.80041819184402,-0.019319729474087586,-0.01639877079600899,-0.0022506508644242326,0.016113591177028447,0.0035491961823371225,0.09086389495783598,0.07783276724913786,0.2947564282402088,0.5089525710472431,0.39174366858100895,-21.08905420160608,0.4854570976755372,0.38470671441650395,-18.23506458097111,0.5642178321994329,0.6531315207481384,7.874957701837517,1.6608121518820929,1.67840065461998,-0.39177559135654794
351.299999999753,stand,stand,-0.0,-0.0,0.0,0.998615726582641,0.392897762411963,-0.371305304377089,-171.69018365084582,-0.02009248734870084,-0.016651495327892292,-0.000908895827359394,0.015080357303784847,0.005309494592949652,0.09684537247135269,0.07771006044239098,0.2939538819005498,0.5085914862382892,0.3909629967460633,-21.14754677241997,0.4865000177608821,0.38492230441665654,-18.362806123793007,0.5495965991733239,0.6366896986961365,7.776272044973686,1.6850718855302564,1.7026677171648026,-0.39556329200498863
351.319999999753,stand,stand,-0.0,-0.0,0.0,0.9986050883470137,0.40893814902622877,-0.3637506041772033,-171.57511984839425,-0.020888487068705445,-0.016743549178789556,0.0006863383934702391,0.014640999393965052,0.007496321673538375,0.10078645118895432,0.07753697887606306,0.29274010455676525,0.5079462060028276,0.38998115923500065,-21.186136935422923,0.4872515798235531,0.3849817898521424,-18.464683357783326,0.5342197516468624,0.6199231505393982,7.706856082312958,1.70936686815841,1.7268156747282029,-0.40008230736828243
351.339999999753,stand,stand,-0.0,-0.0,0.0,0.9986196894414715,0.42529619028766796,-0.3530685986449842,-171.45740009911069,-0.021608204626271426,-0.016857777771599865,0.0022622722517925175,0.015024617978345922,0.01037003645219318,0.10287676426953829,0.07728393435735671,0.2907404310557445,0.5070011451147036,0.38883460428810124,-21.19973441896609,0.48775847080778584,0.3848896410713196,-18.553996707240977,0.518293627023727,0.6040283799171448,7.739788515792318,1.7335137537818393,1.7504779438436509,-0.4064459079153192
351.359999999753,stand,stand,-0.0,-0.0,0.0,0.9986573485521727,0.44276589045550213,-0.33900657053193567,-171.3393453226516,-0.022194373932036136,-0.017087079878042078,0.0037517948043508304,0.01606673585631151,0.013374743172432623,0.1028888097717066,0.07691365666042951,0.28787102423178534,0.505756077298294,0.3875609722385407,-21.181976502678463,0.4880735689908741,0.3846502092132569,-18.63918547483868,0.5021081422166151,0.588654613494873,7.818932859693275,1.7573693781063133,1.773901853984642,-0.40692474390200106
351.37999999975295,stand,stand,-0.0,-0.0,0.0,0.9987158215242957,0.461714978490002,-0.3219430063728085,-171.22329064080932,-0.02252181027463763,-0.017494726768199933,0.0050785734064929,0.01736824588142362,0.015960873858552528,0.10089887983325868,0.07633004868268345,0.2838543598419912,0.5042242424966117,0.3861282553920746,-21.142267519300056,0.4882328092793542,0.38430879380798344,-18.71755246057657,0.485951649211084,0.5733728468418121,7.887074503417796,1.7808182747451304,1.796886194771576,-0.4040999590543257
351.39999999975294,stand,stand,-0.0,-0.0,0.0,0.9987917702623416,0.48227945253398596,-0.30256278088409844,-171.11154176710525,-0.02256173510307975,-0.01805608344369628,0.006150694905029831,0.018773282826270596,0.01784206242469187,0.09687102651437987,0.07551592241716384,0.2786805260459233,0.5024378054842081,0.3844403710613251,-21.105056294262667,0.4882784359857833,0.3838016774902344,-18.808524663825317,0.4700860089015897,0.5578510522842407,7.89793765944683,1.803792632578749,1.8194806317747116,-0.3966856450612506
351.4199999997529,stand,stand,-0.0,-0.0,0.0,0.9988800052340256,0.5047612360028321,-0.2816064746157458,-171.00634691046142,-0.02232783362767905,-0.01868189168131884,0.006884229173112679,0.020459197490801773,0.019061270895121243,0.09090255904032365,0.07451483259680598,0.2726085401183464,0.5004454087302436,0.3824674573192597,-21.085925930807864,0.48827617718887517,0.38312748935318,-18.926077045001534,0.45470270571724797,0.5420059025287628,7.83388685085216,1.8263366264048155,1.8418536077201844,-0.3858804517517771
351.4399999997529,stand,stand,-0.0,-0.0,0.0,0.9989777015870379,0.5293274591047171,-0.2598179548660858,-170.90928984955048,-0.021764561272472775,-0.019359002742240092,0.00742388573337066,0.022177785483549973,0.019766354353344173,0.08365604805397937,0.07338364509947079,0.2658546878902424,0.4982752185109223,0.3802032556781769,-21.089660477629902,0.48825251933170316,0.38230357434844975,-19.068558666368908,0.43989532035053575,0.5261018335819244,7.712329725997301,1.8484886608559445,1.8638583908737183,-0.37676200220959366
351.4599999997529,stand,stand,-0.0,-0.0,0.0,0.9990843575339089,0.5561168420938555,-0.23834791194729293,-170.82182832581898,-0.020893514718302926,-0.02001457368703342,0.007830056810668784,0.024035889347617245,0.01940967129075484,0.07511401540486708,0.0722260709946382,0.2589148054422653,0.49593301426403924,0.3777413156280518,-21.09788113065411,0.48820782312496813,0.3813321974525452,-19.233779699169066,0.42569656455527166,0.5103883802890777,7.556701674306318,1.87019241888697,1.885391701287079,-0.36593063867189624
351.47999999975286,stand,stand,-0.0,-0.0,0.0,0.9992011453791718,0.5853285107829541,-0.217974114910204,-170.74581683154932,-0.019755022158165648,-0.020595604370382756,0.008239718751682775,0.026157233291772074,0.018214091777226046,0.06492252192983962,0.07109873997248956,0.2520428168491312,0.49340514020736576,0.3750189330825806,-21.11778805192492,0.48813293520919837,0.3802702214965821,-19.408480336792337,0.41205408709449853,0.49492052793502805,7.381967686885436,1.8914042387534262,1.9066356907546997,-0.3470633540713687
351.49999999975284,stand,stand,-0.0,-0.0,0.0,0.9993248173502162,0.6163889695657928,-0.19717047075580102,-170.68258294988712,-0.018382716639749788,-0.021233978720910082,0.00862600055303229,0.027622607178258207,0.018762448728728225,0.05393314791442477,0.07000783379377491,0.24505004884476783,0.4907477341775057,0.37204695608711247,-21.1642590996291,0.4880569205966378,0.3791582372436524,-19.595046355830814,0.39891893167183295,0.47988260388374326,7.200631010038553,1.9121298448451816,1.927534330910492,-0.3255637937470983
351.5199999997528,stand,stand,-0.0,-0.0,0.0,0.9994574899906612,0.6487607775151623,-0.17541418415723725,-170.6350410017219,-0.01660012097511834,-0.02157255059713161,0.0092097546237904,0.028668583955367342,0.01939103801873308,0.039452458280967585,0.06899050680849952,0.23825799520622565,0.48794812853512665,0.36911634471511845,-21.17651504685289,0.4879463273664863,0.3781084802398682,-19.7608785331063,0.3862094346044689,0.46537927389144895,7.034942031779788,1.9323516535129817,1.947757948464203,-0.3079627698455617
351.5399999997528,stand,stand,-0.0,-0.0,0.0,0.9996046937383697,0.6822975486127841,-0.15342847469068924,-170.60609394890903,-0.014327090550148755,-0.021701221564371563,0.010004387212816369,0.02965813045868196,0.019388189759200605,0.023122015863871505,0.06810404036671595,0.2319321224304035,0.48495882598517404,0.3661767926464081,-21.152128417440395,0.4877299512240625,0.3770277288208008,-19.908358388987374,0.37378173361656125,0.45141357779502866,6.89451699118524,1.9518091963665065,1.9665189872444153,-0.2974944167985176
351.5599999997528,stand,stand,-0.0,-0.0,0.0,0.9997698096459672,0.7164661143742274,-0.1323313060217975,-170.5911788188336,-0.011807265451817076,-0.02229845808605873,0.010801948933314915,0.03002642666857898,0.018237354008221948,0.011414703835431741,0.06736222664907224,0.2261791038304864,0.4817583069857979,0.3631809737930298,-21.09911818116386,0.48732705296949447,0.37591300275421147,-20.02165884751246,0.3615578563649425,0.43801007270812986,6.792404219264209,1.970187253217177,1.9838468323410035,-0.2852334837456313
351.5799999997528,stand,stand,-0.0,-0.0,0.0,0.9999530318039219,0.7508867819220192,-0.11229731311523955,-170.58897660689416,-0.008959032685898977,-0.022958680161783658,0.01162195317819496,0.030219396046295904,0.01723820897434594,0.0005650677227247822,0.06676527298648074,0.22114434094607605,0.4783544869148778,0.3600495543727875,-21.034145554435153,0.4867150751992,0.37474463250732426,-20.105499198928452,0.34954918891169,0.4249794244766235,6.698457963850411,1.9873343446405662,1.999889899319458,-0.2701933921690194
351.59999999975275,stand,stand,-0.0,-0.0,0.0,1.0001536810401006,0.785647027109956,-0.09303946670773243,-170.5966062832026,-0.005844450930781213,-0.023827625471229307,0.0124336363171748,0.030505613988449868,0.016453756733546376,-0.007925429427819458,0.06629986640672542,0.21687548446937022,0.47474825991450964,0.3568037834415436,-20.953295490824203,0.48588772827557297,0.37347964313125614,-20.16744944812908,0.3378165443125614,0.4121169805526733,6.5927073076344564,2.0031529740197587,2.0147263298690796,-0.24862766521798974
351.61999999975274,stand,stand,-0.0,-0.0,0.0,1.0003703751576016,0.8208324024523223,-0.07422423017885481,-170.61390434938372,-0.002664851307269302,-0.024670904976234954,0.01321226540267735,0.03086158986230329,0.01595720329081514,-0.01641336186906737,0.06600209113695506,0.2138959991849932,0.4709486667447591,0.3535570588359833,-20.838520019593652,0.4848607568916226,0.37210897472000126,-20.213723115401123,0.3263118867429002,0.3994911968708038,6.490655229069343,2.017570743636767,2.0281082282722473,-0.2259829085969448
351.6399999997527,stand,stand,-0.0,-0.0,0.0,1.00060192126859,0.8568115748828884,-0.05534659078519624,-170.645276080991,0.0005436334371396947,-0.025039976991303604,0.013973101071607508,0.03157790089035123,0.016080381926978138,-0.02947056275440688,0.06586658355179821,0.2122808863236224,0.46695799109533415,0.3503648724803925,-20.68120046749985,0.4836726964842247,0.37062261369323735,-20.256387717975386,0.3149875298231281,0.3871699333190918,6.4007239748943725,2.030582110748867,2.040139366215515,-0.2020229290814285
351.6599999997527,stand,stand,-0.0,-0.0,0.0,1.000851598515284,0.8934504739082534,-0.037645365761646545,-170.6934040506357,0.003895126552328332,-0.025231957284190094,0.014793193946489877,0.03213739529867954,0.014426897368313946,-0.044136445446023104,0.06587973334373468,0.2120221048467511,0.4627444831939289,0.3471731331596375,-20.478522159446936,0.4822752687343955,0.36913571622467045,-20.25406897746867,0.30382347153758826,0.3752018570899963,6.32802138000275,2.042233970642117,2.0508565197647095,-0.17872568269508032
351.6799999997527,stand,stand,-0.0,-0.0,0.0,1.0011219156527271,0.9304836910940558,-0.022221959988876633,-170.75919013785273,0.007298798717641107,-0.025387613594437235,0.01562487653162709,0.03236430584976711,0.012011445148799073,-0.05955253863601801,0.06605395919297014,0.21326639233067562,0.45828475637031774,0.34390474226570134,-20.24506727731045,0.48062781201733595,0.36756698157882695,-20.220250630265923,0.2928131635250965,0.3635047137737274,6.26451331480614,2.052552513319901,2.060187090462494,-0.157469683981925
351.69999999975266,stand,stand,-0.0,-0.0,0.0,1.0014139178311436,0.9670772162489648,-0.009502472339082326,-170.8421879652701,0.010741966019936018,-0.02566716523607868,0.016461624954498794,0.03193537893255542,0.009352816897343907,-0.07447707776193446,0.06636317624837801,0.2158414746312588,0.4535823816224629,0.3406442787895203,-19.965980715103786,0.47869047704342876,0.3659397747764588,-20.142708478206785,0.28196324301066805,0.3521616220474243,6.2164298125024775,2.061531920671903,2.0681363235176087,-0.13711773231815566
351.71999999975264,stand,stand,-0.0,-0.0,0.0,1.0017248407286317,1.001014274905648,0.0009086553281181566,-170.9414755123431,0.014138696728840685,-0.02634457602570027,0.017199092379904513,0.029391144152575648,0.00712801743995788,-0.08856846185323988,0.0668104962861741,0.21971753709436675,0.44872192042707254,0.3375288334140778,-19.639523319840375,0.47643208821774335,0.36428807046508793,-20.008772445129896,0.2713844244016663,0.34127855896949766,6.175920518928427,2.069181820158716,2.074814487522888,-0.11646799372129907
351.7399999997526,stand,stand,-0.0,-0.0,0.0,1.0020484109582644,1.0308297046388915,0.010021648837503304,-171.05561988172803,0.017400634313873908,-0.027314352862187943,0.017688345200679814,0.02561650650727409,0.00581038485316504,-0.10135529014326511,0.06741855042840109,0.22501563829507354,0.4438082881898803,0.33466736343002323,-19.26597060516365,0.4738808510657797,0.36267791059112553,-19.81685673754864,0.26107816442268944,0.33082506656646726,6.1466090897528725,2.075529217343283,2.0801045785606385,-0.09589320878144433
351.7599999997526,stand,stand,-0.0,-0.0,0.0,1.0023758506160463,1.0561857052770256,0.018901617652074272,-171.1825217443769,0.020497192932563572,-0.028455175935045186,0.01785966082807326,0.021771291427484983,0.0054949734114571975,-0.11226548391211547,0.068172585047431,0.23150565574440995,0.43894636944241083,0.33218912150955204,-18.839765416318627,0.47112118181170587,0.3610625055084229,-19.594726136226495,0.25098606525510797,0.3207400947809219,6.13838269733367,2.0805582789741757,2.0838394056022644,-0.0836394072159965
351.7799999997526,stand,stand,-0.0,-0.0,0.0,1.002696922521886,1.0771821836182693,0.028283565681874057,-171.31990448253265,0.023365463510263834,-0.029733632205658358,0.0175754087481707,0.018009691704242447,0.005798631874618682,-0.12119873812045275,0.06909198459529584,0.239256575268876,0.4342477759704144,0.330032595659256,-18.394302831645614,0.46826813840352927,0.35952780511474614,-19.350179794619518,0.24111023369245324,0.3112988531589508,6.161634667065895,2.084232458030041,2.086321521824646,-0.06696311501879612
351.7999999997526,stand,stand,-0.0,-0.0,0.0,1.0030032284935058,1.0940744371102462,0.03827473606270818,-171.46587360741864,0.025982568924041962,-0.031095778117094384,0.016890859057121854,0.014465993259978528,0.006147608734027043,-0.12854242914837236,0.07017033838294488,0.24811820178906469,0.4298020350845996,0.3281338300952912,-17.95502792490071,0.4654216718789567,0.35804770257568364,-19.104711334895033,0.2315078658473412,0.30217370986938474,6.184611654017043,2.0865344174278193,2.087526608532715,-0.04701561304790636
351.81999999975255,stand,stand,-0.0,-0.0,0.0,1.0032882017882683,1.107035829235529,0.04855932648368169,-171.618758975857,0.02834132589120643,-0.03258674888106026,0.015848866762203255,0.011064839711973392,0.006225766269021415,-0.13442225169978705,0.07142903884595511,0.2581307140475902,0.4256851619168443,0.32655013468360905,-17.524211447481548,0.4626611882632148,0.3567888524780274,-18.841133252126607,0.22225736568057788,0.29337862730026243,6.201480180497791,2.0873548353330103,2.0867642651260376,-0.034263242475579166
351.83999999975254,stand,stand,-0.0,-0.0,0.0,1.0035457032323487,1.116168670803626,0.059015178920532416,-171.7764865274593,0.030424181093609025,-0.03429947529530867,0.014496901604889117,0.007743148074587497,0.00629176286199804,-0.13842263617787726,0.07292796922517862,0.26918290843784864,0.42197277870610983,0.3253351834068299,-17.105813693765064,0.46006114240491724,0.3557194855461121,-18.57816009703857,0.21344488552409407,0.28548224866390226,6.250680246548977,2.087466567966698,2.084105480736542,-0.08639831626192732
351.8599999997525,stand,stand,-0.0,-0.0,0.0,1.0037707928142632,1.1217545564330973,0.06970897148053797,-171.9365499375751,0.03220707640807604,-0.036322640075034725,0.012908522595381226,0.004671664243653594,0.006470856065112715,-0.14023158741688757,0.07463294688637771,0.28088411852196776,0.4187192026201389,0.3245911088237763,-16.690394984794807,0.45768854762958217,0.3548454430351258,-18.326458121967413,0.2051783478157122,0.278649827837944,6.3351385915031,2.087336809411103,2.0797061811149598,-0.1852217070187466
351.8799999997525,stand,stand,-0.0,-0.0,0.0,1.0039606899244182,1.124387464270357,0.0806201679279075,-172.09609207601085,0.033675495345961974,-0.038713088777651665,0.01121313976404458,0.002198361005267243,0.006690272599836717,-0.13955197642561878,0.07645319233005379,0.29272573478042874,0.41594012088559995,0.32434899475669865,-16.270796964093947,0.45559413299099094,0.3542260315666199,-18.082908907064088,0.1976070327470061,0.27251959443092344,6.411942299349716,2.085373635136213,2.073854137486267,-0.20837784416408675
351.8999999997525,stand,stand,-0.0,-0.0,0.0,1.0041157201499809,1.1248080290007638,0.09150721912443696,-172.2518205665572,0.034791543291480154,-0.041438769472141576,0.009533964125575015,0.0003537184796043426,0.0067388673916568,-0.13615204509246823,0.07842830603562245,0.3051034750327443,0.4136076582999638,0.32461712625122074,-15.836787600026524,0.45379383998904266,0.35374883678054814,-17.867190311064235,0.19084485339610582,0.26672755777835844,6.445631420677838,2.0806986939365077,2.0665972719848633,-0.17965071597629584
351.91999999975246,stand,stand,-0.0,-0.0,0.0,1.0042353945858387,1.123885217441896,0.10186537398596161,-172.40130126104242,0.035497582860689415,-0.044323864235806615,0.007753655032963587,-0.0007249167218257395,0.006347026942089098,-0.13057264369286697,0.08057782546206745,0.31798155198426875,0.4117014771423888,0.32523570325469975,-15.414851777765886,0.452320704441749,0.35344044234848027,-17.68336783940164,0.18493573728801274,0.26131037473678587,6.438126797071743,2.073817475312533,2.0580504427612305,-0.1479469005810103
351.93999999975244,stand,stand,-0.0,-0.0,0.0,1.0043198044166386,1.1213926827632,0.11115216639246596,-172.54325207623197,0.03577286714428645,-0.04739428471679814,0.00593707264264484,-0.002099267828751081,0.0055089765609974495,-0.12331354580919035,0.08273646534669772,0.33046793422901766,0.41022406958332064,0.3260028448352814,-15.044049778663995,0.4511732941737525,0.3533248689422608,-17.52298310997818,0.17989165952606223,0.2564008146524429,6.400585034005814,2.0653222613935918,2.048355508869934,-0.12431338020698085
351.9599999997524,stand,stand,-0.0,-0.0,0.0,1.0043725442137845,1.1173057663518509,0.11894517785678073,-172.67712605855422,0.03563681654350909,-0.05039323206448343,0.004284841122944029,-0.0035111779487351654,0.004372151268284991,-0.11628287444557886,0.08492218341164787,0.3428182958517037,0.40912896443363067,0.3269942786941529,-14.69831895998718,0.4503130538210583,0.3532376673469544,-17.406362676904802,0.17566385588762792,0.2518774479627609,6.332125984879764,2.055465767192174,2.0372848997772217,-0.10878973853415991
351.9799999997524,stand,stand,-0.0,-0.0,0.0,1.0043996894222236,1.1117632215820972,0.12515954494264825,-172.80250242888036,0.03509968374741447,-0.053337353659306544,0.002938540656720692,-0.004790551145043112,0.0032056888964169107,-0.10867841261153492,0.0870500261823551,0.3544273749784664,0.40833376222231266,0.3281664636383057,-14.367398404264778,0.44967680313960495,0.35308442380523686,-17.336496221688485,0.17219839361189346,0.2477002650499344,6.233368542963512,2.0442369901547996,2.0246915112197876,-0.09583076815892139
351.9999999997524,stand,stand,-0.0,-0.0,0.0,1.0044073724163318,1.1051826798345512,0.12975780416438806,-172.9187883817783,0.03418929820279453,-0.05615502946740421,0.0018923346817789136,-0.005629727484077782,0.001891824621895055,-0.10059742188121154,0.08907084030334038,0.3650551327529726,0.4077433352521733,0.32948250439262394,-14.039636479976394,0.4492087557308085,0.3529342201004029,-17.29176755488892,0.16943804106037808,0.2438342034816742,6.107579178848199,2.031635214899307,2.010719348019409,-0.08223780672941361
352.0199999997524,stand,stand,-0.0,-0.0,0.0,1.0044019465268341,1.0978962918069255,0.13269960543462106,-173.02543170437508,0.033005316465466165,-0.05882954491653931,0.0011514323488171251,-0.006173966552839167,0.00048383846309607613,-0.09208760162605978,0.09096739114850656,0.374677573686713,0.40726470920722946,0.330901690984726,-13.706200006374713,0.4488427216216091,0.35266129043197636,-17.282288433805665,0.16728225741816452,0.24017173647880555,5.95557021635527,2.0177403788193984,1.9955143819511414,-0.0696349940851656
352.03999999975235,stand,stand,-0.0,-0.0,0.0,1.0043885240839763,1.0897042029787396,0.13433217143041987,-173.12183749899935,0.03161735611291157,-0.061432198131915375,0.0006946107291406103,-0.007035282873855843,-0.00037989552859967195,-0.08308121708718272,0.09277950709025154,0.3836314157813478,0.40683874489709676,0.33235181238746647,-13.3731986231409,0.44851437695483304,0.3522991326103211,-17.291404475612673,0.1656079143886158,0.23705234229564667,5.813246124172313,2.0026766047559197,1.979322660988617,-0.05828132352066351
352.05999999975234,stand,stand,-0.0,-0.0,0.0,1.0043711885245146,1.080606196849728,0.13453395781483563,-173.20766541786907,0.030056153656723813,-0.06389793016594604,0.0004090552880162675,-0.007884847466845377,-0.001383125263046992,-0.07389273143357175,0.09448854067300931,0.39193183960771233,0.4064119302840839,0.3338205006370545,-13.032977972301602,0.44817700839850416,0.35191945102310185,-17.29844528266327,0.16429193101283004,0.2344144642353058,5.686697311857429,1.9866806698364465,1.9625388870895386,-0.04800926957684015
352.0799999997523,stand,stand,-0.0,-0.0,0.0,1.0043543789284097,1.0712811040148993,0.13276984756685511,-173.28315955762554,0.0283617631688885,-0.06592984303102388,0.0002798874331447869,-0.008017613734787482,-0.0030094362894436174,-0.06492250354135244,0.09611022448584577,0.39971325910262684,0.40590834604742665,0.3351804104099274,-12.691955055578827,0.44779459923449033,0.35130325820541386,-17.336983435151787,0.16320126075198893,0.23207001984119416,5.574470973913698,1.9699150212928431,1.9450305591285706,-0.040775129623710105
352.0999999997523,stand,stand,-0.0,-0.0,0.0,1.0043433768464634,1.0620315104802158,0.12843861755755293,-173.3488644745352,0.026589899065421245,-0.06767848952420434,0.0003576414820133803,-0.007973967228782325,-0.005133316730073813,-0.05643699663034175,0.09763199065779353,0.4069437653234199,0.4052552153901234,0.33633030321693425,-12.356111022276272,0.4473118050654631,0.35044590499496464,-17.396786946217535,0.16221718319058376,0.23014763593673707,5.4942226887929015,1.952376996767025,1.9266807327926636,-0.03442580488873925
352.1199999997523,stand,stand,-0.0,-0.0,0.0,1.0043417068568998,1.0526514793399926,0.12140935146204147,-173.40539841531358,0.024746780074718408,-0.06926834333700843,0.0005763965036142746,-0.008136850231321931,-0.007329519346172387,-0.0484196156558495,0.09895789947018988,0.4132632340681372,0.40441559167355573,0.3371412542114258,-12.044973745579604,0.4466814649031188,0.3492826607475281,-17.48140815768513,0.16125239314662274,0.22851202487945557,5.440061049425487,1.9340429430845756,1.9076104055107117,-0.025520410774742763
352.13999999975226,stand,stand,-0.0,-0.0,0.0,1.004351256044278,1.0429908786076612,0.11190782312102332,-173.4531875450393,0.022887370143236697,-0.0707005527554812,0.0009144115685622722,-0.00841853374940344,-0.009309824515209938,-0.040787953057030854,0.10003956507484534,0.41856065861083225,0.4033707880289457,0.3375736263046265,-11.763107480177228,0.4458773078838714,0.34781894948577885,-17.586464450800587,0.16024595991521978,0.22699326872825623,5.4019586613735,1.9149792629797338,1.8879735956848145,-0.015185943242667976
352.15999999975224,stand,stand,-0.0,-0.0,0.0,1.0043715925745211,1.032764674924037,0.10042957192776715,-173.49307011177717,0.02108896737796549,-0.0719740772072321,0.0012612401312490336,-0.008957129912323428,-0.01083479938831872,-0.033959304627345276,0.10087518263941489,0.4228511320719511,0.4021360481063185,0.33759675290679936,-11.522230810060746,0.44489871215389204,0.346119740272522,-17.702985090910225,0.15917067631160123,0.22556852400302888,5.378231489891096,1.8953681572320036,1.8680565248191834,-0.004868476663412502
